3.0771143179102 4.86516855596598 5.82131364911754
0.569684264300737 2.63861432101498 1.93813320376287
2.68092415965516 1.31315250246873 3.6436010933297
3.23047040753343 4.95412369309771 4.29070825809669
3.24457427963376 6.51067627683067 0.835208791099966
4.08265650507649 5.90873955891831 6.82248612654129
4.34330848094172 3.45962886483105 5.24741538409445
5.41973426113853 0.93620567947646 3.54157034500262
4.72261505892117 4.74458721607136 5.49279191142697
1.90756694488592 4.77535555568153 0.511134592176082
3.23321074366888 1.31764620016865 4.07916927238523
3.73532927470033 1.0288526157833 3.58940855295398
1.57486512311381 3.45301230533572 3.92188741555373
1.5989128386232 2.17630363861739 3.08356061307686
3.30938833179435 1.74815921112856 3.6460501392428
3.65134336268235 4.40379199086219 4.571900261431
2.20294858223091 3.99344417898177 0.689073427262368
2.68059500365459 4.99565171639558 5.0621206728158
3.53037535666876 3.84346826918317 6.66991009713269
2.46729486207051 2.16786327798867 3.72063984998336
4.3918190827796 0.0341545580014708 2.15758252024601
4.36447886966521 6.05010742969265 2.19454877029871
3.05856091583889 2.49534810413941 1.91308457440374
2.25005746134411 0.826181175036525 2.54715529287446
2.75257674479438 5.51159814961491 5.41441197090793
2.38806617819071 4.30523673080235 0.883824351109562
1.63732734602206 6.35926748833139 0.650621541145922
3.2550080876115 5.61065629460475 0.323385636875381
3.72089816725685 5.73383745865885 0.648223841552554
3.65292992196663 0.621099126105138 2.45837258966556
4.05724157490821 4.07033090900019 3.3855318321565
2.18721805578848 4.65366221790994 0.763755216071855
2.34677898378564 0.772676947047144 3.74075880367583
2.40161052322198 6.06159052453951 5.02805461145516
3.51263265314602 4.81137787299651 2.45544461484058
2.08388927919607 0.434175832331966 2.80480143180269
2.6397823955321 2.59256462518729 3.05053852772086
4.25530994598251 3.35797807863621 5.20566029979659
4.50670788236858 3.69021608757663 2.22544252238002
4.3664998266131 1.77836972488773 0.90760601266636
2.01067684117922 7.25931723477449 6.4174515531917
2.08099256566929 5.62430443525864 1.90643420319554
4.99109261554441 2.04210453129679 0.65254967313606
2.19888014928873 0.364084647556195 1.9224089873181
3.38549202581735 1.4684050533339 3.56710792103541
4.66573027988337 3.52840275257491 2.61805650318025
4.06132220344122 2.40912997597041 0.640342402575176
4.00612736412025 5.80640495658027 5.78042645735163
4.47951097541946 5.24636996123594 5.9241450799447
3.41081325971742 0.0486679873250093 3.38525318154359
0.882950425745888 5.46669123415412 3.29942960353423
1.38463525694116 0.560447406874006 2.83106843383584
3.23201519071476 1.27361655696933 4.94413862925146
4.56422517433482 7.032324858572 4.95474657112621
1.87217865143287 1.68865731370786 2.78322693095941
4.66764217397393 1.35986352530904 2.72104987413464
1.95496439620006 3.49898179860334 2.98694928665781
3.51615080152172 3.29483188240602 3.03125269386339
2.88130388539399 0.504829597879942 2.85974597559457
3.91018373741704 1.17205685106347 3.12599933009036
4.26798843679684 5.65899997196086 6.27231120904185
3.02474383248857 2.49761155107117 2.04428697236416
3.14273557604837 0.628117868777419 2.97644932089538
2.45989752251938 4.31145512179455 0.524542514743751
2.00011064965254 6.95532999918464 5.90840416074695
4.30852954523942 4.1996732526997 -0.0595895258773588
3.45878009928249 1.16768179588088 4.52123214489086
1.94804014827235 6.46308516468046 3.19955612947341
2.59857839912131 2.9806030795587 1.00476486198802
3.48905094608496 2.31233235981554 1.29462123068901
1.84531261494745 4.51393491102936 0.654036262447383
2.70873245691898 3.01421526286658 0.36295703146666
4.49546471646159 3.88063317931416 1.82969073794955
4.01326155578695 0.469279694235044 3.06604604838325
2.20116249712428 6.53568815057234 5.53358039515464
3.21074962396183 3.14567691339075 1.48088318247604
1.21778652064474 6.7324992514682 0.83493157777682
3.71588135732708 5.62326023735091 0.710604339120518
3.60716168206642 7.14861358342169 5.25144035573009
2.7985099972778 3.56000548878925 1.12479671925531
2.73242664391734 5.52324296294822 4.69476063842206
2.59882207282422 2.23647382082296 3.27531671785965
4.47513634720215 4.16624357464482 -0.142695373380299
3.59081758670712 0.834374836630543 2.808419818465
2.87835807210778 1.45975887057213 4.44051490760172
1.64734615144983 3.28539604116352 3.59181764519818
4.12845219651943 3.29113821865065 4.61651023539902
2.3774387360133 4.40525276179832 0.411395769495979
1.63965262701759 2.8912972787887 3.83910713560074
2.07773604993291 1.33488130894734 2.65555922126772
1.35800065047983 3.68625445814751 4.69266122293708
4.0746596407076 2.21706047985123 0.286098871372814
2.36572172465555 7.41913729066257 0.515105457506494
4.04709392074526 6.28665305917838 4.61607015249464
3.00037529667341 0.377352312247359 2.42426979426262
1.92974168651391 5.06875457670863 0.707702802702222
3.25409265603359 1.08899198720926 2.82319804541998
1.83588572066388 6.61875751644527 2.71075957503695
2.72642265295803 0.686199576428804 2.40613578395913
2.26275774476478 6.5122269961508 6.04084588969233
2.45309099082503 6.03433853640624 6.01649079710385
3.69514691961426 1.38509294995539 4.15439343331558
4.3213103820942 7.47206313658288 5.72154744135093
3.22343209824698 2.16278772987484 1.36166677696128
3.34258442947073 6.39462620078245 1.91431663151783
2.4107711872662 1.32509257767799 4.18549056957331
0.568937997437521 3.10171834564816 3.08992506029025
1.5686899320182 5.1450853394292 0.78752260712567
3.22442415678333 1.61547236354903 3.43011756166671
3.00609119886748 4.8479279153322 6.0724459263651
2.81332419975142 4.25478470861744 1.76107712517235
1.27925146009285 3.0795013312748 4.47061852806357
6.09821246630621 6.80441836220341 4.78920593601251
4.30592276340008 1.71612755818615 1.39666009075603
4.49141048582522 7.15558538547849 6.17941051930244
4.17628873250634 4.42218736261927 0.576515586839768
3.90134701623903 0.0875348065153627 1.77881756358744
1.54443900719967 7.26560270248029 1.57221695226488
3.80864230915474 3.87213897124576 5.67777982137204
2.92290350439872 5.12440333171882 5.01695016519052
4.53762290809431 5.14870742896616 6.22706425912965
4.79287396136367 1.90954279719358 0.221909063417776
4.09064444080543 0.922499078237204 4.76330287177531
2.88864050471377 6.3210666605419 0.119180223616787
3.53551178203013 7.22905438475795 5.10824465193518
2.50536960009394 3.13063807114045 1.10941503801427
1.70155641726961 1.45686025202328 2.05387326444696
3.87182773020395 6.12236936017638 5.59769483533862
3.43903631014608 5.40562780350618 0.19269195664835
1.97461113308311 4.83991692113869 0.502818972765371
2.97664576272969 6.08426716114348 -0.166353529220164
2.88430876944973 2.24690090103537 2.7966828608975
3.30539142978907 1.82520231483299 3.84663670435846
2.72299406793153 5.6249556312563 6.21147741060639
3.24636388271956 6.35084650503768 0.358242399869791
2.43202203882164 2.2086182835656 3.648877547552
2.43391845266194 0.307069505142984 2.05066786954216
3.79019865866443 1.9696757837624 1.92066017194733
3.30646070729665 6.43382769412332 1.32232547225817
1.71351335156346 7.37815536233799 3.47365647885072
2.94523005386627 2.14586442384888 3.7014234414897
1.31751197222109 0.791225442335865 2.43623305859162
3.14969655941147 4.66977461780254 5.51089150582059
2.53853946151841 2.71662767591848 2.0111167059922
3.89045291505081 6.60752972423002 5.78148173549229
3.7945745057098 7.46496198076073 0.0411705820717851
1.12884559886646 3.86012301873045 4.38086652944459
2.73882978605129 7.19723200578911 0.765338558469571
1.58362661600242 5.19414863050907 1.76340454520155
3.34142342139123 2.14128058065473 2.31833284200823
0.745192604932039 3.67875794654311 3.82089736934576
3.144233612597 2.43025697669653 0.979218014299511
2.73462029595056 7.20176634572092 -0.529624606847088
3.94727047753308 2.10923882954712 1.49484801016505
2.7457468341281 0.258250911495399 2.03998572785669
2.41263773929664 7.28110600135673 0.326578045805459
2.85413131126984 6.33819440605877 0.492987651704304
3.5263738752314 7.11516556991272 5.5669573227787
3.77272803159839 1.76567072091423 2.57865124584459
3.65723065170007 0.987521178940916 4.19555311899781
3.73860525522254 5.16201532941672 -0.0115980955520227
1.92613335868868 6.69323879888508 4.3366792472111
1.46283946568078 4.07044496117965 3.9984299462952
2.7804463391943 6.12193766593438 1.5273834130795
3.40527856680457 6.36852389404693 2.92049888454996
4.09372369835446 5.19198018601677 0.936195563589931
3.73423916990517 6.60101121408055 5.58961669561611
4.51926350393516 1.35995276246527 4.00343010263896
2.86584876068542 4.55675456984687 5.4967979245918
4.34822125386988 3.67428690377085 4.36885116206
2.32084499264072 4.90577261563662 1.53644056539028
4.04932834871908 2.49437351507729 1.10900962266596
1.47960835552389 6.1270585816754 0.343075560128001
2.69873503759279 3.41194693473043 -0.200050166952788
4.44090909001082 5.92529142575471 3.99055791406903
2.00052791724552 1.87090259155672 4.05626183584668
1.9277926088654 5.63935191951653 1.52528295949087
2.75187869817008 2.03247129741854 2.64337609121821
2.12798114519651 3.39268776452056 2.26172788897243
1.78244884655151 3.92744663378814 1.98080829681474
3.0301492523502 5.58317636271485 2.51147304837344
2.81654800753259 2.23915677222059 1.4796577588082
4.43975046058418 4.10681869405451 0.260480188648249
4.68502933253793 1.0429494710939 4.3041849782526
2.68637986245912 3.60565301535479 0.536078344373871
3.13871172971401 0.360752769334256 1.94136558369239
3.47700555019822 6.41411817840456 5.38659897111241
2.67460628735026 5.19703963164682 5.09118611644016
2.50372093517493 1.14461548871932 2.61080744013624
2.11643344043143 0.298453418183601 2.64726611386881
2.61107560585208 4.47231209403518 1.17611846507731
1.80671227732631 2.26024434406433 3.69719118030794
2.59709488809558 5.78609060709361 4.86120231096644
4.70329232979842 7.39275005358511 5.87524281411692
3.97086655079444 2.91372102380643 1.60649601203401
3.24363520960954 2.07343465805807 2.77095311342402
1.92904117759155 5.30502562146917 0.672890997339699
4.59205636173918 3.49890720039836 4.93713755007404
2.82848194827556 4.60535796253097 4.892653143972
4.43462411223328 6.35151915591143 0.529389782411446
1.62206462043076 0.440327868198966 2.94477442372993
4.38760652028275 2.6163073340218 1.06746666662309
3.24126216257472 5.69528187539306 0.164770633991218
3.74460789933042 1.3331438894449 3.90188903993292
3.79834440020351 4.48945609804033 2.44039081774391
2.80682573884271 0.632491372189749 2.51161250919119
3.35831503944498 6.99856903776253 5.9512238825406
3.85763197016843 6.089697187622 5.57324849035158
1.32618779250257 5.12552430542139 2.2353755684858
1.43194971725238 2.56459149308744 3.41394394502069
4.54294318510876 4.83225554816245 4.68167270149711
2.22803169064923 5.39676423843064 1.93879004725548
2.616566670871 3.03531263527028 0.854121722232198
2.37469687959761 3.77756306024598 -0.133301173694012
3.2303976645153 1.6201919079046 3.79779227533655
2.93738885215347 5.14124747166418 5.31675099537113
3.56245531481757 0.309420155083227 2.80441561479291
4.83427302914463 7.47559747465111 2.59797590130345
4.12243683351377 0.22798821154846 1.58548667206665
3.21190222290602 6.59857741303265 0.945799491181937
2.97433979795789 5.99111384339232 1.05709128556608
2.87383712257806 0.144003820543602 1.68338866266497
4.15195124050531 6.0091247284553 6.21844370353659
1.04113922852852 7.27171060533491 1.33813224347087
3.44573062580164 4.82945065823797 2.8580972287222
2.7566068824928 3.95665217346919 0.574697460889438
4.67809571664594 6.81349408164997 5.29422692726998
4.33002780053539 3.23529760850869 5.43352798850202
3.3310558651598 4.3294309890304 5.42765747681758
3.14636953764039 1.38465349025014 2.99534251202056
3.93793232825833 1.43631120709933 4.2467687922319
2.03891539968617 2.33273743316433 3.64659239606001
2.15186719297774 7.46920977003814 4.05819021380027
1.64668833917473 0.571494085209038 2.67807433867105
1.63344165877002 2.10224090530976 3.49269430106887
3.71409083807489 4.62018541729049 1.62932902233397
2.10231310428452 4.64381478243877 1.07620565437735
5.13277637726786 2.13126423224366 0.80241069451415
3.58715757092066 0.525121837728243 2.59470649872658
2.7516881725743 3.81997771744476 0.477306475536167
3.5956495638812 6.89176508015498 6.44329031813147
2.74125850450468 5.06508887168439 5.2432696394751
5.86634812957725 1.1065000305845 3.10881544462575
3.52650270584629 7.3278592247505 5.39100882902504
2.53254330217181 1.02088976836977 2.8922560790978
2.6279514876725 2.3663234603694 2.62721412429523
1.72344735477428 3.53696872327161 2.30209731300897
3.49829548556886 3.30607670618417 2.0175852495602
4.68847908905532 0.5307713614261 3.39149436847916
2.20894408730986 0.385636714124351 2.33048169561515
3.33502596100675 6.86807246629679 6.67951773363536
1.19800919652573 7.40540135393813 0.697389851815637
1.92141277571868 6.6332720313029 4.46407608812863
4.27715106711127 5.40943256091081 5.62297334978189
1.65509392378667 6.14911440726257 0.794503002902031
3.42526232910052 5.51817274993817 0.35883889309836
3.11050208903135 1.00901442341704 3.24579888087135
3.39244629598192 2.12220084337369 1.32499741126946
4.29918538975491 1.64062599624422 2.21506041597913
2.67100928612063 5.0099507041765 5.16898475920418
4.65009198696881 1.80693776458525 1.00487439019869
2.7536446914933 2.30158987375491 2.81915004871968
2.6766784738098 2.14497602306291 3.04626991634752
0.576666249464868 4.37742784971883 3.04733940109453
3.31049485928269 6.53987180322436 2.20181861793994
4.01632471277236 5.76459502569089 5.96347340181361
3.13843978736059 0.831686655371184 2.63668968405001
2.38070753039041 2.62492987988236 3.11412715928111
1.26013871717351 7.30687179034828 -0.170340339632697
2.55899205267807 5.99586998615003 5.61466710123794
2.11258961945153 4.82748472707989 0.768239661589811
3.61300803221711 0.833510619697506 2.90868897069242
3.151495607457 7.43135980624617 7.17408873318452
3.59236914053036 6.63820491936493 5.25396656663145
0.886814648850133 1.9617403506644 2.47711227779126
4.47104831565338 3.42167299218338 5.78644510260908
3.4852240578857 0.370041913568287 3.17914486809232
3.20463947334722 3.99405946270159 4.659783088121
2.73101060488828 5.38950209942428 5.57922884889634
3.30132464159617 2.64844029742141 1.6103911264729
3.20595175155032 2.65635238146416 1.86085512003231
2.22368636392802 7.16857520380076 5.26680022011916
2.16877982880358 4.2842754231514 0.75222900505081
3.00797828309568 3.71723010700336 1.5008639339265
2.98605476704111 4.6921420056379 5.22935275524616
4.54771034162065 2.20582995531108 0.0873701383798318
3.70869845049357 1.21371514494945 3.93586034407743
3.91747686570529 4.69360041967836 0.206938017149224
3.36228705897201 6.43335691286258 2.76077512127235
3.88625105690337 2.01453766485295 1.49469142367551
4.15298070639925 7.20098140154207 -0.449482726899401
2.50524845388673 2.18560539107914 4.7289161972384
4.20528666486883 5.93122399892057 6.00884125697831
4.0802824125268 6.24578096559839 6.02273777960594
4.03822330045167 5.70394256943789 4.91791948551504
2.77455927171641 3.09345927629354 1.12214476828991
1.42459726615679 7.23268075719362 0.308351256475264
1.7638073224498 7.13751237317843 4.69105379281005
2.25837867220087 5.00235985604093 1.5144929746007
2.17564212730391 0.72472215146487 2.56205022576477
2.94257836761463 5.72291537980357 1.97915176994833
3.25107451819971 3.9648369870854 4.84804030252447
2.03113003101193 1.06006300108954 1.99235424414919
4.26562500277622 0.930093272033192 4.15095213156831
3.28575216496566 6.17687310607768 -0.28208034743398
1.19802521654072 2.99823141146672 4.62243962262484
3.14034128036822 5.84101397414916 0.180360578097991
3.67666186632642 2.64110435660137 0.93049359225914
2.91971098299414 7.3281492587305 1.59518728717539
3.11320594702783 1.64887080150682 4.25821203592279
2.45937699151033 4.73604372396581 1.53045224095615
3.48958840865231 2.04779850494124 2.23480027889935
3.2017711792122 7.46236188399243 4.78713211108712
3.34038837962667 4.14413635216797 5.85655436131377
2.19043595837012 4.768261394145 0.517517586745671
2.5302343903942 1.77470603813943 3.06349782212278
4.14139243469473 0.174458973354054 2.78259229298809
2.90666297457067 3.73206869988907 0.887316893498115
1.45135919341183 4.97306255981497 2.60169145707069
3.40931455241641 1.870337583073 3.07365465049259
2.0719568314136 6.41246679081755 5.70073330409799
3.14736149660305 7.02790193668048 2.96541257254918
3.33230821615375 3.71906326156705 3.89597145617885
3.39153255966009 6.98589836625709 4.96057148374602
2.73644800012488 4.64616087238051 4.34525985674312
5.14019553995785 2.65816136697476 4.74256339016176
2.45216664267257 0.22198510832463 2.25731188378767
3.07808629420564 3.9857129437705 2.35401906752817
3.93909537789229 4.48375032836935 0.763166370473341
2.6265046527833 0.800905031068424 2.88551081596672
2.69055014624379 7.44834424489077 -0.432784332044153
1.87934557193822 2.40134584280363 3.19310083033629
2.75832875997889 2.20187451502208 3.01009465884565
4.19701607321871 5.09496690200848 0.889850233447842
2.44982838400313 4.67989304548109 0.812467161625262
2.67965102354278 6.23438462049684 2.92168250624275
3.86402592147787 3.59085680493812 5.66780355594968
3.54540805918802 3.58999289251525 4.67405564829635
2.08525727317432 6.8872785407307 5.10363428238975
2.40542529509206 7.21346437151078 0.22012528514027
2.09967229989061 5.65266243126677 2.82077398490028
3.25188902316517 6.8888946373623 5.31463240972186
2.33340162238034 6.86418223829012 4.35258302131293
2.43124480904531 1.68438379039766 3.27048456041298
2.00523070783567 1.1838431667736 3.20516977962323
2.8439596094324 1.83333411429706 3.84950875573592
2.79580559896096 5.44694014564814 4.87165044589371
2.26844603605997 0.605702884610872 2.37569889982879
2.24626220714069 2.05001493327496 3.54570920538398
3.36259631078981 5.01406556932676 1.93242576925861
3.47154796981165 4.48888025261873 5.83692806261254
2.73474383950512 6.74080752509638 -0.110034191595743
2.68744239652986 5.60503361961787 5.7737701757943
2.77582315874745 2.81991742079934 1.27071905129163
3.08539362993282 1.07588379806616 3.37185173432326
5.24592076776022 5.35829479645818 -0.184319302118589
3.35941880131389 1.37108911935905 3.52883564155012
2.51989090453249 5.42266347769135 4.60512926902779
2.80695266378483 7.10276470980885 0.0898238214798952
4.88966920183678 3.51536656485074 1.89233593889689
2.75884757375543 4.93449000642806 5.09489766452325
4.91909723821425 7.30724641502133 3.98357315980842
2.13048780309227 0.865653684043791 2.2542200255401
2.27749753612151 1.85435254405264 3.96902946047648
3.2348776276769 1.85948860413558 4.09467647855648
2.10365290777073 2.54173143209852 3.68528418972676
2.54843731810045 7.22537881504225 -0.457118517380713
1.32849872002513 2.50023366454321 2.65648550584906
3.91027281101268 2.18678372328344 0.128127745485436
3.02230656410641 2.39056449155132 2.98405028144177
1.72514626715506 1.22748021474904 2.36153902244342
1.52095652320177 3.09997362755153 4.62951115547281
3.6579427531566 0.346620273482594 3.08854791362734
3.75120875862781 0.779296617610868 2.96161934506091
3.91655898188197 7.17625247822747 -0.0540859363104124
3.30800939053761 2.73033922377209 1.10262657470575
4.16235790951461 4.97525861275803 0.322850497479027
2.06623505429567 5.95876385211463 3.80725119472996
1.90484265234871 1.23538183086086 2.61011084965362
2.4059213580198 6.78027532339487 2.9378120515704
1.96758738738905 2.00482858783716 2.88404309092801
2.8616856617122 6.54893564682917 0.676572688810939
4.40482176634246 0.504268240288266 1.89363168955063
3.04611880876995 1.16442698963382 3.84878701868141
2.34901446067379 5.89543040160932 5.25560229724045
2.88444934923952 0.44041739412537 1.90728753590707
5.21981428168328 5.7806337251018 -0.152648038766863
3.27343031955056 0.581647682634781 2.58636613696607
2.63118375514211 4.4633711413937 1.62267665155544
2.60827129877662 3.0569624625763 1.67027738263418
3.9472429995541 0.173114325411089 1.91471472932667
3.50027751620408 2.15754378095969 1.34321134705847
4.49146917942119 0.395686335604123 2.19542246945514
2.50023851826546 6.74882348635752 1.33041587997995
1.45479213709059 2.77088793362927 3.76951843338605
3.0485300089786 2.03383037157426 3.4705171993172
2.55817881701144 2.09081477957789 3.50452398674084
3.61013866401966 2.13594125263033 1.23970108882222
1.19226388147741 6.84920579708881 0.667227111720436
3.61779925735536 7.32277451779178 2.08735602584706
2.55576245781986 5.90657708138826 5.38378710652875
3.1237633215023 4.45058686394356 5.6683551682665
2.79627075094221 3.31293900315783 -0.418028143922952
2.32642632843041 1.32511290231992 2.89319517328247
2.92353907825438 5.63117322705616 2.50047326932739
3.90544380953021 5.79559437701614 5.43232465517566
2.76530948930989 2.83963275052868 1.62018968998537
3.36326978891175 6.73194623637326 5.79970140164346
3.43871835437634 0.9569179406308 3.31721281955765
2.40951841192999 4.2088515707791 0.133985968828911
0.76275999025774 3.20304124908675 2.57810742925107
4.20167467926915 7.41977809946652 0.617405669980606
1.96225009601896 2.50611496884023 4.28166758780164
3.1501471302518 0.974879987923682 3.18377343826563
3.84902598799291 5.39619401091759 0.341542472908705
2.75599020954958 3.22995820575108 0.920556478460109
2.63406556182847 4.9707676371758 5.01379000098549
2.68137546718655 5.63388926744885 5.13941643999352
2.96612090869615 0.668055971181887 2.99151994767283
4.12167130154701 6.96488988516474 0.240076757842293
3.73451993914394 2.97805522923694 0.48743832936138
1.55234681986632 3.52318037148776 3.68107427537294
3.60819389338304 4.83855953964066 0.248193670461594
2.51107941753771 7.30895647323947 0.235530810809417
2.03341847439551 7.02862021226224 6.35805829046712
2.36134729129773 3.82654114578949 0.721177976540121
1.85407797271938 3.85913379219649 2.0747630360253
3.25009322489704 2.11019787645298 1.60334936628172
2.39289089587737 2.51703306051145 2.62391538321484
2.19394811922417 7.23220727093531 4.52877165688158
2.28417510139546 2.58927997664805 2.63394411071197
2.93360658826195 5.89658641350269 0.682443331135514
2.95854462742482 6.8377927838718 -0.498279787250052
4.30674461970381 0.191913130710636 2.49570310531052
4.213678525003 1.34414820608865 4.17420377301604
3.17393617647299 4.70609886065668 5.16227777378403
2.9421404821734 1.9403727450929 3.24885207885787
4.94405189444196 5.44619145490712 0.829458843617686
4.38839997010193 1.42086043341274 2.24943337696794
1.00665479730676 4.22621958403377 3.80165681227638
4.10414895038898 2.16285549045091 0.891891625227955
3.62357846238538 5.71635573950764 0.46112612215806
3.27208141780912 6.34995943812645 1.0728732568673
4.27515747877438 2.99408492999898 4.14315789017161
2.26246962397677 2.55343891212391 4.83747322050076
2.79925049279472 3.97579622337822 0.215088406960489
3.2679672129869 1.62827506846131 4.26700417437235
2.7859629599641 3.34614950696952 -0.0723440192914041
3.51511960358288 2.25967951746999 1.03951600217139
2.91319288108402 0.927233498598164 3.40348598261284
4.07991705779668 2.69191812580984 1.09434180695901
4.65068880918071 6.26877391016875 -0.196343866202712
3.22161733745078 1.53417774889504 3.69510378856837
3.49539709713106 6.54415136876089 6.59668178741227
2.45902924541056 2.64902071112776 3.3368752983874
2.92651912765233 3.35011314491743 0.47106485267784
4.82977113424684 4.10950245645664 0.351531323904616
2.1805054813197 1.34043795739439 2.40416721059819
3.14877517639567 1.8133021406116 3.14068635982396
3.39822854621543 4.13887932850344 5.27250363636144
1.8726513413798 3.61917621467239 3.45542513465432
2.74145096163829 5.24308668069943 5.72309141657526
2.5000928186193 2.60632239377105 3.03927854419917
2.0086705045637 6.45202775012303 4.41436507823247
1.56833388467345 0.190200532645908 2.33189010481467
3.47038679221616 4.1620158528447 5.84640001631385
1.80987283358985 1.73652988934 3.12425497999918
4.59649905445839 6.41586267582019 -0.290628464190358
3.31189503463605 4.48821238221854 5.68484643684454
1.11115971655081 2.51165048997703 2.55254006889444
3.18902627331658 2.51109067952865 0.0224665669707709
1.41632300132706 6.60685076755888 1.06522941377757
4.55047572091587 2.7480590369229 2.13126902701194
3.00251349210128 4.58663339974472 5.15476160614084
3.22948656365985 2.74864313070424 0.290894843110281
3.38610828272693 1.12675466496363 3.49820525437481
1.94851764121812 0.803921207318639 1.45353099232075
3.87457914716842 5.15790563137127 0.725800304819065
4.24038910863774 0.944130215526921 4.09427928887203
3.35077579367483 6.36628754036408 1.09282474262623
1.60020407885618 1.37427818570398 2.36281814853961
4.2242636195919 0.739507854176105 3.47516556142543
3.74548030342236 0.5555769629451 2.91670439951032
3.08313053565745 1.62393094309845 3.33761929153779
2.84907568400269 1.99467647132383 4.11229078327282
2.44446688039509 7.1046966802098 0.53764236658786
2.3491298585726 2.74886218698634 1.56057674670162
3.2187260476769 6.59424241740855 0.508896033098241
3.02690410504212 4.01117785470655 2.6341050648849
4.60871238388842 6.07763480592306 0.272485263080738
3.05663549956203 6.59784134957066 0.344674810695312
1.95255827207916 4.78125157830513 0.59013913777966
3.46033234630428 4.83527121485695 2.51905758915254
2.44726510278673 2.0497026021458 4.10458333482083
2.1229803139381 3.0744583130355 3.61830596063594
2.90095233934108 2.16427296207454 3.23601234098008
1.21201527902152 6.04650169117592 1.16949944638501
3.29823668411459 6.23375857521916 0.271324510335623
3.16785830094956 2.2543044546967 2.26390589974533
3.5711788330445 5.18357691205278 -0.22672755311325
3.03210651906479 4.07553164253487 3.88002713685215
4.22087977552875 1.7291220713414 0.799616510865969
5.84709002622729 4.05257626064109 6.38200098583607
4.21796382297118 3.59906310628778 6.23562999749399
2.05760018882545 3.27507844280053 3.22653674795636
3.1487139237758 2.7141297811279 0.653446802058317
3.60689689878686 0.0190172976907839 1.89646189234749
3.2624604205029 5.25327949855865 1.09375032933952
4.64903105647254 7.26432471404055 5.79814600432066
1.52035813475664 1.80585612010512 2.92504261340766
3.29920236569119 4.70392750862783 4.70782887497849
4.17265796983119 1.4206052606821 4.03094946186611
3.66964418695252 5.55334662780984 -0.327456485002651
2.97847207890747 0.97628359522126 3.38466684750582
1.58330968018317 5.96586158370096 0.153195865536303
1.23036457187019 5.870275682567 1.58276171042211
2.39681767339433 5.81853817196448 5.67141071044965
3.31684127774365 2.65895178738841 0.38109054553069
3.33198739355277 5.62903171852635 -0.464091983080942
2.05203647500292 1.40008534037176 2.82077552056742
1.28285729436825 7.00431618609337 0.857797409211315
3.23714264243837 7.07704949353376 4.89541140059728
2.72932987595359 2.60159768962736 2.23990596003468
2.48781005714688 0.72949815525921 2.23814012215306
3.31449016141613 6.68481423582393 4.61812022814618
4.15730442501765 2.7676722595659 1.64462650721464
0.861269520516185 6.57662390071053 2.73932401064235
2.81585430814302 2.07867660841494 3.51221585498308
2.62402147695703 6.31913087612736 3.31196881567108
3.65277949424567 7.37599467746499 0.959535639307667
3.72594072135246 4.32292393730557 2.838259624834
3.17605679694036 2.3334409123837 1.83312162656073
3.96269254417026 2.93467259277927 1.83345849863046
2.45555915535163 6.44217250062171 4.94338265232503
3.85304032833175 3.49529390401685 5.68862962820564
3.92050365349588 6.77593555215427 1.17276458042365
4.77841343286486 6.21229667519567 0.281195027567744
4.04028304460286 3.22033389776331 4.94837606037528
3.09976678053024 3.45116546140188 1.3090098985022
4.06454444340409 2.20602254140222 0.54518749616183
2.97851909155525 5.33131288576156 5.34035395187679
2.03273435447253 7.44641297570774 4.58298701249168
3.46510162311768 0.697358450803259 2.75642063768094
3.41192232697209 5.7573943838934 -0.274097622205227
3.25556625621122 3.07515171273923 0.211728288934857
3.35120471525193 1.80234803194403 2.97641586019525
1.50360525317353 6.51834655784624 0.647533350399589
2.60067070909324 7.45575318553188 -0.276027817081068
4.55387303149508 7.11030755270533 5.61655510332151
3.64102468891616 0.129417640829264 2.1200336625859
2.76561523797616 6.40340579727653 -0.63000349552891
3.05284293042068 0.586019019769371 2.64539295896881
2.4286142510388 6.28220764665419 5.70492072845051
2.22357177901931 4.75786522847306 1.59047924235183
3.08490174765299 5.84361978599985 0.167786853751576
3.28385583724177 1.82773062315865 3.4111972998748
3.50338060766515 2.35259401989683 0.502853289223292
3.38423161771335 0.602806894245941 2.15482607098372
3.280133822135 4.88946091969583 5.01427624531486
2.78847387018786 2.54402689513944 1.72448816164425
3.00126803238857 3.39858649449367 1.03734851024987
1.73937250988909 4.85889335925259 0.616792294279762
3.58959734514552 1.04303669396462 3.32975589512473
3.40008601212927 0.612238317291963 3.2153380914557
3.08506264585731 5.30564843067042 3.89255960718117
3.64649589121403 5.65418529895656 0.630706016814209
3.26247516429579 2.98788693823766 0.125776392157351
2.51354916261349 2.33969190059461 4.02885221277901
3.26595279806195 0.202909528972057 2.67684147995853
2.48297958040729 1.25970168553705 3.43361432974528
4.15595657829104 3.75003605365094 5.95843045089565
3.72279651142161 4.08990141779082 6.11406181227619
3.46328985354557 6.85487282136045 6.5222066806155
3.0075197313895 2.08431436802185 3.40966984355634
4.29853929812468 4.79617369326349 0.14126923015428
4.24126217094486 5.97499251144025 4.85956554873762
2.66708344248412 7.22566866038686 -0.235596743052178
2.92210158515367 2.48468065771705 1.27426408632613
2.88059358946106 0.414182222131473 2.72084708141473
1.25620816508626 4.33614371163807 3.67168862548242
2.05484537854831 1.84209013638963 3.29403964214489
2.00453477179053 4.86789137227813 0.433912782229882
2.79069561358572 4.89364287485305 4.75447743494443
3.34877640168507 2.27229207900077 1.89152724684249
2.99902053229355 4.88560738922947 5.55887789279883
5.03936809963027 4.39568111335012 4.69273264180915
2.07440194772675 3.52442056584898 1.7297090644575
5.14728291193155 6.39649781838947 6.6169717187369
4.06760681609508 0.671873636583998 2.59666077329259
2.89756498062344 2.1413425086858 2.88995347189968
1.32620747107579 5.76217950589485 1.35974778681252
3.72303063142636 4.87793911865589 -0.0963415847658808
1.87366783867199 4.28321817554742 0.7734958143237
4.36704359765213 2.71601042172205 1.61357678118919
3.0740783370521 1.84834341180397 2.84650860212942
2.61878522802557 3.54103741509075 -0.208524431944062
3.94465875932027 0.241788734013132 1.41493258274069
3.96615662520857 0.606720689377059 3.0920966405555
4.55420988076594 4.14365345581001 0.0201318010163775
3.70861697504203 0.917634725938691 3.01119783279391
4.462433220822 0.558182533904934 2.67623151677453
3.32838366001736 5.52685938685359 -0.138577641025523
1.66990218363496 1.63352441433483 2.93256977577314
3.7878245648675 6.29248327736336 6.69778617431967
3.02861747079184 0.0335792238502801 2.35768297570921
2.82626704310194 6.97094879496947 -0.0891104100012289
3.64501226537528 6.96082604819116 5.20195518602401
2.2961188602705 6.91441316777858 4.0669149811857
2.57483565319499 0.0758131817547376 2.32780849142762
2.75339836532026 1.52343797709948 2.8586076871476
1.9151959054525 2.7845978928161 4.00369535532955
2.20883719043121 3.5847679435413 0.840038877529171
1.33933796171754 2.80157069598033 2.8854572099441
1.91935787187521 3.46477757255822 2.41969859646207
2.49168207258966 3.90309800759401 1.08429770155692
1.46908188339378 4.68266204450414 3.3149926838717
2.07811705119285 5.53916105963289 2.39342767163099
1.34704933621921 3.49881564287061 3.38979269050364
3.58037382242253 3.06577599527004 0.724859044902483
2.89149119009446 6.44111028020806 1.30563932544488
2.62802980098425 7.10499046206065 0.620227297345573
3.97310329817395 6.29507317260522 5.64122110842797
3.07238521049627 2.3629808033589 0.878943474414227
3.02731756459417 3.29323532089272 0.628355485842498
2.88853900682662 7.07158274785097 0.474727128393029
4.38249841672823 3.7194049420374 3.30278762745115
4.02637166328012 1.59608410908362 2.52736922913296
2.12984902011445 3.64509419201891 1.59894118322731
4.15017898178868 2.72124464566238 1.32015531036213
3.16002010486917 5.08098271080702 4.64585372098158
3.727003284271 4.32056799757109 4.5856915306723
4.92279433267276 0.825060803641764 3.85114546170483
3.40952262025807 3.65149341208312 4.25665065500659
2.59149212170785 5.92001069052354 5.54493646802666
3.29747374069015 6.46256445514193 1.11045050059959
1.80792759348462 6.50850230682708 1.82690156504871
3.93648989241427 3.69096084507284 5.16939450517849
3.66430210599223 5.73429349943052 0.444452243541986
3.63996783853238 5.69558365722979 0.981837343807442
3.77757630088112 0.192913939302978 2.10169792505851
2.93041091477116 1.16684696946081 4.05921386869834
2.94554790403952 1.52196613131179 3.7930237652258
2.81267478998669 3.61687927892917 1.49215861867141
3.83488010735421 1.16576439390779 3.60190060952577
2.43202261047365 6.49791317014201 4.48726317264771
2.41722633477636 7.1899801803638 0.748841697538802
3.17877799983574 5.33027109457745 1.82327564024215
2.62534359273835 3.0298181168273 1.69360023232561
3.45284135395289 1.90613212394713 3.2650266127689
3.89893920849877 4.04335562354941 6.11254671945981
3.67231197703873 3.35483665984933 4.12398246471446
2.47407619460774 4.94116151281552 3.81540891481221
3.90814400967719 1.22015503060321 3.60618802959588
5.08465710951254 6.13058985331022 1.4016066070761
1.95222845803324 5.08454569361151 0.621923464935335
2.88996668168962 6.15898447717504 0.502563261220877
1.78363894174837 5.61852489659621 0.536011098469888
3.55351742982926 5.32262815448715 0.218056345175038
4.17313609944916 0.0661999316608366 2.08122386837611
4.3649725308231 4.7784515896069 1.13355155141491
2.53732405870321 6.22270346676955 4.95242021315394
4.26054567576366 4.77245261111969 0.29755417581095
2.8120265751283 2.68103802569332 1.26216234186468
3.98646145000484 5.39993464901739 2.39975962829041
3.86923503861168 3.52987548653875 5.45218312788957
2.82277988390578 1.62189787971821 4.09495301995588
5.32283179402439 3.41357703872863 -0.0219107722946395
1.03332958196432 7.055224783539 1.60237031667395
3.08495317178609 5.01516824003451 5.89031839133852
1.84596477402671 6.322467839264 0.983190803669963
4.66577357041116 2.11723373081183 0.199314665441955
4.75946273758945 4.05099040521397 0.624105192692805
2.96585432530462 4.76231857717825 6.02890806476414
2.25378183162201 1.65875467254369 3.15168015036901
3.86538333253714 5.31509814773432 0.452563911015054
2.99959340635291 0.673148534476853 2.32304226140665
2.7763448815699 5.90405145420139 3.33461454141174
2.58780033244919 7.04159837494194 0.234755589131711
3.58633414173861 2.31420303605608 1.53123360399279
2.18297854028029 1.1677059640063 3.83996325327258
2.27308175225721 6.57819171430034 5.32170454942368
4.42593586040247 6.14646093095749 -0.107179748993688
2.56796846171566 6.78569005911085 0.462960584179443
4.36660361443546 4.15627483087314 -0.143272912737337
3.04425843627061 3.53197046386873 1.04023028665772
1.77150828246755 4.37812883709829 1.30514448564689
2.07185127300388 0.836155308796022 2.79616378569896
1.95354289932985 1.79175219251777 2.78592889342389
3.92866001404939 4.71947639233609 0.802196262439939
4.52281450674147 5.08949772300061 5.10025297425837
3.82312422136134 0.127877993645485 2.65076989724771
3.04279787512539 0.722519875984358 2.87565794638896
3.27955719439501 0.0876382185276032 3.10795432962579
3.20349071220179 4.68312074449889 5.87696181317416
4.21263102605716 4.54508754657425 0.15929382157546
3.03550726449857 5.05055223996112 5.5595320417761
4.68239421438674 1.21547075226688 4.42065606380128
1.69172386501708 1.56449513396389 2.96248647664956
3.58437212040848 3.34433942942485 2.86637919253997
2.36362374629158 2.3447744116058 3.46325314615018
3.26353667640886 2.99755197811179 0.845259532461244
4.24827747860059 6.1767885299194 3.27154249667688
2.66872231903051 4.40477711006582 1.26437382972489
3.13691017258023 6.49092241738708 -0.509866089832381
2.22787582313522 7.16687002157439 3.82592001521941
1.76609051504028 6.0142550499506 0.452392211624348
1.80476773548817 7.14411640425088 4.87520834573121
2.50475228306645 2.14582000769309 4.73001234438219
3.43845602469097 4.12366543765978 5.16102068849161
3.53125690045979 2.49620149410243 0.284069184322385
4.40801380757534 5.53376407224274 5.8332180075772
4.18548376556353 0.928550456259289 3.7826401174009
3.15371084820106 0.868488393823586 3.07775321394661
2.48421372146512 5.06372121722777 4.74463581120996
4.5397083877925 1.39658371238636 3.0343542902531
3.51516389051711 5.28746340274844 -0.066952832339978
3.10986020981544 2.17435717381246 3.03087815327799
3.67847884586797 5.1800215911038 -0.475492622237365
4.24286820730027 4.42182165310468 -0.343925521296228
2.0054220505213 4.91092054176531 0.499127966997019
3.14539653534483 4.67695316273994 5.10800926528481
3.5231341591567 6.64879323001257 5.89077694495186
3.58421436503501 5.2752984800768 0.320046540443465
3.31454040115523 0.901957731668618 2.99004973302658
3.19651720436823 6.91514979339811 4.97097616984997
2.40540049075948 5.11642370302215 3.79402109436359
2.72129539640547 0.0673240096093304 2.87643043266739
3.76858993856797 2.50212312838927 -0.145761776833883
3.23720291158518 0.164675105879263 2.05381383073515
2.77250131879619 4.09103107859926 1.11047025105668
3.50975966606526 5.41472611496034 0.261755631368331
3.03205599223716 1.68707602714339 3.74001139460934
1.98981386769246 2.84604058890649 2.85447750527238
3.27899754966625 1.02437107146419 3.5875499310605
3.72164775243422 0.615491735883319 1.75413294779993
2.62114706317807 4.15236404092501 1.2413476603171
2.66497886631434 7.08037257981348 0.0161062063558108
2.37620203723609 2.27965679239478 3.43113886105774
2.00511103528732 3.08417351717187 3.0861188655928
1.738846984761 2.47658708355329 3.85149534833589
4.85183760235152 5.0365991127714 6.57767410436059
4.78540479722174 0.157007197826224 1.62874724516116
1.72743993903321 3.42602618793737 3.54326868716574
3.58509705329994 0.906726496930505 3.25488746368904
4.13982506281859 5.37556130577125 4.98314481359057
2.40775213537556 3.76897140517397 1.18368300112684
2.733510771333 6.73767355303182 0.086603838844108
2.1204497796393 1.69496629384205 3.25461379922914
2.60440441256578 3.0447022608586 1.12769905926978
1.43032324144358 5.78002650974381 0.838692207543443
3.05878203469043 7.35961723988261 4.27555127907803
4.07985448814975 0.645619499446846 2.68810249534452
4.15740121525571 0.398984556683509 1.72715042733997
1.3900634730621 7.10125677454829 0.91535904285773
2.51586146128127 1.70730423180029 3.59978903849444
3.38743744024755 1.24057322103315 3.32249236518023
6.29963477097824 5.20026256353194 6.46313473117415
3.36198928464986 3.9253695760338 6.36429628906709
3.22592664365159 2.75985621787333 -0.818032056129536
4.66533015360245 3.99916948964783 1.05767648804678
2.74039444843608 4.80634843074968 6.32167007680916
5.56844402516437 5.81015900758459 5.6740516392163
4.02544026722953 6.04024984637777 5.90302792384575
4.54624053573607 6.34140235889507 0.152482011214071
0.565007982110968 2.6674531979303 2.72120007290077
2.02122373826135 0.491536533687694 1.20707125179749
3.68356841900292 5.86632379908572 2.01126154012806
4.29854795596721 5.17328510462023 5.18330408027872
3.926642947831 7.21654791752514 0.130589481247279
2.80413203282225 0.6773125985887 3.10463652057031
3.58947223310438 3.48270740429857 3.74309193666007
2.99224971754599 7.37204190085557 4.81616115975137
2.7983914589773 0.633500731165505 2.96520820398187
3.97848475316013 5.27045127460246 0.595423975688654
1.14586802838209 6.58616906930348 1.96567941171824
2.39413734517798 4.23106504309228 0.850789363839555
3.2229704509045 4.81962306600097 5.19680390737152
3.97549611285194 6.66622845654925 2.3559537594567
2.69655459217003 5.90034157926823 5.20112329499376
5.68356569992675 1.71570353462563 -0.103031143939914
3.13544414583065 4.25491166244516 5.37543839219158
4.18780441020053 1.53312172742919 2.7204273708613
2.12118382054137 3.98611178944172 1.02939825450891
2.93763076219242 2.72497482492984 0.331764286552482
3.9141617525154 1.99717164758223 0.605779173080945
2.70477406013774 0.912862083516308 2.87693395942939
1.7073061395076 0.116652961019128 2.16146784725683
3.52691467747056 2.83066659997647 0.776329942077293
2.94352672441595 3.24549764177789 -0.078463873990285
2.74703367261304 0.938565044955137 3.00524445678472
4.00987246251059 4.32662415551978 -0.244456550574572
4.16533702191291 6.08787803854315 6.54039629582297
2.82555526165468 5.39991901803517 5.81786845742388
5.64248544981092 4.42636430188538 6.95809441450037
3.94918418458474 3.40404112874858 5.68279975071626
4.01028324062157 1.85220155259356 1.79457024276572
3.91180163620095 4.74123340994075 -0.565469006839812
4.10522642078992 7.22255860275349 0.183777658986376
2.84454033624566 6.0305555768731 0.502737767445211
1.35888735485283 0.332484684987191 1.91421037930006
1.58847961297192 2.01784640690344 3.82780963328347
2.61059923501866 2.96564215628056 1.59772611371834
2.02069678969042 5.82976669191295 2.66618027174712
1.91905168743807 5.68399591064887 0.673855504190414
3.67010105586669 1.12260702295981 4.222467855756
1.87832011005337 5.5293618358001 -0.0481013009282094
5.04327064871017 7.01114319386057 6.18589614963043
1.94212901967921 0.0235047177318881 2.46861512263574
3.38674649257188 6.64780722947533 5.55076628376831
3.14628936769124 6.67598658957955 0.936671611110724
4.65956613682853 5.50434201456792 5.95612507438317
1.59955716808425 7.22359722771284 1.3454029882716
5.18878950779996 0.620055445305743 3.96500341260073
3.06777316859571 2.29166790206114 2.55379406249015
3.77604137117217 0.574375795026211 3.39010795736418
1.76079550638795 0.608466872499072 2.35169855084748
2.92628002062593 7.11821265175461 0.401563743764688
3.13290091388514 4.49210450638833 5.69528567584732
4.72453868302772 2.66319948255031 4.72888377464194
3.45558226527037 6.42836745548365 4.96611174403201
3.83111693460868 2.52739488443111 1.40198713881826
2.1722469677557 4.72809308409833 0.765830298389227
3.38081761704402 0.93022312937897 3.21736954859048
2.31372409116678 4.8303937309818 0.509571391048226
2.59387659090127 6.22743758900089 4.3232939024823
3.29384400458455 6.52871289137916 1.60464857690136
0.253963551654687 7.10391463715068 2.81428027018757
1.55143170965424 5.33008997059873 0.512418773878783
3.9646488497567 5.18969770436062 -0.0461525021266844
1.99375042537914 1.12464936124563 2.83928197565452
4.5950497005441 7.34299029700628 6.22740585315502
2.57995014628485 0.211858412797215 1.95276494523189
3.5251429932069 0.217931987942804 2.74647087716433
4.68438823364624 4.80027240256665 6.45967299365813
1.57632767870817 1.50770744810962 3.88866952987586
4.79133733193774 3.01955842572787 5.99025524009553
5.08330674351683 5.50939787620325 -0.373596282050171
3.58882249639029 5.83404103883239 -0.183507165875508
2.20629714049903 3.85593998319538 -0.394547595826904
2.16962342761411 4.03045828080494 1.08587470155717
2.46305512477637 6.20916915072258 5.40959626460905
4.83651866192149 0.756453447050085 4.30771255213718
2.97481024723858 0.285818430471031 2.7138539477803
1.94919469431915 2.56674242411719 3.73461945377613
1.81669007812981 1.93313928002285 4.18808821746698
2.79078781488968 4.26903095530252 1.5681366455407
3.89421736515968 6.06938315078134 5.86667933759849
2.91188069634939 3.95345028788011 1.69408410692303
1.88465122859922 0.350463339014416 2.2839748609839
1.85561496938822 5.33986487712285 0.00163668174326925
3.45455124756402 3.72787906463975 4.77046041036741
2.13838960755452 3.87077547080892 0.337925824723104
3.34432584773154 6.4162938975179 1.76163839929119
2.97544755722177 6.34257283600579 -0.687795460569187
2.21472385428252 0.118366523367504 2.98733580070246
2.72434621934039 0.0673169890367191 2.86661531155591
3.32420957419613 1.46376605884852 4.78411026289575
3.92854962820722 1.87524847997012 1.44682494007184
4.13960956463747 5.43255007064228 5.70514160483573
4.00790907682263 0.761554501796128 3.93435638071965
1.8800029014748 5.83393900224577 0.78140991363165
2.27383286731803 0.946411682555302 2.30088472416836
1.75574254725793 1.657533342598 2.52515832765047
3.68383921122347 1.48898060064363 2.71745127979387
3.42032174759328 5.43933011048664 0.680594718640219
3.82663496536401 1.33732119296678 2.6830598760646
1.3545094488114 5.52833625642152 2.72364162856321
2.44738200960826 0.763119544128435 2.09014794078275
3.11522097103117 3.40047120327461 0.907043397983766
2.449151053366 0.202156533534138 2.2437426311483
3.10629455147839 1.26505973141846 3.40407813707882
2.56241405076023 4.99711343649674 4.49545462172918
0.873500739087982 3.08696601924647 1.60692657348167
3.22843457452643 7.46980189608934 6.5480815178657
2.35393316378491 6.83524774903869 3.95219956749108
3.25571742470361 4.67131862577484 5.1299402065034
2.35110407607017 3.85312872739304 -0.187674354669684
3.86693939460034 6.96131340508414 0.448088043952508
2.47835624813561 3.04410573396444 1.62321534332052
4.73643708987616 6.59095314869109 1.99362118926344
3.73842441244152 3.04507153583577 0.562070118787638
3.19026069701437 1.01806537464822 2.66021212129292
1.96717899470648 3.32052091286614 2.82549013396352
2.50885779054761 3.98892209223193 -0.25717201447895
2.8814219139771 3.99243387350887 1.32691005643556
2.78519310835913 0.905070412296193 3.25831826767312
4.80372069603622 7.48445719797225 4.22982728920471
5.81150553744465 4.81647988984569 -0.164319430835031
2.5218370239521 6.13993106132144 5.27099311535643
2.23868009591925 0.20887204483333 1.7667279537884
3.53725830272939 3.10382448356593 0.222930047985338
2.11813901878859 2.44781394094159 3.26134930270394
3.11963256803787 5.45561358470147 1.62523262150605
2.5558324989398 3.73583038017909 1.2019913660835
3.29508561191642 4.69420083290441 4.54678946503968
3.30043665952084 2.98236639839549 -0.174662158178557
1.87941450966295 2.98779205723837 4.31886549341931
3.70409003738446 4.69831461704675 0.362078654902126
2.82564628774165 2.47003488053006 2.08954586253222
3.5306665557056 1.73153823375795 3.79828322947774
2.1228673152823 6.61464641270723 5.03529868284907
3.67032558362827 4.47570195500415 4.49403889040939
5.66405216167741 0.497853233270797 2.7281664877051
1.36627072875895 1.06242167599245 2.7129796228749
3.48366851788462 3.44271036066825 2.32277900276967
1.35171209971688 5.48358899825982 0.934695814823704
3.05663953542993 6.66831033042475 0.23352892817933
2.77254328800214 1.82444123798775 4.30135861581157
1.4107351683172 4.31817724352857 3.37571713456621
1.33068817532196 5.7342896553505 0.58823863848443
3.25771018230365 1.70999287147526 3.3592496320039
2.74477997483568 5.19136630642046 4.94247398934302
2.78961085101797 5.19390879228895 5.53547609550657
4.59642624852081 2.48632091825018 2.15903085628068
4.3172601316096 3.34102301186314 6.27737664918238
3.00454258416484 4.43137342790425 4.52906498895688
4.61069367835237 1.65717519940786 0.993778032900826
2.70375885783967 6.96318600196104 -0.504301850816015
3.57708616420497 0.775605771940486 3.43169106538595
1.60305417740168 2.95894605210521 3.31249370245436
2.26081432621986 5.02116542191555 1.55298980661719
2.17632673574981 2.19077401377986 3.57216061504671
3.19438535562891 1.62107631884112 4.04101403018435
1.54994684314178 1.58857352660125 3.3962252407259
3.58548734716547 2.19220912404312 0.667141608025696
4.57268295737012 4.57281468370425 0.0711249674743256
3.89815107713545 5.46276205493914 1.12882678883395
2.16967416476392 6.72822577522464 6.08002129989703
3.63827236798179 6.25681188181244 5.51310734648438
2.41923360382847 2.45688471087119 4.08573219673145
2.59316985541923 5.88748218515068 4.78894230139857
2.37258431343772 4.72895100869581 1.21777856659481
3.53782015762868 4.22207588670984 6.30446399513552
3.493498142237 1.79911881415417 3.23362775048522
4.05164156145145 3.85894567174794 5.37189495271106
4.40398354443765 0.172495037174642 2.40370465851631
4.7447669030536 3.94952733672425 0.161720007991496
2.32277854891057 6.30679117673445 5.44183113231804
4.56596919148669 5.31394572122053 6.78990465732537
2.76358738468468 4.98045647516624 4.83335433499378
2.77378354875612 1.82211398924757 3.68731722273012
1.69287935923904 3.88370722001297 3.68579485530402
2.08152109473508 6.85148649354954 5.44785113967501
3.41470990830312 6.69203209911036 5.06426793993997
3.21954630996348 5.63248656473436 -0.221845505867454
3.05121968913119 5.76894509910159 -0.566014994838857
2.54944826412529 4.76304478465412 2.47689852422645
2.33386433547347 0.201064647909291 2.27182247955531
2.0416308904013 2.00365888806512 3.06142044106881
0.648379394472196 0.297037401192708 2.82369362001991
3.58157746221124 5.3209821803795 0.847689426612089
3.37397839155768 5.53118540182208 0.112290592802184
5.21178247285916 3.39060290223649 0.704540387532815
3.43470429792309 2.78631498914751 0.988925847631541
3.40011692190765 7.04524848155099 6.02017002121143
4.00025986633449 3.05117972425222 3.10483058023714
1.19655404382165 3.30143156558775 3.39305322825535
0.707905127377183 3.85115458176676 3.21703285731661
4.9378174243795 0.533675619566363 3.47842052630586
2.73199815867955 3.17498206630584 -0.414664389922722
1.98236106649768 0.369340227933639 2.17271101557288
1.33246163439837 1.80519271129394 3.44545369122214
3.43922280445574 1.91483409033639 2.54723285842836
1.74898254066468 6.35868573381167 0.415787771018195
3.75314508404261 1.38341561938276 4.18986136881781
3.28689618952969 7.24920359136304 6.39774516937415
3.80907417002857 0.563210452078666 2.62618305909859
2.72940713454565 5.55956555627154 6.15406392515245
4.14111177368474 2.8549975649815 3.2465816925314
1.62509148486798 1.90568171279239 4.01918462695457
4.1351356918871 7.07266446582451 -0.184348490391384
4.28160226168508 6.69958938040653 -0.509647689444151
4.10680913503722 0.492106399894623 2.66303291678958
3.85365677796015 3.84950426750337 5.8773419907966
4.84892143552768 6.35085857456151 0.464235387864094
3.17466041746058 4.763817212896 4.53845505309028
1.53779409071171 6.2825742958091 1.05498335594958
3.13448228561553 3.79060783292354 1.60988755815804
2.55316756530243 4.17642212445046 -0.472431564571246
5.12315230476102 0.81378575414581 4.12203502354531
2.69427241475712 3.34800213784393 0.171026268238849
4.80707711138715 6.4884108782328 1.10388760341831
3.43576510767534 0.825784158165305 3.08919191101994
1.36202198302009 2.72774822273588 2.95825710224639
3.50250155945754 2.92061976273976 -0.0142169910123155
3.59962743101036 4.845987592589 0.761892906007146
1.39062856534526 2.18938100652755 3.43692093299538
3.0379547317664 3.81840441703394 2.13447477990182
2.78288990745953 1.15504616205663 3.72780522029749
2.01977584864469 6.81307935870595 5.46973993601876
2.65266072098827 2.81516365341154 1.13093763702276
1.9946382236759 5.27224847083119 0.622735133369509
4.76879764798189 5.41483177264286 4.91595425332934
3.82791730218094 6.39585205479315 6.81873603741616
2.20363827095167 3.63065746764853 1.69335439398274
2.82562274548357 3.94276792077968 0.660674380062088
2.2884504363019 0.354314737969929 2.23158242783258
6.52948062673714 4.54091942811176 0.128518905547723
2.55308697904611 3.98612534869276 -0.315364133572119
3.18826124406945 0.282733947703298 2.91339781460489
3.46483010814246 1.48955466883086 4.05243508739014
3.67669371131204 6.91803575950558 5.58733288092383
4.47189515289507 5.9958640037013 -0.147500002790824
0.688397390202738 3.92961074283589 2.81976014265061
2.63686396166878 6.32432889725655 2.76669235304067
2.86040012969628 6.21614279421931 0.338302538480069
4.07418509352262 0.901419992384801 3.32117798951259
4.68582968700749 4.29224241435731 0.296649460039863
2.43198150330238 0.439941970454417 3.27774980787081
1.91232311867943 3.63480661534297 1.21493354892233
2.30335224861167 1.43935950593034 3.72459344468597
3.05228480795104 2.46337958149248 2.21484078709894
2.59344103705466 4.3742933481652 1.52298009973209
0.853538350660372 6.69222441866892 3.65800400628696
2.64186002525636 6.69243932462859 -0.0743544740532387
3.34914067994433 2.83220223850588 1.01895215046242
3.00500174646802 2.80574899966925 0.384295724226576
3.83984266312343 0.562918673806519 2.28623199702248
1.34132568888243 1.67572865538352 2.83876417931114
1.48055689588898 5.84151272044526 0.680616884554871
1.44642993894728 5.22661700824922 1.297074200778
2.41114196735299 7.4768415832101 0.144751387604527
3.27427206202802 0.594461636193875 2.92756434198665
3.82672230720401 4.36246215907683 2.60669810287944
1.77183793620795 5.17168259633266 0.725417611170753
0.911744942561017 6.7023643611392 2.6781174247301
4.48113007534106 4.50748037410227 -0.360251738866694
3.11012148357434 2.47398996128167 0.977458846789776
3.19517765380861 5.46787438196151 1.11332306314414
1.23853234205268 3.49006496585536 3.98498328586517
2.31830791489474 1.159225842366 3.3539695763078
4.05843936306401 0.361205256654462 2.29706827280599
2.34083549899407 3.82599539269115 0.816223158044885
2.38036586735289 0.865244206793468 3.01100908981479
2.71564436140529 0.266147341324452 2.13883616572992
3.57436722591317 7.09898551276108 5.84320911922896
3.1073334725359 5.32870364369379 2.76502627685435
3.25289612875429 0.61560078685177 3.37936025866742
2.9567915846354 4.23995208149299 3.90124047261997
2.68713822662316 2.69940324274858 2.06152823762989
3.74590322777475 5.06453502894867 -0.148289438985885
3.22617581427656 7.08566519732125 5.35653542803717
1.04161106775658 1.94973268399451 2.62048105129439
3.0687655026823 5.78102029910169 0.77437284143483
2.6304720846826 6.55652160392193 0.920617290299409
3.407261994526 3.66898025239821 4.49885227594115
4.06983717195169 2.0577911933955 0.900075521654996
2.2282816025617 2.74694398531391 3.81616619799754
3.16227914705013 2.44066896451939 0.712202652919695
3.58027002106922 0.513571489842728 2.63532011597449
4.90903334281888 0.438318045967961 2.99856388993706
1.24493793865663 0.952506442512702 2.1035086915952
2.33799160904031 1.73965509043387 2.25752708756289
3.62615042351287 7.14833530335933 4.76358561819415
3.6064900457228 5.44419745907194 0.837416839375935
1.6707939984852 3.33260734664679 3.27679684187939
3.69735049294427 6.28256765976077 5.63219256489147
5.68939555923306 4.39607648358556 6.89742688716409
3.79313695483567 0.119036283002717 2.10940186158875
2.21376729672972 5.62287130415466 4.40695312975339
4.14156005771322 1.25039177360678 4.14726631483177
2.25531194676283 5.98178836093654 4.66476508881665
2.69952311724836 2.66215650275677 1.91929237575925
3.82674498986133 2.84015143144649 -0.0915288239484506
3.22293515694137 1.73815815882901 3.15575874003434
4.17713552925315 6.26377128924703 4.76741081665354
2.7293456213261 4.64148994252598 4.35091284300778
2.13259397475151 1.15125677577967 2.9433536177146
1.08487520584507 1.23343703106869 1.74697875584193
1.33470587513649 2.03906315047711 2.88658930050238
2.3130073550344 6.65751512166885 5.05540384694889
2.68967694640909 2.08737706470866 4.07596451257734
1.99971072625328 5.161453024886 0.045175696331533
3.4042207389343 0.819197699355334 3.21738606398559
3.32379374098489 5.37604578144784 0.209560879348393
2.19800558753374 0.357496087615806 3.00512768766351
3.01911156115742 6.78471461425751 0.574712264781534
2.12195700912654 5.24982759715599 0.00968711607699679
2.9371124110988 5.43942692751396 4.30426905953479
4.89402581916367 7.01459438553466 6.536556742858
2.6191413777426 7.28991388299841 -0.190498263534492
1.89432066630099 3.93146954051114 2.17231530509852
4.20330881634149 0.2395232943094 3.2441279987767
4.03131308061911 4.9510063401421 0.306412182182638
2.60095166149584 5.01656789858507 5.15365174461868
2.18713723369406 5.80726020004141 4.64315620760507
2.0873439501506 1.38838247802985 3.30886163185654
4.7612159174934 1.81215267557621 0.0523634707743423
3.07978569550132 3.63443359852246 1.34718148256532
4.56877520409052 2.94921405809358 4.90200919121618
3.69882525566174 6.71020312341994 5.32947605434925
2.64676416106114 2.78573394296362 1.53319116455054
3.1037428033281 2.07757843403234 3.0895950786685
2.51055351122128 6.15545697559761 5.91697830693754
1.80631391694126 2.94683821649398 3.64402605853633
4.21458240686791 2.97436309906891 4.89804633633883
2.61232276981599 2.36894270979332 2.73921242253899
2.56292853648298 7.49791442427397 0.368205442558118
4.58843038293369 4.66596708776977 1.42378315458732
3.80461654845409 2.56291166562827 0.772001984796099
0.819830105633255 3.45617880207429 2.7759730442179
3.75493390640063 3.83591199226434 5.51737649349723
4.18435632405696 2.12541531293965 1.00466420211368
3.50790063553875 3.88716659907705 5.47075853861075
2.03988839560067 6.5041061042491 5.17177253987362
1.85894038281857 1.40296669542669 3.235871703282
1.95702453202856 6.2019767176845 2.60312456212794
4.67909371847268 1.16271761742379 3.44909878931062
2.58289066086948 4.16404742749091 0.889939916612847
1.89936174853036 3.27309759092342 3.48090322327501
2.40606270805753 7.25421050035845 0.212643743487293
1.89340419510803 0.723863750139031 2.79919845834719
3.54795000266724 2.36151882225109 0.719098979732792
3.00956331863623 6.9271510294453 -0.125503571583017
4.79440632547425 7.19826889076202 6.71768519273992
5.56894235727986 1.14370135448831 2.57287013370863
3.89291906533691 2.28085220659152 0.815700610843898
2.77925041984951 6.42342207334559 0.268974625918839
0.828470388694722 4.68595197860323 2.98808699811267
3.8599465308249 4.22510006376527 4.74791955557786
1.8856587977522 6.79193573190973 4.45482646999357
1.63139613853077 1.01389182601306 2.38000491382252
1.36539128511496 0.41383030024242 3.03380807421737
1.55121810133967 3.92231475029778 2.59512260543391
3.4081613474459 4.33074120359148 4.99926034737843
2.02369637520833 3.94407801757142 0.642268631684333
1.01020963460336 6.81133263522626 2.32967994374478
3.67919668697871 6.24670660663289 5.24893454488638
3.30954865670466 6.36031541547242 0.667542578853502
4.28928432794362 4.57488949961939 -0.913652302559344
3.85266553742275 4.57147879799034 0.250780892366823
2.68534244002562 3.31314574694866 1.26149174672534
2.78236009166509 5.81491137475426 3.99990075600253
3.25686424869852 1.25076398748497 3.34539347968552
2.21953708520399 6.37229257530839 4.97081491834596
4.03407858154127 1.6282732443065 2.88015347407892
0.69254907111042 7.07523770764138 4.09205070883506
5.53431337636474 6.49904203871408 3.86134659403131
2.26026761311846 5.06307419519734 1.96556813784681
2.46352155098659 0.40420004608062 2.10617735411856
2.54475420959453 0.586221802443188 2.51002450826905
3.16153465675709 3.19612912711856 0.50118946919396
3.38020489960278 4.38170528453486 4.36100174276248
4.16357731507281 2.64574506703091 -0.0612880236628254
2.73412592161042 4.82115076154661 5.29538375710269
3.98501501813244 0.534037298212289 2.84898390810234
2.50729531627238 2.13209655887417 4.51329495801014
1.30329188564544 1.08586895943851 2.45659046323873
4.73690335558378 4.65832490411022 4.48397263285756
4.68306352724717 5.78305485653724 0.371707745320221
1.74834864142191 1.04694289877167 1.63548299535441
2.16280601153474 4.23147185379941 0.707455585231579
3.71937738058429 7.23984320821742 1.4375364129966
2.8549083425185 6.3977382957199 0.337438734756246
2.58449542611272 2.10910511921849 3.49232626155743
4.96112486682306 3.53956382879184 0.319295883120362
3.67357140384243 4.04135885686642 6.38717635251296
4.93546781659751 1.91433326985407 -0.25650391382011
1.85094509848343 5.27688688711212 0.464757094681702
1.95778418419837 0.652053610620409 1.56231229513173
2.30502313425533 3.18846201655675 0.826528186038122
4.35658824021186 6.84302544098881 -1.07822444302523
2.83043927725388 4.61224666697946 4.69660298052626
3.95073886983197 1.55233827091495 2.93117934695994
2.97603071945316 4.17496748313636 4.06203290336776
1.10959693708488 0.956379792805285 2.39052630925965
4.59063625610716 3.80501767745898 -0.0797464844093065
2.48911790264518 6.40849756867422 4.93775421814231
3.00261338371758 1.30955686164191 3.34892808242767
2.6118372934763 2.37737220075842 2.69387852053458
1.50363527991913 1.26436820660805 1.98823221673242
3.73201828284027 5.77530904317093 1.95465459974132
3.78776315463343 2.94690235730285 0.487422138632131
2.76038275581266 3.57378761747697 -0.108076261174469
3.90419937425427 7.28391685987064 0.587847730756112
1.72561283338161 2.82035579643327 3.82603405045643
3.13126751768881 4.90186680002563 5.37598714588482
4.59130710249154 6.82974061522689 2.94350713108423
3.26927193149825 5.61907113237718 1.14962131973624
3.9352345255612 2.62115503884171 0.378679665198307
2.3479481765292 5.12559274064269 2.74442017154698
2.53024908549012 7.22779806532941 0.0962064767229359
3.42717920817919 1.23926441155846 4.11740670841474
2.82616866769505 4.16550089966028 2.41974549404679
3.33153515237325 4.95902887796979 2.56514727685246
1.65868234099413 1.74630983883636 3.35073414430517
3.63467192297473 1.70363115622968 3.30392816633848
2.36097612424538 5.89198248845191 4.34570463187195
4.28809865788005 0.592769543914947 2.93288218483563
2.78834770539083 0.194094224474664 2.85351716579972
4.79867474300313 3.85841269627115 0.0769252543924109
3.2128742278848 5.61599031082518 -0.365205547238399
4.11634837177112 1.00250357710687 3.40762332671376
3.32724457293556 2.2862756891929 1.6249799840463
2.31031112142789 2.25436644580169 3.74305869404284
4.06169015879898 5.10799192089533 1.08717514903168
3.22129103511533 6.59100777155852 1.24001744550865
2.5863633854283 4.02671017538132 -0.561964649058518
3.68120553887085 3.48208548842015 4.51109566409548
3.44725085811682 1.97010297878236 2.67223539219905
1.14715078271204 1.30442018666121 2.18382824629472
3.46927366228809 7.32975657820882 5.52385553476597
3.43890843107345 6.40881679228507 3.68723237962648
4.11111851573128 6.97347920813897 0.584835034627392
1.5513515559453 1.06650598173065 2.63005162335235
4.42989651751167 0.980601574272169 3.86914677980854
3.65265216990741 7.03400489615266 5.18058841368796
3.38023055664464 7.49620156539037 6.29307163652771
3.77512144197892 3.67544981209996 6.08318412363518
2.61127683434366 3.77251366796902 0.451296732589705
2.46047188727374 4.52818835501961 1.67116876327241
2.37061276681856 4.58149277931978 0.780208019653947
4.36825372045461 5.11593897858627 4.35989696790037
2.11581260407614 1.1474859238124 3.98980738007122
3.58757569530937 5.49169311433178 0.691151508496996
3.02215407888577 6.09076491261515 0.311857485427752
4.34666075089616 3.64490175190429 5.0614380187325
0.722009425823845 1.22763472734698 1.97725015806075
2.13094557637452 1.22292466069465 2.53818821436015
3.17924325901197 3.16663416666842 0.754053071921496
2.80175048827584 2.78076017534858 1.88031287781422
2.50234011199698 6.01338647671243 5.91263370325031
3.87548625674321 0.460778238502169 3.06669759079739
2.1785198246673 3.84556431365766 0.051621064399642
3.51975149689643 1.50231822046549 3.29926117104502
3.14687014561272 2.84054502199833 0.27227771476066
1.27265227575241 2.13055009714553 2.45408715457511
2.24691596517099 5.41608305242897 2.50847794830943
3.18545450521167 6.51423566348905 0.191519174320656
2.85559993304253 7.24752200756432 0.184061116309823
3.08388962391241 0.126656962800006 1.8978952458911
1.820019911048 4.84387892679046 -0.281373358053628
4.37567535328304 7.04361311154883 0.452097921712322
4.62570000707449 3.79364511932021 0.227080266452684
2.53329182796689 1.17465722692107 2.88034272602799
2.70656981352985 3.48152059593294 0.806944327047008
2.79078861724025 4.44102345494753 4.05635149626042
1.91679339601972 0.295449980306283 2.33916240855224
3.1911362193134 1.12046939962178 2.8493175222734
1.7901776326812 0.652534035512944 2.42815599276185
3.67110840955521 0.500909562963557 3.4447306870146
3.69204906796389 5.04884868642737 0.252792145951385
4.3648105613691 6.41209404677122 -0.975254339774428
2.86000802212473 2.4245595426943 2.98240527869787
2.14840545065258 4.16863836112156 0.443237474529894
4.18218412982106 2.130129633234 0.115402830556523
1.35098865242247 5.05851947224475 3.5497554015395
3.22205448935489 2.57470543633205 0.190409046811036
4.39302881832736 3.40543578672271 6.04841241014845
1.99967029895332 0.50694576319019 2.78662910910647
4.22360546976337 1.41380174891584 2.89947724583413
1.62543221803515 5.95809851809566 0.272174390096802
1.20475866302447 2.64269151422501 4.20914831971185
4.1445148987624 5.97974526016232 6.34804438985237
3.78592467953764 2.32057705732 1.06541241050602
3.35909711734733 1.15131491959587 4.00003289088553
2.35685834736237 6.43861839662666 5.18264324807032
2.05425772582117 1.77615792666947 3.48909520044237
0.595380467065092 1.31101625540532 3.39661420658093
2.75021562366084 1.14628152180295 4.1158386898748
3.96740375407179 3.41909864074127 5.21822006492594
3.93874483030971 1.00085042012131 4.09244447672925
2.71087481618695 4.52129004459266 3.09343171280885
4.90047690049444 5.04077829558529 5.65802134525373
1.77318577986046 2.42673486826048 4.03755443948609
1.84491318184929 0.667029410029662 2.09337739618997
1.17614832547908 3.31530395988377 4.33480009107255
1.44025810637531 3.41317205532052 3.89450681635556
3.76414851455194 1.07716219485144 3.95144139526703
2.65114820193701 1.69579062186283 4.13026155777308
3.11266151254357 4.96269601032491 5.41881541747486
2.71424720393396 0.420872055857188 2.56695726528898
3.7659988508711 3.4068554209827 4.52752037345236
4.82458730469972 1.33889224355713 2.78961368046845
2.44859561652539 2.17837174493705 3.7697926450959
3.58540996607827 2.58913073787608 0.00960563087085253
5.04027998344649 4.02013860762091 0.322863005399345
2.98927855639259 4.2012623754188 4.41486269056168
2.98530197197198 7.3058179117525 2.72313915570138
2.87353147359981 5.64099426777237 3.80073425817059
3.02160711829012 0.428247759694912 2.38612630986919
2.90879552897453 3.30163817827645 0.637035002266192
2.52867542971093 3.86727987900253 0.189096811442623
3.43435361050284 1.87967618201443 2.68919494428866
4.10698424254016 6.13384642212384 5.99719788689742
2.76661147188785 0.854686291602303 3.1511521347542
3.61811349169258 4.77814887704662 0.986248828296732
2.42218016539804 2.25038150030575 4.31032203077869
4.83720117682417 7.02596763921728 6.32258962464081
5.21342131224348 1.52259708879303 1.70774119046877
1.52314975608055 6.54044946843168 -0.271295807020535
2.38027804365709 7.36836927484393 -0.286747342462194
3.35705554941286 1.17512212144834 3.45112780036485
4.38577534878117 2.554854644656 1.08374251402126
2.7295990986581 4.13367732697879 1.31129716574708
3.8632446736185 2.73789140015083 0.334815793803829
2.82357492230943 3.74697561655356 0.399755300584941
3.6819770272444 3.96355334523043 6.01877646675655
2.80078390322629 4.22752081050028 2.06193513835923
4.23298111625596 0.815812901807421 3.04581851016144
3.23032015937985 2.12148069058611 2.30160666937231
3.21378527686655 4.43749555919896 4.79448684219074
2.87571234793622 7.07521777316993 0.160907138024545
3.56366043039622 4.14407236817942 5.18231006581311
2.68923427454392 4.06651353529563 1.72055542121735
2.74692583625862 0.136772068958805 2.12949283841905
2.43569582462147 7.1655091527072 0.737805258128406
4.29551567392893 2.4687133336768 0.783143990959192
2.35587158548367 6.54563551718137 5.76078025805209
2.01647809186709 1.76917429830351 3.23362628181167
2.75989198968485 7.04843151170224 0.371474091087933
3.43105962306653 0.709497631083464 2.33068977217192
4.19312364964958 6.91643012884327 -1.05200776289878
3.43021824839466 4.7856291364453 3.75028015944173
3.4581627487038 7.00949911381302 5.38128487719809
2.46209823994742 3.28915445946831 1.09627282532211
0.886689602810788 7.04087161434972 4.01043732312995
3.25827768280711 4.2836055254536 5.84712680576634
0.942500887554367 6.59264448926319 2.74698788776832
2.6179287984154 5.00605943663465 5.13669789379218
3.00423541611188 1.67146334130608 3.88293393140009
3.17229452822015 4.48981646199276 5.10628783979346
2.92435163699304 0.920830890875986 3.08463139379801
2.35220370836021 3.34446069352181 1.41573388738925
1.91929712665617 1.5007590257637 4.2820526008833
3.51704708179492 6.13798488725351 2.2163108394801
3.38203746687709 0.419090054406694 1.60430837312489
3.52980326231339 5.28550991241237 -0.389956969432961
1.26442869863026 0.370191216278564 2.63175828102121
1.94279044924378 0.872108214353724 2.98635828084425
1.47873009508981 3.13489776575986 3.53495547110168
5.05552447340766 7.41490404968281 0.317561237133846
2.09378753177516 0.813009737828702 2.82252218185169
3.71276085771213 5.51028863981003 -0.616797376510739
2.31152744793502 5.83077335672634 4.83319262519489
2.42609459643512 4.97813118897757 3.31108017068873
2.85277889734591 4.0356003903594 0.848703921642999
3.5649682255014 1.40205933465097 3.62551758481112
3.81272923419419 6.31071933700368 5.776227284074
2.43656352079157 0.163428470084582 2.08280730702851
5.23470881675721 3.87995128980659 0.731796958544978
4.68461171460349 1.69931105393372 1.316830805719
0.371234834927425 5.70935112401734 3.18084679054496
4.19341882414864 7.01871691887558 -0.291098016387725
4.36140977983354 4.35822748270106 0.719481143431854
2.24932044764069 0.525761999203352 2.55662001711738
2.67627832513739 4.4575331525381 1.97508665409114
2.6535163004471 2.61882601479798 1.91968015028228
3.97394922647014 6.31049285738065 5.78448322856756
2.94767069588001 3.5846424835918 0.410687673905375
3.5637079048086 2.25114562666212 1.25972169800948
3.02965456622834 2.38316300880996 2.26317659024191
0.580316363220679 6.33158963857552 3.02075627597513
3.94901928119711 6.38558144963393 6.17994198619329
3.06823679019884 6.55309440803915 0.946632041282785
3.18574365402278 4.25428218638214 6.25522184252014
3.71972359472433 2.18553161191222 1.13859159946343
2.63654164939169 6.69593862440926 -0.244526437150329
4.03056711022537 5.51448359782048 5.3780990975141
3.60311386197562 6.21111106902166 5.0390394203798
2.74065001934372 6.27633185955733 1.16445513204974
3.57242273246887 7.27318388169668 4.27491689818396
3.05405472854685 2.04137829456062 3.36221121078374
4.5091008740239 2.93734705940323 4.6109033637846
2.92412688110149 1.23158221290814 3.98897123404132
1.99465409529592 5.52920258551876 1.05454991400564
3.36850652783283 2.09655456486581 1.48680583122599
2.19728178518244 3.57103746884509 1.16478429653652
2.8947097164535 2.3831531151545 2.6056009543216
3.67776754511522 4.71602847442048 1.0454433926578
1.76685910037298 6.93227605390743 3.71654016610457
3.53361473899807 0.401944223377555 1.65924541198143
3.5176405205219 5.611525362889 -1.12201888646946
1.74721918619784 0.352851412256371 2.2020145173502
2.99237502853327 5.65655400106048 1.75141171298933
2.98576633129098 0.679549024928913 2.07739427228917
2.43387542502184 3.92534849549913 0.475185944894532
2.77616612932319 2.09853974807208 3.92404681870886
3.5028734406027 5.97753621948561 0.616452218817196
3.05713908600661 7.13660173001055 3.31944846478742
3.51057786597091 1.24904548251282 3.20022396946233
2.94296393013688 0.0771395207895376 1.75100494904606
4.88013105759955 3.62132536785792 0.702133117969945
4.46706732169226 0.183051318676148 2.81792236104528
2.60943198579801 1.83802562567324 3.21308613296807
3.24769296725177 3.09655612114804 0.416582085571492
2.23185788505605 4.89650021195086 0.328128851170317
3.38473155460253 0.578120981950464 2.43741240020559
1.39026727701913 0.58594885722692 2.08272801401547
3.03092223635875 3.6861626021368 1.33970553229757
4.22802339695424 6.04690119309157 6.68617921525883
3.33706467485964 4.12219944095621 5.26076517157839
2.56315080382198 2.39099392884959 3.61492494278293
5.38698379505354 1.70225941681519 0.0425827879405021
2.81103742716872 3.68049926858929 0.833715922384712
2.36405160124465 0.34557950984536 3.2951131268593
3.70061323878254 2.19936945230708 2.04992299697689
2.36351672411419 3.85195006418574 0.643356986648777
2.81006397354141 4.94089336753109 5.94778334662688
3.76177565237784 4.66810162456415 0.51569357241797
2.60640722764429 1.10051172085869 3.81493047023731
1.02969760349485 1.68820058201735 2.23184832918414
3.00115843853402 5.29279698760016 4.20844544983379
3.206464069492 2.870128947718 0.63437567329557
3.15730111619706 2.16663496027318 2.4930369134495
3.65807321227429 6.99972351829527 5.46206149806053
2.49783981516237 4.69152413607361 1.60452736955261
1.66805058908792 3.62731377562362 2.60692739408364
2.21563615230493 2.8088909066365 3.04252600184474
2.6766686612757 2.45099656973782 2.14107709652584
4.71587972960186 5.74061526316444 0.525019552137992
4.6760327397742 2.82926361253701 4.34926199041657
4.62668134832427 4.64742057665056 0.807933477069269
3.1599984111255 3.79037182019537 2.4560128355056
3.02666266482025 3.53315082574576 0.36810904741934
3.21244993988211 5.9366497339092 -0.618861041138752
1.38705985850187 2.72064627695902 3.45505850147451
1.06622962828544 2.70244070869648 2.82357662399496
3.48210321763598 3.01692499761083 0.326255623578475
3.32174776318077 6.47339565498 2.19059738334583
2.68852505084478 6.81076187809343 -0.427525548038963
1.41888892794334 2.71490455115577 3.58180759586104
2.68178638666111 6.46312278203742 0.414346615996621
3.89504313038458 2.38814763449267 0.135776360344862
2.38253025865902 3.89604418425604 0.913751520673273
1.99208774034061 6.70025522955059 5.25559869788286
3.09320459320241 2.90686397335766 0.729604380552233
5.10466073231812 7.38943808792514 -0.596565723934392
2.62554412725479 4.88019109176991 4.90660854540608
2.81516450956042 4.7358780435106 5.69893345832762
2.50435987393548 4.82803506104064 3.08214416540371
2.46325188125657 4.70889142188137 1.60830662843536
2.3191616336651 5.60374360178219 3.82133193893342
0.781920433919945 2.55219613736951 2.44163979063267
5.78767150959262 1.23152040804292 1.73011469764541
3.66352022015308 0.702162415821258 3.11353129288445
3.69905182278 1.66259630571036 3.03569931249946
2.54216963573396 3.49395290570047 0.0100488280946957
3.7909867132722 1.41245376194295 3.98758538328661
3.72945401505434 6.53570550209759 6.4537052556919
2.61427104923336 2.86758009851755 1.97018596983963
3.52224622224078 5.89601434337454 0.554259708091262
2.32159882050036 0.77009792466556 2.08467662636651
1.92570232025417 4.95810668926602 -0.0442209471967105
4.39785264947516 4.47558036827293 0.345228381577588
2.04436739745079 3.96498127147696 1.66621015818032
2.54173412850882 1.19516523842903 2.81562228147857
4.15034909928578 5.3403359599511 3.91680890652023
2.62048467535211 6.77469391759329 0.579998719535267
2.83298714246659 4.59866694442441 3.79088623072524
3.72700426617969 1.31516833953027 3.97476596881294
3.09727528180137 6.43162086364101 0.687055717681904
3.71741384689341 4.83383688899123 0.109875584807606
4.00046152600592 0.260704049278455 3.46891571111063
2.4049496316306 0.770806168419418 3.22314699533232
2.04730168033773 6.83257980852783 5.37247643280663
3.18614022397071 6.69723211695468 1.51010303457131
2.63955470113617 6.39855013417244 1.30632623352982
4.44105124671142 4.77908629429222 2.14460088559857
3.1028028760886 7.0032187839933 3.33946023466602
2.85959125023838 5.47930222129169 5.34802802509275
3.3840040628877 3.8353843268443 4.58829835003245
3.58048254220479 4.65136318101445 2.49403619942399
3.06182420240494 2.50799209423416 1.38096667104983
2.16262988262066 0.0913817529197303 2.54651967981457
2.290982136094 0.917980304461183 2.65200490300321
3.4465090092466 1.19471175105279 3.54972277455396
4.84126192935538 5.46515816931765 2.43288105813241
0.97627673484852 6.63839231358332 2.20704695467108
1.4793177002989 2.57693769406784 4.16751621310386
1.66423295407646 4.47697314399565 2.09123790325503
2.83294595857331 6.6755661675526 -0.461787134993106
2.76996891071931 1.40667697463193 3.67479925221876
1.5067265634545 3.38568022130241 2.99872061608699
2.68711771470301 1.43321877804901 3.79847682523178
4.0992259735193 4.79136174523887 -0.557155274832992
3.20374731348543 0.912998581513162 2.96537482591844
4.60029868412368 2.53308319705705 1.56911507809353
2.79553516047729 7.47649053819445 -0.236773420596969
2.95364851335216 0.158696837704959 1.87271772154037
2.77701356961927 3.98286836532662 1.43550200319163
3.18737982446842 1.81133663264257 3.98075746245263
2.20319088010152 5.55318027635097 3.43434838794521
4.80957991252217 5.35911785363923 5.77669758690006
4.18247451069672 0.936806827471495 3.25993756330692
2.00739519225529 2.34340087386706 3.96040707173844
2.45876687371555 1.2011916639186 2.29906568468612
2.82865906305744 3.50302194984203 0.983000409277221
3.09172592331416 7.21258774412422 5.45651747520586
3.815717025327 0.644909498851232 2.79474365960002
3.32099764614714 6.39070396272197 1.77848057690621
4.02175602495604 2.33915602168882 0.43736609876151
2.89135382160897 6.46429038402786 -0.729737959994392
2.51197906415369 4.45293451030577 0.461012583399038
2.98839123679754 5.71857931803434 1.61532125691837
3.27479325492062 5.71370281876256 -0.207385320620469
2.63715119504693 3.34526471711778 0.411500669015876
3.21305917998291 4.09413259191427 5.69710403719376
2.81218365682681 2.75634923823007 0.789217655353513
3.50925528160538 7.25652066826244 6.13320120351536
1.61564341905389 3.43910309948563 3.59076495079234
2.97261926310574 0.413423633586137 2.82949012235114
5.76485413165969 7.08829411565011 1.64880537733582
4.14818871121074 1.39544267688135 4.08994874867246
3.16810361159097 7.35084065007673 6.48946389667697
3.55455356205518 2.02551125118382 1.48653232775843
3.4595812267199 6.70029677159029 5.90213077583018
3.81247977381027 2.64055804968734 0.872914464591976
4.16413056260139 5.77708002899163 6.04086077662124
1.53156254576199 4.77271414714682 1.89272428796141
3.11908679714295 2.86896532576981 0.0529545917915912
3.49109879378366 0.632923929013763 3.71346803031926
2.5000919051841 6.48802927753979 4.66729915058823
3.6267752942523 6.00908987828404 3.06739988745469
4.15702291046411 5.90681756721626 6.12360345959635
3.79881191049482 6.18792331057946 6.08022880104879
3.01235924785875 5.5636795391739 1.87032816260367
3.50787556716568 7.48395361587147 3.92648341174107
2.96482480122748 2.96131037885292 -0.46114800841705
5.36575486802273 7.09550563605476 -0.0995084504332517
0.934359707776593 7.11051347461034 3.00129938442904
1.41250000899384 4.84970939000486 1.9614722658285
3.76946713031716 5.54010648632967 1.00442133079498
4.65996274419187 5.63970262333249 1.8315100874909
2.89083907995209 2.96624281166502 -0.022861546840963
1.93342036935323 4.69715155317491 0.331970883153577
3.023114568896 3.28132148271358 -0.544962739719718
3.8182609477798 1.16000796293573 3.82490836243017
1.66513097650366 3.27212003487741 3.79027576417762
5.05359611837866 0.964896036717669 3.36087000928246
2.30735921986583 1.95362114017556 4.37832193134867
3.33602411150446 5.87079988371469 0.0154325675296193
4.17024861013138 7.38712809843601 0.525636554195713
2.69866922344774 3.48188533034182 1.18722136568581
3.80924326247617 0.559400947881777 3.17183506283849
3.90807704283775 5.85958196661842 5.17617877787808
3.43404045777527 5.36865430013 0.489283583949314
1.46209372851783 2.07701354192569 4.21185469207144
3.31152715010761 6.84986753955129 5.54671509187519
3.44496894031914 4.88949022488698 2.04454131087173
3.23030828978287 0.698302246143969 2.3365409886536
4.04719216722375 2.9818524911947 2.57794862780471
2.58315109750563 5.47281529411937 5.2303057959927
2.44504604836277 4.35261022270282 0.240701102880531
0.886593259430766 7.22327444472359 3.03221920583038
3.53764784381061 7.28934850757956 5.38015543375046
2.99857579642454 1.33847803959557 4.08808068205191
3.06683561002327 4.74929281052118 5.5727604905539
3.28859720296442 3.20309916473661 -0.346637174580799
2.54481493141732 0.91213573708973 2.45162409187247
3.55813866606833 5.51457344115535 -0.53152301124284
1.69757632701416 1.24846315125407 3.09921745553974
2.35941845148099 4.87156239297595 1.37116724126719
1.44317961997171 0.767180781795452 2.02010319313884
4.12377486437546 0.262301655481893 2.60534780429216
3.85590242229727 4.05704368274717 5.73821925333194
2.7722116108038 1.26140549501339 3.21035104821667
3.21022737211151 6.15794399933097 0.29501176266615
2.97122201407037 6.95573070148825 1.55449867102167
1.77875777999144 7.48982072842987 4.86202685532781
3.097190623848 6.89383247393151 2.10147253531949
3.81333485642273 7.24240610235501 -0.17637798862464
1.94479967224868 1.10515232249291 2.92673630419889
2.80395243968972 7.00253070140643 0.0965849073813181
3.41436727726458 3.79000115943487 5.04768860732214
4.14539517549874 7.10864105588163 -0.039177035996884
2.51321867147479 5.04769933481062 4.68222673678304
3.52815583256502 5.37583283172306 0.0473111980381691
4.00954077837415 2.74452618942336 0.533381219732907
4.7192630750396 5.26893726122335 5.41785909824337
2.77918681284664 5.05422436968261 5.14006900373321
3.23345893728391 2.69218482107317 0.750006293946831
2.64549251398578 0.318849682997136 1.85699656261066
3.62614937886428 1.91209881586132 2.51114088776279
4.47962744464738 3.46433238064411 5.83669777353596
2.66936033692388 6.78317034931395 0.410047749905656
2.21568351411771 1.58665335226999 3.38481985256696
1.83582899742922 1.96955937614631 2.76167391689795
2.37475207995335 2.81069281306242 2.37254570089828
3.61144440153251 6.38391970816551 6.44423797274896
1.90809408568621 1.75486696223934 3.5457950263421
2.8640369413459 3.56394640892299 0.605992874774637
1.58002642149681 2.69998906603281 4.02521310276955
2.65708866631829 5.87415936032459 5.17886486393599
4.29721571813542 0.552982200468888 2.93883231271114
3.96713508820253 6.06383353419915 5.89067130251832
2.88755940837965 3.73732050034086 0.857853058061735
4.09901620722055 2.1915440392667 0.2623873387443
1.82386700774402 6.92781527879777 4.10851397418522
2.71394005954375 7.46824557580079 0.507440405606158
3.14818316358554 1.1877958403594 3.38599600363213
3.08809342606069 4.6230423235483 5.95255093637869
1.81006731371904 3.80756257443146 3.14151095422699
3.76001933160426 4.16392558665165 5.1917880002416
5.07784782430562 6.34825886971733 6.60940404913813
2.27654204413658 3.513793521307 0.0544070587398918
2.43561440293356 5.14528992245185 3.83326335871136
1.52129587056153 1.54068128981987 3.44806588996332
3.42948112726013 1.57054013580747 4.11315425209821
1.1326967797067 0.00580841591982928 1.7761887178608
3.80026298355453 7.42041491205319 -0.180920131662776
3.46781516134301 5.82147453826338 0.562722014705181
1.57638518517453 0.6732736672972 3.46751428584339
4.15808838683618 2.62257744390403 0.785678010904782
2.67989619757432 0.191017472796421 2.50605815551691
2.05987448955702 0.211328925790361 3.05160515399075
3.24530184405605 2.85860682304261 0.856452371023032
2.71946040321678 3.04729168158756 0.869544310340454
4.00017699961819 5.02641591646055 -0.232806569145515
1.63385357699959 3.06155291740994 3.33311808050773
2.48240409910265 5.89086077366208 5.52334072681488
6.26076873170849 3.79457334977724 5.38163620522949
1.17913467381303 5.5075056470678 3.35703939860468
3.40887705034929 1.14951238808552 3.98420157261891
4.48665854382178 6.09197931165256 -0.368713250857289
2.72809447637376 6.83163170653989 -0.390442816062361
4.49785472566121 0.357262148991653 2.05166763815714
3.28596323590628 0.854058446336431 3.016649638228
1.98307979231788 5.03541572396867 0.384264094785029
2.01366402852093 7.17352274206989 5.46669342946534
1.85091385618151 5.68086659630492 -0.298379149533018
3.79659971975042 1.55711599945479 3.45049543057351
3.32414821030765 7.27809472703546 5.15262926011901
2.61346209004639 4.36653547669983 1.51588083305841
2.05581464113353 1.12841197143967 3.29598914577986
2.09431573282859 6.00966256686955 3.46743850009138
3.32457350203432 7.3600435320861 6.30868708333321
2.12888376496662 2.50948259460621 3.72115878314234
4.13794416182237 1.50274849565872 4.06545283138731
2.8066489561793 5.54775812070711 5.91191654768974
3.68444726122911 6.09636235813853 4.92064240536962
4.84861123493793 7.21215773873048 6.53459342557629
2.60941263996428 7.39805502283643 0.113258453199446
3.49404158641068 5.21897195706885 0.214853289621499
3.29976799149853 6.00522480239597 -0.546614451872238
4.39837032211244 2.96246032908172 4.91812137400834
3.98051387477335 6.34883190097774 5.63413288856586
2.55143947156407 5.25752044217715 5.68552485702214
2.38847987674838 1.94895286670201 4.26362962465945
2.83359562043308 1.35556637450292 3.27110069736685
2.21311072215512 5.23263639092992 2.03020763859984
4.14852509522147 3.07775855438538 3.85661655403874
2.686886401932 5.04103835368541 4.5368393971204
1.27308822611854 4.1871164080818 3.18430539682118
1.8476321478263 6.58569085219806 3.59905559701236
3.77518521920523 0.990866075387505 3.59484702936142
2.72068309895206 6.88965847754209 -0.115614011758346
3.20456942266256 6.94402584388861 3.90164659262085
3.73574992915938 6.32012753266407 5.56792324039501
5.45185572145923 4.54906849048197 6.14373705876058
2.14669085801972 3.98766701014264 0.624164093085232
2.58073055115419 1.54409082559547 3.57946314670774
4.88835970845706 0.336033335299061 2.70316966832991
4.75885063420213 0.895929105722348 3.75615395330753
1.98473700101833 6.48871957325677 3.57062086989411
1.74828465015864 3.8112418843037 2.08536003144559
3.39167240643951 2.16420800552241 1.46415249703211
1.49446779336189 3.71132011323529 3.27582368110866
1.47629663779265 1.00637326879612 2.21944504298862
1.59530567035379 1.96905579135931 3.07758618257481
1.614862262334 7.1728420070495 1.934551905288
3.87422610990515 3.61557719966155 4.87414596938448
2.02850903656535 6.88558189528605 4.98051487614471
3.05626178004278 4.69362919384077 5.55430823802643
3.13019717033349 0.351173299476485 2.56054505287111
2.92478388979901 2.17519331347176 3.18110955263574
2.37458316296225 3.55646800311665 1.00921975238653
3.48153131920479 5.9582142364297 -0.0652435072876364
2.21702947708687 5.35053809403582 2.08168174148324
1.72810599082652 4.50790256157829 1.59567848120722
3.13438551754051 0.176669365120505 3.1492736264118
3.00247064664452 5.65900074137948 0.19342795989108
2.04697189136538 0.515957086519624 1.65522487996205
2.80306219447442 7.44217036105083 0.0786903121871562
2.8169318012702 7.38250653039473 -0.0635833296130238
3.80440087895825 3.92093800374884 5.57018340089708
2.45403625037825 6.5466870888807 4.72715585562055
2.45754928412176 1.10821291886954 3.1677125482187
2.75026299114821 6.37730490355982 1.55436696613872
1.75963949644625 6.39110265621339 1.33164870122028
2.64171307354962 0.918028072785797 2.39786502268678
3.46621402648299 1.92169947164561 1.92117004854332
3.18705557838864 1.6546641121738 3.45627251862638
2.8678355995926 4.5300167953904 5.02330125158762
3.24222305816802 2.44576329560582 1.76361232225853
3.04860186924415 2.48389088983022 1.00577148933016
2.49867514271207 4.20273677999558 0.381970801104808
3.85082938225397 6.91495964360229 1.67268229521482
3.91257419819822 2.31556809594207 0.456246941189072
0.734546442754738 4.19130317193907 3.25209511611111
4.30658224322002 0.187260214329078 1.1625918969652
3.26085134040219 5.39416307771436 0.494231186274776
2.77878820591771 6.99146828356009 -0.369411346180696
3.4262823384488 6.94492526839578 5.54099534945972
2.9033630057936 3.59323937776367 0.104366451010809
3.10397369751358 1.29532297404126 3.81929367995514
2.35546404742286 3.73360982769495 0.30314941478065
4.11030787341077 0.854103635502601 3.80286316753021
2.05361571948848 0.654749495902877 2.14464803545226
1.28244945276341 4.64122293550347 3.11009858772292
2.41477232285377 5.95544291882148 6.12540491530247
2.63778387729947 7.47351510247343 0.166955112178274
2.29719936709041 4.73745228547632 0.642802334320412
4.6948439376821 2.71874328107346 4.73833663091353
3.83637124321771 6.54798688692209 5.77277741950097
3.20576847714417 7.35646376815467 5.89477398810812
4.90508007737068 0.579995505928767 3.28676760026034
3.12330081141103 5.15416708824724 3.14721573535152
4.15859749967906 2.29016568422154 0.796599281909971
2.47960708380277 0.421914962616037 2.26680912241855
2.70573937719785 3.66526015693153 0.150362980504544
3.23464810029887 4.87311870427012 4.69042498661304
3.18587656229747 7.39460266996119 5.95015486086668
2.65003890032584 3.79093974357465 0.226357327552638
2.99885141499455 3.75555558310854 1.13204371445796
3.103225815917 4.09520968503228 3.95087798837545
2.58319488315056 5.37833169820668 5.48868728380286
2.83322542410306 4.06418935854706 1.80371931974106
4.78246761827175 3.22968806963341 4.31647442064067
2.15429229851363 6.48881698945738 4.42373857510986
2.33621334266856 4.6039292590687 0.130994226325985
2.92334981136719 6.83232433420655 0.978555668678292
2.5283813571105 1.2974964488535 3.48098340244965
0.996435783014181 4.46144740839443 4.0429209643797
2.62726334935398 7.19079736413507 -0.384822976000518
3.34619033368143 7.4494776251338 5.80256714664439
2.06952825795894 0.416284988352693 3.72316499464526
2.57191729810542 0.685301776627295 3.1130162977308
2.55285582983082 5.46721787941506 5.0967473202702
3.91610581376567 6.4858753836148 5.58517079036458
2.58345667046709 2.23082020076991 4.54840404686878
3.73690951701033 6.75526229795579 5.67087204214011
3.19763153107912 0.060517747151386 2.94978438699557
2.55038188892114 4.88996659856316 3.34647519194897
3.35891720621386 2.79932917199085 1.01631232630765
2.52870980063959 2.10231151700663 3.78283085004141
1.02962556824077 6.7872177177394 1.87091231894576
4.135620504969 2.63810066375146 1.24674479028613
1.50467584977258 1.69492576810422 3.77562833997679
1.39341721911456 4.15397935519643 3.29367741882371
3.69891341105477 4.12713664912588 5.83506548931452
3.89952013610087 4.52598769416564 0.664967697629304
2.81553899232376 2.0546342947998 3.1763621530396
2.48801945832937 3.71047305681124 0.212646449509305
1.81468074103625 6.43413442559674 0.795299129146376
3.73527020403254 2.07343495786983 -0.161156477931821
2.25386231949271 4.04137872508577 0.345792535771494
3.15204800910769 4.34491360024654 5.56753882096092
2.21096609512865 4.27498480932639 1.21637418431127
3.66166727907107 0.013164126661434 2.92970974475034
2.90545397598042 5.40219221423186 5.20747125277263
3.62543111665222 6.13828921988273 6.53529343216905
3.17010875067042 7.49331953942527 6.90087131275958
2.47204362513496 6.45338506437361 4.68739038760189
3.13387269646462 6.6380101402774 -0.171535697385191
2.43388558389667 6.06362421803649 5.92734321159727
3.78310496918408 7.45724890961733 0.139484141507729
3.53707742680941 5.77968929615463 0.0180971191825457
3.6419195988094 6.43682458082523 5.7980214266642
3.95536683619537 5.1282065480418 -0.190401551932827
2.20981320771756 5.315648805033 1.31991490041198
1.55637353033753 0.684295135286493 2.03465191422856
4.45703890800708 0.220279336093941 1.93598777713979
2.61853009619617 1.30120626863136 3.01116367671763
2.87414607493924 3.68088650157461 1.15646963782456
4.07062017088101 0.510074385777362 2.7176465143211
4.29842348637525 7.47972934870408 5.05042088315763
2.57175720267303 1.40303600241512 3.32625959924236
2.82892145447835 2.50609439509307 2.89987287221071
3.50820610530886 7.15836995749673 6.14915314452909
3.66274656399705 7.40798278191912 -0.105648584457872
2.66175752605084 2.12992144158596 2.94719180780365
1.52577219943309 1.24339321984136 2.49693488353037
1.48490382722931 5.30817901913846 1.40353914296062
3.00458287505767 1.36414882699977 4.25661662207002
1.3250256816274 1.90448886899564 4.30498440686069
1.8160749431425 2.07062672574419 4.28675408718627
3.38918712749149 6.17548060563794 -0.142739931869103
1.56821523944488 3.7711215250495 3.24433864747844
3.54515632210574 5.92111504989742 0.0405771673395244
0.988610704768386 6.1138300675832 3.66077286468706
2.40285808325552 5.44197267034355 5.22265346172633
2.28387462663734 6.50218267938986 5.6944544785792
2.49450621609234 5.40468108820207 4.84425521693896
3.26291456484088 1.82741219958477 3.87850850915135
3.99162811017031 4.97858608490566 -0.619289012233733
3.77905225381664 1.14860083555946 4.20706138573331
3.44069823572162 7.13660073297648 5.24279243456125
4.8399024372775 3.26170727227959 5.58489275633426
4.67200380410282 6.41492989065002 0.00971561049797
2.29311925883775 7.3169850954706 2.82908652427497
2.16882489029896 4.71680433427814 0.175890356246364
3.58694408352465 7.41771676748269 1.10563400961971
2.74941278986563 5.68228932084689 4.4642151223225
1.18092551197923 2.63743493521654 4.25235997612627
2.14677076397925 1.53616826585299 3.57038126294204
1.96609505727971 4.41110817655252 1.12878591707127
4.38462972902896 1.75521829909581 1.01839798844195
3.2254480005914 1.86833966671304 3.41250050609491
3.19313784069494 2.61170453891228 0.539579117727683
2.03215765547279 1.51115457682841 3.15164389541476
2.48242096496181 3.04459440502998 0.328641749699331
2.89022771582389 0.544562253301413 2.82142272199974
3.70531837092179 2.80453840250139 0.168063573646577
2.08185793621337 2.51184444730642 3.72263345942512
3.56044795540641 0.211709833896185 1.56564189306094
4.67310746375819 2.96983432137465 5.64389761553864
3.18325613374649 0.605884609310702 2.08006198086181
2.52361269466856 2.64437505225675 2.24661750938317
1.29641371344085 2.0599911790154 3.24245877296884
2.81933291189144 3.57862036930111 -0.343616945441656
2.77211647161306 4.20630767476447 1.13956889547067
2.60107025810813 1.93667549781903 3.7916894389945
3.56379568353985 2.46998485958067 0.168840508480756
3.78505709540733 0.938450799311775 2.83662005243316
5.18570840621119 6.41705308464973 5.7263544197138
2.73643874917184 1.38626611166604 3.5871059574391
1.59205483784673 7.2550580320177 1.15326780880241
4.36713071623574 3.02743192489304 4.72567194368337
0.615990221987859 3.99009024082496 2.0040504961782
2.39977845008768 1.59093694865021 3.78845203772698
5.03416231063991 5.23735712864686 3.4809356050183
3.60954277841015 1.99332508552227 1.45684555596461
2.65880856392134 2.2033791928284 2.66065882236153
4.34769411464925 5.49933604262291 6.29437818125069
3.86918403499998 7.28671856916846 -0.53865294414478
2.32975681947222 3.06236388706072 2.3704252933172
3.31269687864251 3.25509935624877 0.896601295163084
3.83382958284121 0.102946548957461 1.19150931559283
1.94078756116874 3.23174215328588 3.07155701227051
2.99472878212026 0.636088368290091 2.44526200572056
3.12139199195452 3.6376874224461 2.00515264388729
3.60455869019357 4.10811370808206 5.56280424873571
1.97842267197585 2.35481406260226 5.05573346957422
3.95584331219775 2.43524113669643 0.243964736582979
0.635739462644322 3.23215973088099 3.64632781733748
2.37820568672188 5.94766976935966 5.47284750055993
1.61313945252708 1.54719288122513 2.85415150800637
3.90818495848384 6.08179154229283 6.48208232665138
3.94483533472976 3.17775047171954 4.09899117324598
1.59478406834005 6.67355982170488 0.478884307090624
1.36708081840434 6.53560268621719 0.478169760361519
2.07649538158951 0.111909334775015 2.78640603853552
3.46018869654202 6.58229539142098 6.24308809746555
0.408892283101642 3.44156925983671 1.83422268791992
4.82033249942195 5.74829168351487 0.540847694547525
3.02080520258636 3.45898878688277 0.674130308139141
3.82078625475056 4.24160959472356 3.8907998141104
1.72268745432496 3.8636893642409 2.90923996494888
3.27644844562966 4.78356427628537 5.16907409950701
3.45745574989676 0.722921689692562 2.33567516507052
4.12452328962428 2.47676493701081 1.55509427358767
4.0895416420116 7.46101872797199 0.188285015119461
2.62815184249458 2.45063493797292 3.37916565400615
3.37360707069636 6.67476816128952 6.02318576339928
2.94366099151929 2.03517757311452 3.84483024869864
2.14358490224374 4.83735944296495 0.468534685043385
3.51420997674932 1.17024527210711 3.48684475253092
2.27797935436115 3.08534605081411 1.81404758241396
3.08977805792953 2.49800044046405 0.815129603098238
2.25045932649223 2.53056431718969 4.52796949242852
2.14416069787348 6.29614846329079 5.87437644329993
2.68664750513788 2.25756966169551 3.80051069108803
3.45450112691585 4.67454818766841 4.07153260097277
3.17536229944828 6.02126716310694 0.171326683203649
4.06449024545959 7.48126557856826 0.345500882150267
3.51671070054668 0.62595491389979 2.92833583736298
3.32492435755495 0.882156838676118 2.55887184570835
1.8614423105734 6.81211756618558 4.92314920118398
4.01345188356989 4.60077629121353 -0.0852225667348743
2.6533719903344 6.51902451479618 0.521990457777038
3.00281246275358 1.07151543468494 2.99977305501813
2.06680115002013 3.0695760439743 3.4094913357784
2.98116397322355 0.565885151797364 2.73128917006355
1.21943243557122 2.23899150450227 2.83459201859233
3.73634456743255 4.86212151735642 -0.412818203518997
2.76365049698618 1.68076346096248 3.41172477767264
3.3155010124687 1.2678980532763 4.15283867196579
2.28687396098566 3.3298695920459 2.50625759584539
3.18248214255711 5.37755214669903 0.716146433971701
2.9936457282519 5.77038114356715 0.869966290883234
4.38663440303119 0.585324168796492 2.99440107149313
3.34479182527035 5.34127564532473 0.923400680937726
3.12316084417334 4.16436101343015 4.75214367078397
1.89260796771214 3.93492950914766 1.57099426503889
1.57730915987169 3.98400725530476 3.38285942160032
4.30405823269103 3.01887071815261 4.50178412755552
2.726120087256 0.664811398473627 2.55431873888338
1.69360117083742 1.23505031510375 1.99548343064401
2.03776416244168 5.89282253165265 3.18917064418876
4.24664211409104 5.4304445588182 5.63680517063928
1.26844689357152 2.17828387019835 3.17629741766797
2.98325532578037 4.95226729438679 6.12847298304047
1.71624535218446 6.64034188648358 1.68118789841989
3.64976931168352 6.90123459733162 5.77465582049271
1.6759254549562 3.16192788166437 5.01416708686664
3.94070916046254 6.30139952090082 6.60973099849279
2.71808016064117 1.12547543477727 2.78807344353751
2.93953951721495 4.2564432387718 3.47792472732469
3.51350727443143 3.30931733564287 1.87441473114817
1.5769528697107 6.56875752957891 -0.105413495934137
1.92323341092927 4.85466903723386 -0.156970499854815
2.79631100165236 3.26042037925924 0.243792400050699
4.69110959726788 2.56684843725718 2.70610270474382
4.49797542337435 3.80368880731578 1.64201458321351
4.27922463902113 0.052228646896876 1.78115477858865
1.4546039653856 5.07974989067765 1.48133789080002
2.85746112706726 6.9169431572052 0.531393026465448
4.30189967255056 3.21451270613289 5.67308107203127
4.22206178711668 4.5722417995406 -0.231142227644829
4.64401115250482 4.79633115245977 4.30172111019945
2.98407309246441 7.2005163031161 1.37509401548909
3.11993960514196 3.56542441266746 0.747561678528735
2.1587312934789 0.479528436081404 2.53415720425479
4.77103905121781 4.84444312304262 5.25757280048205
2.44986129064337 0.687872148815918 2.53312445341182
1.36140471312744 4.29772809885678 3.19266311246856
1.59334577920061 7.00546505933903 1.05769970969768
3.87762616565108 5.71795281179775 3.33246493198642
1.31426057696016 4.20638821662218 3.55391674443187
2.57472728812509 1.85301085679387 3.9758563484192
3.09456419108795 0.33058253844014 3.12232775309293
1.92298551855551 3.84225916676547 1.58050277058811
3.18422590033047 3.0572764960179 0.784462902103271
2.17001778637679 1.87605285247459 3.4622926360346
3.38754939709094 0.917211900891937 3.00725274757066
1.0765311387903 6.64024183089016 1.62232664652555
3.61158452699287 6.4001098236841 5.24163123215162
4.68049001179209 2.91794453906739 5.75541147430707
1.15997570659232 6.89607597079482 0.843422444493078
3.04794432868084 2.04346542141241 3.26539608817022
3.10056490642329 2.18609216921832 2.33256933245932
1.79567485462327 1.53211116955901 2.01099388391152
4.58135067725602 6.21438116862884 -0.411990685655818
3.08635415440435 0.507734158556024 3.27567997024293
3.55020517504068 2.22992707826243 2.26251670796949
1.43034710659703 1.5265683780891 2.8456255567598
4.83286229371399 4.77856258203491 5.4301872721064
0.692436705204924 4.98545766361225 2.32309772560048
3.54888983081997 1.50377682718721 4.17708345258471
2.53705231435781 3.04392137921919 1.03606500539939
2.94922567954534 4.3656734320688 5.51713459955247
0.818956309082453 6.17308460481012 4.84042400135763
2.81479982028363 1.57755280652755 4.62375407258143
2.79773378869972 0.947053920248646 3.5917976191955
3.0585958994694 3.40901685429067 1.00515572938288
3.90876013286321 0.228799221736788 2.78733045046703
3.3667558765838 7.07290653951571 5.3600726947869
3.15775298124412 6.81884082239976 1.87153758690884
2.76188660255174 1.31340264309973 3.98539661831373
3.9545684967915 5.46061853776478 2.29853017341213
3.23302451660719 0.888729073107195 3.22231327940555
2.67696428245568 5.58428211022056 5.19152554901803
3.14691885643316 3.5003466623679 1.07529216371832
2.30735965145348 2.95822621338004 2.50461682448133
2.9361385347563 5.01336924925802 6.10115666645813
2.24014272393616 0.884833246655095 2.40103198120508
1.70847375540398 2.66643275604972 4.42121585261059
3.29302798197152 4.63105364351524 5.58777561133486
2.75107625375473 3.8606338409849 0.962498392198667
3.35236379832801 0.884188176958109 3.08523468682588
3.26525963253916 2.56403301685134 0.468245858462578
2.47541289000237 3.47095565181954 1.33718646657768
2.82325202684325 5.23080272159649 5.85161192705007
2.43072101942992 5.34228977170541 4.36712039007793
1.72546432975611 6.39262504480199 0.186504409521453
2.69639635660238 0.00779561217686453 3.11182978205358
3.16881103893707 1.97567959356797 2.81748129054839
2.98407797850006 3.99609671237987 2.26217480197222
2.43137435739212 3.90502290340796 0.859294258908286
1.12277310241376 3.37665333784938 3.77902744216458
2.76593355045095 6.03626739339537 2.36407749178355
3.97102005847917 6.29953101763684 5.73147840691952
4.78844297316559 4.82461312706766 6.6927836305141
1.79757168397816 3.61239795525065 3.17910001978005
2.57808926039227 4.965405171574 4.20930349902295
2.11520853019045 1.42175184179199 3.29367782902059
2.74564447006353 2.64077231653743 1.7970092563656
2.09528454057335 2.75522855778008 3.88255490353991
4.08451215321993 0.390326314584004 2.36630016376247
3.88439351449843 3.75292653428488 5.3152335887235
2.94343293778277 6.71703803929909 0.705444640217085
3.62334054581541 7.3093158557407 2.10332471386953
2.08867216273966 5.59676358197114 2.30617363905639
1.50084765984223 5.60818230601762 0.758379709031877
3.79959144462071 7.45219460687164 -1.47860056577864
3.05048404595007 1.93070250349121 3.11650834736324
3.41702574420242 2.52319070419411 -0.672222098790731
4.95543603574357 4.32946675403153 1.29090812973745
3.0432774466479 1.05032378140403 2.69846793762812
3.27692634732302 3.55884999453848 1.45515109090477
1.69066997698242 0.275825189559772 2.60741346148879
2.83589461998685 0.792166595278665 3.38308563229225
2.36874889960107 4.13012964443525 0.618597528479641
2.94370193168177 5.49270966663893 3.90831651689162
2.55052461995692 1.83446279636341 2.72229322219283
2.73320298170858 4.60830923845655 4.01064316122077
4.02446532301982 1.04953978239507 3.52778771311325
2.68586872847496 4.73968419944926 4.46125146901488
2.63220033729687 5.40467679833 5.66605439269572
0.880798537252632 5.1586405549001 3.53370382479689
1.32887128634856 5.42014625464816 1.71882189001099
0.789625614795113 5.07587475462885 3.0093594962497
3.0632683111976 6.62855910751449 0.848738532769946
3.16280154917333 6.31402700788066 0.383506110748835
3.88214935172813 7.34438616487478 0.126129742576246
2.33851498081826 4.68463715013322 0.92194397120313
0.701725713794452 6.578439928679 4.14991798766852
3.65970104904111 0.557327797609723 2.60767527074622
2.3604824935065 0.437804740902575 3.63780700267514
3.98666871847096 3.50189279177477 5.69064755239708
2.01155657952983 0.783262140769938 1.64896124021772
3.42320440565243 2.92068478383674 0.140336580366308
4.11655875623662 6.06915964269734 5.66399199212306
3.99961682897152 3.33236838060758 5.20419353657658
3.93025652628301 6.73603766739712 1.2647248607681
3.50702776651049 1.6416235240197 3.01944313005877
3.33171158155174 6.67350378394199 5.08878020476212
4.5475343347594 4.21061935148201 -0.118143529184454
1.84894942570358 4.02618288650759 1.09125905450004
1.52626967903631 4.99198412941771 1.38477706781059
3.14586746990007 5.88361334219698 1.34031636951071
3.11976105812049 7.14374939664803 6.07692414125956
2.33189156506125 0.314840681834987 1.9019817340515
2.93355490498958 3.32016417547545 0.353948368669824
3.78476662184454 5.54807958907872 0.225313348086368
2.44219515157006 5.29836937996782 4.48847673399967
2.08401005493364 5.93192566165809 2.99805934667941
3.35191081734361 0.0556628514634223 2.05891300750756
3.26807669513113 7.09030987329326 6.79027827650318
2.38024223336922 7.00468108977555 2.46336873509567
2.96693718815825 1.4825799657034 3.47472753541789
3.71792649166368 0.986300544441403 3.29395814989857
3.07348376125399 6.58083686958826 -0.634061476464602
2.13169435232515 5.0559494612563 0.538537788049647
3.89567680956287 0.240838260423687 1.93795173434927
2.62154075729232 4.96056523191382 3.85697215249278
1.87377395241004 0.746752854175692 2.60469993530184
2.83269320366373 5.12900866871446 6.3083792021179
2.75110757339213 4.12832617325785 0.723034208336796
1.93015171929107 5.63542771573331 0.570927380660982
1.27246912805735 0.807300544479247 2.61737437927385
2.70072544331403 5.65267448092544 5.45665501191778
4.4222871489101 7.06589803697574 0.723919653385839
2.19188377938416 7.15234639437218 5.25300966273056
2.09542466577471 0.636491441440217 1.79417944645047
3.08689376836168 0.362183379886299 3.01831692239639
1.02391857681041 5.54155798367706 2.8753579804703
3.8696613247326 3.10108918379558 2.87210491060654
2.20942960273407 1.16660170898117 2.6557389146826
3.1840717564512 3.47563306200282 1.29603964679208
2.91302569875766 3.18628510502119 -0.324021170541741
3.12534310068146 6.73688390291146 0.506795602155644
1.80316542388007 3.93418947377898 0.941850505081575
4.78789985482054 4.29125092489874 -0.933573385616274
3.86475325396434 2.27988449309293 0.720722071010353
2.06857192638302 6.60616156010133 5.34467995156186
3.09830267160467 7.46306452994817 5.89487522640303
3.58213051567894 3.78609839542919 5.49508349080167
4.2186535610461 3.54736269723397 5.34407570413801
2.73204465639616 6.93950781582126 0.295540471006106
4.07431562904255 5.77851416163297 6.52786268245348
2.5652582320704 1.68844242974241 3.44577522405525
2.73308066666178 5.05244610043109 5.98577086059396
1.35761107482224 2.53932613403886 3.65751966870917
1.09126575885949 3.65757574841953 4.74972577383269
1.86824551269355 2.3243808117673 3.34858193365786
2.33580206501766 0.0893641104897869 2.57128941638796
1.30816232800056 2.29067990505004 2.91203049918961
2.79638003335581 2.97628359135131 0.774598365862422
1.33614954797226 3.82812529298936 3.89745073839314
3.88661304191999 5.22634031327185 0.495835757555378
4.12928905399935 2.88106347129617 2.18222758852993
2.37901078583954 2.02634782183364 3.50421332372296
4.54221539422261 3.62933907018176 2.52365090432723
3.41637717975258 5.41760717900568 -0.514157427686141
3.02831893673213 6.61006424071918 0.271154456539383
2.77929384625845 4.36693895465892 2.83263327277919
4.58593953912031 2.8440184606817 5.58869931533606
3.20789258476163 0.563794830279204 3.1697853461844
2.05546573026637 6.30945819522389 6.03223947820872
3.11687811624085 0.268448429630902 2.63623159298801
2.84015481365287 4.65630452316635 5.2911401932414
2.39265711198448 6.11627954501514 5.66231932109997
3.80471558270267 6.84076263805242 4.94639022506315
2.11387648962218 4.20352897136948 -1.21416648355337
3.45361200603579 1.57407114330691 4.64013678257937
2.58453238133736 6.08471624180052 5.50192319579906
3.12831470456294 5.07372537758217 4.80205928124856
3.6248015082754 1.91292122939634 2.06380374343082
4.52383118774169 1.06547277881935 3.3869858801175
2.05281423357135 1.9065013103659 5.02900526003386
3.06838925285391 1.69173139967516 3.86562872387954
3.99094333482497 5.98863171183043 6.49011239571608
2.56557362474848 1.41101852821488 3.4821239690649
3.61445441400015 3.84842928510608 5.80947675988074
2.57232621764078 0.95041625250991 2.89671802862273
3.6453387402474 7.46106019138839 -0.637872408611553
2.91371366248927 6.41612561503876 -0.0950374106636711
3.23066610849766 1.28453761819634 3.06372191925494
2.98775158840907 2.52790856395306 1.73378064185367
3.17252129512904 2.30176781318791 2.18131474204911
1.50469119075123 4.70707673634447 2.28999270374561
4.06074047763084 4.492638133449 -0.314708158934596
3.0674345565592 0.00522775260454367 2.11294259242217
2.64287120227603 7.06213475169092 0.767148154576587
4.11847289278814 0.0537104154701291 3.01801079199061
3.8416643002829 7.05904714299431 0.416804664602687
4.45309661788183 3.92436821518562 0.00372867791629217
2.56087956876813 2.37917693906767 3.37505044483919
2.72577074616752 5.39548489966565 5.01786719797105
1.95038226912004 0.555678759025215 2.41374808946772
3.41835978711553 7.15453613753354 5.41008412818638
3.24343743110092 1.92800561353258 3.66487917402799
1.20615272162095 1.71457081337669 2.33882622405164
3.50284155903544 1.38465880078459 3.60572526177296
4.24766050733685 5.51325379681464 6.00525407334781
2.75477396884488 3.14224097496358 0.724347516553885
2.79573227331943 4.98732247842694 5.07754703178263
2.43466785232796 1.21090093740898 3.10170106266803
4.00615920429141 4.8212903353942 -1.14053597719582
4.44667172391531 1.96761305902915 1.44303636945791
4.60571174776065 5.92996223158421 0.542981158311191
0.906404562646941 6.81087374871869 3.26506518982922
3.00742067970296 1.3518873723332 3.69812198401111
2.1492882121604 3.40035911833435 2.35582535656507
3.6779470779427 7.03174343057855 5.6206356582713
1.88200179103978 3.1166073486899 4.0077340180273
2.70807164437536 3.67210778737659 0.978595596784522
4.70534544794811 7.08052514216619 5.72443089268259
2.71468251824454 2.36203320196753 2.52630007019041
3.34964613851461 0.264189555925553 2.04939505683671
3.58314474922757 3.52698956056015 3.77069819871047
5.20248610080922 2.95785504550866 5.55437805033506
3.04989979287331 4.77201849691756 5.78358114155193
3.7206808523369 4.61041512224159 1.34577059755172
3.23432157185573 5.20366716570333 2.3236932349302
2.63003004579966 5.7134310881018 5.57737353105513
3.5305825286747 6.74903728494601 6.04397838389779
2.9152362601351 1.60857225055489 4.05392012443227
3.24483022503327 0.126204516817513 2.48427492592289
3.61394938600418 5.91384189974087 1.60168607831627
2.66854717008045 6.40132179372586 1.81290968862869
4.95495576251041 5.45355367587047 0.817095631290179
3.3106538541303 5.00619565753197 1.50640716246191
0.841648833520842 3.89518544814265 3.96412179811168
4.07479341804808 1.6531067980175 1.87531821043822
2.55551456567546 2.68011198333942 1.840455450855
3.42091193027685 1.26103454178984 4.07753029141873
2.74146928455969 1.13815486464197 3.88961836175184
4.58041129464419 3.97605593205421 -0.0752415935459836
3.08568486534829 2.26443535262482 1.34601217084606
2.74148603800524 0.908673588018338 3.00930247808018
3.6610776017358 2.71906508154726 -0.00478414441483582
2.9576966649629 5.94093783008159 -0.23292769635607
2.81596320112078 1.79312140845673 2.75898598299037
2.1773277734565 4.1120020242284 0.597289884695094
2.92754141647545 0.439209716619085 2.61654514961094
3.61770456378487 4.75492763275694 1.98302551007066
2.2543683860895 3.99480979301482 0.650099161156756
3.14438804041861 3.89361325758759 3.62643852013152
3.20266175751516 5.16700135342191 3.20846564183415
3.63596495600916 1.5314139246116 4.59243558098347
4.14513453526815 1.55424688333862 3.92775860586157
3.6165629057971 0.486407830018734 2.37148687754894
2.42439502037468 0.885382402519379 2.70560754998927
2.87557272018766 5.45937018165676 4.8920397890208
1.5748077458404 7.31482000803781 1.04863335291843
2.2045192037783 2.27698219291627 3.56916437650264
3.56866349696726 5.261554863036 0.0652367433425052
2.93771477033203 6.89685956171256 -0.294257758619893
2.97424953784946 1.51076679558805 3.44012492820828
3.63104915037558 3.7319054570111 5.4458020519349
2.34518628061876 4.35452705954524 0.658113491248226
2.58695560848434 0.587003147955809 2.51876854724287
3.48865904663449 5.8633769830942 -0.952979193692141
2.03635688183687 1.07555241918425 3.01159932295235
4.02503520249287 6.06507587100563 6.83527988718135
4.37300866245876 2.40430399918561 0.667192145996084
3.20143113567628 0.305461877407139 3.02762872461249
2.78841352274045 4.46467815015725 4.00034706714494
4.33156002828636 3.60770327982312 5.68702765206245
3.32480497515254 2.21695714143373 1.71523234670489
4.13461824226712 2.96322532525945 2.96162853457857
3.32219677006956 0.521462989359767 2.75831566384332
3.61267918207778 3.70582307193477 5.36003310218076
2.52318326247778 7.22185647681944 0.655877938411315
2.57741718616199 1.70763137960529 3.60331837464222
0.416085690675527 4.13477118321732 2.50195546646022
2.93569892921779 6.33413211891647 0.0221934140681882
2.31165197452119 0.348649625014689 2.3932103613763
2.21181040972603 1.82563851292855 3.26970157228207
5.04674583330521 4.42299844526412 4.56575435921981
3.56453883301556 0.764756302780325 1.96624033906431
3.16768770182478 3.77589950508272 2.17518826816019
2.23737978538197 3.58105665064744 0.859220224825007
4.18163832331483 5.38152258981096 6.15152826449577
3.09221787234062 4.55471990953588 4.49800428929282
1.92672256546379 3.3587477459293 2.76568659179263
4.95080331463727 0.470790735631575 2.69362921016399
3.90218906033927 3.77971676609105 6.21612396605248
1.02729501315887 5.84312835880518 3.21236429720887
2.88108784032756 1.61006088804626 3.14088629874998
2.2220314696154 2.4053219748636 3.40236409388359
3.88593564612177 1.11319680461969 3.66984587696408
4.64842780817565 4.0924129674553 -0.353127990591691
3.39593024247585 1.1295357020515 3.84534753967644
3.57945397938539 1.6521415735321 3.25191429313957
2.3656847125767 3.05216430662968 1.50515512713411
2.86403088981267 5.22492356170245 5.85749712911826
1.82442616780051 3.26742236487168 3.63995597623977
3.59495095311338 0.799555774543284 4.13890868244043
2.95762433224443 3.15167034385645 0.464436937520083
4.01852181368059 4.74509276288776 -0.326911335232855
1.21750495655482 7.12443574228379 0.693534400771271
2.04848123846578 5.3894837108451 0.846461942774521
2.38408509000264 3.01603273239568 1.75326827285012
3.23082822647512 5.42493180595131 1.4403975225737
0.571093868672367 3.69621797963397 2.68824620559755
2.05126858186564 3.61486285526597 1.16592029876575
3.52807737528654 2.55988612269004 0.220393154709375
4.85908128335137 3.57739395121792 1.57432850424494
2.49789561333051 6.49473384674232 3.85497098059303
1.8891389338731 4.12217163552953 0.883831182772285
2.13317626297446 3.9274043285326 0.708866078330296
1.52057470814617 6.70464494551572 -0.168477907366623
3.77226325350902 4.86513059110926 -0.547012070745453
2.18587331061208 6.40395813929532 5.99584906079407
3.85484354484506 5.37887181441479 -0.0601267747920416
2.72886185261663 6.8693603438592 0.0814901987170803
3.79604183286591 5.81447607495448 4.47988227268867
2.49543448153425 1.32399302880973 3.70152876254199
3.13900558711341 6.18858474270386 0.0743188570777081
2.29831929362314 1.08099470060727 3.16611606798319
2.59775174540609 2.88458402963215 1.12823057551639
2.97582093761222 5.47590340114902 3.62564470631286
3.42798610689796 2.86645571092812 0.524218316799526
2.7622755994048 4.06731124054353 1.79935145898954
0.397365538507897 4.11812308411466 2.43619891466074
3.15267196928941 3.29525135664042 0.0665407483646198
2.39035811109067 2.84767282540145 2.31960626083479
2.52200352754377 2.28703261740914 4.82160658306292
2.93804785317743 1.65964186558535 4.1075821555605
2.96401150693724 6.1932275112287 -0.0205901761564849
3.54602199620028 4.06724709940394 6.58419335492755
4.5353454417403 0.665045885327548 2.8134514627015
1.43282286211281 2.01735211978967 3.62723140510054
2.53136773356824 0.430443375070074 3.42527825034655
2.14991334960656 3.48246991660754 1.61956078341874
3.48448357811118 1.47750769317196 4.56219477885616
2.56268468737632 4.68199269149494 3.36356652185211
3.29727586705891 1.12532747801091 3.20492047932599
2.37966188577816 2.31950471906357 3.1981695901429
2.86886972804595 0.681601464093032 2.22497378805542
2.42297663426324 2.22233073867802 4.23146337969339
1.01198032393735 7.0836663775326 1.76994350511444
2.18762744897853 0.378720442445125 3.39367462404499
4.81922472614426 5.99538102933068 0.063634036058947
1.61752471616748 4.40205510988789 1.98385621690988
2.58439975428636 3.74185037094616 0.269839640422175
2.76973779890955 6.7846939102583 0.0689945507572347
3.61102159261829 1.07474090992631 3.38505980295559
3.11748467000685 6.61985528287761 1.14359945761202
2.04023557762055 3.89973931982904 1.37081797000082
2.39780387388317 4.72321403587553 1.20017136348877
4.74323237722653 7.41055673481737 5.98567834030658
2.08430563650853 7.17799311273465 5.19374017567823
3.20598399695919 1.52298201327734 3.78243061493897
4.02616205848003 7.09909757241014 0.678669755228327
2.72431137758614 0.160529423205253 2.17911650850813
4.89254837321035 0.164547910362929 2.87388018925061
1.74380894598252 0.622524829055458 2.7664583941717
1.03456481894151 2.76122933313079 3.08082496074451
3.5145850815849 0.259975762552163 2.13094558508775
4.28030352470164 3.44757413273493 5.19692224100728
1.78654810847036 2.23836326398894 4.00780777160507
4.60815359053348 5.60635652691448 4.68682044995181
2.44845323020026 6.57195121155659 4.69903671897512
2.35124396539902 4.91433684381268 1.23346340487461
4.52969284353965 5.20088201096804 6.58932008615692
3.84108143360489 7.38895993645811 -0.218333039972727
4.65217059574206 5.35038727997407 6.0421886922889
3.04075969526235 0.523285450814226 2.32853778962028
1.116130895833 6.7649506684073 1.66489509573674
2.95341980363145 6.45990085291535 -0.00123860829002994
3.44601147433393 7.00588920075622 6.87426249487338
2.35420241672522 4.71160956082084 0.408612879976629
3.07879974962992 6.6256559360075 0.11254534947441
1.99006552238432 1.52724713247907 3.08537226466295
4.36478359191162 2.07839727233246 0.678757390562206
1.05136335057798 4.44326094234486 4.06560694206155
2.00997684454078 7.3394348585425 5.99429440975555
4.08405698372373 6.93879990674221 -0.0221443359423617
2.29218744208867 4.54598870249991 -0.335517691829266
1.83847393468158 4.29909883086385 0.41908019888203
4.43004408871154 3.22561881535403 6.08826253668673
3.78736896076374 6.14082292089647 5.35904952333928
3.07246160366477 6.62881882732768 -0.392507978454157
2.37249810180225 4.06879968492681 1.06788191929449
2.00589257895626 1.98125947456059 3.62196653705892
2.82819069337185 6.97024830573002 -0.529393876826481
2.41297954139372 2.26880299228566 3.56275875167592
3.75043386853346 5.29899029428836 -0.730075152756585
3.40679364139506 7.46466499574959 5.78188241080073
4.73243639611088 2.14668145635563 -0.218151560679997
2.28119557164052 1.23907895707525 2.1415957273391
1.93940976943815 5.33237738627297 0.992347781750518
3.13779216778035 5.46865831246924 0.991869611091919
2.1510047401919 6.09120637086244 4.28621462964564
3.60675294138021 4.28737289692555 6.19558059404127
2.69072479704435 1.37211571938997 4.29618333060325
4.96748339393236 2.83171847397379 5.5872188434765
4.12706047743068 2.47653709216954 0.554530306238554
4.70741381149667 3.04727135643181 6.03522926081262
1.47657857372762 7.00941657467777 0.591426703748662
3.73705472112251 2.60921565926421 0.920885167935
4.94028965438106 6.1197418441222 -0.28997170563648
3.23876260459663 6.99235999619414 5.42293634213322
2.91543725876071 0.645949283139601 1.52069451251909
3.35049884297238 0.719402825048756 3.5217263259204
1.71668220504041 2.86457013445383 3.88037416645196
4.20625905239225 6.07856640605197 4.92433854699973
3.00436516850221 0.383288368404485 2.38609171348242
1.96885046745768 4.59015109397927 0.397793264666047
3.68751135981609 3.48948949054887 3.89819780954945
1.82958818847072 5.83529603988036 0.314816310115916
3.50055476201184 6.64123083059663 5.82868576451997
2.88173421000911 1.87168130682104 3.69579647592581
4.53237387940648 1.87518165830769 0.658152250435011
1.8011266172229 0.419445499254532 1.36473887080411
1.90157798731053 6.29295435837826 2.3167268152054
4.03433139823568 1.61386732597908 2.82356952328595
3.89336451546285 3.95335270384241 5.00841267436868
1.80494955304355 6.71307967988242 3.83847828155095
2.80867984978987 1.31419760537379 2.34739045585649
2.84430759382562 3.23883673336298 0.310789534542174
3.19753567246422 5.62743648737407 0.104815431748461
4.14682097275787 6.13357424738322 5.59640910305474
4.23609028509151 3.71020073065008 5.9953438288757
3.11821641570282 2.85601091769422 -0.334780362064945
2.56579721529578 5.70590343505608 6.37519099881581
2.84088424123391 5.97378850460341 0.971674099013172
5.59559435211939 0.244638156075244 3.35152561789944
2.87280658272259 1.70286954952058 3.06219164851658
1.77918431495475 6.27268107413557 0.869142076077195
2.76698296046236 2.32836155859909 3.39623670358294
3.3713085169406 1.73574636346374 3.8185800232639
2.08235633931474 3.55335243126643 1.87005706430268
5.02012077374077 6.46925991215657 5.79608161915232
2.23868429594486 1.94887430222811 3.73361773988418
3.15166535890611 6.08767349645937 0.100439617190906
2.93672368353479 0.530073971006343 2.45628980070363
3.92535266977746 5.24804635081186 0.920054076658934
1.71663352014758 0.306483835578231 1.89977298142697
0.986850984322254 3.64509623587012 2.96205418225984
4.6821475175085 1.93437201551353 1.02598008022365
2.7273173404353 5.68926112717773 5.80237464092494
4.3648928308334 1.69685680481141 1.55351816672405
3.80256900919851 3.48344693413822 4.93195723705224
3.72468980064635 7.01312208425626 3.89880639031348
1.61646632799885 4.9783307677014 -0.0634186190471412
3.80705679089683 3.09183453026393 1.98325266270861
2.49545016003005 1.04343883055435 2.8688063446475
3.28954575172284 2.005571133921 3.26568518107771
3.5664214435184 0.803341978252467 3.47695719723007
3.69080444491107 0.369208451266616 2.11126154544393
4.16056377033244 2.7923170765101 1.71198740350417
0.95408944219885 5.21352917282377 2.98288578791252
2.78921749712284 2.76813968597389 1.16776507890593
2.48936287830661 1.53141890442132 3.78094779274603
2.47532790266205 6.84983634918527 1.47067581834261
1.88823126165634 0.0396574684618569 2.29772549404186
2.3962237929473 5.29093631922103 3.81803741704524
2.01790385361612 1.12360040194856 2.37816492034112
1.08899208777592 0.47501425198844 2.35024187043673
2.34951275472015 3.3234854479988 1.02291329059842
3.77439561342908 6.39174433552966 5.53388022913919
1.62005758490792 7.26605761188071 2.81499899307373
2.99368507761309 4.34733565319758 4.27816651906278
3.26629325373448 1.6980244719554 3.30503393566408
3.36692214948584 2.17929784706077 1.26729582429892
4.877535877841 6.55742152174934 4.83832712752652
0.875963612472796 1.65867954535764 2.9098843713015
2.02449851459019 3.13217382869054 2.98621174396299
4.66373445675435 2.98732168296309 5.3729343022807
2.3044071194763 5.54362490193574 4.15768519861965
2.33187924138129 2.9578883576363 1.84249337669676
2.62263571297295 2.00156498606079 3.36754101120371
4.49448889327291 4.0304299316631 -0.461167138782397
5.26966680321416 0.171547170322523 2.16471700215876
3.07301145814673 0.0217742302268409 2.53384421876374
2.94271210453862 7.47384132098951 4.02339012937271
4.73408051245019 4.6654412134314 4.11167128935497
3.00606357218393 4.66483546698462 5.41982992317875
2.06453704119271 1.29009656687868 3.52729985110421
2.73917892694283 2.58317214113939 1.88459236468538
0.554550187324792 2.11062855235186 1.91447784268438
3.62175850523549 4.89620700611634 0.558215326130422
2.61880031182366 2.83396967533675 1.58728619484111
3.38218694388512 1.18094777470187 3.62851060050029
3.04506638614168 4.25187235252108 4.78004283010598
4.46848189543488 6.48508370795092 0.0149898270085188
3.17585519898582 5.78678233912489 0.578935748791
2.9002345496335 5.74338190220467 2.58280074336901
2.34939890396991 2.29940250056146 3.08083013922749
4.31011759012158 3.04203650038754 4.76808744704355
3.68792317735169 3.90836368450704 5.0913384593367
4.09033630045577 7.44959781097814 -0.118696445719097
3.14962436940607 2.3032991977686 1.66394482663215
2.26032235631495 2.55279259135707 4.8467838389202
1.01894864595933 6.5707861517265 2.78718039414129
2.77803949198901 1.3085030510515 3.81805696072023
2.71534234855131 1.73711276671841 3.36581207562458
2.90345936410674 4.78206381136665 5.82725917970939
3.28600941342585 5.75278727860973 0.606007535295645
3.49996840586936 5.28389919187232 0.465638490291255
1.80730021952987 5.4139119076026 0.949029492808352
3.14104631580509 0.248811633728287 2.84432434665024
3.53390685777837 0.965433048255184 3.42489471697066
1.6717077042348 6.09392711140021 -0.100625593790874
0.265766457151563 3.91785330157791 3.15183925976939
2.47919086023024 2.41505247912004 4.24887738447124
1.82060691727096 5.71095932514143 -0.107842701451164
3.66050452574522 3.30522883358973 2.63814614725097
4.71856536171062 2.45629033593663 1.45939694631814
1.09383403853491 1.91830064904058 1.40982217439034
4.17878538770714 7.17003705042779 -0.111914179520778
0.959076834718325 0.337978733395255 1.93019858814292
3.67155221828858 3.50284112984775 4.31437108431028
2.10798117654601 3.65495006849682 1.30505401160087
2.11957852731334 3.03852890780295 2.65445108950621
2.19230641586583 0.715872179503238 2.0476088815014
2.33361722027722 4.6258562271644 1.67660656292043
1.69072189221763 2.62713318667008 3.56639128834182
3.19612398295028 2.18422846244813 2.51754138155008
4.2398490993531 0.889862022377526 4.37613329568193
3.89272210410912 6.2475217744715 6.2549546373475
3.26688612015515 6.67017337664469 3.56174626329162
2.74341086055126 0.542365027526371 1.78708026657864
2.83838924362763 1.05290235868833 3.43459898624794
3.05327563027728 0.11581067985927 2.22584698472284
2.68691695353723 3.04375170099159 0.762416051724986
2.27214118225739 7.02983600689854 5.0094358915877
2.6744630553236 6.42093017491373 0.899715536219141
5.5099995663812 2.07958163516397 1.92190201663493
4.53816203556865 3.04214873810247 5.8576681290823
4.03023874376062 2.84916427001911 1.98256342319955
2.85273146243432 0.213363901672815 2.52525133953137
4.11042609690081 2.91079809110902 2.34025655346931
3.5009118568884 3.43706548368797 2.45858215420509
4.96529610294214 6.44720826483931 5.89569318524676
4.27984671732548 2.18990748588803 1.53477588528953
2.76678477413173 3.43903936226948 1.37122568817051
4.01156569626737 6.2664440763618 5.93111583169969
2.86283787276936 7.46541777304438 2.27510066807696
4.40440348337078 5.70279988904752 6.71636978499121
1.03472619691068 2.22566451290214 2.38864144194094
4.1108219655991 0.903693661133452 2.88001525294926
3.93697887133889 6.92312841977427 0.269596668093166
3.33531359258917 3.198001105526 0.56750067043035
0.76762232229532 4.22017813088128 3.28417019343842
1.56537139044075 4.82869244480321 1.33020669165893
5.85897125591275 5.22884365905477 0.199638123236962
3.31416744307487 4.33475381245628 5.96376073299615
3.49764902772614 4.21831673938615 5.82322984336898
1.4360474736859 6.01979260195467 0.931992179732079
2.66224109844219 2.05194431483337 3.02063541418172
3.59638444234263 2.3187987926248 0.0850998021814585
0.428263343286091 0.451712293516898 2.8295948440318
1.42564304918784 3.52303150055931 3.56445953709604
3.45494431911447 6.51471706040824 5.64713638668646
3.84511365737959 2.85912193898954 2.29468521726306
4.19974041954198 4.26808056164261 -0.05656019213846
3.63328140433743 6.84161777852598 5.62280703541742
3.54934197847986 0.854807215166854 2.87413487547504
3.04986407270328 6.11174656873533 0.608906652268233
3.56597578176718 3.63145350679603 5.26662125163135
4.41587176341298 4.65827076365005 0.249761330685242
3.54269308207389 1.1960149608238 2.6943272529387
4.59505510946286 4.76266679100418 2.85547182309036
1.97588212068431 6.49537851033599 4.62167108204338
2.67896119090862 2.01701157490584 3.13795922624787
2.22259803801469 4.77438955483635 0.240235715699741
1.30272262370798 1.72562565679606 3.17773687680305
4.0746742810301 0.462013628603117 2.34234533847748
3.33738704521165 3.93304592225437 5.67129863691007
2.3340616172288 4.2586721297092 0.578818644296692
3.3801086936796 0.610178263317262 2.41042066360737
4.91219379611664 6.7452073072759 6.0556632464044
2.31486183642411 0.208687761485144 2.4228377239871
3.37467096599538 5.57260285834717 -0.0758295649135493
3.29224972855753 4.24114777391725 5.51479953643419
1.66015044366177 4.09288891719001 2.18586913231676
1.89231228992865 3.41276533263372 2.90806941554768
3.53454843085061 2.14687443213366 1.31923681467911
2.78355756145378 2.32504322481928 3.02674917695527
3.99380206755259 7.35567898531079 0.0643628793754655
2.76938911851226 3.92143329505859 0.487355858075252
4.27465161062858 1.34031619646726 3.81042406756037
4.52752595223702 5.45116276348754 6.61233248131421
4.4711876509579 3.22833813026178 5.15663031010021
2.56180045927204 0.880727553247395 3.00220336074017
3.10919368014814 2.28358809784241 1.20967921312625
1.24855357454304 6.93960607275369 1.39269059656616
2.13782273308794 2.02966459530044 4.36522515004992
1.36826985909701 1.69494221185269 2.67472472324035
3.23842500203166 0.260581704198093 2.64574820689566
3.64392481739239 3.81557885225776 5.53136128833909
2.71782827384234 7.29873797097131 -0.0566288871961923
2.89094527000198 3.27191700626234 0.285819028516528
1.52511607834175 3.68731821646759 3.49986401864506
2.25940988776759 6.61580182530805 4.7883036442355
2.72958094263961 1.16417623130803 3.35121157394845
3.11197428316036 6.37257701593386 -0.0931223772608365
2.12747258925942 0.185602079108745 2.82564306494603
4.41914977938162 3.00726811871904 5.77538010945966
3.47484330571371 4.51724129890546 4.71569647706721
3.13294762451199 7.05253241166349 5.08125915919664
3.34918966425342 4.52591424868353 4.89022838413795
3.0027631610871 4.66675005812668 4.95691724849441
2.95017316201842 1.61362731493169 4.41684871261346
3.8694959807678 4.39400195171377 1.48361921467901
5.34106985009666 3.21552020613578 0.513746100299417
3.69170612487522 1.90152643065588 1.49091509174504
3.78581441580811 6.4057799400563 5.81006715264877
3.401323054061 4.59019003493739 5.52543505192599
3.49086592338186 6.93498231444077 6.31658725285473
0.603331567009154 1.94243430622821 1.34770459244674
2.56442881458822 1.43839472428936 3.34147975075414
1.36111011165251 5.67705979160451 1.66418042924533
3.39483909074975 4.7619409826533 4.71427294670407
2.39968436653228 1.71443803708403 2.89508875734163
2.07626504636413 0.122815576210783 2.93737847949774
2.50842471424031 3.25517085546404 1.42096142105277
1.3054178407281 6.52774666280512 0.0514637017760345
1.93271441649429 0.76534505165628 1.70637544905583
3.3924267153296 0.966456126150615 3.81917533015786
2.81836971592668 1.45203543325624 3.80628278341697
3.67547804374729 5.95922676416631 3.23150763270631
3.6323135902393 7.146091197556 5.29777784231597
2.57986540881294 3.89355850297738 1.14790440123399
2.77474926581199 4.69728095541484 5.41098207457955
2.10801407469475 6.00963127045637 4.46160011992373
5.49898825302588 1.12889351834663 3.58526373493574
2.71887058122715 7.00908337550619 0.0600558844159907
3.2603407354286 5.70496121367549 0.583832974283452
3.5347548838413 1.31319279980577 4.52964705264564
4.30890580280299 6.19887926054862 1.69037911973311
3.56649685370536 5.97597842977992 1.60421816771389
3.03831286568563 4.52970806869131 6.48637120144808
4.44370275073144 3.26901512794096 5.03741947161912
3.79055653475577 5.7919493844393 3.94674395522147
2.60526883444517 0.976018992728138 2.28631542166712
2.87556656313844 6.57167475176614 -0.0914046021467251
2.31220150513046 3.53716997883867 1.24504199129499
1.79806722242276 2.99704982373186 3.89676606877563
2.74613873932939 6.23677737412815 0.99595386662482
1.37268170792875 1.86462571307427 3.09829991258052
3.44176614282391 4.32067674623162 6.09104486596421
2.78347804816082 5.7898047875232 4.22775442103105
2.74729835095296 2.4259509366593 1.97063803519732
1.11052313065585 7.12148125125601 1.16837285186868
3.75751347662973 6.23447585412057 5.26314052442646
3.65665908440028 3.04602501349773 1.54004091355257
4.25975670871546 4.88958356933267 0.0894205741516986
4.13870399253524 1.20188965544617 3.63786007282015
2.77562662306361 0.47727668975869 2.94372309285631
3.80429899645452 4.97022746304436 -0.381595800153516
1.86603761776196 5.99186732283269 1.0684625990141
2.19561730209127 6.10831863040943 4.93631528626223
3.16356054106288 0.338712772149881 2.87702577189943
4.51639776226305 4.64152852254242 0.116498107071711
3.06072972660926 1.96913738298563 2.80352449940887
2.31037826479791 4.0515092556854 -0.0963143134771562
4.06749333773547 3.5010996873607 5.48343310935506
3.29216360782128 6.13539258677538 0.0764534274570101
2.31843537494911 2.56989403803883 5.18742899503979
2.63928435719267 3.51112242241237 0.507914629666572
2.66682286922176 1.39627410471611 4.10787058104574
2.86447075394909 3.69296841665873 0.519274552586774
2.51560586326438 6.15301368049872 5.38712051145924
3.53679655849731 2.25476536281228 1.88686892168621
2.70108752839987 2.55880435153278 2.71275474376138
3.80451327325991 0.223860319684623 2.90116210048852
2.81713843386226 3.35521541337226 0.21553752643933
3.16972962441164 3.39941111631365 1.25275220295136
2.84488420720104 1.55055223093113 4.04477995360855
2.54642352871259 0.943499019242648 2.66338722677409
1.16436829094992 0.247055283537725 2.78713107259722
3.97727429992426 2.90679758564859 1.09271972162887
2.28666112584108 3.30573222757774 2.04290516421323
3.16162080357663 4.88349524089532 5.72552160670552
1.91726263320833 2.87971867749884 3.79472344479524
4.04081314166172 0.874877295506792 3.43162223151524
3.79509545088982 0.15142844029122 2.66514330739707
4.70433592370536 4.88924578380084 5.8898697209136
2.83362259664105 1.43654777360783 3.65613616286198
1.80921193059023 3.8481116135305 2.71323149099723
3.51236144912501 7.31423516998754 6.18871856701501
2.15991571563803 2.49140774211558 4.7079643050295
3.70058676444472 6.05927980250187 6.07068865371656
4.08263367360541 3.93550994575925 3.46516984720674
2.63177210331471 1.89251233391265 4.43214917951543
4.49798007939545 4.71957030066338 1.73390577969612
3.56479766245994 4.45863730747089 4.57939433092131
1.71136795146161 0.183870907114657 1.23795423458157
3.86501994819734 6.98307340311458 0.77433757385754
2.68998947395205 0.398558186094554 1.81182243093977
3.12748615726665 5.24944253357859 2.7285969658897
3.67035997492304 3.89542464398948 5.5776207953437
3.02189149649737 2.22748886952155 2.42060039749646
4.1565876443281 6.78223675798715 0.201233960771495
3.39256974655466 5.60053127656063 0.0139473210972967
3.6245998406073 1.91723194023138 2.18366399442922
1.83012903442193 6.88278964449444 4.6658465559411
4.82783491922963 7.40744765880543 5.34281706255762
3.61942800280783 6.38034713499586 5.70204164630623
2.08333349867457 5.03511924174974 1.14307925602293
3.46873930369751 1.28958210889408 4.62197179442691
2.41061202843197 4.79422449417082 1.4303310559594
2.4195471034983 6.02891812920257 5.71953203426811
2.44133007415792 3.45796162345308 0.775930919696044
2.51455488006323 2.24754582575006 4.2035214398921
2.3388876012508 2.32060198721265 3.60125277779535
2.49795530483726 3.72676908539309 -0.0202904243427148
1.90793503551063 4.83226521154751 1.26856972422342
2.60398780446954 5.56583273820291 5.51639223504631
2.60996447132241 3.65994322411788 -0.108539440151819
3.64820128741089 4.82885555089592 -0.241898504760474
2.17102426161291 6.52334843061685 5.24001075086644
2.93770363072526 3.75779663204161 0.733040650083983
2.05945256664461 5.33998328801045 0.893136209287808
1.26808916054935 4.64913433735417 3.44894672213589
1.13058412070119 1.18793581793854 3.34083269655464
3.69234398162468 7.21535961232354 1.24303331626014
3.15294110355651 2.74730213361588 0.963053801200738
4.88495330783602 0.472177817169827 2.71018154894826
1.09881991545581 3.95721458109222 4.53119724697411
3.08530997356549 4.16104559537091 4.79789236843972
3.72897006407771 6.3554307829965 6.13035095164116
2.81629375090655 4.63025778670866 5.26465226655658
3.31055754198289 2.12554980406615 2.66209710609533
3.20794365569452 0.591723875970393 1.92957073562732
2.56477403947417 6.28590571550865 5.17843186786079
1.58020030874579 3.72919848271255 4.2162381237108
3.03380574100479 6.05504510808832 -0.553869379473494
3.07095539270688 4.12101193430734 4.75634107393809
2.47867554568408 1.96063448950654 3.13951280772864
0.65184610018279 4.77849093272819 1.97010933890249
0.989798683539439 0.406365049876589 1.47990528275366
2.24416947860737 0.625927577586634 2.01482320855265
3.14462197021155 2.82735814773465 0.68870395517761
2.93132272616763 1.74795948940127 3.83377844641054
3.21670377837275 5.24080697750207 2.672232203924
5.04066931672265 1.92846083459514 -0.360498379927814
3.06964908222201 1.20124356567346 3.42746094378767
2.50703476942719 2.6802597799446 1.99389282387966
4.46237397859856 7.28213271551718 6.26439293226082
1.05160998387545 4.36196980127565 3.37210432596674
2.98944046036723 5.1898379910426 5.15620457205652
1.48948997880005 2.25514116325259 2.82557952527842
3.26575909909713 0.574800783598598 1.911324541896
1.82762535820493 4.15758938534352 0.399980355229905
4.39541177814237 7.35921730097794 5.75350846309861
0.772538771089518 6.07425642962899 4.47129109380934
2.23147921058624 0.0910408509281577 2.29964817223907
4.18405196949242 4.31275191804365 -0.276758110204094
2.46996898039319 6.50070023512149 4.83798178629882
4.67123863431097 5.45985406179522 5.41263300597647
1.50871205753729 2.56225037398325 3.73149899513271
2.84242634342919 0.930041769948654 3.58342805369443
3.05554172234395 6.85106155296097 0.746252904416971
3.9371510224372 2.05325788589676 0.822836905474224
3.05573543582795 2.57494802428265 1.38678939597952
1.64877428810278 2.99905981365614 3.55587095768988
3.12065195341029 7.36018096440507 5.87393091368538
1.78783066395354 3.05423079825651 4.22345147087701
3.43132871667706 6.16265980349173 1.06790769836398
4.12071222391597 2.58771759654728 0.0943758535822243
3.60978070101741 5.36164382204103 -0.337915820631095
3.37517251601923 6.42836322526271 2.84829571589631
2.09062518070551 3.74700844468753 0.678992319422559
0.942553899067672 7.37336821192992 1.70097075358393
2.91898449220554 5.46220122705727 4.64444310957742
3.30570755493589 6.91234858054863 5.13505965264219
3.51904072232045 4.64553438321946 3.99787853457643
2.26629622189003 0.217494424295713 2.14315387907159
3.94964185380553 1.61319186984877 2.63124292526308
4.39233892968719 4.18434040197372 0.408895146431669
3.72387963782241 4.30335074959455 4.51628100570448
3.0829514694191 5.55849927836827 0.426121072507534
2.14505782998776 4.02614121665616 0.465748425093759
2.62778710668657 0.434631674289144 1.60692263969767
1.76266302955013 6.28254053417957 0.977697570823148
3.35992366429465 5.41628375178507 0.291488968969626
4.05368388798672 0.221242133129859 2.70292762272962
2.39816232789363 2.51289487691158 3.36895652150505
3.31899684485174 0.299107173780763 2.56254288336966
3.42452322355953 5.32353049545688 0.137196055882127
2.03297989224479 3.43003240887505 1.41218546213233
0.758807121127524 5.23794277147349 3.15181166012476
2.71325556650355 3.37590301344533 1.1538224634845
2.83780467640603 0.808506345731102 2.98914268401897
1.92267725544578 5.72218617320764 0.507518653422318
4.17818926948607 7.35829845986919 0.521016572480974
0.597073495727582 2.03051859872208 3.25317053907561
1.89937862251895 5.13793255567438 1.27537328722441
2.29509392351339 6.66023852639804 6.41666660761774
4.05292182327127 2.24588422707079 -0.10783579675448
3.18424606317594 6.64302470920676 0.899023833016824
2.2998847630167 4.10267584866552 -0.0294632086662337
2.42734358955506 7.43045055234296 0.22177251493545
4.23024527889599 4.37479137467676 -0.0303490133291315
1.56277054602048 5.0440315658974 1.09029868678378
4.27832844115271 2.33673473566525 -0.954761907739672
2.3908524679292 7.38051898463565 0.687162418276463
3.34232949915854 5.46532915489484 -0.741497986971882
2.76957988030282 2.6251235413507 1.57679290492673
1.69250441682042 5.75105031806611 0.288929661260253
4.47324648876045 1.72171471768298 0.830215243373821
1.96448618349621 1.06507761427218 2.45869655615232
3.16206706683751 3.79131590108267 2.10011672035401
3.39498964081947 6.42255620019241 3.0279752095865
2.46069030048405 0.913333588477045 2.05669891340594
4.02537664186143 2.05905007508805 1.08344648473294
2.89854866843605 3.33227157607252 0.0857274755145927
3.73102837939552 6.6561961272385 5.91773877198047
4.86381856086621 6.14814579682177 0.0572297125950392
4.21489599763483 3.51825734182072 5.25272504996696
4.54869570841929 0.678174773814898 2.9623490355308
2.66200284411837 1.6942315239131 3.89992945295233
3.42565519701996 3.06971435504437 0.697241621190476
0.721940626209548 0.152126295352597 1.94716567737526
1.67340880978113 6.71570516189577 1.56759209631062
3.82479167577308 6.04326364544514 5.90494912859076
4.20062367829522 0.580151429956592 2.69253575617939
2.55055220408442 5.8434172495115 6.08344207171992
2.02612990903505 2.44301335918197 3.9341827622716
3.16955310719028 1.51408357411234 4.44627640711375
2.43872581245793 4.5128822240116 1.38132454129337
2.58707095845022 4.84949600829137 4.5373915639385
3.87825639862792 1.85878222584052 2.0509309823321
2.72246599108914 3.57997915755612 0.302687680557323
2.68702068335096 1.59975173583393 3.26988208690638
3.10925442306419 2.44524236240827 2.20353382514218
1.16045680844484 0.0380121707770877 1.58857388218325
1.82139176725369 6.93822804588023 4.78992423560538
3.23633016475395 4.62851382664708 6.34726043874633
2.02043865252141 0.89553414322618 3.11125940738288
1.05588903253138 0.11978927007938 2.77067778305382
1.92482249351521 4.4728525953771 0.199069431103681
1.49387387815169 3.32332763613381 3.95543128159963
3.60894280432434 7.24745329873037 3.82440547951372
2.19585893955241 6.96052712334282 5.58196278201046
2.75496495655365 4.93863437996341 5.23707176302932
2.00051197351706 5.19949995135264 0.783488934353433
3.03476296455302 4.74668794387168 5.66381177985413
3.32902753257267 3.94448544894478 4.43882811904011
4.81093948267772 6.6807551055225 5.36146985513759
1.61872527819911 2.74284196410539 3.78577407372551
2.06647547554823 2.20069138167776 3.99134260487601
1.98499545000893 2.33431901093571 4.54482596460413
5.39498758982998 6.57672088890499 5.74047563063123
3.24904849114521 4.71464704528385 4.69967099254615
1.30543403446883 3.28851053015286 4.22574813460594
3.90458771158631 0.792049676834297 3.01435709299787
2.04574332555641 4.15486784055766 0.695212685080605
5.21327808871512 2.72344499138116 5.83285351813772
4.9184577952777 4.58867568600896 5.84461912996305
4.53235436466804 0.850741564304395 3.29036533048035
2.57872075292918 1.38211057185448 3.83430290556654
4.36172636478706 6.45166330978376 0.00226787268351004
3.62477373608994 5.50417990747264 -0.58675249925234
3.58973881630231 6.95731983056777 6.57629270737333
1.73911568173084 1.85063886979217 3.28279667932398
3.95082245584795 1.73348803590943 2.20801502574022
3.90128467350241 5.12929374875407 0.386930380544858
3.46583833658931 0.280997912427258 2.36868641794897
6.74985972534532 0.665326362786242 4.08929795065026
4.23125784270193 5.50322651663488 5.68737543203055
2.81170829795308 3.01332290890738 0.840833091007735
3.247639324914 0.446494346077317 2.98467804646294
4.7611156441639 5.64133757616303 1.28253218659591
3.02151126160217 2.61344475459917 0.814468779207413
2.81216926860755 7.13637430409165 -0.140337187098445
3.46814984327399 4.17725556311823 6.29776109679893
1.78095304259442 2.57952679180886 3.78002312642527
3.50558328786955 1.58060503624767 3.407727314569
1.68997601116442 5.17414680202527 0.431298305706649
3.08480382530132 4.49383584711299 5.90285767054113
2.82020955539476 1.85176235469513 3.44625363446085
2.22032240914951 1.97379817791916 5.13646446358817
4.12443202086802 1.60149297675413 3.29080378923945
2.09359754988306 3.94668855662989 1.09104127127334
2.677307786334 5.56593652854741 5.68125531089791
3.58433663985559 5.22410267779889 -0.329515785753868
2.8642635106868 6.18764753015105 0.393959321321704
2.03787743868587 4.3994738499424 0.236176538156685
1.89099811905828 3.13494736148141 2.87632219610033
3.19431992347949 0.121825203973275 2.46291010510721
3.66200622544883 2.34000800329192 0.242658163817467
3.35131757300743 2.88416005376183 0.762124246869915
4.75284882118702 3.70369515281921 1.23931325828892
1.73702431323704 0.346279008479248 1.69032486776198
3.32077407707064 7.00204539830262 6.22935543599047
4.72317537553285 3.06389495565159 6.43867977635476
0.751768244805772 0.405085185516674 1.69223795372841
3.0319666114122 4.57908732819354 6.74190825389699
1.57073160583457 5.91328563633023 0.77843362020185
3.84485434340389 2.74290403015193 0.0339936654068749
1.76648546591425 0.722976475274517 2.58032490452348
3.84409005716513 1.32862436118202 3.9709477300006
1.85424333065711 1.94162971285713 3.55761976552476
3.10570834843846 1.89431620093735 2.21137814948329
3.70800008203212 0.113877622637014 1.72776116268313
2.45975618040235 0.597863519190156 2.78715210403867
2.32095556223842 2.19359720583954 4.00778841020253
3.90253949510524 4.67991599065904 0.982367431120055
1.99593578781397 2.52712862055307 3.50555930585186
2.42939790349818 1.07228926861873 2.85659766731296
2.23968761617307 1.92760025830265 3.39979037986784
3.73105404964674 6.32763407118153 5.96418351664046
3.91368832416668 6.21443874982388 5.20283030090678
2.67117905860185 1.02975460511028 3.45489923790481
5.04430354155097 7.21385366215583 0.696996961057824
1.66688146170266 6.16066776638098 0.398096752245329
4.19832361443283 6.35134851176405 -0.149113191424652
5.87551576689526 3.00657566375939 0.112238162118267
1.8553336359919 4.13544671163618 1.3996778403691
3.79482048616665 2.33087438606355 0.911394275020291
6.37759562298926 7.30111508045928 -0.0464982705211382
3.30801881856976 6.0928663684518 0.351092600627924
2.40975466618638 3.01813528410868 2.14771940514252
0.623890409029801 0.0403983201436642 2.50414454266603
4.52844426230906 3.50657798131132 5.04983573546835
1.44349712201979 4.31842316560476 3.23682473761126
2.74219367840765 3.72835443770368 0.399893864958742
2.98915991096445 2.11236421397158 3.26116350657043
4.31823370122835 3.12699084019222 5.8366769386142
4.59283082484289 3.80296304112435 0.892379772414053
2.3831935993225 4.85188442958971 2.23154818485715
2.0558826917138 5.67488880164122 1.15627825933452
3.03152723434253 2.2527512461202 2.23819954998967
2.01810288735772 6.26316866959943 3.57105022181252
1.15450608070454 3.29876858656141 3.40747865295844
3.15261557888139 2.85645646048445 0.336114192924463
3.75484405982942 0.51439897451317 3.2025260120921
3.25628799723 2.73111873783031 0.207186030192386
3.53460006269746 3.93565860157105 5.58214333687114
3.45685987304335 6.08355439089832 0.846996099021648
3.28132585129373 7.42663746307555 5.78248223052698
1.90327200178172 2.79719119061241 3.78909085541147
3.65160501773086 5.16119991466068 0.461008406514759
4.9848761299548 3.74473877802926 0.0655910925581702
2.03540375811514 0.243899514291176 1.92122263150737
2.15347575052863 4.21495783229856 0.505864843609204
1.40297943289285 0.439839058225611 1.45657730747016
4.0197475375565 7.46834052801231 0.914027519531365
2.14695554950712 3.68552750573621 0.770978606682719
3.16208449653264 7.28100475529018 5.56660990561697
4.06666256452873 2.53136660694901 -0.393333491480522
1.21308748835293 2.52286325365717 3.03856185959549
1.919444873607 5.07113704342454 0.0110896496445045
4.04194525983169 2.40818331822291 0.0336066913613645
2.21415856739853 0.0227258042858374 2.15541127104248
2.43792135969185 3.76512687810391 -0.166093790480911
2.69360861844981 1.71355949994052 4.29817884491354
2.87439480171282 0.227342602675535 2.65708404802969
3.35425789787485 5.24029544371629 0.659091557015668
5.87144346314718 4.20578965804219 6.20440951036555
3.85351923222541 3.35385096323013 4.95144491585533
0.834571842032107 6.11818879998861 2.86603932287809
1.98300578172062 2.26556908585825 3.96641855067921
1.57307993676257 6.70447906403905 0.791468048189458
2.58851597692856 0.294212866797835 2.41000667779248
2.74218889715938 6.58273087123095 -0.260814823608694
2.36317729646744 6.03338553067154 5.84253546406795
2.76354515829194 3.32881385259515 0.432511321191164
1.47595099494571 0.393499541840263 2.05016469825531
2.66822791515491 3.23233908594783 1.17095893402816
3.34881369788143 3.82090128024198 4.09661519509041
4.23752089692137 1.18170932006678 3.01468122902365
5.42043545490345 3.95618556609535 1.63031193970473
3.17235067571894 1.19101442935694 3.93623700616187
2.09116813713017 6.55847500193788 5.94335325727564
2.6618447324706 3.5642946233971 1.13511131271241
3.35480735362905 6.97940493746988 5.43865493690466
3.040470249518 1.39307156128991 4.31385255296258
2.98381711924956 1.70549966289308 4.04421448194807
3.61644731083407 5.24334152954266 -0.277939408966919
1.50127978782598 1.89370045813691 2.67470906185364
1.39779984843769 2.06608544239343 2.80587467505461
4.07607238853469 6.74759258899095 0.77347520540552
3.05656327881418 5.97573307863541 0.128399060827459
4.13055229887773 1.24955150179644 3.84187341104663
3.96176747964407 3.34986103475011 5.01886081883611
3.70048149966763 5.18378560283361 0.103965995379257
2.22639695715078 1.37765444893855 2.23841722637194
2.42225516317689 5.5341342498537 4.74966023461071
2.23310008312346 3.83935567400582 1.13440305325598
3.70563143322486 6.67587019731803 5.10315556850749
3.60663269821524 2.58525732411446 0.123408620870877
3.55271779743523 0.911980161409841 3.05285177414487
2.46022202746696 2.57617287978371 3.42847631141217
3.29247042073707 3.45292203608693 1.54279256652238
2.314775545807 3.05901150042545 1.44494169826823
3.1295288362631 7.46633355023582 5.97400766666981
4.93145965615599 5.94343097420208 -0.0669484573561482
0.779639375203529 0.752258419138711 1.99894061875312
1.89411643648824 6.50380836726922 3.01973441192617
5.76668212662763 1.12503842931381 2.42329563556249
2.42247620492189 0.864302643644583 3.75849643314433
1.33810081971712 0.962424266904747 2.42148479902484
4.1708139028275 2.37930488416064 -0.495331208841811
4.66024835651185 3.14797567266303 4.9340258614875
2.20522183446118 2.41746588845637 3.95465111159698
4.07007340489394 5.16348331530126 0.328899365153073
3.22424704705019 3.72449953191637 2.64565110299234
3.03998823517713 5.33829824064287 3.78722357204182
2.18431854999083 5.41704565926478 1.9158151912209
4.61279698211608 2.77758498660105 4.07386307012099
3.30941288066001 2.01037318494692 3.40257956936221
3.60324684684489 5.30664197488287 -0.148279890010714
1.35447708192415 3.92942851897908 4.22300767777205
2.12843812067595 2.36094120382156 3.3521868282144
2.75490832706411 0.573175122006788 2.54719444211882
2.0638829251695 2.67814319322546 3.67596374266124
4.11820032356272 4.89983933891909 -0.486352319039697
3.26213243924629 3.91391540237725 5.24384990991336
3.32256283395989 1.87645575545422 3.72510854082663
2.67910624387265 5.91549165680827 4.7248413210922
2.00365995522888 1.43112713298134 2.9666404839852
4.58348308114449 2.35285841612372 0.872943097930019
2.82593826912978 3.21152353161612 0.689358409094398
4.78870603173084 1.94952917284348 1.35229917881162
2.71422061944011 4.85272581213362 5.23621337131156
3.69908810367588 2.73260528005488 0.35967291629161
0.924321510189079 0.50229853750804 2.15944927573964
3.97914570001803 6.48449075152549 5.28514545133
1.70611110349529 0.742010016406925 3.0341452154766
2.03156227847015 5.38416026633079 0.38499772876568
2.61762235502343 1.26973437446999 3.01959803028721
4.64656985937881 0.859369087430657 3.70898514884043
2.06407408251158 0.703150299168614 1.56497179063398
0.780975241309664 5.76482784692581 3.68341837724291
3.53509031834808 5.32851966832057 -0.380264151513146
3.76374006649401 1.90087598150564 2.28908832070226
3.26879082546657 1.17942497833763 3.83800892773223
2.92533765712856 0.784652942877748 3.02628734706303
2.83901463183546 1.8383666916444 3.75307843022856
1.91639618531524 4.1645991962128 1.07143495684223
3.9783616480349 3.96733584643524 5.108077998943
3.1654704985608 4.33913789563268 4.84020198245147
3.7080587094358 3.44706593059445 4.59708002214278
3.26998706416907 4.31320218897147 5.4574649987811
3.55114931536582 0.198097733473136 1.9750967201668
3.71223937801498 6.41287522312382 6.22637132845033
3.23597882818728 4.05141863035586 4.61757888230674
3.39370805643224 2.36280525581674 0.737457974762026
2.21415880064139 2.0895600466965 3.41428012625298
2.87012474464239 3.65940878931584 1.18205793071661
2.87318538857058 4.92699900567734 5.25986043530811
3.29381825975029 3.9405169649048 4.13571546800343
2.04484645793096 0.70175158794313 3.29850943580067
0.908135949491247 6.63122452139059 3.79442907006174
4.55277852578514 0.942606511464954 4.49923893363441
2.15705095773627 0.65831838958526 3.07289590889752
3.89261291429217 3.85380114019986 5.83768441938071
1.95839282349439 6.4189764159452 4.51483034055891
3.54586485888266 0.425066814378714 2.81621286379176
3.74798736114027 1.05962702733864 3.75346911667152
2.1092574486835 1.51061706853451 2.55971578705041
3.24441981663333 1.18547899370473 3.06697896013965
3.74615049041561 2.5165801007785 0.297351143446777
2.1221841323751 4.61745387330178 0.958227375480682
3.29777460878389 6.30694557925953 0.912331412850538
2.10060363188362 7.3012921793913 5.37354422598214
3.33572692610007 0.747016106480292 2.66352427334093
3.00032387660681 1.73437701962123 4.41105769317706
2.84315022841286 6.77768943623528 0.0655330033814965
3.50636662806557 2.36061114863412 0.710476824022094
3.31533875442902 4.03791992495452 5.74789718601454
4.38445591764436 1.74271198090048 1.80056959222979
2.94394540884389 6.69684865424601 -0.572882613745879
2.65511671992415 3.92249350144227 0.900513205883966
3.01136154927265 7.00311322033025 0.32784114270701
4.10522627070317 5.67137920255439 6.08015550084782
2.53699226867298 1.16424713085679 2.85954111198566
2.34446860319384 5.93196952532172 6.00268534403778
2.40591104457985 6.57264820867731 4.70049047070288
3.61309675302344 1.88223733933209 2.83076662215111
3.8407139669008 0.381682886964249 2.08676495695311
1.80440527149315 3.9251283998799 1.68197542743175
3.08374441692419 3.55814217256703 -0.462250052406562
1.77493588171398 6.07994859024413 1.59874099150451
3.3008736319839 5.62042881253278 -0.0513654973510362
3.44746834426657 3.50214621033052 1.95349206698657
3.62754590862407 7.42858110678689 0.643324500713632
1.72931739408764 5.79376500471822 -0.00555320591989261
3.4340340396826 7.33476400824691 5.8350153891106
4.98665653718712 1.20036446856928 4.13477303433185
3.15426673641949 2.8483115884531 0.552956999185989
2.81124459793338 2.9896862272953 0.299867497706774
2.76591949733992 2.61230679703729 2.27131216500059
2.58342721496309 0.204571853057462 2.84715946201332
3.760417267312 1.10154909987395 4.18510457867308
3.04479585362036 6.84130946149654 0.604146115650743
2.62990316088727 6.43873979057623 2.23106149250824
4.0567082496502 4.83722841844139 0.124332474503518
2.39361401888696 0.575225423992649 2.83429791294181
1.6745170440786 5.98103082859305 0.258767664280063
2.70048394563864 5.77190613950102 5.47903478581411
3.73615323553304 1.69094287495057 3.90777499613659
4.29023191082996 4.94968129756203 0.783798964217908
4.33847840513604 4.88732696841997 0.810164451719254
2.55619630623569 7.22932509934406 0.943506300173951
2.00686763506228 1.98675108827752 4.13155193446299
1.74449678611822 0.254407371391062 2.0746059456098
2.82351898342157 6.50587063292496 -0.522312027030117
2.53331237713892 0.548754428523212 2.2351482441723
3.2397214160743 6.14484075771631 -0.0996396729102188
2.516180966052 2.5155412917588 2.93959807857797
2.54226009198299 1.40323771415994 2.87212945603066
3.71640755816383 2.27423168142806 1.59395557043383
3.54058948946965 2.74975206495228 1.02577121178076
3.67385582010002 4.26103592715641 5.34801615348686
2.53717144924092 2.39930780535002 2.78430601687041
5.03705622437006 6.90162101433461 6.28089737447976
3.73130196729769 4.21583718264822 5.20623999295129
4.24769975595844 5.362859619654 5.99485792652602
1.49531769690116 3.46255252820988 4.18761074971903
1.74526374381366 0.44947434541043 2.42479775314908
3.70677458911869 6.72027916144083 5.64748446225692
3.1267558073201 2.99931510883006 -0.11616269796061
2.53495044485371 3.95230759124758 0.464667075132088
1.11846565789829 7.49682762214106 0.339261197543384
2.78392998656083 3.69739248924925 0.776912253673853
2.08162855314293 2.58132856167301 4.26841184140886
3.34470198510828 5.74023040715872 0.341095648211117
1.84837569368202 0.565691928111087 2.51135475346294
3.24120828451931 2.67247287935174 1.05033539544573
2.62625783115198 4.87578042723431 4.44610647285592
2.06779438345195 6.88234812201001 7.26579746667521
3.29682611146852 6.9855542931134 5.60180970008355
2.11634519481012 3.26686093538893 2.28330944047778
2.86347407481593 1.67475287621815 3.78841872377906
1.55750001481498 7.38942024832559 1.78906900856256
3.86527042855116 7.11314860109379 -0.364380292118565
1.69368787849769 1.52312853943578 2.21781109776906
3.07492501759818 2.20437544350733 2.85608534048929
2.49460341519148 0.155387675088501 1.20337087395139
1.43539112010184 1.4432005922874 3.15571338202117
3.66364948858739 0.641408098159144 2.56154100341783
2.20657470363215 4.56125717656503 0.203733342221768
4.05839336517086 4.5989499757638 0.611106103669701
2.52579358674063 7.46308055146156 -0.292910505334744
1.19257425359388 5.22505079823002 1.55742126124686
5.44592769032619 3.29680330022611 1.11006341133222
1.73131834057385 0.30664107447367 3.47442028494621
1.69876976691856 2.32961978928341 4.12827216294753
4.54989549466189 6.5195537097177 -0.434480721303651
2.88752947558083 7.35367626710913 0.647711025050374
3.56757484360299 0.625879701875667 2.63596347916675
3.24814480958128 4.64668799359651 5.08645732702488
3.42781419621725 6.69831314968169 6.12512869941714
1.31980321842259 3.24289484420123 3.16697247342806
4.35654885556931 7.07821320960616 0.419011681997786
3.35608393497296 6.32303909719476 1.31553110679305
2.59823801875535 1.92844360748104 3.60406658279207
1.99854896478211 4.31594043619829 1.21047761031907
3.05697334346505 0.78187249703907 3.20782194526007
0.511479865225007 4.59667876988422 2.87614200786962
3.50987033921645 0.136601855196337 2.14821627371927
3.25310904077467 1.71345605943041 4.46243288485573
3.90145107241575 1.52883366871388 4.13063127694996
4.03033642630573 0.384636152648256 1.7188771533502
1.01069707146942 5.95548215619383 3.79940764371643
3.27209306348725 0.795549409676801 3.36973496777966
2.93693470339486 0.479083878801191 2.55080535221851
2.4105311084241 0.493230203020881 3.16454736981123
2.86109377305819 4.82351399338846 4.99383219386041
2.28728729635824 2.87914497825112 3.23752795155582
2.66671741315804 0.396000544306742 2.02208238363358
5.28074461267364 3.05407014320314 4.23495844074355
1.3728789962352 0.29771739313116 2.55305585070513
4.9056150882306 6.03386083244793 0.650963611019941
2.75592810916333 5.28663123086791 6.34170411988782
2.73816864458472 0.0184439463234636 1.574436494268
2.58567300247325 5.95415037544479 5.51793209869397
3.24100148367586 3.97608458796434 4.96435071470214
2.73257668901288 3.79220486830521 0.578715960239418
2.1093330102233 6.89377849736774 5.44593676101626
2.18098656096524 7.42059633230646 4.11001076947017
3.69554525985224 4.42879084408664 3.88605211966143
2.94783701318805 5.77382780844543 2.24098453327397
2.98998660742336 0.46822908802862 1.62231592370217
3.19462874458714 0.817895032372453 2.94628590293663
5.67551265761982 5.86299937262743 6.31655600072276
2.83952661480768 1.46271821367483 3.6710170048184
3.37279685291894 0.706758771353038 2.83874953632802
3.32420573965636 5.84614024114589 0.38870870041836
3.76646213937902 0.43936558823895 2.56492331889951
0.757934145091916 3.32179909561831 3.32775305317315
3.67479099047313 1.23393916048644 4.39767504517387
3.32777107951873 4.86645028528641 3.31975778781451
2.81023530412936 0.0303245112239736 3.13864885594305
2.58697609331457 6.23826943524261 4.28187803759103
2.88269663106452 3.29627869960435 0.380681534070993
2.33653776850877 1.37940427712548 3.88221922098796
1.25246819779263 4.8326485887564 3.10731195111042
0.98427928339222 7.20614022083534 2.63614596253093
3.99641008998006 7.39621823817349 0.218916294614902
1.59178405715185 5.50050393510894 -0.012384323369792
2.97151445121997 1.97226699358119 3.26346127873185
4.17737571206404 6.45461019658351 0.38248254359765
3.22991070518617 7.3255250729041 5.42621106963884
2.73467692568863 5.27430375447822 5.53491690776253
3.5603353075073 7.36290757376296 3.43250853054053
1.50336812663556 1.64252452447991 3.81978399432192
5.1620970610949 6.41522250749967 6.92602775196787
3.53833945048743 0.495599570799155 1.75715197185137
2.22201385589304 0.306996659413802 2.13359651229795
2.70634845378798 2.15173601085683 4.02700847117488
2.34757788148005 6.73420362753899 4.44989264382013
1.98565082135846 2.2720105158913 3.99677416489998
2.61195698020549 6.50732779488702 1.82180388658978
4.91068083090379 2.71859983145028 5.80689263357447
2.11801695076038 2.77386137295764 3.18251646299534
1.51040822874203 6.67691779318911 0.986200144816847
3.0162710460703 1.90734364145179 4.12031679586955
2.02775180166955 5.39118789933256 0.409270784506026
2.30505607608497 0.514323344543303 2.27533831435503
4.15211904213868 7.43834132084602 0.136118703650027
2.62246241603318 0.46366892227337 2.56841619411537
1.17858765887772 7.16169136242128 0.873557056090171
1.91932519330257 6.24288662286339 2.62244202197224
3.67052822863445 5.59525663511252 0.817039733064379
1.95211015421827 1.21377803152695 2.65238391750744
2.41029062201471 6.75920787737909 3.88136786874082
1.6464112921848 4.91503063369568 0.780264268623184
1.96693593371899 6.41900167423203 5.17251142657737
2.10349909341102 6.7508908137554 5.99965845423154
2.75328613128829 1.39246493193888 3.34751266087363
2.98136432610234 7.0481158452348 0.450116085565739
4.69169386666124 7.16017775620496 6.00777392109081
3.82459178055113 4.91803157416119 0.080299751191012
2.59238548624263 2.09703971538395 3.25799878345892
3.40627065274487 3.98514968941971 4.71777883055106
4.23017107691705 1.42492180483888 2.62786799170973
3.97394370029271 7.09206047071535 0.71198811639972
0.561420914808244 2.06956513683693 2.20176348696055
3.6944056316278 3.70697691458157 4.2283723215139
1.74453167304287 1.16421337900856 2.61627173382987
2.55686081548831 4.75043857106612 2.40799666686532
4.15623211892366 3.81420772705996 5.0615293998392
3.42318324329914 1.47853270842004 3.39042677443111
2.70318156227039 2.1429978565586 3.02745997676115
0.541269283142033 6.10441943470731 3.41827783552212
1.58910017516991 4.21249393411656 2.86601553384093
3.19283907901606 5.03663870648749 4.19412266675238
3.9778880109677 2.6328509209785 0.817326176360966
2.65523488962055 2.51708279545981 2.22296351186169
2.02225733472025 0.543275316807379 2.34941836009162
2.09534686643385 6.30517657448589 5.00793161099887
2.76275855128681 3.39006729449652 -0.00485719319988254
3.3809945141392 0.680325024128535 2.70690851317173
3.25995438616749 2.4746122063747 1.37195870230492
2.60552273421119 4.92671528868031 5.15236685286742
3.46420874924714 5.75650680836969 0.26201388465364
1.24353866586506 2.20191520959373 2.92044307019742
3.05619100150816 6.86991424007395 0.485832371663638
3.45783544530931 5.28703045759308 0.144988507944296
2.7775640714162 2.92576462209045 1.06314742043371
2.7275751984008 5.52353792397864 5.6924363860104
3.28409720558951 5.94513658621553 0.151863368020979
3.39835116623161 2.96654608582355 0.0278306241021227
3.56094461630575 0.720803767430078 2.97308536134887
2.27285796308834 5.62301991619213 3.90989697590019
3.2685110613306 6.45570613420519 0.825515420667378
2.73468054014738 0.930095786090732 3.41471096175069
4.30431585933683 7.13105104113913 0.333517437884422
1.42660584216773 3.69942605097181 4.64589071860705
3.03806154782112 3.37011881844288 0.57851036916032
3.8677472565149 6.91941975845909 1.10801926283974
1.37358320287398 5.291456495315 1.73214127604226
2.92698705252573 4.44975249355604 5.3326633527848
2.57022775508846 4.21138600703068 0.725552965129254
4.98581505895059 3.63818062741267 0.743516651470272
3.89098762452566 0.569043612381421 2.15972281213704
2.62170571375573 6.9849537736534 0.347308662547048
3.88640567951667 4.76917682992625 -0.0907798794065039
1.56439746234748 1.1525867062363 2.11158999117366
2.28132056733904 5.47831088190313 4.25663983062218
2.70100803728667 5.19900820294404 5.98733755797005
4.93101670895492 3.70754206386026 0.0285146698539808
2.069466633341 4.7411105532883 0.33082679336358
2.28329145162649 2.18933383352569 4.88563113293028
2.88721247440837 1.43615557469647 3.04935264092896
3.99873227249834 5.45274318231064 3.75859764545363
3.43369994250326 6.798135279747 6.26703913777676
2.87188407209539 6.41302312678805 0.787137141011642
2.98892534138787 5.35945881090265 3.76491442577947
3.22361358645908 5.60204464389514 0.240009345170654
1.31601766401986 0.363888559434984 2.10751200886091
2.8066192520586 3.86055236446999 0.181838109843971
4.68573690464939 6.94007905575474 6.81743729302745
3.01956970007013 6.93111264318423 0.369100809472015
1.66991859019524 0.324712941323129 2.33045808263318
3.19560439364226 6.748482276289 1.90286291139363
1.57938618345165 3.7243886673362 4.53311421138697
3.64034559405574 5.44586178177815 -0.380034272132118
4.4095910150125 4.22134579900104 0.971182042034301
1.65332092151331 0.202868438659945 1.96096603199509
1.86413047374303 7.4374262946395 5.73162130203059
3.204924382708 5.38230517930135 1.64783828692558
3.01203066937983 4.17099466490777 4.56682299027814
2.3812609421719 2.75282347466379 3.4046826674412
4.39459313416835 6.59163226754219 -0.123635609076901
4.54325671541727 2.02609296558747 0.737159206653069
1.86938268953935 1.03442607554398 2.65989517560752
0.790755086482154 0.420703104661179 2.70437958579115
2.38023189669529 3.16370586959609 0.743631725578329
3.30463057428258 2.34429548164662 1.79456941681118
4.24822223898543 5.96285149012911 5.41493042238021
1.8979313839712 2.28430538089252 3.99421930024475
2.51602258214674 0.363004164288544 2.70132240239431
3.47076912204757 5.01431600909168 0.87013625199294
3.39944099009062 0.845928863974494 3.2285725370596
1.66451784728941 5.96596690208418 0.191724558147228
1.20782860774326 6.31722369546293 1.03204522328583
4.58848939961334 1.09709876215478 2.81593902372814
2.85266830894605 5.071806457727 6.5123072350037
3.03445595767936 0.292529883275003 2.58233803663924
4.13480402922716 2.3167827901555 0.642437555598459
3.21118599881454 4.72126900254805 5.78200064518905
1.23799173290896 5.40603775253538 2.27890941963137
2.58369866021183 5.78932046381984 5.34950818439081
2.42964885814769 2.79109163553905 2.34020755978239
1.55312264181618 4.25787370868463 2.30021054583675
4.27381120091103 4.07489542882463 0.213461140858901
2.7629469360942 3.93317369039651 1.3877619992087
1.76129373130366 1.81702874414873 3.54696951743503
2.75054922603405 4.15708650679022 1.93398796358744
3.26353744015279 2.99882100500436 1.31374444386304
2.06004614049971 3.93384128591599 2.12864270395251
2.13128924805335 3.62511049030811 1.18508945758723
1.58622962027585 6.93398162879374 1.72882120953016
2.47549529340692 6.76219281846697 1.00154222293587
3.75064837646153 2.78083776417896 -0.306296227515061
3.51598995355503 0.149629219924757 2.7018333344849
3.19326816707183 0.47600792763491 2.16193375213669
4.36126149391611 4.38591920518732 -0.109109692199924
0.699556471750433 4.97289136955102 3.64199491601936
3.55016081290284 3.88015284117347 6.08154746037661
1.64254537395508 2.84945528202324 3.8519488086343
2.1923160007858 2.21128250674658 3.44643912843321
2.84313262858983 5.37015017748296 5.63165509019986
3.96420997885631 0.998092750686927 3.37091449646275
1.79265104207956 0.81934934717727 2.53049873063877
1.46282673724816 1.33179296423738 2.91504950911
2.17776643025929 6.05254145436339 5.04938962146005
3.61914290781526 0.370781707771109 2.47666133836965
2.81427128446195 1.62559085226155 4.43860888816992
4.02766562180996 4.81891163446576 0.277740393647444
5.28032746899185 0.158290942683732 2.24162834969794
3.0845940479712 1.33739367749235 4.53645551551414
2.4535351539856 0.367258554962525 2.23269226058761
2.49328830888456 7.01694685292836 0.641901790933285
3.15814964538075 4.0437118963769 4.23795821692934
3.9852378759317 6.80650109082501 -0.0994610122386361
4.67469849676471 3.54305903570956 2.86694018572945
3.25433855537559 3.0990803907318 -0.127251152281378
4.24111486422229 0.318544463789179 3.65008690279467
1.98657932134146 5.91087078941661 2.24512586533284
3.68272468644245 3.51634402228231 5.00175221859338
3.71481378878268 1.25599255448098 3.99950475360057
2.17588803266488 6.86241713332356 6.44107622478123
1.72829213829557 5.38783010565136 0.583137721804538
3.08207101292526 1.32939787338237 3.51788948114784
0.774117403432904 5.08761360432597 3.84501382202934
2.15732528344938 2.48567666591722 3.90644756319847
3.85010331818673 7.19601627692031 -0.489497071735607
1.66921222959808 6.22477484586601 0.592932533223361
1.65735202359179 5.13817535428976 1.72348058558677
3.21246863967577 1.13833874627712 4.0193230898187
2.45596854923485 4.92958774318645 2.78572198132777
2.79835800433198 4.91834973024893 5.66381402277899
3.16773938291093 3.61603495671674 1.06916515485255
3.65269958304533 6.2187225743288 6.10830219432356
1.21612601083931 3.0810911949534 2.88787106123818
2.43823343035568 3.29462362476143 0.466437230151417
2.48040269508523 4.46347276442517 1.23554091404473
5.6674259921863 0.252101813151987 3.08639277066669
4.60807833143459 6.30705638989178 0.287070397000037
3.87042823729676 0.0683729077437478 1.80993507554061
5.39695092360083 1.18902980260347 2.87954109368264
2.78697523432632 1.10901721848814 2.93975970476635
2.79227692672996 3.53294533721826 0.129091395680994
2.9319987824218 5.51574091877245 3.97871285267733
1.94603234014686 3.78386678342651 2.09911688845949
2.56212238130721 4.84931544156957 3.94463614814106
4.30369584668585 2.64034998337718 1.8722829256758
2.51385425522056 5.15030895208225 4.4456656728498
4.45143980191581 2.11923831708218 0.49582376246236
3.79895179550029 2.69997754366121 0.713857897218177
4.0292814276687 5.07187156606417 0.167358889688933
1.87107448498565 6.76126450429371 4.05841294322266
1.18616654355272 5.84741124292791 2.00846646938734
2.34486948832578 4.7114739480204 0.582794482193812
4.00904181540294 6.2901739245922 6.19741212067826
2.24575752974438 1.271026424589 2.23497560081906
1.8590628974033 0.685571434243594 2.17826699293597
2.58769505771455 3.8018161275016 0.904396327693566
2.8711632323708 7.21344446079935 0.634442806443465
3.14907778020831 0.662470947544993 2.61765993362792
1.39000004326658 1.89743680896434 2.6546611565997
2.03723987445765 6.7285591871806 6.32882091790249
2.73456133614859 6.28887899769938 -0.0191948438374701
2.93381068389899 1.34577557618262 4.07748803534847
3.44838060852367 2.28808508518997 0.485483061415384
3.74127216623959 6.05439474300066 5.78422264769924
3.4083036464607 7.37971753010557 5.98359021934347
1.91466094014888 1.2131544816879 3.903151486207
2.66558936022069 3.77028773432678 0.320644997394698
3.79402239995263 3.58143641873039 4.87237638761291
2.72310442446074 5.70656282937919 5.94089959854527
4.12656625695011 1.02197661436021 2.92062121681089
2.86773072712134 5.17794897987591 5.71918472932226
2.68433544878016 2.50537384764209 2.65149232172961
2.56455508221725 2.12768744533894 4.19108934022535
2.49514516984233 0.314158439245995 2.53398444622106
3.90506297170985 2.85944522228404 1.14950986369013
3.18983527427813 6.56959732110374 0.743247986740017
2.02061338252363 1.85214799840265 3.39412325959213
4.47310730649566 5.75793800756584 4.73089876688369
2.87499669474695 0.174867376978462 2.58509635935183
3.47009424712938 1.130774751321 3.90992430002815
1.85408010215452 5.60600302157079 0.527363359960216
3.49493326079212 1.76555782717329 3.17301120034321
4.26719004474879 5.25401545554516 5.88526449460375
4.25504744725188 5.80606545687997 5.38085072970414
4.26188014659884 3.16105229530071 5.11975396518749
3.71779002211197 2.15760566060891 0.848529486754523
1.1955888634756 7.34923044376305 1.25009902496333
4.27377335750072 2.52611614969291 -0.0334057004205434
2.74559396700425 3.7786552338631 1.32779307705294
2.60101447692192 6.54670067681121 1.56559889188446
2.0976052015709 3.5015722988348 1.52715339796593
1.67134554546685 1.27379941345683 2.44186980284631
1.48776024831323 2.9122041087314 3.81540943773409
2.76864831063754 0.621216744635867 2.58331193414825
2.34043266492644 4.20066346886066 0.336555152118591
4.62913498452237 5.73171086241941 1.63347300076536
4.34874783646362 2.69195972621904 1.68798459438089
2.81028407027629 4.42097554907144 2.95728667490349
3.35787769588241 0.47671146929176 2.00109378522834
4.04934700715919 4.99543482723365 0.71945403295227
2.6879850887569 2.43464952634643 2.51598870266144
2.70235676160311 3.07816212626918 0.0458832994247521
2.63658614461916 7.30058660585175 0.70255411797635
4.28643136888714 0.26308806452993 2.29891826225708
3.90301807335126 3.17369507018497 3.84413899146903
1.24461384602444 6.8138846572202 1.09117094070253
3.28955754077987 6.39065119697597 0.937217671979005
1.36017961606409 2.82857055620706 3.2811197363505
4.47591015084437 4.60535224571719 0.715281854432834
2.5241162697077 0.453141699952668 2.68188152120684
4.60851668871459 3.20245912916921 6.00225657767093
2.80443624807785 7.0529733035481 0.261105693419459
3.22277258624915 2.83366717068863 0.504622912264708
3.30883313912431 7.14253726982464 5.55284542447703
0.0151204953085329 4.48103130379789 1.58313072787628
3.08175316072823 3.5165626160371 0.729598130263005
3.9969197888182 6.19546966592206 5.86485054138334
3.83609488222412 3.3647621172931 5.6602691905827
2.92972651739193 2.30004072035081 2.69919594408272
2.63847267385778 5.0628612640654 4.18798207894292
0.446360835342275 6.57169935662171 3.21004769841404
4.10469421490972 7.02462858311813 -0.0183646078924678
3.3766560069857 4.91595394081759 2.99232501342819
3.77743991844214 5.26963547151101 0.0809911867910365
5.18902330190829 2.85041368486855 5.474120518364
2.37720944679271 3.73408501918307 0.802379197264789
3.62632471788373 1.85388850928905 2.0335969381009
1.85393292431709 2.95868229974006 3.65278023768538
4.49128991525374 0.0598300873109592 1.55157954254426
3.72721170973585 2.69035798242119 0.00738225269659476
2.50029766875133 4.4161862385328 1.045468900918
1.71166275627423 6.18933212392679 1.14100664372381
1.47547883086821 4.80919068708421 1.00181446247363
3.85062067131176 3.69614195760288 5.81458755833458
4.49557990782472 0.627708971567627 3.83345939842372
1.95882646073079 0.376571129050848 1.69436098282249
2.13149858756437 3.3178977748732 2.43603475705395
4.22024099327809 6.60587692115509 -0.512859563471819
2.99851746791284 4.54594779392743 5.11577563025024
3.57325451534959 3.17912947039976 1.49086759650079
2.30211068439097 5.06400645494655 1.94819997110705
3.17351156563869 4.26840567296251 5.12042840742964
0.935306300723656 2.68519134607022 2.01342871464917
3.66539105537503 3.4692963839245 3.8838521632795
3.73138033405116 0.494150044023972 3.26863671389031
2.32397639850763 2.50759936159879 3.29707234706542
2.96911473876607 7.26720477665023 0.976996288050089
3.50731329976934 1.18804339277759 3.26232621959081
3.75234296931493 5.81420436694596 3.57304516278535
3.24833788921601 2.93522143901052 -0.0639288199082046
3.09364135988788 2.97480163135967 0.684124094608334
3.97616631834757 3.24058400302406 4.11661335160896
3.09437344215866 1.60902525577392 3.68277598151696
2.73233833484178 3.33663016724177 -0.23404986088307
3.2397087483794 5.61581680878019 0.446457916496562
4.49767711641482 0.794069658369508 3.31167567232981
2.73089690104225 1.92687872576037 4.87253516807465
5.00228938785754 4.96796810871427 5.98232424573135
3.0675051560546 6.94156018993823 0.943951962178254
2.47707266320515 3.59727826333244 0.299581810309838
3.26207954525856 6.09378770542616 1.12766982839393
3.14171947430408 3.44986856885054 1.59861420511595
1.80446828946549 5.51629788977322 0.582300619117037
2.19274578170612 4.82666681455696 1.08754490162032
1.25138255027833 2.98065545836665 4.57976197980595
3.39911271772066 4.34628700140945 4.47028910540875
3.41408949189255 0.221324791448779 1.75969954862696
3.73603554839805 2.50445235868938 -0.390627923099624
3.07708194609716 0.883668362689344 2.79702580974924
2.67826727254207 3.63160823580859 1.3822403986419
1.71436524868111 7.19870579321868 4.44579254660025
1.40219723044227 0.721907659591607 2.51261586418007
0.365695713068459 3.48201938410448 2.79360111899313
1.64038460723608 4.33186111459941 1.68393245146648
1.49983539068915 6.98020009584632 0.356749857521502
2.45420896998106 1.8957033854558 3.6882466662911
3.08259193013131 6.98123010583178 1.98232119602986
1.93739131974816 0.727678336786929 3.307123299988
4.72674743904923 0.0793055850134738 2.08646295705878
2.83722805867541 1.24628268801589 3.41665996078496
3.35968994786929 5.26899218278001 -0.154538039052079
3.37141768956306 5.73544492330022 0.367093746865631
3.0831397914194 2.49474465961507 1.59328701879611
1.09508843536276 4.33186290852396 2.83727507197705
2.68781485139566 2.44964424145623 3.25286692506394
2.1234314907161 3.03291117736731 2.79622643639192
4.52639732053608 0.651340091642683 2.81867506500347
3.76580746290899 7.46520315089745 -0.569624713168075
3.65935224662351 1.01682013325733 3.23453615488632
3.3172867349435 6.90391307360939 6.23434061305614
4.16322231208049 4.52773160159131 1.16165457580757
3.21055419963513 0.0046423284038255 2.51085688790853
2.62157538251698 3.10224492862009 0.321534471793569
2.32691881632317 3.11761352954696 1.82439286615583
2.06975266787001 6.88617276279629 6.11624468339408
2.68949647790668 7.31973507406649 -0.930337685680102
3.35982148457235 1.64548452270909 3.71910152328174
3.95411432214356 6.93741865500286 0.257917379335128
2.4494638506227 5.94001635999441 4.86515125094571
1.94577990978431 0.78868656305536 3.39145035611261
2.83529893926483 3.25602883490901 -0.323374531145906
2.16464187504782 4.27037483761581 0.44278100474767
3.347779552541 7.47265451423479 5.45815785556131
4.7738470067778 7.40932262175213 5.06723836889918
3.62697132220258 0.960085680005125 2.66216813064775
3.74128094642148 3.84091625214489 5.85455379386381
2.96497995841513 7.3506789294443 2.27762506232821
1.76325666038826 3.76380379529085 2.83286274871419
3.10391254945141 6.26666916543359 0.546997030907972
3.38406182967611 0.820583726719959 2.95261977389451
3.84323551944743 2.96708485089843 2.16071662484191
4.46759814465079 0.899269593229237 3.65784692578326
1.97884548822719 1.68845110358159 3.2277317636341
5.64981500822569 0.966904016062232 3.20311840947947
3.65516361822673 5.89113683245389 2.4288361824741
2.68372166856477 5.17682855769387 5.9502564808056
3.6982913844017 3.97498042485487 5.3651252416817
3.37226467446534 6.09518821086391 0.42020068355325
3.31992255682282 7.05539693350014 5.68436028851508
4.74650047168989 2.8321616354763 4.71987363596562
4.02063747442153 2.54458807208896 0.226841252515494
2.28583280450646 0.709071777101568 3.61249876793306
1.82509449855553 2.34057527876404 3.74910850273011
1.42664537253241 7.05100303059802 0.501081134726503
1.3084127584257 7.21830759137362 0.514039515804414
4.9432418037593 0.313147651253984 3.11900683158008
1.49918578721362 2.64885058891584 4.74873984457583
4.49653456196158 4.37176060989853 -0.0658770841100231
2.56963733844402 1.65285598935771 4.90630624856161
3.37531773174429 2.43449052081986 1.22993647345674
4.09421021531277 2.08782391558651 0.470007769302814
3.72407908042506 4.55151197852476 0.841463550314507
3.04576426244523 2.7125942141728 0.547048532233268
3.41826649460218 4.85523666774215 2.8954851740076
2.71429688107692 2.64449100745504 2.17512187031172
2.37933668653947 4.44403671521298 0.39087151560511
3.5471682557368 6.18413508224842 3.70225508742329
2.63739157770512 5.51412834511177 3.97810404121399
2.21153539524443 3.43975198652528 0.943943022154669
2.83613846348011 6.38895612550656 0.319079143667931
3.68019441853509 1.38360375711087 3.64271986210319
2.72988839635225 3.40106126589776 -0.294553880067605
4.86915007160801 7.41610151960211 2.8010742928861
1.22883968101785 1.0756833221974 2.43842926049281
4.08216134301061 0.279308085253844 2.19516101418756
3.36809908266991 4.800136281022 4.27946862084669
2.79241565771725 4.88107422349066 5.75483850351934
1.06831059471679 1.83357252459155 1.78448356750239
2.89657991577974 2.66881536904474 0.828167653688955
2.76974118264814 2.77551380847117 2.09120681593472
3.77140140829781 6.17082688900309 6.3018887826651
3.53065065928156 6.68562505399337 5.74990562587454
3.32073786074377 4.82531570524559 3.80633589552625
2.77566884989642 7.01534467041214 0.323650136899411
3.65718721109757 0.884317829399865 3.15454172790422
2.81014814399424 4.24592004897415 4.14327444989921
3.23677396571568 1.2868660281052 4.01277049993703
5.02920849693861 0.130379096241561 3.68720993243576
1.62701561278841 0.169966686378132 3.2530384621653
5.54249572369521 4.24931094533998 5.84092952018057
3.3786253857975 6.16605306816535 0.435905742397942
2.51232679236775 3.6808612392545 -0.476957450188487
3.29601438916986 6.07011077214325 -0.0421958779808127
1.65452648840986 5.81113798309681 0.502656352774465
3.19564114165645 2.35420520438578 0.846282515221179
5.28004785005396 6.7684812264195 5.71762405511969
1.88974497449558 6.68008926611286 4.74544104476377
2.09697524892772 5.70281377088428 3.0059120313822
3.43585174380399 1.08429550635083 3.4355049438017
4.97802397550024 5.75064273123722 0.610901194720829
4.97963463920916 1.13201250012091 4.38228786783654
1.53248396801664 7.29314778685425 0.355940090173272
1.72336544679307 1.32497775633458 3.36226171053027
4.44099728046748 4.2073163139198 -0.435583050674753
1.53854907229608 3.47380727075649 3.8730939572833
3.32375985291156 1.01058726377913 3.48051764771543
2.26200067664392 7.41564537033488 2.20469695100281
3.32033289994374 3.91518919766437 4.45158430480951
3.67408981276486 2.6405904298686 -0.036715070250583
4.20809981558378 4.50818658609797 0.211650910029965
3.88395422310144 4.15653523276768 4.22439924236837
2.48726502762959 3.91162512056733 1.5178034027938
2.62718842213658 1.29589102335557 2.29024652651464
2.91198437840217 5.67951020491275 3.68555653469196
1.78078577711689 1.71888900833957 2.9292296203712
1.76274640089025 3.52366222215599 3.04407128374842
2.3006876022839 5.38557118110283 4.65205622207699
1.90619425328416 6.64620811605129 5.34029633406846
3.46635300068596 7.28248852710424 6.82796261479477
4.12229707018041 3.96318404202946 3.54293259993219
4.47487871756366 4.35409400269797 0.835610625788312
5.24210118762949 3.86902338184648 0.591782481414966
4.22101510845544 3.14048852903353 5.55276528532181
3.42536809455602 6.99842110586544 6.34548317856366
2.08104689577307 5.54291594998677 0.900095601376718
2.75318056012162 1.37229407861986 3.69410662778608
4.27844328426816 0.158905545806197 2.09021550505103
2.17814608081385 5.3489877800782 1.51992446513051
1.78609906511446 6.41676652730016 1.82575293273305
3.18000459602567 0.859756173227264 2.59250952403838
2.25703594906802 1.51642932701693 3.37403244162823
1.61943776942747 1.97894565809189 3.08175897324993
3.74117000691716 6.90258334772113 5.76632031325948
2.60456320775612 6.33409898971056 3.96932900189206
1.67144244127451 5.6051373647954 0.651370690222788
3.57016548766063 6.32257355039679 5.38487230752391
3.53753663303952 2.5378358413907 0.0688807495853545
2.84926470627742 1.61519092465195 3.51628852832696
2.7522130218893 5.79407355453509 4.55487290375281
1.47717737700994 1.81437126292194 3.08699928138776
2.59317839185431 5.83695005207897 5.6956121385356
4.35169312933781 6.33247231439492 0.0979041886973668
4.09301666288222 5.39826960871237 4.00058613606438
4.53433137301748 1.67635457875935 2.20604970453623
2.38812482322955 0.162307920163373 1.35380605389798
4.91987215892365 1.23535439486783 3.66084413830928
1.72175345329247 3.46515664185372 3.20482369655726
2.42711025024777 4.52574790624733 1.10396646272276
3.605272178682 0.078521234427587 1.425934215273
2.09953499427153 4.38054997923192 0.273637665600279
2.99636082163228 5.91309159111178 0.890533824992238
2.6828036525487 6.9542740148093 -0.107138604382301
4.22567220641091 2.25278728285674 0.342108636225277
3.26996380051953 4.71187725113322 4.22106898404095
1.83206237786591 6.87873984490233 4.23362192846416
1.34600949378873 5.19512837031563 1.51438566805829
3.0051106020362 2.38330538938365 2.01326080706493
3.39435025466906 1.81386138801341 3.41574135390135
3.44143881258903 6.6779253476634 5.74218350609674
4.05083487526837 0.860949158575348 3.19219096735299
4.21216564746044 0.298006958633333 3.317306202715
2.6811468537872 0.751248613271326 1.95758745172021
3.4842366086412 0.787990684071809 3.25292446339351
4.43340596306599 1.945037456961 0.32037581861195
1.68335243277577 0.373285048988586 2.54599016313578
2.06392980204271 3.40454060210943 1.60112134314622
4.99411544259474 4.59554316950334 5.81950798529806
3.86597299773376 4.06470746284129 5.46902061211162
3.13671551437158 1.88695959019751 3.45369327815646
3.70459964536359 4.96180220252166 -0.00804199363406291
1.87238015550757 6.53561094317868 3.8786183308102
1.21539656371156 3.08328624628982 4.0730632643846
1.82314956481694 0.38126428285177 2.79390930685644
2.87167370732061 4.01733581386191 1.46094299075481
2.84646390029514 3.38214958181071 0.462815342989278
3.42494007322448 5.63835341484173 0.205372053500384
3.00823767918783 3.39121610726384 0.305970343418492
2.49838669423425 0.89280946510433 2.95360179619756
2.29021051758599 5.87962230286843 4.72725368902227
1.96483306131365 6.89373845093024 5.40534311224195
2.11836319416651 3.86626514411758 1.1703999388787
1.42289910859082 6.36432319869293 0.342147733048164
4.45535113610849 2.99646888826846 4.44143724466452
3.51402669342965 3.01533625910263 1.07187122138854
1.95771712394762 4.21278975809761 -0.125039984045459
4.06218931221902 1.57071004098023 2.97958993888829
3.49045397305536 7.43813156311576 3.93716546584465
4.25038172883033 4.1987840170514 0.657641427402016
3.90786814246841 3.92071114912238 5.81020751748019
4.69046303006516 0.287621662942035 2.14951811241177
2.05874383788916 4.73645091721756 0.641621999922216
2.88225014314567 5.92968567313417 1.20717377017741
2.42637520677014 0.126545510807379 3.37623128578056
3.33451575129539 6.33994757851064 1.42385851872428
2.6200261537628 6.37312811202286 2.84444683436109
5.17336191058648 2.9765244526639 5.74108326052536
2.99646038853504 6.06365406709817 0.112250536918771
3.05985107155916 3.01436817717841 -0.0984765086154955
2.61634009762074 0.680272688486431 2.19621995834571
4.42449546286979 6.46238713720039 0.543165560622024
3.30560927701138 0.606765132704968 2.99268715810498
3.22892525326927 6.66541005270003 1.85905564022708
3.86356584564713 0.199490436211403 1.9020589093876
4.30131651635588 5.83947948216101 6.80804711568628
2.40771568878114 3.62063528476986 0.0797544421604803
1.27602058050839 4.40959278369613 3.42472922348782
2.38348809631971 1.37596013679635 3.90062407953318
3.38255017905578 4.58711313219127 4.40178764658669
1.92025721967887 1.8340445415684 2.85930569372224
2.94696106309537 1.09033894414641 3.69632097402852
1.41578812618469 6.90231824874188 1.17886854780094
1.30299763807979 0.793655251954266 2.30448917762933
2.20021763822826 3.92795702886831 0.44134856355708
4.47727853283237 5.09929087173072 5.68375522232598
3.74498834731845 0.624082378633514 3.6099486577419
3.25004031168655 6.49312186634548 0.0886269344053604
2.61111416397345 6.18655597359558 5.12345367802259
5.37828482113215 5.64365974337078 -0.0379769714001342
3.36626281145386 4.73074404084088 4.52095388644026
3.66829856495597 6.3981336830824 6.01397839659253
3.39759623351788 4.68731622312513 3.670576929051
2.47606866706614 4.06210196610587 -0.362823419960579
4.17492791554781 1.30319347963827 3.88238378249896
2.46606770525792 0.106477803173636 1.77328600521126
2.22440101899773 7.48316171091221 2.65556212095621
2.70328445806715 2.51101445139584 2.62665058576213
3.45983240654839 0.210798806489681 1.66325239176034
3.65332542689134 1.21346050677517 5.08324663211079
3.53314738775813 5.97262709685389 0.283176902286227
3.48975094195552 6.55034092145127 6.16392457637213
5.16622687752579 2.82885695503664 6.47602092718828
3.36750042861441 6.5639914035757 4.89285265921393
3.71196450135997 1.23439790453479 4.07543290849008
3.03208447292888 1.6920064386057 3.92363003531894
1.88214720153357 4.03540895104424 1.45239489824768
4.23307975977505 1.60758967760763 2.49373294547949
3.25210486041962 3.51196441441771 0.472999161075448
2.62921357492891 5.55189699766934 5.24624951347957
3.83924824341246 3.57551313391129 6.1066087086654
4.29001301233021 0.473639449515596 2.47768005597019
2.48799057772393 4.39056553263448 0.309231474404696
2.3844911246891 0.164977887370565 2.25981174219369
2.13801790170654 5.88124301084102 4.88883559107036
2.08611688885427 4.27930679631829 -0.365538276702987
3.04892863949297 2.31749824763857 1.99712817401921
2.60101930549559 3.62025249701421 0.443315601265983
3.5403277378185 3.2146845913129 1.20422623363139
3.1404140758372 2.73149833458275 0.752347763818774
1.50242130364285 1.89924685925632 2.75446184179105
3.3417021339303 3.71679066635701 3.52767919791949
1.43806969229044 4.29865091931999 3.21546215328615
2.76132465238376 3.59493657972944 0.292617109046573
2.72133274411478 2.59025564260135 2.34057338193718
2.96355422390065 4.03994641687083 1.92757401920189
1.94761935300571 5.16022258897297 -0.0471748987287031
3.30487241872948 4.77919650007026 5.44861980979035
4.09481794082609 2.54261276038102 0.782064970809896
2.38084086680187 5.24048400344313 4.09964490645695
3.04394977086238 4.00796909822734 3.45908446864735
3.14511871820108 3.31624156387646 0.560704429178606
3.79237624699224 4.95951965144106 0.419380199377158
2.94122626655304 4.10493129088807 2.05521496842144
4.02766232039521 7.18176634821979 -0.139263547121624
1.82557479823125 3.17716821154396 3.85356035904901
4.40632418454421 0.891132090000445 3.27556469119353
3.34046101246113 5.69471550266665 0.268301926147218
3.47770258205223 4.04692312373654 6.8218807849691
4.74044291493418 3.95781428533082 0.123488236922525
3.45866177141326 5.88314807879384 -0.3729473051623
2.9476521003254 6.10528141843781 -0.0420640693212191
3.92104586232526 3.52737426476437 5.2736108652854
3.76268892093259 3.93831228116417 6.04955355952326
3.75943575169274 5.65103174496549 1.00272681282799
3.97464874951555 6.48415663718408 4.80887732431854
0.820650104270625 7.08217396725329 2.84618888674829
2.30168540405408 3.3697996870028 2.10105754044728
2.62498965093763 5.67695432858214 5.79190808068534
2.63910462059396 5.90901378050871 6.22240017253772
3.45024813074363 5.80301027345164 -0.118081784727525
3.88788886992903 2.65720264508171 0.268742931907468
2.78102724730386 3.94451567353223 1.03798804366821
2.44763314746452 5.06525372024575 3.5963821458586
2.38770111539508 2.37725681466218 3.57050676592774
2.2372590803644 1.11814314737558 2.17265281199627
3.38087810310054 0.604727486159089 2.37681556659373
1.54032415824509 2.86070721469231 3.74707923610763
2.14299210150985 7.02561008352014 5.82949103573182
5.01362172053759 3.24000146377787 4.27098994677617
2.33182353661322 0.0626798675236397 1.55458922026025
3.42739630191156 5.08705936598937 1.47743262882221
3.44099936172069 0.174435149244196 1.94871752920961
1.22200310117478 5.53100599747259 3.27591499459429
2.20041038356124 3.75204577611471 0.390997703186101
4.68710616118139 2.02173771916485 0.304108594232447
5.00146269130511 4.00985896096718 0.243607201545645
2.56482730850078 7.08730811202651 -0.00559495723000483
2.48198872428574 0.437263590072418 2.42344822307847
3.66473963476765 6.95995273421683 7.06961383482665
2.10964113962081 6.19142405612126 4.98857611429923
4.15550280045565 6.61677125360854 -0.144891866576244
2.9568428946581 3.23084638578532 -0.548105880234792
4.79500284279992 3.13378669712719 5.47245117716904
1.22107734341713 6.03547269530079 1.25007621074912
3.83189994304539 5.51908506691082 0.489751780880233
4.59197550941282 2.29166900103375 1.12533947458049
5.08081746993311 5.06650012784413 6.25568544304679
3.94108466103713 0.28325455592748 2.58945521303569
3.76021637475905 1.99261504192228 0.0473043158460953
3.92677251575162 2.94000807851221 1.08667412638357
3.60493262573055 4.10163268124522 4.56461941067444
3.53363700890374 2.94607111888451 -0.226736036902359
2.89287964887603 1.79922071296496 4.11172357000572
3.98904032513781 1.33671046856538 4.32943045835594
1.03626604885921 6.39086916933528 2.97154050500661
1.57979448376329 2.78413943046402 3.54562601833277
2.00145230305486 6.93994633664715 5.88580631667201
3.713496432927 4.5103779868699 1.96424542747172
3.1969001003388 5.20076182972276 2.63443844490542
3.13908286138199 1.99359890005073 3.40446116442099
5.39219557833249 2.50054296783803 5.73006591515511
2.70111044360315 3.51083912550697 0.10357665549303
2.98474771855795 6.17786678016906 0.925689467279255
4.31039861475834 3.59871894360608 5.2139545067733
2.80003808310213 6.93786378878088 0.296067877555724
4.24252040397459 4.60756811684336 -0.0549572444657594
1.5533404032041 6.80002494096767 0.363906403466894
2.00624520243694 7.04154505198299 6.38683911554832
3.77790589359307 6.24175719613489 5.47293552826455
4.23666398138204 2.72224331305584 1.2516040150741
3.09315140920184 4.84752907109906 4.63962165711974
4.34522564022125 3.85402290848603 2.52938899683454
3.95068571319635 2.15067379519792 -0.430106693114265
4.50958810346299 6.52022731282088 0.658528157235535
3.27379160415204 4.1461239703468 4.79963738965812
3.72033374651215 3.71013407191861 5.15736077188157
2.82358094190874 1.37338157663045 3.51918727961874
3.71933104478252 4.63808545224747 2.04232738700914
1.89648285590522 5.10297445469865 0.109451081563109
1.83855799089562 4.91217490838786 0.0413473756882289
2.72003248964035 5.05153831697033 4.96987660476709
4.03109698554282 4.91582943225796 1.11042435746679
3.81231772583957 2.61958594659072 1.06438482366588
1.95212486553228 1.28695307656017 3.11321463407287
2.54091311243614 1.68352982753002 4.1931316047189
3.14847312652769 2.5235862872007 1.04733679575792
2.8458088739147 4.60136211104622 4.86389750262611
3.26719804123173 7.46348793514875 5.39404753792457
4.28559905320484 2.10026670650657 -0.258520116291258
1.85322723337243 4.41411821926642 1.14478951840819
3.47614454943409 7.23116469898303 5.28989629301383
4.22615270734875 6.79279126296529 -0.0325636221114049
3.48744449004039 6.63086995186262 6.36369349517648
3.45104775622881 0.0765344047374361 2.49451959153745
2.7629924459445 6.01529079324506 3.13888357012146
1.51847324062521 1.36328319014179 2.62124058680823
1.60676954821098 3.99865305196043 2.71550063280172
3.32245489283351 0.929178500547003 2.59644088017653
2.15844175220185 5.18729199054164 1.41014929548302
4.63504359851544 1.50158874590899 2.37279693680703
2.26105644321853 5.03746232624532 0.711603488447681
2.96323063199456 6.55052272774113 0.237548774377299
4.01308658759325 7.17270998491476 -0.318918067684239
2.33038016917666 4.59135218016757 0.535793188207623
1.94109091057523 1.56709754044356 2.81400005838332
3.81412628956561 0.456202815822107 2.13632760260584
2.50770386540451 6.20071231862762 4.88406034200329
3.31815183910642 4.53624337846384 5.76965778802517
2.17659832966994 3.72708845741306 0.0548848720349948
3.5717273804155 7.10894769201085 6.30179938087875
3.91738132117116 4.64646333734876 -0.905310431369146
4.23485925260742 2.82055527690265 2.47112984845608
1.80821437568436 1.25732086384113 2.67235283390153
2.26115880497505 0.998631472951751 1.71015209800619
0.995735215575253 5.59722870962113 2.79248916473616
1.68759265078054 7.47627578537883 4.32337350477964
3.41870138178612 3.13588629700986 0.0629386797926915
3.45954604322217 2.72815098680984 0.27046342786791
3.32033728310163 3.48839017322623 2.16721952858232
4.72109954528543 5.43298513369155 5.36605641411176
2.73833934056256 6.40581127221417 0.628869731207577
4.63919001101764 5.00570659521486 7.10468880851841
2.64862790719142 0.123536078347525 2.05881671123467
2.6044330810475 4.57440270894662 2.48128496628671
1.21494756110385 3.94426744604861 3.97870407050011
4.01900587432614 1.59897718561104 2.68427151872986
3.68490858017005 6.29660706546691 6.78708999121025
1.96903112636883 5.08566086779728 0.614474594304247
3.66325798949571 0.108788064585411 2.54839905523541
3.61980888392271 6.48337953393495 6.18316046173281
3.57352630888095 0.629281213280794 3.15817729989716
3.81256385495785 4.00375581904741 5.52172053867658
1.05034757554392 2.50396676905999 3.75966471471376
3.27260903538598 3.01074713108223 -0.0261193567645688
0.879400181480593 1.72592634720107 2.79146929149914
2.60405001040272 4.78533702601507 3.27318235057069
2.70210177947513 3.90093408790366 1.18290261340578
2.16735910703591 3.57868623445036 1.79849813232679
2.47575661402471 2.15200181965041 3.74653393831383
1.74758075111538 3.72341925236658 3.156286405075
3.26025528747553 6.23872440501442 0.166391691356463
3.34258874715651 7.3386369130071 6.44285568575417
3.28614506622827 7.25215641154822 6.48600199382769
1.18012957312051 0.537837180693638 1.2730758300805
2.90781204429965 7.15884942995909 1.21585615898546
4.22172995085047 6.73786930309786 0.240502075277515
4.43534957898995 2.85554210125966 5.53222911969126
1.13030837362792 0.735941407082864 2.95042057540718
4.03599441097148 1.72370034047736 1.95464378528419
2.71763397404395 1.53296634745578 4.68993386106214
3.65363418095047 6.76146076251451 4.90271557543944
1.27738972899916 2.67480603993593 3.08193359585094
3.70460334434158 3.96796458153329 4.24443141086612
3.74467747055075 6.74693163170943 6.06796457487294
3.02028013475322 7.0727159356423 1.71695014214154
1.85416927666919 4.35912285886227 0.542990523674234
4.02407446895963 5.92601398006687 6.15474761682999
4.13735053843674 5.8623977127945 5.26679307078291
5.28124727976383 2.51659288007083 4.99482139235405
4.20392942518213 3.96755950110364 3.24406167213719
1.0921034443439 7.18759670763583 0.940946001279175
3.37024216378411 3.55216854108023 2.64633731415526
3.68125220132692 3.85520633890005 5.84226399477718
2.55088889835527 3.81048357826845 0.262063989026632
2.65726393844064 1.31547174248914 3.21751488136502
2.49664088171397 5.99635408301274 4.73049347102844
3.54874840076646 3.63867588085194 4.79199925141768
3.7583494366423 1.36608440751159 3.82547567466952
1.48916047624039 6.53861308978651 0.0965282508219551
3.35177771378476 1.33322504476341 3.3447377962681
2.1779391526846 3.87946405045334 1.50122566565228
1.40058159975144 0.459749367512775 2.37339782662815
4.67541975335589 5.80487061773291 -0.263820024353193
2.72646266816631 5.29493694116455 5.1317155028139
2.27158196792843 5.81435613911872 5.11582918318998
3.64427141650564 5.59290035244804 1.32174270577032
2.88166904365383 4.4360032347067 4.52502165211588
2.46093992299422 5.19959966750674 4.28194395562783
2.203580399216 4.17645692686031 0.679582778916337
3.8109968721182 6.75040447010868 5.71433742834906
2.45636801109115 0.366654664361876 1.62095180206153
1.91341762240395 2.77317187544956 3.82460911768175
4.36156837308393 7.10634545167288 0.77380529118689
3.66715530592079 3.79282048355029 5.07342157959336
3.57800049482435 2.13225587113206 1.48046979175642
3.34223668315657 4.70553787442894 4.54016713336849
0.749194655419402 3.77874397704028 3.06350350999249
2.4679241335312 7.07390365423598 0.554497868579289
4.74710136980943 3.74162888409078 0.202440170510976
3.85187484667087 0.230762707447796 1.79239071761638
3.56646973229878 2.17175568298159 0.755687598245605
1.49044806455154 6.17228695670901 0.544481530775668
3.51869303021833 6.40132113557726 5.73468052070345
3.02884670430691 1.80130953433899 3.54810075124612
3.77749821446968 6.42556150564936 6.22866407201334
3.89647044642293 1.66522108194018 3.14770869716209
1.15780905557986 3.35724810626748 3.28488389721525
2.90854972085216 3.15569191380713 0.841620062326851
0.765947139665653 0.128896094075984 2.58346230393487
2.75121394327156 0.462916431273404 3.42560745392704
3.0111514122219 5.93572327435664 -0.0175481539856016
2.54610359770221 0.388535105204898 2.20972633336284
2.93153213809843 6.49248009567083 -0.600455808966749
3.69235878975724 3.87354673236041 5.60988141140098
2.717836771477 4.87318995864339 5.22794034362829
2.62564188330568 5.54681034299938 5.52219735995462
3.22296467436556 1.04224621843543 3.63467551808683
3.34513556671692 5.43604448612791 0.192099006478682
2.10212160338077 3.09484417258512 3.55346452855976
2.95929142907882 1.03206686591586 3.51810823273666
2.47018360626726 6.20548218098444 4.48334584744021
0.492432563640596 6.46809528732226 3.64980966672459
2.96270469330667 3.31444228116666 -0.0174827005585615
2.73486552258014 3.82387963101408 0.601218110161911
4.53569764011045 1.44065054708653 2.63288898276353
1.99035397367854 0.171236371416835 1.04294251868866
2.80219733050925 3.2566391222353 -0.183540465048573
3.51179367608605 2.27588393485913 0.707594247672737
0.70104384472184 1.81671484770878 2.34948088308563
2.68472094059674 2.88287831678861 1.27307706715044
2.30082617343628 2.41318060747546 4.36575135917943
1.82602166457921 5.37919930983758 -0.867514166370463
4.91064379295598 0.0101320367183533 2.60386278582523
1.70401085837866 4.54905321405508 0.304931469912645
1.60599816520018 1.94897926524225 3.94005999159097
3.96351257099947 5.13108087231298 0.192432190116502
4.26055406489026 1.49591312847217 3.00748027676821
4.45462822608651 5.13396282740995 4.86230342477993
3.08639563785066 4.79980245453304 5.68073705615992
3.50585472874668 4.57791028244025 4.61704680301308
2.26509702969765 3.89984511203873 0.145251607662259
3.08899972905841 4.0758698186802 4.08266938074159
3.97568604421432 6.73852748944527 1.66208299054309
2.7555752954692 4.61011087474011 4.07640277988046
3.61213708806389 1.66269619025479 3.01785951023063
2.328609266043 0.131809937983107 1.75237300002217
5.01241262356436 6.68244372669133 6.18705801005773
1.81911836200158 6.93096013890944 3.66733676971819
2.82297724808804 0.358347655890423 2.39319370359709
1.78158580865185 4.62659621429365 1.03312771630533
3.74765582528704 5.53476636448706 0.343681743430471
3.03068642537785 6.28108480123382 0.575718928604544
1.35598122789146 1.34255772743731 2.00797933686472
2.34069961061394 0.57241962807482 2.22870942485665
3.60758115226719 1.38204436127407 3.04024044743934
3.77296746766086 6.67480247827146 5.32994646879057
3.51061880670649 2.15791559497106 2.27998886259021
2.28255340954835 4.27522839132594 1.38311902613638
2.84696249557695 3.83062117774578 0.561776813402572
1.6092570355185 2.24588199970259 4.24083397637361
2.73444467951687 6.33990919067475 1.5402193202833
2.10508669407653 3.50034823251102 2.2328233340017
3.20683068129042 7.44832518232701 5.90578785290384
3.05355085834965 3.67650875141955 1.63929239646019
2.85626865811558 5.26810488332626 5.10093284844201
2.67447008369915 6.10916523839729 4.7777637752296
1.39948176862743 1.65526186653766 3.6615181689423
5.71503808791853 5.07318573648445 0.950134754384016
3.2780861471413 1.29377967165893 3.56503177063563
2.18307881439025 6.69879439759061 5.89623814226731
1.95930349241714 1.4474422429572 1.9573768396783
4.11392004457214 5.84145168708873 6.20232062274201
1.96323064171843 2.28527258408445 3.66688201371708
1.28848922865016 5.53427808677793 2.17890462953386
2.40329512840319 1.85967779914918 3.04071068921753
3.13921235873726 6.85229123287302 2.48823146016656
3.98519123946575 6.96379089187668 -0.591041260177395
2.4062668303613 2.37180599752165 3.21770882053511
2.71732660543471 1.9637275778768 4.3853219462184
3.38836590535141 0.674868540210556 2.59593147884736
2.50883952421124 0.850374470060273 2.65215810087752
3.24956687727662 2.97598535402298 0.456418889568221
1.08878538117026 0.417855147611321 1.51840722054201
3.79141762988372 3.0038486661934 1.3052410885745
2.93208949794045 7.2561280625961 1.25544672296179
3.3513099468994 0.659096392641612 3.00883159091348
3.39287801431008 4.56782088988557 4.60104804163446
3.18368546688193 3.29108168841896 0.671980052332292
1.96011780788348 1.15897145532818 3.14131559313029
3.28024468408903 6.22128865497602 0.448725826506592
1.91551896539703 4.67374169783182 0.574310001356907
3.4918352055285 7.26240125256911 5.43667588783551
2.93580422323106 4.30681343317632 4.92420654079048
2.77961620039437 2.68214456253483 1.16055999178127
2.43122530630033 0.36065900061617 2.49680770118705
1.31376543863607 6.4892543370954 1.49663252013174
3.37619739833391 4.85434255380451 3.90771825257994
4.1183665364266 6.94831309420346 -0.786798763163647
3.14405345138498 6.7250393528333 1.46091927582565
3.63807234563147 2.26474751465863 0.946381951039925
3.39093003159977 3.44193362911575 1.10408989673122
3.95795159607388 7.21910172051023 0.119552138037303
3.48894869559656 7.26935346481026 6.17434013283758
3.17969061518999 0.338373226415512 3.75351540024113
4.09511547616103 4.01233696765137 4.1127057110077
2.54518277073363 6.05935279986495 6.0829097991683
1.8153824967646 1.07037179239789 2.4255675985268
2.57390317274634 2.45413324703584 2.99882543644212
2.18637324127864 5.99647298050858 4.99288929442779
3.94570335518568 6.11736001770493 6.27303819812653
2.96120653549482 5.27027157971594 5.69804893553752
2.40586100796712 7.35563583192731 -0.006169189570708
2.69312189418039 2.50666925931094 2.44614890169139
2.93698655856871 0.42374071772482 2.07358471261242
3.65605377082537 5.42251849831209 0.328409738674927
2.7765608026237 0.83821027675226 2.98098525908015
2.53543279688681 6.81342145999361 1.73494909937981
1.91454114884712 0.816556600237972 2.25008150501962
2.8695033077619 6.10074685871917 1.04860900012842
2.50714449084358 0.579061520199515 2.44231807475007
3.03803943572153 6.27886378401302 0.148908738896465
3.33686408244464 7.14706538964892 6.49658328681364
3.50460256943402 6.38131822901946 5.0229653250232
3.98318321624131 0.526203866804318 2.29812337113956
1.50647858159052 5.23673456486231 1.444842681753
2.22138244198984 4.83130198668897 1.09120959172846
3.84514257840051 4.50227006813786 0.758970903312617
2.76735902331812 5.62617509319243 5.09248758082864
3.81419709461365 3.74577504691862 5.81631150820689
1.86024098548899 4.73089009415159 -0.159893157114614
3.12264470795443 0.441510725145973 2.36575422417917
3.59225999798272 2.1676490194148 1.45197538907189
4.15334570463295 0.30727263001069 2.0593934782704
3.42400649401922 5.37776063387758 0.0460266185716749
2.19760116703841 2.29320843482924 4.13202485867401
2.01592630713859 3.29547417826377 2.32115837508033
0.940816539501099 5.56342605956107 3.78720197617062
2.313677051478 4.69416065682248 1.2117605163569
1.68542141299328 3.88576336855564 2.73943121262339
3.15996998039891 0.625539645965258 2.11274677761
3.10382586439018 4.83013347250261 5.08404788922818
2.8315708599525 4.49489715782106 4.54493433603725
4.69056547675139 7.45317721373603 6.0363691552562
1.53196776524044 1.91113787850518 3.41814331794204
3.8792446869905 5.30988121596947 -0.0330639975600081
3.11798148851038 2.79735566813723 1.01521966865466
2.59267928226465 6.88953110599457 -0.26602199695317
4.46591906384045 6.03292067705841 0.478933223275894
2.0513533312284 1.98091673877979 3.12078884266335
3.56425955238897 5.86030789573443 1.3654933834361
3.64079999722281 1.29314555707828 4.1935184380343
2.9836212830122 0.587066832034495 2.65738704816556
1.7672883676532 0.572203253686373 1.82703298757974
2.87225598320989 5.43722281153576 4.95988720537399
3.45128300764063 0.175700141199139 2.5791826647677
3.25202181097959 7.35395622881071 5.935311608334
5.40092717008878 2.52555462842671 5.26828898746686
1.76257749638028 6.20738186954695 1.16361704274322
3.24756611293963 5.11803680560429 2.76465449617283
2.42236974759832 0.2885640841259 1.49384148790236
3.36124766153692 7.22643638372288 5.34913300706319
2.8515978090651 3.95204798600638 1.25492172189859
3.80826856068184 5.58140953688333 0.824717772338253
3.06145968641744 4.09199775724844 4.41382692492659
1.98555556124365 3.94908260690921 1.88932562380047
3.00941764978147 0.0319936542245225 1.79632952094827
4.81862393414919 1.58177894183956 1.70030519745485
1.5640698420394 6.07772256201448 0.412335372010709
3.40457537223076 3.70579978519179 4.15649804135532
2.63485153601415 3.35914720248143 1.38154237508532
2.50640827625197 6.15416600515889 4.74933981593346
1.53786568594431 3.00536864675435 4.83749660161707
2.72890821149479 5.83411677550328 5.20362044091415
3.3854833205282 0.927887610661331 4.10697933088294
3.33259329190314 3.49754234515665 1.20786714713517
2.283241039438 2.823756446037 3.39860229171325
2.53050806400387 2.50003591873768 3.45372271697031
4.02240930322229 1.95740608252026 1.86262102044539
2.48980963264344 1.03056126088985 3.50380978997164
1.67409737257018 1.73943418919048 3.3911680857097
1.672416449716 6.29494311303476 0.179825583704934
4.25013220309319 0.728557387359949 3.12517275948784
4.13546606741069 5.63363482818969 5.67172533133132
3.06224161493238 2.79216286788569 0.744001115714084
2.57742123594278 7.10783993789503 0.626568537800249
4.00139770162729 5.93496597443452 6.86226301865688
4.1444839669294 1.51214398025851 3.46414697331136
2.57490927851634 7.01838978456468 -0.447841440314494
1.37705739001438 3.610607981239 4.15688627562147
2.59904615483515 5.66424430848644 5.67836161004638
3.48676311042562 2.0380191936049 2.54236665981506
3.56230248080445 4.1297352489124 6.10162800728874
4.08568941398304 1.99616530878714 0.574471431381831
3.96039980683335 6.63188461830697 3.54980168259725
3.29697801287433 0.221031663289642 2.44159089081446
3.99869210923129 1.62655732591838 2.8724372172112
3.30154674921755 4.06273833628956 4.98644311573554
4.67252540391535 7.3145406690585 6.02761664648366
3.60059978618701 6.87702267588002 5.04373646005691
2.04197418052125 4.54646086031722 1.20533771721125
3.90796076439643 2.70687281824319 0.920861115670107
2.02662138906154 2.66884672207217 3.1023912855381
2.17830201009919 3.41688367886565 1.72354050322781
0.897823929136284 2.27678577233763 2.89996383209877
3.4111670007492 7.04718093750301 6.28208625013222
4.39847173487872 2.66901192569663 1.75743828520255
2.59004635536732 6.0179063961608 5.70297367715284
4.22219626144196 1.15422385215091 3.78961564985233
3.52381573670067 1.05946311803769 4.37183367316276
4.35300790949668 0.375679928662984 2.79144210212603
2.8014101132182 0.164501443834515 2.12132819148505
5.15746259827108 3.50572815307807 0.449106321158998
4.19496466709484 4.33112423312413 0.0669068511728639
3.62598966136732 1.92444972648725 1.82481080484172
2.36142152639403 6.00110052755851 5.54721804549342
2.99121321448125 2.98580744712168 0.653820144764088
4.64847952380163 4.21464275834216 -0.0309266016366359
3.47350120220359 4.04817278114133 5.56753839812431
3.83916912831057 3.66621255857265 5.51374208055284
3.12154320254278 1.90972335830099 3.49203520388579
3.76646014374792 0.347365115794698 3.01045317721381
3.52384808311307 2.9279415833771 0.0848034463393447
3.09555124249364 2.89540025401283 -0.461222690794531
2.69268336667316 7.13499381237879 -0.537786229123276
3.65346868311468 4.70861429203704 0.383260753253804
1.73781788680686 2.25421035871296 3.98277754809297
0.409456028443143 6.32390645115118 2.33622837653366
3.87348689616737 3.85043610887914 5.94890248061373
4.15894306283276 4.25716437077096 0.407125415212615
4.6498455632307 3.68496591687954 1.0163898514977
4.2777307824695 3.55098884413714 5.92029426902402
2.99831325194392 2.74105425888558 1.02821596844
4.03947970131587 4.37643926730295 -0.0859159404566952
3.96963615135808 6.45452564215168 6.18974212943328
3.86040670516594 6.41640456467305 6.17206031000708
3.6780173853679 4.30526098315331 5.34606704607971
4.20796369765189 4.66183600820258 0.330788382265218
2.68421620975267 1.64943697026656 3.77011822929683
2.6998481555909 3.35874577369997 -0.323414385922046
3.05384784732077 2.83490053005226 1.84782010727612
2.82637084234034 0.434664006502229 2.68685921389129
3.7887640313742 0.635731873272299 2.13411460763875
2.86795275432298 4.75682602861291 5.8165359065228
3.7946008407241 1.50310856550447 4.14526815936931
3.92600149514571 2.0408312582752 1.53428177830218
5.59260538675825 0.790896764780544 3.31319825951216
2.29229517630861 2.81259881308243 3.12335649240615
4.42345657854959 2.56937654486617 1.17573582655199
3.31944196232589 0.746043786942907 2.1145928472629
2.65233216847374 4.09986526798001 1.22467989160238
2.78074059321538 1.18167194582955 3.66445865538731
3.92515140174661 1.91952263962578 0.672400589069433
2.20267663388734 6.43683644692215 5.28394394747981
1.94457126278209 6.13960269271991 2.34497402616293
2.40280087014226 0.641730596656806 2.37091774655054
2.04454279865969 6.47932807281734 4.89367572848858
4.51625652051526 0.133659826119237 2.2915499058025
3.93329634444535 0.758617105620767 3.08800428108856
3.19630807964196 3.29707190257988 0.186846996816254
1.82872829656615 6.53040069889477 2.18351660869149
2.93234202554538 6.02048732161214 0.192130582553427
2.27187724779101 5.07263495691801 0.451867935586521
2.70217786776309 2.23676119277434 3.5797576067511
1.94912850601373 7.36783410717804 6.14671658809327
2.73849587635201 0.884768087695509 2.64557280806238
2.03480876021223 3.18599832693872 2.83371976248
2.80416262697563 2.06939393417943 3.07536421315416
3.95647491855733 2.13175385777664 0.53609088431918
3.29914983348232 2.22401526685079 2.59581945771622
0.568090009463972 5.48725909519463 3.57205575180975
1.62794313580108 1.24719544688672 2.52262505998643
3.1435594361054 1.18461220633769 2.84703044608548
2.51584160224998 4.92037393801859 3.29640278651048
2.90494708556473 5.36804063700128 5.41467281564965
3.47959623207604 5.66483808648671 0.571427853385652
2.78936974724612 2.11906287748457 3.49693965799617
0.629596817858526 3.6835936987811 3.02832257597037
3.4870857006575 6.54684752372644 6.15701885490975
3.50444650900511 5.74906122782159 0.016769617672668
4.74597494379179 4.52991352421075 2.08326811582242
4.07308733934518 5.3253393713843 3.71152174295421
1.53903351543982 4.46925825490103 1.37894168914442
3.24242194560566 0.823982407752643 2.3767461718446
2.66738608301621 5.69188690692173 6.28219949465893
2.78530986615223 1.82206026821439 3.35510009290453
2.79966242126083 7.43811793865718 0.0746301857276365
3.24498672078388 5.386967440867 0.571783440379743
2.24482007631807 3.88591517941574 0.994079981013672
3.23908231593902 4.90099014411693 5.14339391283311
1.79286170338027 3.17151233514757 3.99732163574633
3.633849854834 7.22198506552083 3.07174751612426
4.24655960135743 3.11416839400157 4.84041231678155
2.77507554071422 2.76089150113967 2.58519927880497
3.70296113689176 2.76360103392457 0.619934006102761
3.41713006587413 2.98731680181836 0.837331756410697
3.03450694253538 2.58315870155877 0.848459969854784
3.60304718346296 5.24939546636099 0.404978463548584
4.64353495157245 2.69256272855304 3.55361661852188
3.24226217906984 2.50599408424425 0.783926205659381
3.42004961960234 5.20131304300576 0.383586123107037
4.59887562317427 0.252514452870323 2.67772142896103
3.81743932327303 0.0324321232925495 1.67410333326943
2.85010971392839 1.87629699467487 2.54715188231377
2.61772478265817 0.940796040370437 2.2032854246569
2.79392500072757 1.96344407868529 4.23039315383607
3.19701670089715 4.82193345112617 4.84451134543122
3.40609730637739 2.99334501663195 0.687616142361125
1.83202638732665 7.38211395115513 6.22879888275011
2.24971527382693 0.148602196445411 2.34185353553249
3.85422321365216 1.62460284306324 3.22756252801029
3.51882374638127 5.80890835004364 0.126812276961696
1.73546192814444 2.91326738546869 2.84092010974032
3.91848581334055 7.12008588241417 -0.282566525836105
2.78342047855452 1.21163051831939 3.53475286041829
4.09711032008297 6.31865432843812 4.26366742348665
1.71848028671462 1.04619160733939 2.67825210731986
3.08194416968048 0.337151419832534 2.15807766021114
3.79300654221475 1.22224204820399 3.63370737186433
3.89795848163747 4.56207207610936 0.0857196555660286
1.58683865502744 6.83284867558003 0.923028222607029
4.37955667424837 6.66094552400193 -0.369111979495492
3.46129746097542 6.93848286298666 5.95914348735158
2.26637565086867 2.65875874747448 2.56831287367144
3.90492544786431 1.29646477978803 3.63191270645405
4.3170947871898 1.24168375363502 3.46133186025148
2.96937775027726 5.0735401677185 5.4811697875957
0.659190466730321 0.440825220504141 2.17796371472401
2.9500185726634 7.31250392753703 2.25731247676144
2.27818245522063 6.13366740257948 5.00978125319981
3.68451207558027 0.511163576085395 2.79207066181925
3.62423485626268 7.16102817725051 5.62758897166029
1.77690066851811 7.00190068143161 4.18006719405611
2.90686888787351 5.3493109165646 4.78099565727574
2.37458167797684 2.12049163005948 4.2020230519302
1.97846907266122 6.11896419473139 2.27658380626696
1.9634391452712 2.12739306954252 3.84361161238442
3.43030813371723 5.92610690116586 -0.498122932828234
2.80994537955675 3.54891957281597 -0.192209702255071
1.00750511889941 0.399421247392234 2.78626159736816
2.5943987484787 1.65208973697434 3.53472348983863
3.21727543603667 5.61253391339788 0.00554394065775185
4.08054004633132 0.212402600824857 1.95555013281473
2.79795824591723 2.64128909310257 2.31772542669811
2.12925604996891 4.90824104327981 0.674555740745193
2.91282377846893 2.19035095325903 2.25671139579032
2.98563654709175 0.93373124416126 3.3157943656572
3.23927483506411 0.397963651151453 2.9826247637099
1.55308347302053 1.41154394664376 3.24128101180153
2.93526490885818 0.513609195839622 2.5114589681758
2.36532193398926 2.23307901166764 4.13743518627181
3.96075570315477 6.60486344675313 3.72832981289982
3.92026118981069 3.14648479311923 3.81754978784575
5.58076747695645 7.25570033373394 -0.275171749782514
2.84768817529616 4.50976222845128 4.05573934048244
1.50167340059248 6.48056354730045 0.81786529143867
3.48300319776178 1.47993678132258 3.55784457326806
1.82331880607551 5.32926352104291 1.58800243759754
2.83903820874597 3.46002515308736 0.660497276238802
2.53680892444315 4.43506630995879 1.04784837018993
2.39209791488247 1.90148593011099 4.45122015023429
2.481070607109 5.20299102485898 4.82070324866259
3.13652499145999 7.00189881984141 4.09010962943707
1.94857467138042 0.335979841649468 2.18522129709357
3.70762247031921 6.13813571448535 5.81614514276884
3.38038312339656 3.11773932426043 -0.157918321085514
3.37598199727888 3.320278734485 1.99829565806636
5.64528967051811 1.01106566104567 3.38147017818829
1.91918332376762 1.07846799821901 3.69192468723536
2.01380686659485 6.53883206315933 4.29650393692008
3.98361460171638 5.41778526649474 2.14650539733296
2.33847566485935 3.24497116343663 1.44581762820589
3.11787590999219 4.41205182101793 5.18440248090129
2.76490640845372 7.26533048976822 0.321302388474877
2.8462217701921 2.65018989121882 1.84559547006724
3.44007668385222 0.66131720058927 2.75586618668476
3.21932809596853 1.086238709743 4.79686720611707
0.947264449611978 6.79188555482001 2.67577433008611
2.94083150625341 3.90502100437106 1.18362920532288
0.92271341011011 2.48301668630458 1.67553623736628
1.91976975880826 1.25246096903241 2.86369305572908
4.33849164945218 5.80863780058349 5.48878632877842
2.57729992647679 3.59993510963961 1.45269601222511
3.45949814715108 7.1811773134546 5.33372488796186
2.95867257865234 4.50142943296725 4.77503416345346
3.51442865302891 2.25743845060112 1.40733649731822
2.45962969775238 6.13251648466229 5.71303487847145
2.70559829966995 5.42429301483752 6.21394417336804
4.37192490072017 0.0709533955029018 1.9797228297895
2.57124707629093 0.867658447861986 2.24993714566815
3.57620026918062 0.200512213993155 2.39387115842505
3.25600665296367 4.80455362906171 5.46339495512946
4.77028144188341 4.70927762490415 5.08169222196512
1.36430162371469 1.95047174357519 3.70802921829144
2.85662244517537 2.9557771045891 1.73236319463429
1.65561748167661 7.09652936967951 1.80505312421392
2.3535567873573 1.66210600721499 4.18139410742367
3.65079709670886 1.35459199939185 4.30968304168266
2.40555604392884 5.25333197773554 4.46653200142891
2.11670975199654 7.03408029399668 5.72275632045907
2.70608300237759 1.66600284190066 3.01139108425223
3.57814314303892 4.24526920847166 5.43006191304319
0.818640046313267 4.09093570484392 2.69702729285015
3.81453061455098 0.240246121110712 2.59292114008912
2.07116613592263 3.94038066282663 0.453253294773176
3.52612997759064 0.680181817340723 3.09151830454949
2.56244064895956 7.45411367737428 0.725095950800258
1.53027210175131 6.27554707557674 0.0866596703848033
4.4270040184432 1.91420535921733 0.726639159807302
4.33371022702108 1.25214224698725 2.96457628242203
3.04146811622722 0.188737539947513 3.14350920815684
2.45116565017918 4.97345850451087 3.56191149000548
3.20504079191614 4.7710743623711 5.80514216967827
2.3892309104215 1.47266731905395 3.03091720749474
0.979911476821785 4.76343660374819 3.21526801111533
3.89003552876932 7.4212311334376 -0.555720660966342
2.83585201889598 5.89185087158452 2.38493940816418
3.92778161282578 2.44686459383667 0.607305563154565
3.60257752734878 5.90854285268366 1.62858710285301
2.47411814268781 6.24046906171874 5.03352751450026
3.07025673356215 7.00141488325086 2.15526764986367
3.27015860918566 1.44383514002088 3.72706829978266
3.08054694541755 6.28025032735956 0.89205686812922
2.21658658473701 6.24918837336124 6.21238676334726
3.79039266898435 6.62572911036738 5.60858445223135
2.8295849553072 3.38865601422956 0.953352571376991
3.46388431176272 7.08064192063835 6.09757871590392
3.24949073707246 1.13462502287421 3.579472473641
3.5755753364004 3.6393920196499 4.82729344029276
2.10116093216256 0.521124451540716 2.07159795559346
4.70931564216277 2.934385783457 5.77659373501506
3.75572350081281 3.04735453666468 2.42686824248995
3.91006946162168 2.57098955064426 0.611606724985265
1.39619381036496 1.1874235859503 1.80357088225349
1.06303721101455 6.32155380453273 2.82176217548192
2.46463777702681 4.86746617856498 4.19798923206804
2.05138064873804 1.26645284308225 2.78413158663674
4.45334210396395 4.37606097410327 -0.306298982521095
0.743407740987544 3.68104285136146 3.52370947445676
3.51241718160031 4.40249423775438 5.22781711360774
0.425757642642079 4.01601491899097 2.45742895361897
4.20122255879706 3.04662220844853 3.91900040388716
2.63078296265302 5.48965363112972 5.81291473083673
3.02917278080142 2.46299952632789 2.42414501985818
3.34502736783676 0.628495655064557 2.29856401229938
2.47433796084347 6.22111693522106 5.66968383331783
2.80727490218573 3.75425495785049 -0.178710936911822
1.59441666655106 3.7543933760596 3.12171792906188
1.58907815218114 4.81477875592015 2.21269185099987
2.36706021281591 5.6513589723998 5.41073362376227
0.78587421536568 4.57747181545283 2.6613787758309
3.97978317747337 6.84912404221141 0.625295336201547
3.6214668653337 6.18003915227526 4.78742648115025
2.13234813420824 4.38410660164221 0.25094747768056
2.25804039123264 6.50754854350308 6.32101979553685
2.86014023934346 6.45644139591682 0.197088820458352
2.5192461337479 6.9325918009148 -0.0244196170178904
4.00954995847207 1.85635999398183 1.46929211089523
2.05813554529288 5.94731000343498 2.83917052991116
2.20720339417501 2.71409483760273 2.69326110635249
4.01975622621481 1.58853604826981 3.07805005045034
2.91630495385387 5.41008913904357 4.98127727503926
3.3827291347056 0.466980043275844 1.61557784770181
3.51696797310148 6.53908071951137 5.8954103935464
3.96294136428872 2.98419941821519 3.32603732881944
2.23692502485341 4.3091156746272 -0.0715591422311487
4.09107311126077 6.47494049046629 2.06093005117768
4.26244715272629 1.46101638255331 4.06849077532042
2.3697966958334 7.10157165592727 1.46293591048324
1.42696755045864 4.88537518285647 1.53463564334208
0.694488986250231 1.35470928491681 2.88772690851276
3.62539216687848 1.30343452584932 4.32096320110595
3.37135087631755 4.90186976537233 2.65878316054425
3.69070189399333 6.2643126643 6.70290425222583
1.44549403143187 2.70133891099806 4.20098199290098
2.07421890337239 6.28649270441892 3.91674559537138
5.05380547721606 3.57803540422078 0.0887034486764629
4.41404758711771 2.69159185375004 2.27766207022701
1.90789864919454 3.77623966260779 1.79890207212189
2.00664376986772 1.00779782809108 2.79760764807065
3.5339082733789 4.79438912152179 1.20509911887965
3.92528942682038 6.58714740366428 5.69991510132528
2.33957255826419 2.99925175315847 2.56959046151959
1.90029781857304 5.45411343925534 -0.0519917918590705
2.70911064817594 0.815486379000354 3.05955616595042
2.15344716351591 7.37999963671571 4.55121795532916
3.15180914301979 3.83713236936384 3.08823627676008
4.26670803525142 5.90284666689313 5.22571914450919
5.45331675218232 3.06772681332141 1.92549099417997
2.4141289816107 6.00688518705738 5.42198224769283
4.01456802116745 4.27875918047837 0.46121316147571
3.69110552796005 6.52740718853221 5.31909863615997
4.0613669844702 2.36942589756849 -0.564773777301244
1.88487555582629 5.5187858253362 0.408299598141088
2.43343141295129 5.42479345184306 5.36198500649918
2.37227123554101 2.97301028698534 1.54962849820443
2.14601592396496 5.59671318299421 3.24395839990055
2.14554821419491 0.679898114700161 2.9709238820795
1.77418914464423 5.52055678714835 -0.190859329419341
4.07558864918234 2.95408740640891 3.19984491967795
2.5295089729093 6.98464460671704 0.038148605276131
1.64142887566336 1.11445606686893 3.32931362944434
2.80368391423294 6.96819566015312 0.0519996376162142
2.81304353065823 3.05770894490961 -0.259392501524553
3.11210856355428 6.9142581818449 2.68063062755797
3.9454688077171 1.93057932327286 1.35877005003389
5.13893415818266 2.37621096964339 3.24059013287172
2.64616576529923 3.13493518442796 0.574121914643276
1.53030128389752 6.34596209111772 0.183167670671841
1.56464148225625 3.32963049363454 3.10974650872777
2.84716292456159 5.97939258576129 0.685721824777596
2.9962905961373 4.33781615653048 4.71336836092901
2.12469863914182 0.23958426136519 2.30298276002893
3.3906796361743 0.750354604611368 2.5770770674347
0.81172937649867 0.202320453688113 1.39462007959987
2.58130778549475 6.43913547887299 3.22399274245164
1.8237091359528 4.41938931833233 0.27659882422184
2.32526809380249 1.88004403897418 4.43152723108226
4.57001308707171 6.06049795972617 -0.0133866085309539
2.03450211445936 2.55458637476908 3.83794698544573
0.735782781283913 6.74708574341348 4.19525024141416
0.883670400906391 4.71539211879437 4.58289817635446
4.30027113890236 2.41206938666602 0.587594505886907
3.0727264817315 1.13982254667242 3.09523225250536
5.22295477691557 1.97513117232726 1.32159334985094
3.42616763995517 3.48203716609064 2.43584600187415
2.7035968774734 3.51028618338961 0.725873403704048
3.0724501872156 0.133959904726526 2.38878101671903
4.64135998170256 6.29632496910093 0.283757035332588
2.705377970631 6.12044574786666 3.54802467508932
4.00968567453704 6.53676751721548 4.31233345813706
3.25682570525479 3.07726570971682 -0.250401353299435
3.99097580747034 1.47049842143578 2.67025520135497
2.77338820551165 2.56661924011626 1.55922550083952
3.47280312428554 3.90788473401435 4.54409590361244
3.05781163823765 5.09191367759559 6.1781028484165
5.58222435693339 2.27656680710896 3.50371133781996
1.56077915983487 3.09225919350464 4.55997042556646
0.800735936170253 5.91468760459775 3.61739595334991
3.16700581754166 6.83766109346487 2.71911171246407
3.42171631674847 6.79897048684092 5.51961378156971
3.89288921124557 1.35144387129492 3.52667044404903
2.75019517444799 1.53596664633946 4.20892517001033
3.08760385623416 5.70079075429807 0.502010014598288
0.717193748150704 7.17211668065736 3.25676128306364
2.80002596180469 3.75327659098507 0.406984162633368
2.09516185932891 2.91022494181389 2.68612777547342
3.75107567042852 0.593390042352244 1.84077133635657
1.79706110377335 1.68250654627698 2.80836564425807
1.87412813148201 0.911631616809035 2.55066968888553
3.59326838342932 3.79623594355432 5.21483084720335
3.93476063831605 0.468119612998132 2.09599705111947
2.64819966412063 2.6297022191878 2.27782954756989
2.17849219409783 7.29068069578289 4.68271383499793
2.50243838433019 7.45281297904124 -0.382512471159138
1.85548576481014 6.35768564294194 2.10585127362538
3.46972613103506 2.04176579620229 2.29726064618884
2.82345540959516 3.63939617299254 0.206618123621661
3.91701346254498 3.95356600348974 5.68690946370741
3.28303777142701 3.00471543599715 0.271954081285437
2.96247586713385 3.79231504149094 1.8815145258063
2.52813526077589 0.699627847531074 2.38199307140124
2.16154830459933 5.79176291433428 3.69012284442239
3.91490218170123 0.290043022085555 2.72038604059651
2.46277243898658 3.09384312210213 1.57778452328064
1.77804631956423 6.20017049387591 0.94486300561794
4.66413070860261 1.97661781603203 0.37839754876261
3.53272982381923 0.790252856740944 3.11999427309499
2.00646569527034 4.99004380210271 -0.191153163196696
2.63418113799348 5.22477062415652 6.07696244150981
2.95728972867558 7.46709471366727 4.74885692850106
2.58455393007579 5.42375704921445 5.50989538745966
3.66878427160981 2.98649724823568 1.64061660010078
2.1093979846381 6.75027206943527 5.04743435070896
1.39422550017357 0.252034164331638 2.07024812883785
3.69430762017768 1.02135562904212 2.27818149231915
1.99812697037805 6.00287084131014 2.99476465486959
3.22477596158381 0.0634610823085948 1.80043898826582
2.89842036124953 3.83746724017993 0.416315817086508
2.59551071235563 5.87627177676182 5.05602926052608
3.00120766230124 4.85305742362861 6.25589977423638
3.90905571657536 6.69785759485257 4.84910470325849
2.50195236546891 3.70755674453082 0.870816843855203
0.0961752395370215 2.51991855809845 2.52251197791442
1.02944980516406 4.02822444687892 3.05886838829585
4.14381326822106 7.25743094729593 -0.231792622819734
2.13619625128422 7.18448237160608 5.75259198342275
2.39830455320515 0.0455371401243996 3.27803852027971
2.78973853087962 0.697919625869845 2.86315420785005
4.21435719311733 4.12865469551398 1.1635834916704
3.69207752351335 5.52341994892186 0.363809326073047
2.51134978839749 6.50042315621232 2.76616274447008
4.05911247652492 1.83489073865011 1.32029760008447
3.36072126782169 0.660286547194704 3.68825986391735
2.60050746103139 2.07851895425733 4.02439190508491
3.18160540248487 0.297808087326413 3.00261149658146
3.19258192015002 4.08549520499824 5.34864335361633
3.8050371073896 6.97891362484377 1.9059682113491
3.00528099816536 6.7111722360639 -0.189454272430041
3.53904605719052 3.07999024135963 0.760599649978689
2.59957224344073 0.113763956555561 1.92890774001067
2.15411512836821 3.164272014941 2.20984412582211
3.39804412923051 0.123531465209418 1.6945987872494
2.29648741223399 5.42637605534873 3.64754305765077
3.99468422274671 1.41799471653101 3.11948542220122
4.6002378530396 1.51209560930896 3.20624536636096
2.56889768471739 4.14398463248043 0.295528917072913
3.04083839966639 2.24530552910543 2.84159470507824
2.34057864459583 4.38145030053687 0.246928564912013
4.38464282354853 6.8519633194263 0.0437443328086153
4.63327932593668 0.488629033306467 2.90376940871915
5.87546835731125 2.14434457179934 4.06301512358498
0.840803245441656 6.77276439833411 3.61739271032901
2.01681552218217 0.135200342843416 1.91386964736193
2.37717321335117 3.43956884685617 1.43184122628649
2.93377282442201 6.61052365320325 0.10395291338873
2.99392629846566 3.48838381669223 0.0513510289843219
2.90192040440467 6.34112818057953 -0.476622823739334
5.71485200575936 0.769731450709241 3.89821431200276
4.90248850402794 1.57007541095451 1.36334826226245
3.71974486034384 6.24250844861722 5.60425597422163
1.9847300519153 0.624478768179847 3.0917640401298
2.06200385236894 0.898963700450608 2.16883589530832
2.83725423340436 3.26676102294612 0.737100828472414
4.0424755608453 0.818985908862485 3.62451882069975
2.59037919546347 5.59930374379263 5.3440806130366
3.631871037811 3.59803298265309 5.54427779670255
4.31787440806287 3.08210836789493 5.14632468283204
3.30240782201014 1.18012362107396 3.4878746469585
1.63407110546776 5.760148436096 0.812662122511524
1.30035774936579 6.71123212069342 0.615484674395496
2.67739220853113 6.8826106190257 -0.303201508603076
2.00292442845696 2.45732055660444 3.58133422477362
3.41630966657041 2.39262992473426 0.959368070120798
2.9816807392296 0.902582713177978 2.36850167559158
1.63273013551236 5.0162526125771 0.4183926138861
3.54274591576634 5.56265639624815 0.420079684018248
4.20016314805518 4.13719377304545 1.27030175523169
4.50124379722127 2.24783939584682 -0.803576005229245
2.79443006079433 2.32181813900261 2.63118875125656
3.38867999774883 4.79403660370365 4.20054703532756
1.69807627303617 4.74195791782654 0.855600921301156
4.31804585135186 2.84691135518838 3.57521256282082
2.28125634286659 5.78856417125476 5.33858070060661
0.323651789099825 2.57807070714949 2.51043298641643
2.77198022219278 3.06207642767009 0.287888983551374
1.78381190644977 1.67526184698788 2.68272239119046
4.21480671997684 2.71384707099916 1.11710020065925
3.15799581517373 2.84839699337644 0.518259520891889
3.11168753470824 1.74262666637276 3.73478068252355
3.72545537292719 3.27640420815653 2.68593992371455
1.33282209910001 5.94721243168985 1.24286204319723
2.8637801416949 1.30271842469385 4.12202829240989
3.86537023762303 1.61558199929144 3.96552943744751
2.50663660911135 2.58684323768154 3.51323272111124
1.73125160888165 4.75490472818526 0.863144831782878
2.23894598841419 6.92098364335171 4.89757887440719
4.80352007003326 3.52361956200028 2.09246926196054
5.29869742934727 2.31745462557738 3.93308597529878
3.9749884550011 4.30460606709779 0.723236088486901
3.42226178617433 2.33571559092327 1.19849753223593
3.07951907958993 1.11055200606941 3.38416842422273
1.57709163574263 7.3933734144188 1.77647693017098
3.32844177828781 1.75723380661402 3.8980261157101
3.38517211096162 7.27941795102399 6.18933436416561
4.92483097258444 1.91442676895141 1.22298169562935
3.83275274705673 5.08986260024061 -0.507885485567026
2.4358478223365 6.46753724190933 5.55152232924412
3.90864534199023 5.78234923639832 6.22263302176782
3.30369751890324 3.91610953913962 4.82346763409579
5.08150754440486 3.96973399271623 -0.402420762564792
2.22918479082897 3.81302404751604 0.591197635862664
1.89045113359823 7.3418913909692 5.99551212533735
2.61130912656668 0.288346912741396 2.88588502950177
1.69216081370042 3.79853602592492 2.20495493762372
3.61989969594884 3.83963006434098 5.82366338640351
3.63818122531407 0.31397294663362 2.70917405862173
3.59679458586789 5.64554055408966 0.863694141655886
1.7798734682492 3.70040594868587 2.34641823049867
2.92607303268975 4.16280481681207 3.5212469692165
2.6416062096827 2.44415654633813 3.35848050065841
3.75640809254555 0.532592731616497 3.35831675543808
4.3330127312747 4.30469501714367 -0.187039942779158
3.36601818456037 3.48912267885971 2.16139913609006
1.85823596731624 3.43107263449691 2.72192174348918
1.96125143046598 1.89317446183368 3.04638147431035
2.65340326316788 5.12008328772718 5.27913387129951
1.58433976313355 7.02476159389497 0.567084403164471
1.25123771665163 3.17937249747339 3.85456936868578
4.90799186223592 3.96176163093467 0.240761815720654
2.65699675666005 2.68577118981747 2.41738031742958
3.60960728284683 2.67377484204644 0.370788472076157
3.4930890191276 5.75216419226091 -0.317331954871581
4.0221945210006 2.85335504077038 1.17069427198138
4.47550101423076 3.80094888432213 0.915990360616875
2.41044009038114 4.31770828725753 0.104639947763909
2.98251169565071 1.24925904177929 4.20757629824932
2.76324303036896 5.28750208671018 4.91043121195048
3.71477357897668 0.850754227036819 3.63658741527876
3.65712819688938 1.86735068683109 0.862751171099893
4.72835779286606 6.72001519442599 5.08340403455544
2.19605455307213 3.24527466411226 1.4098719955975
2.12634358547978 4.52912278107151 0.690266514575211
3.58533557432883 6.65165883222693 5.83661614054014
1.87048248413766 4.34895164359003 0.613908694160411
1.59812902362466 2.31058980581201 3.75497883321191
2.22167969607411 7.28184385448544 3.6872262950246
4.00023727707436 6.34758696382289 5.73010002307277
2.63022377575609 6.43184762674321 1.12954947348247
1.61816556132233 2.53490548742608 3.97330601120385
3.95572531065933 6.76867268865391 0.988591626701955
1.75376474895296 6.10460055346855 0.522217602255071
1.85594228404701 3.06882771064131 4.02216458975292
2.21141379893752 6.67073805389763 4.95759259629564
2.22481110574583 3.37665101162383 1.53402584077952
3.25882938569295 2.30827922579787 1.2777967257295
3.30116554803678 7.27492184871544 5.64955583337492
2.93162764731752 1.47109992705292 4.49869802390102
1.66523508079233 0.0221675350667008 2.579074469127
2.98491050896339 4.64732385178572 5.21011025086659
1.81972895488424 6.29567154026776 1.48102492531554
4.43340994060919 5.99806209974121 1.96207491184511
3.16897768967449 4.12720758085143 4.99441583630074
3.57880490406189 0.231337284619964 2.47458468702962
2.45110276556412 0.307156715405694 2.34507801949404
2.04306831445193 7.06040431160195 4.55213205375235
2.71535066673838 3.03757447733195 0.916066794213589
1.57954798744149 0.322884128620909 2.79790888705955
2.49134702023971 1.82383761720831 3.34655523550552
3.80239793075126 6.14062579676685 4.91351123195648
3.29636189111203 0.0633897234148764 3.30293221868246
3.75830172239165 4.27382578676095 4.02003535050903
2.8186571313662 3.45662766947391 1.02959275708938
4.4187165387533 2.62503765356104 1.84022630673077
1.7112789860715 6.33653070397851 0.714754225065323
4.07982916928671 0.979443000440946 3.42102256587226
3.18590438906333 4.66308656731263 5.55768388312321
1.43390062144082 4.09591570366145 3.27234189202209
3.74542372574441 4.81996864296538 -0.0492685561209224
5.3287535813377 6.63063755395245 5.78298145178004
3.95611320406712 0.457757653427211 2.9144777683264
2.03366022417353 7.21599705433827 5.79851458412969
1.93765376856934 5.01107668985219 0.883540200222226
3.60007673816258 5.30773521214661 -0.565052674725615
1.52345526326122 0.564190824909184 2.44723833344783
2.71309053839303 0.247351191887772 2.66228671567501
3.49719720317413 1.10174553096799 3.11780864247437
2.76087342442025 6.57674446166248 -0.00583789919687872
4.48638913879024 0.341666731480253 2.4377303851651
3.46376229369995 2.93814076067071 -0.313464896006156
2.21064214537578 5.55174395592482 2.44848220797332
3.06123332091466 1.78887309346387 4.47934035497424
2.29821363556768 1.48459162478648 3.20450299262496
2.78455610697374 6.53991075735562 0.119567816427107
4.16185773306394 7.40444871691384 0.00636269876239548
3.81012769946012 2.79356222179992 0.141785973982008
0.859354366836336 5.97262297783292 2.76563726972247
1.84527444680429 1.25697553943529 2.08504689685622
3.27024622018578 4.94362943502002 3.74669371520481
3.11464850026138 4.78986835160005 5.8469086054181
3.33718708552255 4.75570938451393 4.6368696958207
2.56725096519588 6.77178608434285 0.975745852078464
2.32147113955937 4.65709653343467 0.686508022802673
4.01648525418607 5.51945473266878 4.71321044880537
4.08090990322468 0.281398247686115 2.03001748355254
2.24212028541642 5.73943524014808 4.6487417766744
1.95237936563717 2.91697535358786 3.7915261866311
1.46052850982051 0.38696935807735 2.21768765681605
4.16476042599452 6.26749763634983 4.25894834550053
3.52818353583493 4.60009982591583 3.95568430749982
4.39058088466899 2.22286510956977 0.464214656711805
3.77957625151951 3.62316288382744 5.61278303541932
3.42912040291169 1.66441988249214 3.25456576496218
3.6764873517472 0.63440725502708 1.52450721799466
3.94076078925913 1.72526862056286 2.78758412124539
2.851069270051 1.60007611118644 3.35718492985083
3.12316923492036 1.77376667627569 3.66720417826468
2.72022614505196 2.18203969171947 2.89146586088872
2.60978120763467 4.04747908482568 0.153571886363827
1.50832950409344 0.312014334317484 3.17528489875139
3.0231770092821 4.53648180343296 5.56577556824858
2.79433990936766 6.53502294041379 -0.528240270112018
2.75178743670195 3.20798408718159 0.717355176188011
3.78664414045269 0.23018957250949 2.19850324707166
4.19408591932291 3.0449435979205 4.75924144665857
1.75625593050584 0.283168485619458 2.14498806819549
1.87784029794898 4.54476263259343 2.01070322295577
1.01780663060528 0.601557522377849 1.78057306688549
1.43886894670163 4.04451914239087 3.72275543269014
3.62331655815723 5.77716425972164 -0.435374256151439
3.08557030220129 4.1316113938352 4.37406373058732
2.95384653983305 5.34723617890105 5.01732490807436
2.29433958307822 1.8873624950613 3.97358069270026
3.69906809197834 0.831735977457621 2.24109412725767
2.20971963357496 5.65606063936318 2.83795388662826
3.25591267372657 0.715561821666919 2.66528551941363
2.4308973881965 1.7715369191276 3.60524432435757
2.42919406222175 5.48617770203315 4.83918338907735
3.28355795469445 0.342044981115881 2.2610874729221
1.65689762162833 3.7386144383325 2.96878619753972
2.42443636646245 5.5589821747836 6.0084937990503
4.20282234060927 7.42161490139756 1.6057131259054
3.21806468150241 6.42159045590314 0.585267787565966
3.34657446995769 2.84700441215721 0.350748083056583
4.44811151355392 6.42940004842134 0.0859856320202231
4.00201743923713 4.17605805315434 1.91628279391915
2.98915017627385 0.925609024724235 3.40976998087362
2.26421983198999 6.98250404148089 5.09720719506647
2.81775534892854 0.951250087534004 2.38640904516934
4.04988644682292 4.81058840767029 -0.258480664937031
3.17618659703448 4.90036366388146 5.65913912441727
2.9851497226895 5.08842341950894 5.82405775029227
3.60679001917588 0.60830022398015 2.74592731079289
3.21403910383696 1.69873799637537 3.36407225872672
2.22604555248867 1.40547054172552 2.5293451823157
2.47113409561423 1.72332653052079 3.60316993139027
1.32668497691508 4.23632153266846 3.4093467331712
2.82999658655903 6.77441958665468 0.425968519742028
3.07172373968385 5.42462080675992 3.14235510331491
3.24397903254412 1.55369670687971 4.17408547035039
3.53812500253415 2.00189767114377 3.06966720050239
4.14396964137669 0.121092482718756 1.736803514384
4.7686596452793 6.59393916829633 3.92166995827475
3.51369254056114 3.96965616379458 6.44346453346235
2.75558945558633 6.09974039620038 2.37456577234194
2.36942285690755 3.39336984352223 1.70167367333499
3.11212962685571 4.86532342678076 5.35797013687555
1.92949574006202 7.30849080167221 6.51853176663453
2.36306996656181 3.94325991513481 0.127014099566137
2.06420410453505 3.65772683204713 1.75091781161807
2.69251406473602 1.39372882418593 3.51399530710916
3.14105034745403 6.70162189349717 0.699277902068633
2.26167847593585 0.798604424113243 2.13608793918835
3.6982329763017 3.11715612634084 1.03258244954639
2.43363081548926 6.47756733612369 5.02467694659264
1.83472083581093 5.5763082464751 -0.225971844098705
6.07495479216056 6.75411722002542 3.6000727277328
2.72883103632394 5.84457358971883 4.81701123559838
0.650618889086886 6.1909498314628 3.42477515313648
3.09213149534698 2.47933675351126 1.61901763892071
3.8113888308486 0.702616797318813 2.46826407332599
3.17885159801694 7.10832783248406 5.50301464877395
3.32688983966798 3.27995216216437 0.506519423808453
1.5279268538524 5.17901622702988 1.14493699529448
2.26691582618865 4.65326211457563 0.85741314255079
3.32435683435109 6.56533332944273 3.58869371621863
2.36510658636793 5.39568484780677 4.72427335513658
3.1796302338235 5.73307817428805 0.148604916699925
2.59756843387294 6.27819663107982 3.88443032731749
3.81520436205519 4.2951779477435 3.04620228354258
1.67538393102541 1.51794106249619 2.48548889325501
1.6846526198758 5.47848970212067 0.679918033633217
3.41651080237918 1.12734518336513 3.41752328341442
3.00611780238905 3.23820450683451 0.301312542929844
2.85337928954751 6.76197124101854 0.18284843868714
1.55444693715337 2.55538061315506 4.00582888136119
3.76235641821622 0.117174878270751 2.32831049499647
3.53116105307926 5.27402870118933 0.171715598333228
3.10702375886676 4.41266193430253 5.74581593773571
3.88991282960347 2.1184314058497 0.402416081071709
2.81172282412223 2.60777783760683 1.48568967108758
3.84233512298626 2.98149250932619 1.15020071060402
1.98881099514657 0.114842762928514 2.2267804431205
3.35179214404717 0.898754491823835 2.98286740598521
2.85134528977213 1.49994232283116 3.47381452958559
2.38477685024843 3.22271913607955 1.47085525340309
4.41462002059539 4.19386910372299 0.127651382469534
3.31747255678353 1.34482516825752 3.90428961245553
4.00466100719155 5.27568570805561 0.372530727288156
4.81035609477844 1.19856293667327 3.09390850453422
2.77090064190476 0.749058268649937 3.3087381125306
2.98927445239031 3.07002654396808 1.32397993836171
1.4640787368634 7.09597748853432 0.817077966293144
1.28708996752536 5.09821280544049 3.41022170854613
2.71888549724262 6.40695762370608 0.464099359180444
2.54791751352708 1.66965838701474 3.72894529906488
3.20631038903819 3.37169463860951 1.19307883955978
4.21805516279758 0.17415700568989 2.6479631846439
0.316350243473811 0.742172609720195 1.94625098547808
2.52773394370133 6.89080597290884 0.0771505375896561
2.70687807380209 6.20122047491604 2.04515372146926
3.21950350367074 1.59063165246021 4.24501252865548
2.60695963740829 1.31520632550186 2.9948471270813
4.06576890988185 5.77430852161738 6.11582247033601
2.56330255564134 3.33817972271931 0.609058897456946
3.20600650952534 0.233467895399222 2.97467947092162
1.17982110402179 4.27184208617191 3.03459388066449
4.39231089490106 1.32702301905671 3.19107074507127
3.22484430325753 4.56508104786427 4.23939760766349
1.96371055551712 2.08791364062494 3.85415421606787
1.9793869362653 2.85255108897978 3.61554510245841
4.32492011517278 6.23415292458416 0.283498827904346
4.78077580041153 6.43410997446827 -0.267639575606333
4.59988093780122 4.74407071307177 3.56963080586058
3.01418143903548 0.479457880998025 2.7482550401354
3.44742634021041 1.99537063067728 2.98135188267941
2.42022050150939 3.10358625640419 2.37186052695919
2.97918188775247 1.19771067797316 3.32202649247041
1.48715878901388 3.03567349511853 3.43295608418393
2.80166987566287 0.422631096035583 2.03106580956901
2.15687532921296 1.96295284781113 3.66774479195059
2.87117341854052 4.56241324384198 5.42062320676927
4.57361423976544 7.37929626902758 6.10509378045584
2.15903510166094 1.10644156437162 3.64564954952664
3.5372427692068 2.56525771592116 0.802511643383616
2.64504128993326 2.51010631055986 3.011874554787
1.84075040585043 2.33024135918793 3.6802909114271
2.8023970737597 1.16869582883612 3.90885388066436
1.82386335629168 5.97998554736002 0.128474941703999
2.87079570436323 6.87017623201326 -0.199413492260714
2.9921295538221 2.27486149844254 2.1275130563273
3.30005943120855 1.82507512164295 3.10320266988402
1.45454640921232 2.28679932244407 3.08214189810172
4.5858250078357 2.78498687997481 4.61227414448304
4.00817656398266 6.084797030382 5.9031225632244
2.87529878801658 5.7640480961593 3.0672440382798
4.11618760712953 4.08136460218398 2.71679063217393
3.44247322931432 6.81599004196141 5.93323337868255
2.2840292486572 1.62451692294389 3.04653462622552
2.74892037020336 6.85895316775609 0.625177998399039
4.45765325471235 5.30349798122341 5.76528726801485
2.63637266656309 5.48169208281224 5.57343356823415
2.2397408994382 0.324853258048819 3.02648240073967
2.68328207683344 4.50474399187946 3.3569142400879
2.41524560090276 2.50327857544978 3.37498453019454
2.89661536884811 4.61509747310089 5.04885862883011
2.41237823607388 5.68475223534844 5.04463481514662
2.80874786721849 5.65621386813765 3.89328739974302
3.99074016062147 6.43788127416813 5.46023161312012
2.85773941802433 0.710734658366508 2.55781672204772
3.72100074650843 5.48977415237596 0.925090347165852
3.54844689146746 0.722781610150403 2.749525765104
3.48197540557752 4.27110535607074 5.59205166099142
3.591467003208 4.86501216127545 0.680018564649321
2.27891316559331 1.64837108533664 3.06412360044817
4.91706208122485 3.90911678080239 0.24708275300435
2.39795698584372 5.75196446870939 4.54421398666664
1.63527727504448 2.6793078846376 4.17817966692529
3.75041379530364 7.42929466973321 0.193341105561531
4.17582238541516 5.87343031001597 6.18777843501151
4.73241559953185 0.780802609080598 3.49470696334544
2.80905723069525 1.04495613323793 3.22462916952772
4.10176935509398 6.28990469230017 5.29515691524989
3.24580695853164 1.36274085711195 3.70883856722137
3.4422175234309 3.77011600291245 5.54366876698176
3.38984424601443 6.71180687669733 5.16908847720149
2.0987461746745 0.242563044834076 2.26304573098878
2.05712900783219 1.63481405397705 3.57009154824605
2.32610785137054 7.24711512686989 1.63944670752267
2.55518141875491 7.05784641077079 0.859080843957915
3.54084452102874 5.23854681166507 0.0535237179694539
1.84078900402841 2.06797598452776 3.75119873616345
2.09401850913098 2.46081505791529 4.05224773939544
2.09283059660273 6.16928708939624 4.0978332646517
2.93246641092843 5.39080798255624 3.98409036847043
4.30735531150641 6.59619680405422 0.59627740950046
3.74173519430486 6.91106855323834 4.01193778641151
3.97563136657518 3.27883767272563 5.52385088569837
2.79171033111736 2.8763381701496 0.313677545619365
4.10943209590291 5.1193013289444 1.09653997563105
3.90176068809543 7.17495701245602 0.288501800690448
1.62391133721933 2.58133967443759 3.50394176966842
2.78982546879784 3.62234646195886 0.932516168162905
2.74814882664037 5.8690591747649 4.07480110518515
5.17977205621993 1.61163013013731 0.313083276666465
1.34495295013815 1.01943566082134 1.54097076405559
3.22280158083537 0.0787545645569647 2.72894832109134
1.82183728385461 2.93412072991076 3.45010827952891
1.67161234667578 6.44478763492608 0.453703483079579
3.5842159793589 5.66680549613961 0.472646921059634
4.78425998922506 2.8719469834867 4.69800274078938
1.44329837346211 4.16255379859411 3.63488567921404
1.96105802224392 3.14156377442315 2.59438274246317
3.97277792555345 3.73297204113471 5.87719369835275
2.61229534493959 2.95954270842792 1.35634768585971
2.99325609890957 5.64753875245902 1.44006490962617
3.22482669786997 2.0294993025863 3.06436264345759
2.67204027927668 1.02244267834035 2.66812298530857
4.75664722228806 1.88168371314833 0.953372796098651
2.4891062040448 2.34667209442562 3.50077987088882
3.89956659916964 6.95784855231861 0.759948788250971
4.16089606839402 0.583602965691272 2.36550831225504
4.06767123939643 3.5034834663097 4.98109486317084
6.06270151109276 5.29159656716129 5.78032940454058
2.80078150765859 4.71997954601643 5.15142114290893
2.88064972520816 3.00469896095692 1.13014253833927
4.37101286860499 4.31748481300796 -0.87098817219284
4.31375176659304 2.29791564794749 0.356929881953607
2.15750533523739 3.53052713109577 1.82033230524171
2.92562442105094 5.14500743875417 5.22203623191328
4.39845039639068 1.72474233487549 1.603541545114
3.48938851747729 3.18404942852833 0.507212820724221
3.271455668197 0.0502057199126913 2.58794379570545
2.67174394986575 5.4137324329591 5.25505448807288
2.35948484526122 5.2524908190942 3.42589007168444
3.10482976376891 5.71842480624077 0.857353807990489
3.80968438099008 6.65006988753801 5.36433785841432
1.54512860329336 5.10015329102802 1.13508673840716
1.80319578583683 5.55119260343948 0.427727055779333
4.38857064380235 5.04995019774489 4.67633942176798
3.87180788615768 5.07205841013948 0.333819316192271
2.10105528837166 6.39774705889321 5.45241423470912
3.17750837760611 6.88831024608065 3.87523881875202
4.53813138891091 0.327429043405691 1.92614545227035
2.85716604481834 4.89426944837032 6.09843661303939
1.24231834789869 0.619917534837776 2.44812080262389
3.06177073588607 0.351783914952046 2.20373876337716
2.85048821110419 3.14636945563258 0.564712972367718
3.96387894582599 0.024582330807716 1.81458078442381
3.59835816100458 7.02312168060272 5.50572645296124
3.80630196500426 6.29412820462862 5.83979599322556
1.19864377975997 2.72083286160136 2.93173888150714
3.87655639202196 0.0928240349007146 2.58203066538132
1.17251822207251 6.18561231497444 2.48735340838594
4.4194988412386 1.20855292777343 4.25231076039887
3.81656538869963 2.88106670992375 0.795707966411482
2.6790598740476 2.22885562439607 3.71454555280827
2.75903149722681 5.51438036707856 5.32174001658187
2.57825827659169 1.61078950442568 4.01900962982057
3.91551919575353 2.77215060594331 1.33374995618181
2.48353022094867 1.36177792215348 2.85619281126823
1.74247861617404 1.48998294804664 1.79685752188297
2.87359041562517 4.06721763148647 1.88553356964543
1.91596152837584 6.66586535264369 4.63263166903424
1.2816578602496 1.61607914313241 3.11056950190813
2.54997684210455 0.308194107015636 2.34444719533475
1.97176074622169 5.44217578741319 0.284131865639843
2.20261655903393 4.947360612097 0.370018111544149
3.18315990479297 6.72569527071418 1.94695889238896
3.75736671190702 1.43907594570318 3.14017278363189
3.31720078913212 6.2868944743125 -0.284506257010465
1.69221121393396 4.93739716980014 0.0263042295261411
2.31304898538377 0.59298796279347 2.37519082425855
1.45414051051604 3.82033864524708 4.03441502780287
2.46968283162546 1.83557404403344 3.87323797466412
1.83254953959729 7.48739970163901 5.32621534956001
4.316746249215 0.431175362353541 3.77454263129203
2.68797555423482 2.84174532222727 1.31391625421432
3.39626923887902 7.09777045092196 6.27452779383054
2.34292049601366 5.2386696666595 3.9069461238511
3.22030799240457 4.95965583954141 5.01182419456723
2.18976953439296 4.54435118476309 0.314717691864199
3.68455167406288 6.0386354563407 5.82027479394742
2.94140741357946 0.244591843641516 2.57313212484674
4.49344085684439 1.42427460861803 3.34426825377214
3.91053173718778 6.81191006420961 1.03095368646774
3.60054141661727 1.92602863331682 2.94882327932558
3.62680444546304 5.33218015490085 0.537245718080684
3.61055612419001 3.16350002675977 1.58025282240388
3.32023747599592 0.374507810005135 2.48589737202298
4.14668756905639 1.52114528993033 3.44321632139381
4.3371531718479 1.45707231106403 3.57142198308167
4.87385303871325 3.46281160234301 2.27441741603644
1.52615466629953 1.64169113206354 2.91970093715471
4.47680712700417 1.84785891462909 1.06626545150951
3.29583603036327 6.3767119046905 1.22060423749327
3.72049085639143 4.58912634867219 1.59010402206324
4.27873587957212 2.573192454038 0.298884606271909
2.21320550195295 5.76769310329004 5.4602077315737
3.93002095576475 5.91868013092392 7.40888823393617
4.56067651361961 0.48609513719457 1.59539307995139
4.59749183893011 0.39548044166184 1.24869274970276
2.63365070944223 5.51803079163182 4.87549051937236
5.83238849234658 2.82706072183446 3.35384600760481
3.33402802344541 6.02904907285217 0.272883570402031
3.81787513498754 3.79637164949057 5.51211311641204
3.55658656241059 6.16229388089788 3.8973890901596
2.58773533288529 0.338303641639444 1.63594313426659
1.04203578443154 0.184002965581858 2.16448476073714
3.43921112775942 2.29230897293134 0.723761568825321
2.67515431444435 6.57078916100728 0.574120575272677
3.26618691230244 6.00895943892111 0.240971103581064
1.30471514159856 0.0244366559853475 1.31714746927146
3.52781160272503 5.79076685871047 0.604368708449635
3.23524692293241 0.815402601513835 3.18837600909178
1.72325177182503 4.41550123249013 0.488277393946569
3.43273013865017 5.55857240778739 0.0233195011694119
1.00203910912907 6.78197688613346 2.09638347597478
2.59164943896875 1.88146338388187 3.24204215897009
3.13962054957259 1.15692471568082 3.79611237099562
3.33796434788222 3.67141771159703 3.37886876203151
2.67298306262524 7.36198007087421 -0.185664102440939
4.86478283126854 5.18368711684829 4.89620847452578
2.02991431971617 4.36496949507995 0.958802390751666
2.70463181032519 3.0599377537138 0.21113569558341
3.38006333736492 2.90412913057378 0.51105377087291
1.39060829064729 0.457816911736596 3.49967454768975
4.77792292814057 7.36055696568237 5.59613190560231
2.08504146127673 7.28415485017809 5.78893452775097
2.5233561331093 0.500924286183662 3.05397313924173
3.56445107196974 3.07855047981037 0.174572392619404
2.50422982770544 1.10972264124745 2.93060193752868
3.72740132411351 3.41977353992974 4.41117437091892
4.2827620755076 3.02055831377888 5.34886402808265
2.83551322084212 4.71490186967196 5.82297682923375
4.30284822167698 0.904503840917465 2.44395177049008
3.00958242983023 5.4350600570018 3.18183635086369
2.86552302460892 0.572830588394837 2.43949452336436
2.93606785604467 3.49274232932318 0.635585010252969
3.52315761776858 2.39726022956619 0.0743629661004306
2.68604224800347 1.99472303516128 4.06408504257356
2.42009702080888 4.85794746521873 2.8468416356274
3.5301824768116 5.38471278797304 0.340976135003646
3.55297167436372 7.38281172879587 2.99838950584476
3.84648860429597 4.27869574237183 2.78122700967504
4.59310484427749 3.56421500999375 2.77618994266324
4.34516266408164 6.46182779634196 -0.549780274223432
1.93616895045581 3.89832793962804 1.38133352363429
2.83691936316325 1.88359691143652 4.48527715928178
2.21497098875688 5.24699076600978 1.37584430475569
2.75639919767162 1.94476312845279 4.63232216016769
2.91660904513896 4.74113305443439 5.98428896743632
2.04354232715907 4.49340559674317 0.378980230993087
2.75699421371237 2.98517643255422 1.48221852797289
2.7510666049058 5.28065401289626 5.41186034793699
3.01576596409198 3.98804163579836 1.98374833921385
1.53719955679198 4.40387904217489 2.82028781294511
3.56648339790884 5.06344963918507 0.354862498923276
2.68556391931184 5.08094188727815 5.87178060644901
3.01004767754175 6.83329977705291 0.6858955583598
3.14307041412154 1.78054283073478 3.7533408960607
2.79747213697886 4.21409278625354 2.09195352389106
2.31371476562969 3.44547901897253 1.50749901713835
3.260090854045 1.88439823557338 3.09741425642674
3.06388130294836 3.51807678670757 0.526010653162681
2.31366993054954 4.08955559331005 0.269486486502342
3.95325318835162 6.70365574471351 2.23672578427011
2.89552954917344 6.14620827735018 0.378087122141187
1.95950166758581 5.50688680852597 0.79055977942389
4.86544422969014 5.04130203849045 5.63430775283025
4.05604739101421 6.60302492550558 0.0127063756287824
2.68297672643086 0.0886355848119011 2.23397439636707
5.38876028320858 4.22310964772886 6.85241219887659
3.17686146008871 6.99335205516609 5.08349530599577
4.58201115047833 3.97970553958128 -0.0917530170631174
2.1493745855446 0.40603942769356 2.64917854459813
1.44518007917766 4.13738015888123 2.97266152104866
1.78940085547027 5.6976154109888 0.679331946712844
3.85790400246248 2.90388430199632 1.799223259908
2.74230623339409 7.30308161455908 -0.204279879443934
3.0553215925962 5.79413319017976 0.477129782451682
2.50590815480393 4.0222423900472 0.875227970292366
3.51922543896228 5.31349401543829 0.0621879493944438
1.70933005763657 3.84112296958421 1.90448237184874
3.30932664366243 5.93992477223914 -0.288647805047941
2.88406262837723 4.55881246609572 5.45950096482793
2.80115765335205 3.0515689890542 1.44118218657076
2.7876523744458 2.28494152320256 2.5543308963788
2.37125649442995 2.1398523812918 3.94137217528495
2.83528096371658 4.56141591497123 4.23483462780673
3.77280557212848 2.73364568853168 1.01712544056356
3.6606458755882 1.607609110309 3.11539586486795
2.71198780394214 3.21568284609562 0.98142210992567
2.46209442694352 5.40550196013869 4.97302562668172
3.16137595777022 1.04803911646285 2.28666369586394
2.82147918313379 2.0755768829213 3.57275135328499
3.07517278327079 5.36602340639776 2.68911841362923
3.40539044791353 0.731738906094088 2.30025105126825
4.13913819952057 2.2766683351008 0.562393948788747
3.08184335593283 0.651616709723307 2.55315202052592
3.90665214439275 0.168009777084204 1.61167044371304
1.85103726059794 2.07691235189739 3.82287346431596
2.83099045909145 4.59709221622668 4.88189103520367
2.49235465676127 3.63787811955706 0.770999635713281
1.26224363025527 4.24575501950174 4.03573752265133
3.21667494923235 5.16235253886671 2.78978403593645
2.28720882889215 1.40148378898103 3.65992706009439
2.29386244701486 0.995514012028891 2.244871375157
2.80343611657051 6.7945561177298 -0.469213372129232
2.90378133590139 1.29900613454003 3.99337691699696
0.967804779648641 5.04315996832163 3.5764423568875
5.32996876274729 4.70248763246209 5.70958959266974
3.50087455001439 1.16170028077391 3.02917925642462
2.61805759703725 2.90382480302761 0.80078649373444
4.00988367879384 6.44333895988211 4.05825370850691
3.94566447717169 0.83732668807516 3.7072400662609
3.4391220745652 7.0217642011296 6.51578342633262
3.58382774146942 6.72744491640705 6.1779474180807
2.68893760655703 0.974540723666997 2.51986197882182
2.81928462715012 4.76754679822634 5.70285342438389
2.90659303012954 0.703167705881775 2.42653685706127
2.07359514329185 2.07340135572792 3.23769229262129
3.81474111070466 1.01797954781188 3.43108789980562
3.70442693859849 1.80977548686162 2.95181271207285
2.35689378846726 0.303082304205643 2.63773865074367
3.65547190870329 5.39637939061177 -0.00256756796266055
3.91566838677671 6.97569254304279 0.259733239613758
4.35335174513202 5.93642378720656 5.57243148047279
2.43305749932103 5.76790582548 6.48168718994218
3.40579376066855 4.73678338020954 4.21938561014633
4.12410871719123 1.57709490719028 1.9751564928883
2.55812296355333 1.55774367440552 4.04014627833136
4.01230876710777 5.54102625145341 4.27370242159904
1.73271129860203 3.08746196172798 4.10335552630046
4.23284984143795 1.0592766709183 3.29849115073411
3.47242472412674 5.70360657775008 -0.332285022520009
1.71979808856745 3.4401956030405 3.55207873254062
1.68307347448788 5.17167995091123 0.731357437424256
4.15233421946387 4.41221603895501 0.497061636170084
2.42109861981493 0.942155505582858 2.52125025782556
3.46403180112224 6.27984254755517 2.6484563686701
2.71598890217536 3.70987229752299 1.27566825144716
4.83070877974621 6.21491377789334 0.351134551856421
3.27145417590782 5.99811688674136 -0.513801699983936
2.96123129635516 1.14660677566064 3.22862236369747
3.98153205505278 3.27376347757935 5.38562253113159
2.95892892490079 5.15624217743504 4.95872802953939
3.84588495187826 1.37433033990891 3.93094314246713
2.24254774018243 0.230894951262591 2.43806040090929
3.10999754250261 0.603606903869967 2.33328789739635
2.536565700738 2.93128276005602 2.05482165952142
3.66915721240051 5.62906270614952 -0.510301093356652
1.5459852621513 0.769347496954235 2.57973712480201
2.06264914753319 3.45856548261637 2.42698959598919
4.30508136032915 4.89101422929871 1.14550954240785
3.13378010773362 2.11827181819232 2.97913623444068
1.88467858214218 0.382624868078952 2.68252363684158
3.13800315952143 1.38777916695395 3.29801490145183
4.00879652803236 0.886247320036 2.9800803260714
3.58875414020718 1.85073157572497 3.22385595904882
0.00876308941437554 4.44807099252566 1.76226841938095
2.96940213109592 2.58722642189886 1.31360769861009
4.21760556844395 3.98811506916424 2.08405836173448
3.73337264703622 2.61738208443957 0.00846731790718297
2.09992208675183 5.75536527837382 3.29864700900325
1.44645686667736 5.09233773049387 1.87239676297117
1.77917853174311 3.36671787377698 2.02210875702852
4.10074623815682 6.5983352222961 0.539871517712278
2.40288318351773 2.7679153857854 3.3819637627739
3.50776282933001 1.65799459232166 3.24831750602346
1.74461942267289 1.58814852555168 3.15805324561433
4.22258100055725 1.31239923536341 4.2680064774242
2.50384857634587 7.01402556086294 0.215069167152153
4.30945704745616 2.9622475606839 4.70179689418099
4.71077771610484 5.02149072929961 5.98584226042644
2.4843009851037 1.08640651842922 2.17366939683794
2.64339155261613 5.72321865872679 6.35131137321761
2.88335367174938 0.924196154474036 1.53803825845908
1.79895527828536 0.890145734613167 2.37279819343724
4.34903514215112 1.45969705779512 3.37916472137244
3.82848729089168 7.07439171144593 0.773538759628352
4.22744984457406 5.73572409426245 5.85205920988973
4.29673768419281 5.69415697998631 5.36211256100968
1.85810006282215 0.910901299470666 3.35164035970512
2.80112900734297 2.26212010804583 3.5670675026444
2.69747413602647 3.28995209167331 0.0962878144029864
3.60324360000642 4.26763737279209 5.63933143397396
3.08344030978582 1.37912269763786 4.15179712366749
2.81394306483127 3.0242610144814 -0.0220364643378137
2.95132365280853 1.86695515701741 3.82312636524952
2.32634236889781 5.09757377730041 1.64586473089553
4.08287018200896 1.90192140613182 0.758431708566497
2.28094204738046 1.90806553390067 3.77365349287956
4.6748365961542 4.10550247460712 -0.765100237886975
2.46183190286415 1.58207893991887 3.11935103860676
2.79684716874739 3.05338066926122 1.36917586613573
3.28838720658002 4.01826177272523 5.78677442333513
2.32259985165787 5.38910103636347 4.46828227381668
3.30040554332983 1.94146094839767 2.81340134309601
3.80951484621091 1.25870609243532 3.62541530515282
3.0926004567539 3.09276277432692 -0.253861900391673
0.951826320258295 1.30092623585743 2.69054280052432
2.63811190447117 0.726830002412568 2.88194054304005
3.69167327616429 1.25710704796414 3.54962188529774
1.75375921667857 6.27130464192894 0.372649528089689
5.37689892128627 3.68989128130826 -0.377296031659177
2.59277407620669 4.54388399249001 1.36955495687693
3.77738373232431 2.86694538098891 1.25650451376558
3.67391121353874 4.33643959598586 5.64108186161517
3.96499602352999 1.26862060814843 3.26865383017611
2.57861994693933 1.66073168695892 4.19809947801085
3.59377696123463 4.05623449336417 5.52724221916119
2.18209598351595 1.6140715391585 3.45736519614984
4.08982185957623 6.20945117030898 5.80576133835815
2.63562767119622 2.90306126781357 1.29519242387156
5.92226167937391 7.43423878013089 5.76549380870502
1.8934342887476 1.0731662668984 2.74488731035003
4.66008847106285 6.46876478403444 0.327989205974445
2.92917084077251 3.75594924401184 1.49467631821826
2.59404077954273 4.01477728395071 1.48160691009025
2.01052709580931 5.10048347898224 0.594461703715255
3.44506532752704 7.14263397732492 6.05635925945378
2.87315600154109 1.78378554868243 4.07942425599207
3.15572232442939 4.93258147315617 6.20024248754582
0.998406398546423 3.30202200264069 3.5352267619341
3.04768693276566 2.70542801670301 1.00704108934605
2.90305731076644 2.55353302251376 1.75356689960018
2.70466631283155 1.96952972311765 3.6679155806229
4.61671079289384 0.328047752613891 2.1112720864711
3.90675717075303 3.59267377286235 4.66363523494401
4.01430611615547 4.51967725956851 0.0735028779588761
2.32675532483725 7.46201533973807 0.716274221302518
3.42371998243722 5.62392311571641 -0.200631247720727
3.40225925072494 3.08448685025926 0.089062603990026
3.66828724902378 5.25735228586191 -1.02359401147352
2.61919721543187 0.797683100794048 2.23773711566377
3.26330757075376 0.00800087740178945 3.13367680382526
2.96913924152952 0.856255225739595 2.16558520265169
3.65143388583088 4.49301814523786 4.37484192860263
1.23129787411175 1.00074798138825 2.76324227758571
3.18646062657015 2.04879807797674 2.67123584543034
2.75929428713664 4.20107115064996 1.25440918843606
3.94896865195801 5.93185775888608 6.41767188525284
3.30058798359638 3.3107730193897 1.04121891080442
3.22068826688391 3.55978075982897 2.30329558285915
4.70216237473018 4.35024749392484 0.747696043841937
2.33590277513855 4.87898488873854 1.69729692170287
2.45080370681638 2.95193005048259 1.80724767658114
1.94411839431613 6.92808270303694 4.98628278945327
2.98933963563113 2.29793735549381 2.99307477824548
2.48470872256819 3.88854777464598 0.286748756559345
4.16806906012678 1.93435473837413 0.625726330734965
1.40054868804902 4.9766827310031 2.61762285177266
3.01249568752621 5.10521671206893 5.06835431090337
2.74925883079068 0.219339889045308 1.42484395864734
3.91424441884905 7.23248433527871 0.477100241932477
4.41646136978289 6.20241448013958 1.01929969651361
3.13577064917603 2.82619935884449 0.338703373084749
2.9143293175897 7.31172895076071 0.0694428636031013
2.83424417640531 3.91467541080876 0.667742706740571
2.86271942414947 3.25049056632872 0.784018476685062
3.22098404250518 6.68231318119397 2.05547214531675
2.14597796648701 0.219384913095027 2.39626781894618
3.79128130600213 3.70333005714606 5.86873321813157
3.41250180031688 3.30092997969731 0.985521931084348
3.28170127673512 5.4857104964517 0.696452476046734
1.86936133688606 3.49560795545949 4.10024815195428
2.15619864623631 3.43677115847363 1.76988560926796
1.90825748066035 3.01495703949852 3.16090301453441
3.50452941434262 2.6854259181321 0.888826776691162
4.0798293534417 3.67462052151959 6.19250053670772
3.6537482099188 2.28834498118977 0.565019870454303
3.05550163022362 4.29532922012026 5.51999872192354
3.90261649784436 0.173529481798012 2.47394051566441
1.31949699152518 0.0343574351066191 2.49576093904711
3.36399671197568 2.57911847871179 0.057768559335353
3.69786629754204 0.371096102682329 3.8232242463019
1.74364626413067 4.57114343339234 1.0199359274067
1.39867853635701 2.14174230699729 2.31186586045748
2.83611263729591 4.94603737969471 5.10263282664253
4.23706309758858 7.44049658597109 3.65308375721475
3.43309069564662 1.74753595096598 3.64583020101197
2.58296901160985 2.20594238140841 3.35961618092625
5.70214161487292 5.44247698695311 0.546753422982208
3.39614728017153 2.46377980760212 1.21289540891515
2.75356292636557 2.06075915293285 3.86097169712503
4.12903365516823 0.886588886782142 3.64574809422817
3.47947721174443 1.99162548689279 2.06038830391455
3.14223519267185 6.20781889547668 -0.309034226618635
2.62490213753857 3.6556543830825 -0.875043490054979
3.31671902703496 4.76009149766786 4.92173498230763
4.55310722799546 5.34094633150078 5.53632842217453
2.50449535950112 1.92120913752 4.81805132853261
3.37013876978198 0.989368902281808 2.675057999758
2.49087417977589 7.38561833644309 -0.0667985622254743
4.0989536298429 2.35816102161919 -0.163207071098594
3.26452208338971 1.32495176682617 3.77759498303182
3.27101747884633 0.331160969629352 2.85271217646781
3.76200626381808 4.69908571982738 -0.0871308582582665
2.8653750033594 6.90723505821124 0.53651736846773
2.43152857082642 6.14992302625072 5.49946262527934
2.91123811184678 1.88972910642399 4.03845479625539
4.09520928347567 2.41675361059284 0.149016090813913
3.39573029904086 4.17243170571886 5.95702627074833
2.54711287512221 4.97499380631284 3.78882002884285
2.21710844575572 1.03657339741303 3.5061000874546
3.26145787644742 4.43576211732728 6.01334097863452
3.86264254192592 0.205839473170202 1.86302014100585
2.3570788382199 5.30111492136634 3.94313913965942
2.49245691435611 2.49927218438674 3.72175393862194
3.33976091530428 2.48074005649844 0.590908701775653
2.39314537504838 3.70738302552622 0.627241985169726
3.87714651712378 1.65025611301547 3.3225506364462
1.76548890911052 6.49466860557815 1.32103110437167
2.18765741516168 5.31932483008302 1.41558236811868
3.90390752152635 0.46441537788201 1.93987252543441
5.56020810475253 4.83003566346251 0.640498474373255
4.73082303749596 3.48082676266549 3.50537032616545
1.9578217587326 3.79467222924179 2.19760174171615
2.92544271571084 6.17697596017216 0.158487690150359
2.34302248870194 2.11067310143846 4.14202315335682
2.46195783033689 1.35530180174342 3.77767710014158
2.9304868438022 3.88017093608842 1.05854690420884
2.42646860304871 1.35203303149703 2.65467387878357
3.09021943794757 4.3781725656289 5.49180307577581
2.24288051961709 5.8234138649555 4.66283413958568
3.67264632932763 2.47913722164248 1.41670081934586
3.89771335047327 3.22265044933217 3.05347377654039
1.73205071605451 1.15671015161446 3.46326456868933
0.783720960940261 1.76477540133846 2.0672649291872
4.0850115575439 4.43346942614996 0.121405167052796
4.03497008723953 2.43715538576111 0.263023832759929
4.89512245027719 1.01303046353456 4.08090484547112
1.9395799917933 5.98388881318642 2.39638434414968
2.07380169373581 7.20254342185013 5.9609818725144
3.31917579608279 3.69634760890422 2.58877229820896
5.15040628777846 5.86754681888965 0.315700881749858
3.38583763096056 4.19883033777566 5.53971646463754
4.23853773104918 5.56582993956574 5.9456965254643
3.20645225613814 2.75437451955086 1.57778929918037
3.76508979233889 5.77968508200697 2.25538190002812
1.85949121993174 1.08099718511644 2.91721472818061
3.36728120686342 1.32056453363387 3.23974046978889
2.62386092176331 3.13911824056286 1.68677777407728
3.53354508094425 2.79876235909992 0.196339077514362
2.52948259199662 0.736985915222055 2.8895596903191
3.60699739646723 3.19844008501733 0.814597634074773
3.73363471788212 1.31303209468457 3.69434809357413
3.318599378793 6.96008159684426 6.45796170554493
2.76623465817264 5.01268281280714 5.41935684769171
3.0402173636141 5.41985346810709 2.92211341922315
2.5676459456675 0.571220577886836 3.10296706027789
3.40410951987974 0.274033405667467 2.35752294066908
2.88760655052398 6.40908044257942 0.254785611928332
3.24434056553 2.50011140126914 1.24781054607024
1.14089796332083 4.93786577480039 3.81189377136384
1.54317841973904 1.42357175186249 2.18263634001739
3.7474479531111 2.38139642143127 0.211701844692178
2.42197565095466 7.05696082840707 1.05039956439359
3.84742453587451 5.49016047541805 0.505698526803335
4.14724509614691 1.94988273088775 1.53953045687001
3.55353423649394 4.87771008380818 0.998347308913484
3.84820323030994 5.32593615111853 0.285957190719944
3.9885994667238 5.40387705543512 1.6101720572768
3.15825203198007 0.946487213066718 2.65402420416373
2.97432500508711 2.66412823763144 2.23727862846485
1.48885969186333 5.78037151739712 0.615782532488439
3.14298655050565 1.54941946966515 3.8415672740112
4.04719406594357 5.19055543367048 0.738478968306704
3.4347648729792 3.42007300995982 2.92737293719043
2.24626430157605 0.161738347898263 1.83764030950246
2.81718287017052 3.47902907685534 0.325939841497903
4.15106991006231 2.80784765386351 1.82708324548757
3.70662015823334 1.39823293101822 4.11376423784524
3.31585909891063 0.970386664494666 2.87024387050828
2.54549782835013 5.16317459699914 4.79365253352263
3.18431941104242 1.54667470739737 3.41510936875226
3.21447814904868 7.34693256691149 5.30660236243762
1.37765774887407 3.23462347019356 3.0952504973535
3.74294689073654 1.52511351904334 2.88448497981883
3.98303066414286 6.16420005174982 5.93637398588458
2.74867808295805 1.74104045359452 4.81405220725573
2.40369940914419 5.03626939529185 3.48176915101578
2.28468266695463 4.78007113286788 0.719459390293783
4.36943559666977 5.03378132395499 3.02983586827052
0.313429466351459 0.0739956054629944 3.04705616962964
2.09580908108624 0.977032517710745 2.34681245675732
2.8942442494355 4.4705040702707 3.87033281645224
4.34463727667524 1.66864315254906 2.65116260762715
3.48398682995489 1.65612460022087 3.52838289529586
2.08968972682873 7.18297441218009 5.81855343757636
1.65428441394595 0.480746491306101 2.45504715698697
4.10407314211639 4.29539090319713 1.17812394229406
3.30784935813896 6.148849186504 -0.474159101733545
3.07386624395077 6.32253412555035 0.119621346234463
3.20675135948996 2.30006554343227 0.876159875008562
2.62071142904572 2.78317127900909 1.86632989895526
3.32986771337619 6.15275425367691 -0.913460559687066
1.38167214849769 0.582294049820973 1.95969830777208
3.31569526187085 2.50400184657406 0.396023053598148
2.35198231221911 5.48732152927755 4.62601810307388
4.56858268150946 4.23358828014773 0.646689811449414
4.10334003859435 0.0480045572984951 3.47078976337667
2.06078942234287 6.7656952170197 5.44712374793872
1.4408214566692 7.02647564272791 -0.338135200783304
3.06224705852471 5.514593518418 3.0313695959943
3.39803303721334 1.56421590281181 3.43894879902168
2.05943693481192 5.82189983269838 2.53767775796818
2.50887484793427 6.46084360368845 3.75333426916886
2.64768606462293 0.0858713774985684 1.85995178956541
2.38666123525352 5.11283083401786 3.55220227223275
3.26764982165872 1.63559499256903 3.265489545076
3.07196594389361 6.71542395117093 -0.259279389395402
3.98584751914459 0.865935351248464 3.48575292016615
3.26847129005813 5.68567979992718 -0.115782302911935
1.91436944978724 5.30190349537502 1.0588620432392
2.72366962047107 1.95330774422347 4.27095785642269
2.35433938041721 3.43556388473712 0.455087993746634
2.49847906715269 1.43841402110256 3.01288423203263
4.52083976812595 1.66906791364593 1.58281888637331
2.41533196022399 7.28295877631035 -0.317507291657029
2.47002276865838 1.72689844924474 3.51742485534917
1.06629448817745 7.35448631758809 1.35677949853088
3.48327504704149 4.41192404793411 4.94307299209595
3.31200790597766 4.62130083543078 4.9015836681913
2.41058688206269 0.549049388260105 2.36215963904691
2.73644163142895 0.946104926723566 2.45115522117222
4.08601779475579 4.2287270933637 0.656259132882925
2.63076589417186 4.1078819430989 0.560167468398958
3.09557575601076 2.53884528291277 1.24648989790859
2.25121522375928 1.42323831662626 3.64436573432351
3.14497928087933 4.27682311362787 5.10504970995352
3.70549924150504 0.183038822802009 2.58302754677364
2.34965640960945 0.691711468310328 2.83233747816629
1.78383897135807 5.9844476840818 0.275150988263483
3.84965722430171 0.435192437925869 1.96088056314386
3.5185197604984 6.24834929605915 4.54122686899522
6.03166097382283 5.75501905324646 5.7608403112622
1.7019314363452 3.31851485781612 3.39330599912271
3.17566798548407 5.84343011453911 0.0171597282249449
3.71839129114553 6.54831558424043 5.84248643857958
1.5946171831009 1.11981321324108 2.57427819035081
2.70617730735033 5.25702885008572 6.2137823074582
2.69304115457142 6.80608138866667 -0.449658431231186
4.14513864407794 2.73942925702487 1.66758274794737
4.39057079146446 3.81396796952293 2.55465538685056
2.55581049796495 6.6798740686243 1.35920278110606
3.44409990391234 3.8189015833501 4.8667104442314
3.27678319744904 4.32124720719068 5.65219934876504
2.63217970769405 6.11942785489126 4.82704793456123
4.42215727741185 3.43788521020293 5.2647722422786
2.49560821931194 6.31349533566116 4.82108388582215
1.43805100758106 4.14411928985552 3.93544828028558
3.61950380340763 5.46691157770372 0.172362701110386
3.49024824142922 0.0771500958078066 2.36371907107719
2.36167037655341 7.44374425139073 1.31380212299039
2.21787515935999 7.204687426386 4.98095908863084
3.23455166567644 2.26328091828271 2.05577535773557
3.10991650084982 1.57106988665053 4.57155580619433
2.59757299958447 6.78722350952425 -0.0554205801103886
3.64892788162241 6.95140157129349 5.14002601447455
2.23698358289055 2.49959175118157 2.73144154557597
4.62533337467207 2.22082014561064 0.693117195606569
2.18191464242041 0.436162886380765 3.01801088643179
4.3414407109881 0.204236169020495 2.57805948992017
3.29909499369615 7.25732831642084 7.24407493002595
2.36804520903638 7.4686764191003 -0.19443370696628
3.79300353872427 3.90370618943758 6.27945190747117
2.55743981154526 5.49847327963464 4.78554923574407
3.05642040617211 7.0877389450563 1.62282292496597
2.15422615615732 6.96434776840515 5.28700252759249
2.67124878086607 3.19585380930965 -0.9166289405468
3.86595033341399 6.77084945852132 3.7709730803417
1.43752124292882 0.354131588859521 2.54271736709474
3.93541919691119 4.5302523179808 -0.135373067617733
2.78781645409805 0.231351643801609 2.22073143187947
4.83941164562602 3.32868591247754 4.82000830222214
1.76442700211071 6.85263109852566 2.43236450794019
2.9438699327182 2.34536880649608 2.11773851471236
1.06980190190589 2.18051701637068 3.02889095600588
2.72629090270175 1.86484939530946 3.75542104994344
3.76123038023048 1.31837859863888 4.60395621304018
3.56465740169488 2.80880816057557 0.710531044556671
1.28768914367382 3.87693696217171 5.0126090016834
4.2143637455063 3.18573490531356 4.18560888642599
3.09409164946419 2.93925698337427 0.606429973055111
3.63963183855338 3.03148156799457 1.69119868044155
3.3950259748619 1.02579228974968 2.86898375203672
3.54052166399682 1.27654376384853 4.54024458243243
2.619562355983 1.24583952735411 3.56892626830833
4.70462836483905 6.12031864825827 -0.106588718481217
2.10241109368045 6.41413104608047 5.89870195019253
4.00462834061407 5.70884052838094 5.70075139757567
0.658311810393889 0.628619328570104 1.9758546219194
1.61270788020046 2.127982951142 3.16948670744409
3.39573906671676 7.07330167464896 5.86105326578314
0.503101335213183 5.87059161830433 3.02255999014871
2.42882872475419 5.44687667395254 5.41586036826886
3.28108958065859 4.06551973423754 5.41961946618914
1.78192835821894 1.34359361471166 2.62343616298354
2.65792392852191 3.9321531143776 0.724034432281255
3.45970343597772 5.2551246284941 0.776897497403268
3.08676330062714 2.46666592026717 1.99217160863562
4.11894644984524 1.65050009809849 2.02926356884553
4.01249987028262 3.71482143039087 6.5681074660592
3.19790113427911 7.37414175567754 5.72735155353733
3.9504529007743 6.60814591945166 4.28825599601946
3.95246711760159 6.62645977706376 2.84740672223747
5.4307167212709 3.91966009675901 1.70403070718518
2.0446347478929 6.21131124445388 3.47087308374525
3.93494391513417 4.37489417865243 0.299768920534906
1.95313927134236 1.26819676423945 2.76117383902883
3.96445759860291 2.52653169676987 1.04657029522692
3.58605560024097 5.22689029471138 -0.223163201307841
1.89344723803949 2.66105781684082 4.281350227249
4.47112038149256 1.88139548005153 0.697029689493307
3.28300718088377 7.1140397523447 5.71122768981364
3.46841831027574 5.67264244753974 0.510615254175896
1.18425499737883 0.0949110753744256 0.949272215179118
2.88971180421474 0.6683520352881 3.07566948366557
1.91899876664741 0.762064790982961 2.7119779885749
4.25645361491436 0.709068473357103 2.61763710302475
4.3154721653113 2.96841296425533 4.71363867161328
4.46146555526695 2.33341343346862 0.658439001941877
3.08242294930676 7.46826933354941 5.5762498254871
1.84920839696789 7.36557716477985 5.66924953751915
1.33394383183191 6.9564286945092 0.133332664569216
2.47164650075586 4.32031541418893 1.44600271856095
2.20949122741458 5.52207237726744 2.99449436470382
3.42783620585557 0.2958552229826 1.57051746328063
2.43558736691613 0.771020567617423 3.16460242308011
4.93107991109936 6.15463877687333 -0.22875071055109
2.98680343299369 1.25239247980979 3.50744902282567
1.68824507418815 3.87480223017848 2.29706606310619
3.01042742435002 3.15014002913338 -0.446593107089936
2.4634411493819 3.85577354704435 0.375796804366212
3.54184504265031 6.41633866179969 5.10655247888824
2.37836621482041 2.24348865503937 3.6895829456928
2.85401682654804 0.626115592488742 3.56827169619019
4.07185026317739 6.65370095650879 -0.771910104129303
3.94263624762725 5.49652276075037 2.07571167194934
2.3521333245384 2.51527135365298 4.2400413426076
3.12411248107033 0.950599331910907 2.45552717209553
2.95877165378193 6.76291993209256 0.0278963909586142
2.6769146411747 4.5025041693902 3.45122354564695
3.7342353015035 6.12469767250231 5.92121665268708
1.53041745945701 2.41806220017755 3.21760519350419
3.08999284978754 2.22722622705343 1.86842152313499
3.24833896024268 6.00968640958273 0.108059285290061
1.74468108121807 6.31146439548863 0.700160340553221
1.51487918259148 3.04826429377832 3.81636124606128
2.79847026542528 1.0590113092397 2.00139583442706
3.03728741093024 4.09277894581297 4.2226681709616
4.50638279825808 6.76016916199292 0.114175981412559
3.40776543819645 0.0556051517229692 2.32755036925766
3.46634983663466 7.26653747043779 6.03378924915135
3.97676622526263 6.82600935164573 -0.740382367269874
2.85939814425961 6.50388661581821 -1.14341063226625
1.80908582748609 2.51276130118961 4.46244420196648
3.24735326070488 6.55905550748496 1.5158422032429
3.24088841156667 7.2025073274526 6.21190537505626
2.14216388451076 6.9633572076466 4.82120907298387
3.92423904708648 4.96354970573406 -0.411617883807527
2.77376803680679 2.75956648366982 0.722823197486277
3.28400964180186 7.31133093096519 6.40267328382916
2.02775130786137 4.73011596891262 1.44523468562731
2.76694735310931 1.49845566166106 3.56309654834997
1.11505419007684 2.04907025564803 3.36425755491878
4.08730354963644 6.84544347433232 -0.843316875135244
3.87695839738007 7.10317908193021 -0.0586341770625712
1.06063578453279 5.67716116382877 2.86012160442014
3.7451349165517 4.165937232708 5.97832254162053
2.43687851402489 6.46856803363687 4.11090913131572
3.18384491808054 2.05228477409509 2.1128634848939
4.11485575071466 1.19053536080348 3.6823618128006
2.99009212412425 6.33567193329459 0.351140448023633
2.16759173931117 3.8629537807407 0.611548486957772
3.15222994745939 1.59098042588663 3.27537197802308
1.98384443782625 5.30763520108416 0.677140336925626
4.13792179381024 5.44028283792023 5.23530107708877
2.94737831806795 7.11040418843412 0.39987918898758
3.18077674003451 3.67194163747156 1.93522425796848
1.12764330518116 0.807182673851814 1.6622971977553
2.89308141729224 2.8802483743347 0.181332006990398
3.16816274334902 6.37208531571738 -0.108558132879527
0.872981800197492 3.46870663140496 2.69415146294377
2.78442715162801 7.45570929229089 0.372082500202895
1.49058682488989 2.37827137120513 2.95661807648709
2.78794807203899 2.03369568425857 4.0723959158154
2.63852335815778 1.63567394257865 3.04082345683275
2.03659593810846 3.15513062762282 2.29344959026423
2.78284367492754 3.37747011256635 0.653371211507136
3.01948417713131 4.40972159250953 4.36806843020539
5.64351857117714 3.91194899718796 4.645326102242
1.10930227229422 2.4695019593402 2.2776941270745
2.88295862279879 5.53381975194711 4.80028279485193
2.51225972371765 2.99413900387503 0.634060956789753
0.963641740893351 1.05814604691495 1.99670715655913
3.07445260133945 3.96485798532673 3.43208069217577
2.48203998693966 5.40038933425998 5.75024567887725
1.71033753133932 3.97229298230881 2.89619050154501
3.58628306825577 6.08843620161325 4.17761300328153
2.5691307319622 6.22073894875779 3.91652257155396
4.99289383755078 6.59329178717149 6.12951021004073
2.77424852247171 6.07563673364854 1.99100362368139
2.91784364873278 5.67214099487994 3.69867411471251
2.74355984402212 3.62968165346325 0.231756094541888
3.19247573987002 2.78965083068451 0.285737484782495
4.25937566775008 4.86545741804642 -0.273382445360641
4.0156699112077 4.45731535062688 0.110682291205503
3.694259773321 2.03096497818195 1.27691816341753
2.02647150509624 3.15850280266603 3.32904769083616
2.73428126109541 1.21427928695649 2.57292800540741
4.15384097433809 6.90613679217054 0.533634009881835
3.48618945563225 1.35751196342204 3.75119052471361
3.15258358608561 5.03565393268073 5.10450537524072
2.21437204236354 1.88281442977879 3.94926202790126
1.70572186075376 7.37002629179507 3.68929752675378
3.1068219330806 2.8325364691556 0.314842431770512
3.67424444998644 2.33583253604306 1.01164759520805
4.02973377423251 3.79254993276215 5.24921858548756
2.25916163028583 1.73903008503254 3.91117149787065
2.82668730998049 4.14009296180642 1.96614253398351
2.67212764009702 1.33884380612232 4.35191176913843
3.78211946347677 2.08300659633834 0.850390381100443
2.38430963812911 5.13382348009649 3.0446126283889
4.14385342020106 2.90576574295645 3.20543809543437
2.77717580347192 2.88525291656673 1.36258923361692
2.61992196901545 0.666766346935265 2.75209566721815
2.30498497509197 2.71644161014956 2.67622595097986
0.993890373849847 6.60421415502795 1.97251854051177
3.64870184077182 5.38633813615221 -0.616020863831057
2.70424486735408 5.58366064054215 4.68371202415721
3.83829863059195 6.44511602427161 5.70394355543792
2.69751428230484 2.52235892591171 2.91746046891113
3.5833682446821 3.06595571582458 0.0994066002363999
2.53532652353884 1.93431891625184 3.96416974133186
2.8836588850926 2.97490465324704 0.917475948007161
2.32589759326565 1.56201047203135 3.06335952622781
2.38096749988003 4.16687001846472 0.770617866986733
2.71606726569063 1.05832022061673 2.58685667245096
2.60086928013496 0.0711749834476061 2.19790495522844
2.37412927905833 6.36576676067142 5.51840157307095
3.16489582908767 3.44638629576071 0.672416937257438
2.57433256340359 0.010516270535307 2.37944844582901
3.60232844364751 1.36959356071473 4.25716856300712
1.43506014601236 1.99510491840122 3.43363124485754
2.45114088644624 2.98980916784674 2.06497316646253
6.04861758220793 6.08580216502325 0.643353246892609
3.51358317105882 5.90742373212147 -0.273292178945549
3.506836563287 4.88597090791262 1.09584361256139
3.86110769234071 2.89730040266614 0.396497421123145
1.52076235900365 6.85936389080822 0.433091582593218
4.38803984929831 2.941425838035 4.71530471809821
3.28524733731514 3.1894190644784 0.884606288385321
2.11542202128752 7.00562172216189 5.44682597075582
2.16263728747486 2.21028744606699 4.10407659235117
3.25938583838195 5.75892644454747 -0.311096420637343
1.92217306461547 3.44531548999805 2.20341566721648
4.12213795932105 5.19642188696093 1.35600179093412
2.54353021018324 1.39326117713327 4.11095959914792
1.98431436879086 3.81344625027663 1.12636013035944
1.80604061717793 2.72000183719543 3.57342022077785
2.84023362424449 7.43245706387505 0.886320176746836
2.80432850958971 0.836300838428744 3.25897852869893
3.00071856232906 0.197475913797034 1.98510944419921
2.47046699473745 0.125247319987389 2.62425817431913
2.54996034827298 4.61468310909452 1.46289480414002
3.03977467197623 4.36705392243669 5.40602214739229
3.17900392244965 3.48307293936026 -0.531643859082004
2.64666000952673 1.16485030152422 3.09466171513662
3.45293725162015 5.99701597090456 0.480593100704546
3.61245780032264 7.45967807386217 0.666827662940096
2.64630011665864 3.11108208868239 0.646307715115887
2.55605327396069 2.48132277840286 2.56048592290527
3.42635942370657 5.86298851402486 0.881889281411396
2.80173337502982 1.88481899925092 2.74453262421605
3.35953750201426 5.74183642509925 0.218496039235147
2.17009709983163 7.4037735928861 4.26586528353582
3.6356670775728 5.58488645020048 0.710639835470695
1.65843644815337 3.13423080764083 3.58207132332244
3.26714094554602 2.46924130004527 0.60082218888834
3.04882399514359 0.564382883351911 2.32639386113603
2.08168171489202 6.59724450614613 5.2488461334847
4.14607301415696 1.8198503526388 2.19731433357487
3.61725660516645 2.24055555104161 1.90869739035756
2.91682389807387 1.8957937152166 3.01285925320523
1.91482260038957 6.75110865537957 5.39443098061786
1.1121300578022 0.0832108049407658 3.05375131304008
3.40383791700092 2.22698005012648 2.04551196759419
2.60536111713951 2.08722721783267 4.18612703712536
2.15129837471727 2.63374272049649 3.98688962746719
4.11499594266236 6.65238976952288 0.123437195749541
2.69120403136936 7.2903321184683 -0.219783348898437
3.89631981819446 2.94093530310938 1.4073788810607
1.32926563610914 0.48899029498429 3.45226581806975
3.36790768630447 2.34648929201738 1.55587358317668
3.76046346094836 7.33218853406927 0.247146791721626
2.58167302057256 2.67988936885314 1.99373367618109
3.21824952578571 0.76244747183596 2.71098055096239
4.19916846299798 2.82397954658327 2.23600097976579
2.8190547281026 0.853260168041717 2.79804926808732
3.9404397918423 7.29536659730537 0.527030447858247
3.0450403671698 2.12693694183675 3.68427741100989
4.16781513078679 2.87899555768287 2.29478030124814
1.56009553437432 3.49377207501528 4.52244946809818
2.08685232109251 1.45841560792895 3.90076429143063
3.36977052164186 0.113082399047433 2.03345380213261
2.86085353132367 4.43302516895793 4.56199481380433
3.27953284021009 3.45656842075944 1.85291635397557
2.28197414010638 1.55023310681364 3.49654115338262
1.88294691553335 7.1300987935723 4.29730939632298
4.9422884649029 5.37458880901216 1.62321698175919
2.44989664939714 0.765742177169546 2.31517169968198
2.72007521599136 0.319150442244549 2.43710969979721
2.22951897463216 2.9125746926033 3.04987880773419
3.52162222638541 3.73172366172224 5.37189579119902
3.76200009902381 0.147442160798137 2.7234276636468
3.58836093014368 6.9872859186807 5.79688895338771
5.45474924905197 7.31141481628611 -0.0879417602540939
4.21136116431284 1.74745707839534 1.72027446457919
3.93144235772304 5.55120034630047 3.36860736807998
3.13115102050969 5.07612946897098 5.32479674325528
1.83664758958601 5.37568465257231 1.00036313182784
1.8746016618364 1.51713032531565 2.1023828832632
2.79045010443532 5.92102504259192 2.5106816139336
2.50317858462507 1.43884729113976 3.10296287970913
2.00276578900601 4.03518991076621 0.718904887304623
3.41803134602744 7.38715594616427 6.14635203548234
1.29210369840122 1.73090924840884 2.36325417582486
1.96397749568403 3.11040463656779 3.56191303383369
3.31812198189698 4.72988149787884 5.13412835069877
3.29183314733092 0.388068570848823 2.78455854089323
4.13917495473082 2.09887719270422 0.272296520293768
3.24778402616454 1.17571336402599 2.91658580058429
2.87067015164292 0.241847108872006 2.82368115394395
3.68624291064826 3.06152277110857 0.479263138710996
3.37662170997284 7.44153216463649 5.92403984338946
1.82085046297322 7.44703350884476 5.15238792628327
4.03694726584877 6.13530037880968 6.64294472828455
2.10285512527401 6.67671356020148 5.29509756067494
1.2679264817701 4.01733111567661 4.06579834664051
2.87563090125044 2.24803745190394 3.13782470178869
2.63794816374949 5.42056237670498 6.17531937664563
2.59113888406975 4.21995722101456 0.379394786692573
3.01421601979053 7.20934399333994 2.59628721943836
4.99587077988803 1.47686790030666 2.56872977524864
3.72319966566497 2.1076502654451 0.921667263232247
3.28789589894462 2.14241456418376 1.90303396716488
4.04408895960461 1.0882882940275 3.35805521990513
3.88439152564772 6.28603632563268 5.1677842766255
4.81296592577513 0.702253014053544 4.17466189637463
2.33914448895588 2.2157928958541 4.05669776063997
3.39724924115176 3.02998650675291 0.643506385285953
2.4041694110111 0.478363452441975 2.70035226807838
3.99962147163821 0.364845935848708 1.87077044925141
3.1999569485414 3.14593277294282 0.47216446360091
3.44184197675819 3.18144793023004 0.47216322233933
3.14403391022312 4.27122404210361 5.07028190508221
0.575786010514098 0.739404451474257 2.44343955214231
3.06590109201582 1.25740136679727 3.51251516112791
1.59079502948093 7.13417728170713 1.32787284587804
2.38794074712943 4.75380329455056 0.90735195286158
3.35153829654913 0.528831819449484 1.93543760359052
2.73659825547684 7.43331208572004 -0.0216909602421566
3.5756724686014 1.26241521256861 4.63500335157302
2.04523793547953 2.43703450644499 4.36291389582275
3.5628295050239 7.07047571396179 6.07963318105678
3.72551410062774 5.74255596727536 1.5307283950515
2.18179641396272 6.28818828436482 5.29607367623172
4.23296606918427 0.266964460792805 1.33955846990076
1.0509914064051 0.194950618010214 1.25295535100014
2.26266077246557 2.12046953414292 4.34824211958402
2.80375696417689 3.66097862048656 1.21102057708396
3.12918407996893 0.374371372720672 2.16347455203338
1.81392745951224 5.90265443384423 0.657666326844358
2.23052998459247 3.64325182520912 -0.149026901279294
3.69118547378923 2.90899690015924 1.10475913109921
3.61614316183833 0.296308979012845 1.61331038563888
4.31864477994576 5.50341109804772 6.79531334373484
1.9080043320891 2.70532880036557 3.67235643464876
2.51281413489779 4.36387280255772 1.22263084461023
2.08993029663851 7.210790335163 4.92064826522725
2.91755707873604 4.86695292721732 5.63222852613292
1.56833818183934 1.85322657796338 3.40373388582421
2.29529410644832 4.55674306201185 -0.393716914264992
4.19520115573915 1.56211994627155 3.41419290290787
2.08156124144093 0.109851229008379 1.49614770555562
1.2661293197578 5.74771034273577 1.51116816117119
1.98567604258337 6.79252504150693 4.1587444456109
1.96258529526451 0.711004863410714 2.11240991111478
3.99448578126629 4.65113755546247 -0.00725908908774779
3.17344648537765 3.850316941414 2.87506393516473
3.03095657513565 6.31534508488389 0.652604542605421
4.11690499834626 3.2104039434445 4.44284897634593
2.84715176315256 2.31530400208443 1.75800926251907
2.11758094229373 1.45906269348189 1.96434104058402
1.28428007529726 0.607412289903371 1.79293543718849
2.19118226383486 1.19704806843231 2.84404645817926
3.38210311515858 2.70068862554761 0.244335369300074
1.63661048878087 4.74907661413106 1.62446419995581
1.18851788352651 1.80305796896615 2.7918445143861
4.24897854625402 4.26223411340024 -0.692824547829454
4.62832222614276 0.709093373775548 2.93218980741961
3.11361387210284 6.51707698125946 -0.0274998532738376
2.94378844704472 1.22798522634221 3.6945565624248
3.03636915651474 1.32566580092994 3.85176793890761
3.27094684355115 3.36750304795734 0.461812526664677
2.98312729961487 2.05638654940077 3.08083675435992
4.96769692290453 6.64300791756258 6.77697307627825
3.69477771278402 2.58680259864765 1.09052279896951
3.49420975673755 7.28980110499562 5.29006730767645
3.85373699758021 2.29174994363857 0.587233818409888
3.40370196240333 6.66106626398459 5.08293001159934
4.93383739038545 7.07183776071388 5.78153537246179
4.36826871765704 0.970508066037873 3.70953500021906
3.61312390622891 6.8247850670939 6.1379371930947
2.71155220670606 0.17168938385781 2.14523383654084
3.63963206189577 3.50161257223777 4.61517573185174
4.12503571947987 3.44547554198461 5.13684560609268
0.95993343275 0.622928784101617 3.51192893319776
2.19147529760166 3.15494245183445 2.09766182431483
2.77875469992505 7.21180181382147 0.299630964701729
1.97824378045637 2.4493611705367 3.81195949405615
1.82866272397061 1.61558719295257 3.11320041585537
3.0150551235124 5.18622359063351 5.64415898872884
3.09844967721526 5.41094659995241 2.119635736487
4.4558962221922 3.24907902461167 5.12740317703819
3.04401301246531 2.80924447712345 0.0298476048740497
3.46725011943859 3.71602094517616 5.41389998104506
3.02861967179856 0.180485024754494 2.03658447532421
4.74470206043887 4.20880671787672 -0.174127285086631
2.65083978687156 1.11670404703069 3.31311879879201
2.77766006289174 5.59413617682105 4.74153103530908
2.30557206526799 0.644926424540223 2.19856372910435
3.35839184988346 0.987248170886636 3.09373202981696
1.98027768777678 5.27453363419821 1.01954152845313
1.79408903724548 3.30073596809467 3.4359177617698
2.60049503821925 1.94310707262758 4.05009051751164
2.18115454920524 0.467774005565373 2.79492234479442
4.19739120692705 4.20184165035427 0.745970023090938
2.81903621847665 6.10797835850037 0.895254985152714
3.03369692804702 6.78811870273958 1.18309529974641
2.80439204850684 0.156762661832961 1.66218473948071
3.3277021790192 1.89252164434411 2.20334525123475
4.28004029815642 2.81702700313325 1.98163808789746
3.04690885240088 0.994116589028396 2.8360672621902
2.00692713617882 1.50917396888974 4.22553874350167
3.27183859957918 7.39016688670869 5.92708842255648
3.68008194858353 6.47933846374037 5.53586466251072
2.8433487243592 1.12336560246431 3.85422315822417
2.90267787057702 4.51208281555583 4.68957224278422
3.75932772378782 5.5050289201191 0.459843498319123
3.83017283267654 5.50583526061753 0.0875745301237447
3.75949905136477 4.29024529000177 3.83887679086142
2.63016732617154 7.18494290375435 -0.293520534669462
2.14886567674499 6.45117785360529 4.32860569292006
2.46484881060395 3.86357847358235 0.335414667264781
2.93035298485293 1.25006426063181 3.49713750680611
4.00009888547792 5.63782165153312 5.23721953579921
2.22090747113185 6.05468890768578 5.82031848787093
3.85306997599088 2.05016774684885 1.25812973054589
3.03080156145917 0.182778639949641 1.53824082307023
3.32735372969229 1.13045918771883 4.35758289984387
1.47299391313532 3.41756789571846 4.41098536178118
3.65032289034033 3.32858914501154 2.79289218780098
3.545052503491 3.19969676768349 0.926724600108763
0.341004366081282 3.4856614854109 2.71371090994158
4.57129414907513 6.2167862720431 -0.188910213938198
3.74781347953631 1.32220556608318 3.92234960963845
3.62998767933153 1.01448046303843 3.60670286396369
3.13389445250792 5.30763040827201 2.32750031527695
1.7803392930468 6.75113143188229 2.82407568187548
1.97379631595828 6.99675327853959 5.6327898216995
3.06265561533657 4.35893126179252 5.88956444051796
2.16601964721383 4.93055526485841 -0.639135791869066
3.18193967103181 7.31061885475723 5.54286709343454
1.40734681833297 7.05883766621772 1.26872056354499
4.22672396223596 1.75411135680294 1.54609456587762
3.72998341844388 0.811689369942028 3.23190522258778
2.31129926465194 0.947566308694459 2.50538694046203
3.9942164678433 5.76677864768438 5.85690173801217
2.51018205475336 3.71815100919344 0.261824539613519
3.57269663610211 4.77018817468763 0.778121901273124
4.90746251417285 4.06685662022933 0.187646602675661
4.20828703799071 4.42854798870296 0.846869887852382
3.11778949802055 6.39132780125199 0.369973133210935
2.99577744165576 0.455543724811238 1.79490027953319
2.60703673786738 1.74015614170928 3.83827560985978
4.26168435969492 7.01980648156295 0.54959839348889
2.90421689825765 1.85532632084557 3.88299573992821
2.9782563268465 5.8644029142993 1.1939115481049
3.86770265056333 5.91076003994547 5.49244064703982
4.53845199582722 5.20363396233964 5.05385692069715
4.33833946285916 4.52839101382478 0.561095545680875
3.79375267828909 3.68213626114263 5.29333486617582
1.84289013367391 2.09790700111246 3.25819065533937
2.17957645971414 6.72071955832488 5.8132758778183
2.10197301343994 4.91533366622848 -0.142451776815198
4.13761285781143 2.82204459058711 1.85477458952186
3.04683036479872 2.54450914993146 1.3389706531206
5.46806997660741 6.1959802735321 6.33759713131496
3.71182913116019 5.25304943314499 0.0964210689719717
2.6798858038618 1.86666511741505 3.51034671592155
1.67406372558692 7.45816416670467 3.65740036640154
2.7560666125731 3.19149833847299 0.658064174521671
3.50611168309613 3.85025700965332 5.72477498503685
3.91581150669179 5.47523819795475 1.61877420639976
2.59128958883993 2.00638011835319 3.50849018091407
2.24337363062183 6.56773367463576 5.6505902627128
3.155459077551 2.93548991827265 0.722023220565198
4.08637269294134 1.42895871909514 2.74165114524273
3.30601388263645 1.31115262201537 3.48146915758571
2.71527373410832 1.65092043965163 3.92989743166554
2.34317970703287 0.739906015654786 2.68532613626494
4.29946930925751 0.913029180639526 3.0999877591405
2.80267650099595 6.68838298497201 -0.734009911799949
3.48924377554183 0.367316025718514 2.27853354138937
4.19677090049325 3.04644109425439 4.73443973275357
2.31282163827252 1.80144824980674 4.30072371052327
3.55965477294463 3.69344037419582 5.74507965435129
4.09494334767263 3.07731454718461 4.56203754320073
3.83290710776306 2.10701171475797 0.992323997002662
3.21171178136513 5.7961229686725 0.574857533740741
2.6504673245061 7.20202775269906 0.326909413014442
3.31442944032969 2.06615933985808 2.29187139906423
4.13811050529727 5.40162651339433 5.4530152472445
4.87560857319521 6.87959234792726 6.2681284535417
1.83202738458889 3.4032776664678 3.29981388132171
3.25245881825867 0.768909250917273 2.83599640993512
3.8718998101836 6.88005086217329 1.61422801176179
3.64450167603266 2.37776191692443 0.845736756821061
2.79846398036753 0.13951552546501 2.01830722175409
4.72379065086164 1.04238132022363 3.62944213471405
3.18994732127408 2.1698414348612 2.94751715043229
3.61158129307847 5.84661954878744 1.13705370460787
3.75060168823191 2.16843672690844 0.0798762794020018
2.35495107319468 1.77934058743442 3.5763007167835
3.09663321146258 3.89643688940438 3.23718242632418
3.26356467699224 0.0844863939870493 2.94548483984545
3.36283458068865 2.46579650958444 0.823867044213378
2.8347811028423 6.32835690088179 0.315398666363236
4.38906097319143 4.99070096246384 3.81894709359941
4.07543559617426 4.33430483453654 0.293378353257975
4.07640755744147 5.50290721405215 4.92212982814496
4.23428647407701 5.83858268885002 5.90926223488288
1.55492573374527 0.0994553340725961 1.07169535601426
3.34513387853951 6.33212772504663 1.1196027395592
3.85564114998777 5.08426997134209 -0.658192118747836
3.03083856304425 4.53688474683542 5.13471332755899
2.77270779156439 6.81783338294709 0.369759187776296
3.81749639777447 4.09261203930591 4.60653286444473
2.81550255369942 6.98300295497088 0.0354319506434324
3.66278622591302 7.25984217646008 1.58393948345503
4.09619963111278 0.734481908166329 3.27500881658625
4.34258518938643 3.15509470195952 5.49097470407953
2.71853098942256 3.80943701868483 0.00551438879467731
3.2024981374294 4.29043320886831 5.0451806857099
1.51346499428362 0.335943371388742 2.4759034083269
2.90942777676436 2.62541640023211 1.6621720565927
2.55809695375713 2.40003230554487 2.97219977868293
2.94731567024871 2.83615678258292 0.522525548274101
3.06113903639531 1.54909020596998 4.24989335862923
3.27278935908458 3.21543453371969 0.779310452619722
4.77422217329896 5.5926295020689 1.01896327541115
1.99792176474944 1.95359747501471 3.76818677612303
3.48560621749428 3.70814269229254 4.65766644775598
3.30763944662272 3.60395514468931 1.84218143945774
1.61931835011054 4.90932418515994 1.03648644831851
1.31171006558967 1.59281286253061 2.62735541237513
2.40499433527704 2.88875203588011 2.41508755254977
2.49067319632962 1.13059143098914 2.8154188691373
3.38299693367311 5.66988915318222 -0.141504420835465
3.02877304424565 1.14879349343287 2.78593474600616
3.2852193761103 7.49005546464546 6.18262499661671
3.15873612410606 2.19589209554858 1.93046521975622
1.12710375775766 0.273185579785274 2.76055838502727
3.2899576992303 2.94610023856375 0.723358533656254
5.13584132407026 6.31165669989167 6.70670517318005
1.67667773480815 6.60987685739707 0.488983665179179
3.2569533331908 0.70982109298166 3.72157242697158
6.52569455071392 3.22679955631055 1.55605637667942
2.49121859534559 1.59807372864142 4.06807138488415
3.82691257684013 4.52421389187017 -0.182704465697261
2.40883073584665 1.59028985091116 3.25817154241566
3.81752456796608 0.396773885668559 1.85471015533093
2.99311493879157 0.128452436192061 2.4444243078191
2.76849254996027 4.64996903419949 4.29277138840502
2.65588726826615 5.81300448276157 5.47326987609095
4.14528076121326 3.60797109087058 5.75753243544212
2.08098559316495 4.83715753966279 1.11854912053639
1.58221181100189 5.94328222350314 0.304240945616103
1.68593019571963 2.04713467834505 3.09858926290816
3.80932649288689 3.34253053584175 4.81139678525077
2.83816451056089 5.16173483938211 5.83148130370515
4.04517357350919 0.191027628178985 2.02079212966803
3.44629159953921 1.64145871170756 3.53950824305575
1.96574908809762 3.33929089150062 3.03549087040103
2.70335958135317 5.66747686762379 5.3976390775894
2.3044929747542 3.43187962528006 1.16000010550717
2.15555284805884 2.99402320837451 3.64202506470343
1.80619247495284 0.482569497791688 2.04185728582054
1.80314864058606 7.24299043347368 5.29978314237345
3.27471150726874 4.10798790733472 5.12642061368906
3.06968738017788 3.13488937531274 0.298270120558873
3.75424552095378 0.060588041132613 1.78992180618023
4.54883647413393 6.59466980820467 -0.442864760516607
1.94072137440568 5.72284419930429 2.09485960716873
3.07950635439164 1.68740947700212 4.32045481514699
2.59009165471087 3.88399903443401 0.238105889997729
3.38217615429358 4.64464525116941 5.57096199476493
2.90567455398377 1.67737118390757 3.67794030559957
2.05936585124607 6.98089455971085 5.81179343263269
3.62823287941682 6.65717495506567 6.54476272145786
2.97812963709447 5.34975039821751 4.2290757566653
1.8108566481986 2.90423250900177 3.90986537129808
3.14112750347364 5.65426933831857 0.486361099391141
3.83958350904541 5.64574247906821 3.37109735556975
4.17187892749482 2.20898404783665 -0.494893731876334
0.389234410517473 6.38435702658666 2.88232709774184
4.44111009287848 4.51729905825187 -0.169398493542271
2.29510634910336 1.80697775381872 3.74544605139939
3.43231084424132 5.40864778639322 -0.0572350150572906
3.39304339105911 0.480058709329052 2.31737994580594
2.48878880932651 6.65974605608147 3.02236455337964
4.15553962584618 5.28859956703004 4.1185158624959
2.9586975615482 3.71424480540134 1.03681560885216
3.7245177772096 6.83078323702772 5.118509711637
2.61142311597695 6.67689910604991 0.640051719817876
3.98160155800144 6.53449788150445 4.2880594652007
1.23503839763994 3.32772895285328 3.38637257537495
2.81810957186408 4.5281454553117 4.3030461558642
1.57167664366913 0.172022876861052 2.56756982480916
1.89277830930076 1.77820838830759 3.51799164496353
4.19519201141637 0.5183275636355 2.6113530364355
3.57367190142896 5.82356019649228 -0.673631773568871
2.36597948985075 6.12390101758566 5.97584471879031
1.97944174716067 4.4505285935582 0.292402976966832
2.8813102734537 3.299284759917 0.738202232287229
1.47648466047004 5.84690859281334 0.238843600149453
2.81566528351955 6.31322518672807 -0.172897472541313
2.19499375528671 4.66228462827806 0.57629458700179
4.7724476144781 6.27078460290809 0.364125647225017
1.62910128232713 2.20704573246162 3.25180906002032
4.4883213862864 5.7404168405103 4.4573316641312
4.64255831740388 0.0585932467093135 1.68653035534695
2.84469763155659 3.46892288642373 0.823759666239423
3.46138413975224 0.139719825217921 2.06385021339895
4.95286113540347 2.85278847047736 5.21003875850627
1.53354499628063 0.592194914216293 2.42280070265036
3.17321125224594 3.0985348274272 1.36856669819388
1.5646590651826 5.1056912616968 0.646996441794356
2.97154950919968 0.61946368176555 3.32634339120026
3.29078544928418 6.79164011937547 5.55973424772814
0.530392891772195 2.92782072423342 2.0526489768468
3.70609159818851 7.1653587477129 1.4395574693398
3.73745422451842 2.37822077864365 -0.570787403079545
2.80576800350393 5.60355202148016 4.52456694158932
3.59155278751527 4.75383152004073 1.56751109025702
4.02192521830217 1.65638747733131 3.02876948829835
2.64174393255727 1.46931532032206 3.55324092944862
1.74980132645078 3.97912623641454 2.52335907585496
2.83558541629525 4.11798793025994 1.35651947338752
2.26110024854641 5.91983842802464 5.8978257528478
1.7690525513532 7.26042698133514 5.11655276840035
0.125018801073341 0.35195091378335 2.35461097610273
0.845133526068397 4.4409540807214 3.76545076468313
1.03207776496013 3.64759446342708 3.77110906057356
3.23577648839743 6.61134623398736 1.10853584007348
3.40326104191222 3.64419783337642 3.67378174863725
2.83959824265994 5.44159875242226 4.80119591704738
0.750009710574084 2.38148745820286 1.73304173354141
2.62686416591609 3.32758759427807 1.31105317630688
3.42654135603948 2.30994782775464 1.22875164146622
4.07570105215695 2.08749421768139 0.614034228100648
4.11228102822529 2.44528592822952 1.22648976343978
3.22997157829221 2.07670800766321 2.54412337238545
4.14840492834313 1.26590392342721 3.04529145884321
4.2169863695589 4.44954093282226 0.121304189185068
3.30501284674049 4.20758011345591 5.72011265658059
2.02431839871093 1.48935958393472 2.7432476724585
4.83000575504954 0.564096383462805 3.3014872632316
3.93041787743544 2.55975403759394 0.375577096018834
2.27927011918439 1.25979690346237 2.88377546867717
3.38130091740413 4.25033910242163 4.24161728549463
2.33940774053952 4.7748615457065 -0.0867093735727653
1.77839428149458 6.08405205894389 -0.667180919694141
3.46737394392206 5.86533426918481 0.509051514924706
3.32870843141243 3.31325671906343 0.913384369223672
1.31652578583254 7.49261348630467 0.317646690927968
3.98076232364132 1.62917387130051 2.38509559826056
1.68452427088286 4.07603985889886 3.20557749177263
1.33689339639924 2.03685310008526 2.54923586619609
1.80078088869222 6.4770765199164 1.95610955178667
2.39684743106721 3.83043193719269 0.291825910664942
2.87841003313809 3.07647121082808 0.380521513330383
3.93107506403293 4.66868901102663 0.0786552865756828
4.00133943450942 6.76906440806412 0.405709796658866
5.59074227851416 5.07981187697734 0.627085267205377
3.92863698500422 7.35464332121032 -0.048274045633516
2.85760225483806 5.33475266115813 5.19453426666034
1.66240973242503 7.25886840797468 2.10901458550326
3.65683703505433 1.98729299421044 1.51415365916679
2.94318748046283 6.73713927367986 -0.67802734917975
4.25113515937374 1.62761105516111 2.01604336640811
2.62908917840472 4.24892623835813 0.754047451117944
0.999787858459288 1.60982386632706 2.45285401120896
3.82547201990221 2.90325453085164 1.14388630949929
4.3397267038299 4.04875954105721 0.648847742977355
4.11528108596444 6.45380272158969 2.03150728566023
3.59365278034691 6.94719461555844 5.97217747852738
2.6042203268086 5.16412689171703 5.13796974362231
4.05770173845789 0.44232406989658 3.55458427318922
3.29118827235048 6.01821563410554 -0.265445627171193
4.08023413112535 4.14131209609111 2.46783029185008
0.817361525295393 3.5276498486191 3.0342016694159
3.05751143842132 2.00468597175254 3.29784931073358
2.19869481158495 4.92151646313188 0.362263326012619
3.20760524897046 5.72871455860013 0.457616977616724
4.60870859834936 4.68419107620396 2.91909417957771
4.00927614092457 2.83198842713576 0.965805489935661
4.39487070182388 1.00030379110844 3.37770775542583
0.69244080663685 3.48178090233221 2.74668445747977
3.77433246937948 2.05470715420134 0.917789592738681
4.88228036141828 0.271414474061753 3.0355923171134
1.7904999562031 2.01356165457353 3.67286192246319
2.69896929485932 4.50352302390839 3.49310227814675
2.73236616686147 3.34774973554646 0.625110379608982
3.93970508892655 4.79704321980798 -0.0371499801020005
1.87084707616428 4.77206508279118 0.608398637200719
3.0458977911932 2.079080159407 3.31993346326295
2.31431118816482 5.50617941774949 4.52148526913376
2.81955583211041 5.05785487259999 5.51737749241478
2.11357066891678 6.48879666923331 5.35088283257659
3.70121203784446 5.92706285728109 4.48027667888478
2.96860994143655 6.83458043746977 -0.15228033332164
5.61046693438605 4.71085973097398 1.940626883739
2.23042866647219 1.55644308759559 3.43077121470141
2.52324430279889 2.27013139538096 4.14574391028524
2.50398079187341 4.36058692169326 0.860589743922803
3.89115946927179 5.85833760995302 5.56130480361304
2.33652072235477 4.77129680810251 1.18470728009165
4.42724329034273 6.03219741485148 0.795729260611723
3.46931404603162 0.269720734084767 2.79166235481515
1.86199817061042 5.4525049569183 0.867015898797186
3.05489903787722 4.40585155177309 5.09826346717646
2.61631918288014 5.27085098582991 5.34704753201156
2.49414505218608 0.603570185690995 2.97262923336342
1.66837333080903 1.69810261500754 3.56967943928934
1.56463732652956 4.2137970211797 1.99807119199136
2.3475362772639 0.187795852170948 1.187305574443
2.27875308655175 4.81868232896247 -0.0663232255607522
1.03990266604397 0.139343064983659 2.13336617042307
4.45131235018737 0.912869076519154 3.56036059529144
2.46671022766956 4.12347697451469 0.422196624953879
1.8068913648242 0.769514190374166 2.3852597412203
2.6066966210699 4.35120918888045 1.46190349411113
2.73350142004622 5.19657899765975 5.7762947037143
2.24754748737833 3.9423900650398 1.17122300787347
4.15768992446638 0.877455964555684 3.22024818644357
2.39998330297169 4.4071839889777 0.583052345600716
3.42698556502743 4.95754126403156 1.1472294401998
4.22506110115794 4.34970121662825 0.0827488780730269
3.43163144209909 0.993256037198024 3.21264075801936
3.6077775217403 4.46833243181015 4.31483123514957
3.65274511335535 5.83038765835237 1.94104205653804
2.74241340104686 4.23965069785167 2.23624363389339
0.358690565174401 5.82980742035878 2.75678880411036
4.02683733254452 1.38275820483805 3.77075470929525
2.98125284969908 4.10494427894635 4.12922305365174
2.23406149958433 3.17964077402086 1.68363126646676
2.71051636782953 2.89388445226926 1.23582076568082
1.84228793155708 0.800595092968011 1.91401028244581
1.64498016639537 6.17621101996274 -0.0490125614934949
2.96507048925908 0.42974523685115 2.49461728745848
2.79066853017427 3.57625044520573 1.05803804456783
4.08579075041436 6.77034992031229 0.0331877051461415
4.91687125132686 5.15839179067209 5.11054379318193
2.4580876597844 4.24069707814673 0.715162950474172
2.22913224626039 7.10294806007848 4.69256436517215
3.84463761014703 3.31699985780464 4.00380624009195
3.94254867797897 3.18038156362599 4.40807806494495
3.52736600929692 1.93483164115162 2.13814725314064
4.39983187665859 0.754633836478459 3.71636778722909
1.86225269387844 1.4995811193417 3.22304611280504
2.51022472993582 0.431453488246162 2.37977915103037
3.69959410426713 2.12661177875861 1.20420600812329
3.40687835070987 1.27996032739954 3.70318715002976
2.34461047283868 5.99897098718314 5.60345530174103
1.57971944459469 5.4517757996281 1.36747233619198
2.27847514958347 2.02876462180451 4.1672609922933
3.65394159433437 4.91963681781001 -0.630242216116747
4.52081325787497 0.930182255484604 3.15625044030928
5.23048168220787 2.33258450478298 3.43234851010815
2.37735155756988 3.89784115705124 0.53119490808891
3.98089958633375 3.42414810246128 5.62101075413851
4.14946163932343 1.2405305706774 3.9986884426509
4.89342384520039 4.9231860091836 5.81513715595349
1.76646609562109 4.54665961437502 0.803669343396469
2.73691301317405 3.53317390093869 -0.00667769989740036
3.17886745252176 7.35932779500285 6.91709078306672
3.23984298558615 2.1815030563878 1.07347231292348
0.873169104304495 7.44952359398961 2.0621184725279
3.10303449494242 1.31506980182757 3.27647497501426
4.28838083430008 3.86193082833787 2.28582999321858
4.15122042872443 6.52955119835441 0.382596334475125
2.26683261801092 0.00581943241272942 2.6297222995777
3.11832927246206 5.51245707111026 1.28176153548079
3.00494077830308 3.24259824962442 1.05715985182031
0.990318347694094 2.30530905117616 2.26153495062865
4.29100716503682 4.35737428113122 0.847792953849527
2.9286618030984 0.772492975198909 2.28386278397651
2.60558505851839 6.02028152618544 5.36543081108582
1.55823076828581 2.93541622533939 3.78427434691551
2.73316456190552 4.69973899303166 4.01851057939759
5.67072218668713 5.09713891793464 -0.138100676144066
4.86206853603955 5.31022110651285 4.59984354211189
4.38283526444443 1.82797047281236 0.704367004089736
0.982935663091533 4.92127970358558 3.696402851808
1.95983742390771 6.88020735099526 4.74073742135743
2.91773089833441 7.10635526447586 -0.0765315764400006
1.60853972712572 1.07283997140498 3.02609823344101
4.28322800743208 1.72321296081049 1.61231418679095
3.74524621798095 4.0381107779426 5.54206115725861
4.79600156754769 0.402222834279222 2.87628695028115
2.35031366733181 5.12995765529794 2.36934252542749
1.38129739846365 6.63056280730056 1.08677120217002
2.73549757822058 6.58139305329825 0.425021495907546
1.68826055393739 5.42973481300421 1.01115375733136
4.49992930178153 5.5194762721669 5.71117301955081
0.503836459347181 0.122687763246225 2.36660342854323
2.69568826363016 3.01191581298186 0.368956862714228
4.3486200931921 6.18409583043825 0.597682348269062
3.03089268426306 3.95725868874182 2.49581517314141
2.29515260937834 1.90927910831893 4.01355584761657
1.85631513519438 0.331659009726846 1.31397746956783
3.68354135051288 4.5278127460299 1.76005786859783
3.84030326843778 1.00441146777708 3.9303016662586
4.08297383509377 6.5099292951977 2.05867632105294
3.23124211858635 4.42244301234021 5.91071775673589
3.62486808891445 4.64465571981165 2.33870529937953
2.07630835151443 5.17516569079894 0.496323001434264
3.91521973622987 5.49575133319078 2.28491697348775
3.90765978686989 3.96970049661745 5.13131273347405
3.0973091972165 4.40174337975918 4.84171654633898
2.49392715474639 0.368557750451166 2.23936787389327
2.63354067000746 6.81432555113754 0.275898725637119
2.18703669684384 0.973346792488312 2.57807688218968
1.23197416729947 0.781405529648256 2.81310090759313
3.03418884317437 4.80487191915125 5.98661842175612
3.83246856707048 5.13059015173739 -0.120469553053201
2.55782907432449 1.83610253323933 3.70767929714564
2.36875476060164 6.64887461548938 5.14537244200866
3.01878400356956 7.24115089332142 3.02137770041224
2.57478918945979 6.65658597970279 1.19668667268547
2.26651356219859 2.37945857130288 3.60185619477163
3.82533728252054 1.17439896692833 3.8195677525734
2.5656974161946 1.42843670493873 3.22828176209108
2.75932608793529 3.10228231856485 1.02045153117075
3.63914223932859 3.00906120305248 1.17514883753607
1.50042019896925 1.83561775308163 2.77180798689182
3.11971634674333 1.6723112834017 4.39983204488682
2.93133553872812 5.69762209412553 2.9695292397193
2.64383204177371 4.83418189175826 4.68941599329805
1.43913997329467 4.17963566476559 3.57329174168539
2.98023219622957 4.93029686286243 5.61084581045006
2.98145576038873 5.50534226654366 3.01182336637049
3.3387695585687 3.05390566590313 0.459996109741827
3.75756943907448 3.56582256633934 6.30804571608003
5.04463812945989 3.26851665866637 3.15704136510527
3.52247353435935 0.810348831806698 3.24213157299813
3.12682799957015 3.33205702786112 0.139310920384688
2.71326729513874 0.833252764061976 3.43788104821137
1.04704451684876 1.73213338604442 3.32980006572955
4.13524165230014 3.39795173778365 5.56969027498493
3.18220854047397 5.7910593282673 -0.0545918911891766
2.57433961318024 4.89706733221219 3.52378161360722
3.14249778577428 1.61871208098012 3.49007962533958
3.08593051709461 0.408685218514727 1.38312833812396
2.42081999260479 5.59231465778989 5.79818380819816
2.80561345433799 2.96533122132458 1.27820654864251
1.31096004094223 1.0915498975019 3.42182923385511
2.56160362598313 1.56448607894065 3.73702281567648
1.99568131149926 4.19005738467 -0.0948967087186493
3.87295700179334 7.14127961952345 -0.702325688377696
3.20760539073488 2.06247909721676 2.16785343198325
2.76013940109315 7.2886040487329 0.847003470267834
1.4288160515604 7.00585018943548 0.116178986387828
1.48894012816065 5.80852601034319 -0.315758115830875
1.25731601485721 4.46265990580276 3.45838261131884
4.30470071762753 1.64806660240943 2.05097069360418
2.41329079752997 3.02842742452316 2.01123077514244
4.18820980735326 2.28832824952428 -0.0180820572792584
3.68686258691486 3.15190895305303 2.18806124810706
3.95629022404341 2.93723075861151 1.41568361228114
3.34232831308548 2.12485212322856 2.80975483636022
2.65371386574094 5.40172107546386 5.62192861413759
1.63354308359828 0.676158818566972 2.50933681708912
2.80228150764969 5.83085260510426 3.83021513035904
3.11101440664944 5.88812616571837 0.241033602927462
1.88714650240029 4.87428996801138 0.533118879558021
4.2548624075858 0.880286072685024 3.59160287848834
2.73230020466394 3.07148164401462 0.413640630945038
2.94366616702709 4.56335609664305 5.1991141111763
3.59399229969883 5.24151704333666 -0.0730903205038218
3.3748147552584 5.49799175620506 -1.20472003524833
2.50857139241127 5.06572110686012 4.85424479913193
2.27409287184392 6.77888891533395 5.41563118898909
3.95203484764274 7.00528014848517 0.0680958396607517
1.99257850018075 2.76354983864601 4.11770201937418
1.17650129592626 3.57229852863205 3.78371542333159
2.22827578208892 1.52811085334446 3.28591585493875
5.39284901165135 0.936468898629838 4.29710832116486
3.5314191439588 6.73229447054593 5.83641170522803
1.86881176254684 7.04941950142313 5.11475696950372
2.92790227631059 3.3218551703951 -0.203178850312205
2.71078447544296 3.47317153773038 0.681791040910062
2.06116550776275 0.102907108492206 1.61905622217093
0.894048951862789 0.208044290787843 2.82081977732118
3.58398225734478 4.17813748129379 5.33257678171322
4.87338057707921 3.98989242125449 -0.242066037657807
3.28544668638097 0.859517756012919 3.36511396070398
4.37154314230184 6.46840525253137 -0.391106405585412
2.96675088154817 1.22780762794866 3.55197740619705
2.16389339696873 5.87788873667021 3.83629471089425
4.05320587972143 4.91423252854836 1.38452485207659
2.7328015777319 6.47632267209933 0.522906767177438
2.64233565291601 6.82411715035455 0.752916860232579
3.48250690758882 3.21889299384402 0.992680710178362
2.7220437443407 5.90181962992622 4.14938966324204
5.55979353316562 0.5504919188154 3.35874698369188
0.814010993033329 5.02763689389231 4.15630284783921
1.86621757588467 5.68463332594534 -0.116596148187069
3.84156025556804 4.61158849649672 -0.257956561184329
4.1476698189506 6.07709917881472 6.09587389049247
2.75331380072685 1.63706597556044 3.23300547436907
4.34373694364452 4.5322149421457 -1.10963745590245
3.29381817743459 6.37431385703157 0.263623164430871
2.27334879602017 6.16434396113706 5.66598213740014
3.82751777008514 2.46414171195768 0.879948864603397
3.51426775334537 1.00291393849991 3.62675852645749
3.03338670584682 3.24137247132025 -0.194710709677182
2.93298775550513 3.74858661085978 0.0850317585713596
3.08063405680587 0.115939423497486 2.56723437462221
3.04146119143524 1.03222453699537 3.51735733672699
3.81980359958177 2.11836835426819 0.632478917375259
3.22298113227961 4.2159090093923 5.41392868586124
3.4119492769123 5.98869258577509 0.0972541333650693
4.28235501534234 6.8565729972868 -0.37851935738074
2.88304915280277 0.209675765198838 2.60378282619619
2.47791973616335 1.52920194054985 3.68061645799908
2.64200153579946 4.73982389502804 4.24290407858768
2.72172901203516 0.393654097923165 1.03491022459969
2.65633101888968 7.31205140043131 -0.776161632204072
4.17710269239156 1.04214167181306 3.69719905833636
3.76577118112769 3.73242298515549 5.21921081432179
1.82712655133708 1.41445819750834 2.61616821475429
3.44568227634568 7.35960120945073 5.65556691215208
1.09308937142032 5.44622366147875 3.51143715502181
4.10653147093023 3.20632910060276 5.64413411395668
1.7069005644909 3.62991727489547 4.05201642269644
3.47682779792214 4.22471578441062 6.00558881140444
3.82015278015498 2.7395779477764 1.25252583638252
3.50382254107841 4.5216472936286 5.50586328728587
2.38854067848391 2.09935926018203 3.45740096074455
2.29607801912742 2.40224617865448 3.61391393643294
4.73652721250536 2.7884854882344 4.45176673485054
3.51255140215313 0.395383973128613 2.44816670685845
2.87790692545307 3.60746280147463 0.83574482242744
3.50023522460836 6.3762907424114 5.89781259862406
2.53033631066587 3.72605536141451 -0.0409592726889811
2.16629586505856 1.08989780554854 2.83455220544586
1.90523262176283 2.43364881408663 3.20362220754786
0.955414267628352 1.78256534010674 2.47131547952998
3.65445649927673 4.28706004775207 4.39050729687666
4.63204380585587 3.07669292284921 6.50528339793021
2.99365967354493 5.34367845039685 4.6119325919317
2.70147133351926 4.3825369387917 2.50943093168077
2.86608596772729 2.81957531193653 0.913083895530311
2.37046614390467 7.48158178972886 -0.266701878598501
3.10579836454296 0.853484063983371 3.0209467448051
2.72666877809684 5.70291357276738 5.8249750035993
1.29192750695954 1.34174270467597 1.80533210287546
2.59237116101859 4.11174112244765 0.702999161109675
2.78481528083868 4.30244173017435 2.5773424587623
1.25354058155095 2.04578832399155 3.13667987009702
2.49112098133157 6.99377232551577 -0.244432463962256
2.78093135580507 6.78316176549668 -0.0654363426578383
1.14165056367622 5.04425339876913 3.77423672999241
3.22265823831677 5.98475811661265 -0.474601665044232
2.42148431793962 2.84935336758646 2.03276542532176
4.79642662583064 1.11930168260652 3.98864552760343
3.20537326146783 6.11140738507014 0.286499567566281
1.93432160609935 6.49019199991297 5.0643613218724
1.430817871437 2.48172138192528 3.03488279332766
2.46802529903311 1.83126980804137 3.6474662706445
1.72605264909008 6.44883612318448 0.576459585564449
2.51819013339944 4.53772144969254 1.11402568403108
3.21782807067048 5.11023560623274 3.17271740363304
3.40656624530931 6.696874487848 5.7451658269916
3.85097154683372 5.8775991235383 5.53003144388248
3.97310649163594 3.80442392411113 5.92181195356446
1.72650794747257 2.09103709731235 3.34343778334669
0.938158392175401 6.51446607086379 3.26338435564687
4.81247392226508 0.795674232592833 3.50658310067725
3.13730301331375 3.35522667071084 1.44980960510251
3.44274315932843 6.77281297449971 6.46554370454537
2.3813019630221 3.15432975516806 1.3251907148175
2.44601421029293 7.05130450718516 1.41165690358479
3.98718101596031 5.95659217524859 4.97549890657056
1.86948541440301 3.68832778182005 2.89827772842831
1.88167269209967 6.23776860067775 1.39766509400143
2.87928004969902 0.836431554681008 2.98297641477431
3.35906960758171 4.53483103462522 5.29686049643475
3.40909112880336 3.60097405319276 3.27873216274127
3.72421771865952 2.87301259762395 0.0660329750510921
3.04647658605656 0.747487495090759 3.03990152183588
1.87901996531502 1.40690998879918 2.72303890456333
3.81516349136247 3.58328519978787 5.67971337868805
2.41519875788493 2.17170718470066 3.99937557479834
4.44504576041613 2.77991648391206 3.41117618209968
3.22104454358153 2.75967181309609 0.254924326910371
1.0250005395876 7.04362960525658 2.04300417795035
3.34217907538323 1.33148203640092 4.48707175231733
1.8618451276094 7.34787239438193 5.31358848723201
4.10019159006202 1.45826806950916 3.28917312629803
3.36197588102546 6.79961916841112 6.33012275990836
4.42086339960578 4.42958278298133 0.585595976972414
3.54985533582145 5.83547700865914 0.83925980043307
2.70743654421225 7.31114582132732 -0.253440106239231
1.48730737467134 2.58433110965077 4.39576306825566
2.3159679105543 5.08513977283017 1.48926355406169
1.37481399251365 2.6043095293997 3.21736210161307
2.00419204665421 2.12994900248146 4.5638833913818
2.03495743727361 3.92199665888208 -0.133285235718344
2.46564148776223 3.1207247007659 1.25875145614638
2.27472151945413 2.42262673207817 4.32671358460842
3.16372508753873 6.35530376477861 1.13697130418859
2.26811685845285 5.72785118619982 5.18697158168368
3.69701445428401 4.27796355361358 5.10733018750651
3.95391030081509 6.67801304701983 2.94123468114074
2.05824035217897 5.69392625138207 2.00105155286576
3.06069913292964 2.65003666824632 1.94532640742766
2.45524797119457 3.93257568881541 0.151147405842208
2.02103382679666 1.65059126572311 4.13134774739635
2.44589131629568 0.599385834058601 2.22145115057121
4.20545402848377 4.18234275656131 -0.95407999870963
3.10926750501842 2.88105969619632 0.386817818324197
2.99368764058564 0.781664854985399 2.55195234221426
4.22920463609249 2.03301214483361 0.729394353519252
3.4013192075758 6.36753103530559 2.33620518095485
3.23730552096821 1.06701074063161 2.83168064036289
3.57664151192564 3.09100930555388 1.05506195861677
3.78987183670373 1.91975461716428 1.84301874001086
1.6056395382292 3.21046753792954 3.53660690447423
1.69276696779565 0.507886443362921 2.72658612260601
2.89206784866631 4.47689771028733 3.68330936683822
4.31790309887354 2.91544688750413 4.07868269512552
1.11187319061198 2.61814807289091 3.92272463978998
4.38940116263315 7.43570611650538 6.00006645669479
2.43545040007526 6.704916045659 2.97236419175124
3.13174655660871 6.03781873220575 0.764030337643869
4.71681999993538 5.41712804709263 5.69320961634754
3.74361115180422 7.15585569370396 1.15245285573899
3.14251565594067 0.831874651157514 2.6321505754685
2.49929408425703 2.65842051272305 2.93978624447657
4.20030257278782 3.03545453535979 5.10297219557771
1.15754405989621 2.00569936553048 3.41352352684123
5.25101480580754 0.619087182126701 3.10303551940113
3.41124418636097 3.94535772264844 5.18366178425828
1.84440056928329 6.55848306416613 2.40998900475561
1.84655787074034 1.27150758697223 3.05195853089869
4.83504991090014 3.404154585746 2.9645098408809
3.32863979975503 0.792474936423925 3.90309058144177
3.4649402785181 3.55231582238793 3.80666224888565
1.79360100986342 6.72387320036446 2.39268944397804
3.70379371780431 6.91002332288587 5.40079288854973
3.57881069314462 6.21891424244168 3.76170735485658
3.587291111101 2.51268509625951 0.0890153460202187
4.23742168550547 1.34831239126499 3.32222739507724
3.4052600901283 2.94746706440717 0.600344002959489
2.2577224364594 0.0899637409844933 2.69690016006584
3.30325068779561 3.29817285507047 1.53597649798282
3.32972902683559 3.12507750417704 0.174809052998305
1.91489279821055 0.565367632642872 2.57129346056737
2.30749708931566 4.07661296905602 1.27355554482134
4.37953099199383 1.45442221948232 2.95567108160399
4.10336556051366 7.22773957247144 1.58821197654637
3.39846243714789 1.90746074469584 1.98974066449109
1.79550380894621 4.38072379900399 0.95790019767113
2.65039216453958 2.07580627645378 3.69365986118378
2.87128029079465 6.69653674105481 -0.468707757999699
4.28348014350009 4.18678541217382 -0.0821470245847535
2.74971497180664 1.6630405490665 3.97649797898874
3.26338315483536 2.59149726883039 0.756216009317165
2.15388794664085 0.0320563379672363 2.08768107333838
2.14369071802985 2.53166366175604 5.28560985909719
2.72761180730296 0.322396463944167 1.88994382930405
2.87066015808122 3.48608878180595 0.512975737290244
1.2622857884268 7.0801888044812 -0.553513725851461
1.17759848651759 3.67191484518561 4.63403306012103
2.58491917404939 6.09660360045116 5.3726204954979
2.43228781700586 6.14773720453552 5.27744565094209
2.35398892376209 6.29564817842434 5.84701075966191
2.27689806948094 4.17706488305131 0.62737750519781
2.0918458010793 2.48391975637706 2.57657709058727
1.47525271693056 1.87978593857541 3.48301121192932
2.59799210647664 3.09463000193536 1.45848103971011
1.38778477064171 6.57563341328667 1.02112638724967
3.29628427688944 6.24678919400455 1.01828914099659
2.35136602445741 4.54302619808573 0.975062826325398
4.94729831463939 4.67112182811306 5.80004658907179
3.8461444427675 0.694862723326417 3.02284258328408
2.9907363547023 7.38193869947749 4.17004055374883
3.06697038313937 5.83041037636873 -0.473712163291178
1.16830816585105 6.92889726109592 0.84130323393001
3.77344657396337 4.77819038113242 0.132494970176656
4.46263643573016 2.62925754795275 2.14176246877831
4.34144199271399 4.29689012660777 0.165195541776762
3.33198818658116 6.22859546304058 1.24189806984432
4.56335195448394 3.42021501061051 6.378987835785
3.44807380114964 0.244279910392496 2.59222002642715
1.54624859546483 4.05489323562101 3.10742811104236
2.43785330795979 3.92453744287769 -0.350816185579695
0.476926426712452 1.96011978815217 2.13050002355185
2.10592073013108 5.47070592516139 1.97264488946784
4.53504178746342 3.14603321358612 5.80313607141469
2.1793177764364 0.771368739449291 2.06518537795389
3.47335731680353 2.4651277429663 1.13549647357745
3.05501381108865 7.30736597119063 5.34225573831445
4.59887689741705 3.47126842315874 4.42122053062569
5.18431539491657 5.62122265326933 0.0591556316688971
2.84354009475813 2.03504659382436 3.69352075915866
2.41017743609285 6.95873372392351 2.70656270558081
2.12174699921698 4.56170211325032 0.590069029864142
4.47063377615336 2.41055092187995 2.27784928986981
5.07559238930301 0.193932924144083 2.6954744548103
4.73514972240031 4.16674163052421 -0.0449771579372801
1.64164790267997 7.43037404092314 4.422281154227
2.19169823924023 5.58840796443147 3.89834888702343
4.3519293125516 3.5385550753446 5.83539841057396
3.56124706896069 4.17867035496757 5.7862121711402
1.53570563894415 5.20402541312702 -0.495656269371975
1.9333065449163 1.22704792028874 3.19581122252683
2.66853657685819 2.50042838427738 2.8554527245694
2.96764139662586 0.527057120611572 2.76304699844174
2.04206140863933 6.59683540308836 5.64590152792633
3.26360183799031 6.65743243305642 3.66192088687153
3.90964216358133 6.48047683781262 5.27865189745374
2.17948283436309 0.298954163932809 2.59187463660055
4.22178825082451 1.21972320871061 3.92083642266107
3.34413383631006 0.771025614150009 3.54528855714698
4.44702100071373 3.22080126103087 5.43694717017955
2.22469018426433 5.39887704932859 2.64070454490108
3.13116349698825 1.72914542330729 3.69770401525629
2.33097699618607 3.42510200145417 0.235388473595901
1.79060599191849 5.74934167360772 1.08903846852118
3.49878788383562 1.39825768088846 4.5117064226059
2.37456326356804 2.93802287568626 2.31039260855606
1.88909953330649 3.48548180271667 3.50296312555881
2.26866779565582 6.92582677077009 5.25536917669983
4.618707620835 7.38626138524972 6.05711543017258
3.70427336457901 0.346803995750136 2.21675785089927
1.89421866451517 5.54059610706771 0.9887579153295
3.47458055608046 0.599352884408705 2.45008504332646
2.628952755241 4.48817488747801 2.1328272210724
3.50590627730357 0.795317303665932 2.90532299345927
2.84634600330652 1.21828139651034 3.79811573819142
4.64642764320067 6.97406015857825 5.32478847055264
2.27784013650868 4.14492845289919 0.109206759078466
4.11526006648895 2.03408760563802 0.21388478612439
3.50827499307846 3.18371298857193 1.19690254707832
2.33366677858866 6.87076764076429 4.62624057626916
2.5219498882347 2.63301509320098 2.7650339495729
3.12639675463323 2.02747925259747 3.84035577860179
4.16615942818087 5.66699290364598 5.91508323969971
2.65276358231201 5.58158648499121 5.84336813210956
1.30004605787234 4.40223474670376 3.63330886695976
3.51629241934828 4.87388656429126 0.37097854363853
3.61066643594271 4.28476206747757 5.90106007387898
4.93085181816593 7.20108660621388 5.88547247707765
3.77112027353747 2.00999369768381 1.49638680839367
2.73678541149747 1.4539230047106 3.43569938359549
3.59955670996547 5.73942358611254 0.641584146436761
3.24123097671884 0.492374985891002 3.23266768564886
3.80037587172657 5.38669707261674 0.0522446565019565
2.69780832387838 2.39544337513548 3.20515633775425
2.70595072732803 7.07124382068484 0.083209576401133
1.77509179696534 3.69092792864371 3.00603057835296
3.05519050552971 7.24712123565401 4.49541822698545
3.53987295131597 0.253982574342088 1.91413886861008
3.05588798032841 4.43197925087542 5.72893534778582
3.34855605755427 5.76685045524302 0.550561595944231
2.84000441968242 4.78254802632491 6.27405719444865
4.62956954231408 2.44875356901306 1.26349055273461
3.16706326760662 0.518828608677739 2.34026060475425
5.10680755897062 2.41644923250515 3.40007630004331
2.93552375493825 2.60471863615816 1.47738999255488
3.33052185224369 5.94053888149996 0.592543449967103
3.45604040773885 0.482989980148649 2.88954297735967
2.34108147656086 7.22241445057255 1.75709623563218
1.40830773695526 6.88820146738701 0.660164609276644
1.12308189452854 2.30871395838336 2.75056208083353
3.25641269664433 2.75464916072194 0.421853088943202
1.37481475001219 4.22728360930175 3.78782088114687
2.46987671216994 7.3662336649013 -0.125213616660728
2.97655104809325 5.41296348814794 4.33036461287538
2.79034770961929 1.76318549765467 3.5904450631007
3.81858925316241 0.673477433874396 3.1488460650931
4.25085996589161 5.64070920784466 6.50420250211665
2.6499350204192 1.1955965292376 3.10130056773499
2.70949796624259 0.406796214577388 2.57971225959964
2.10365910204683 6.86339378269601 5.59962081609332
3.58243300464549 5.97030565975535 1.35405362377824
2.89926272571002 7.22176853308997 0.857515538903409
3.42413877532545 2.22892655123331 2.00569453783002
1.49926896914677 0.690251706754463 2.13536568421289
1.90703940754497 4.97241057659031 0.925348107436688
3.48907783313571 1.62541804609949 2.89351793503283
2.94126575357972 4.36777930464034 4.65190554001455
3.04356517853868 1.43528527901615 3.91224622362978
1.91284705124294 4.80711160422598 0.513017661654793
3.45536582840107 1.13062397839568 2.97789550284703
3.20895174208501 4.35332600779708 4.5123751666402
5.46990900588737 7.33743873730252 -0.713752372662049
1.21395042468766 3.73644170538206 5.10239469751006
2.98809618245857 3.59618590196206 0.866554443438807
1.5502924639738 2.22485818141407 4.11570504064011
4.28531283602198 1.84522010450235 0.334594058248304
1.99730260868562 0.946708478652422 3.22468440734312
3.34771462271006 6.21544966411258 0.292734848475366
3.5398038950244 0.807594228432857 3.20630485569473
3.80443533288855 4.58505009021777 1.3250472472694
3.04599192330212 4.15421537105266 4.72331746547448
4.03456950880268 4.94443459244024 -0.815125579257614
3.40837191838088 4.7805975181766 4.29742095951565
3.23693471180291 3.71267839834043 2.5472895777787
3.99379162161506 3.79431048687532 4.6357650336926
1.80526720869598 4.14535197363966 0.218813650489245
3.80343302020708 6.99980984418615 1.42350077920649
2.62319498449875 6.88657482474792 0.808508541548578
3.05886967275246 0.833647800805696 3.07737998187378
3.49659622837918 2.53544102499798 0.597795743167499
1.90964768336235 1.76367105760041 3.07752542280603
3.18425759517548 6.66048377847922 0.170943570323622
2.50761145191799 0.822042208122379 2.73405989900469
2.54640328526053 0.708638546592522 1.96292372289526
3.05312582628608 1.84526247065694 3.2764478589848
3.50842411165685 2.26510165593085 1.19218966121255
3.45682358518801 4.70226408409777 4.23151506664171
3.99735453718058 1.54241143291024 2.62366309679374
4.0953131247498 2.02820569273546 0.969849660729936
2.44121440457436 4.90264385313798 2.9580552338807
1.66155266411152 1.34609716539124 2.7077271692508
4.39640196843961 4.91373939019759 3.15049850531685
3.06043683102757 5.40985728580572 3.36627841971881
1.67964086181888 7.22494705816741 4.21767850518315
3.13434754074664 7.20703601096866 5.23879480188415
4.30068072072569 1.66567261199925 1.76684393609584
4.17375165382226 5.74247766391065 6.078968824611
2.9172100572541 0.917970438327776 2.32386341928221
2.57357756723839 4.28462952501333 1.02149074656753
2.86745451550126 5.09544863538284 6.20385181147966
3.80031652300576 6.37237681195431 5.66112096727887
3.14086596827032 3.74771953204097 2.49101417058647
3.05660406743655 5.42368693495275 2.79307640421528
1.71159449642734 5.4689631255436 0.350162251667831
3.67390228505629 0.0585377922137615 1.91277714281843
2.113878563498 2.3108914202028 4.15025802470739
3.93770758155842 0.338058191044575 2.58123841304067
2.47233125594739 6.75887622888802 2.33424989671307
3.92846327356851 5.71474208419227 5.1062334622497
2.81665872797695 5.92472578486434 2.14342565263352
3.43477740941206 4.21224082390114 4.99626424434484
3.18236314414364 5.57584655533703 0.877567530219331
4.02149644678114 4.80751243692548 0.430422313055237
2.41075422011688 3.4317131552538 0.547611994916025
2.74594573726102 1.63544364854724 3.2709580255827
3.83735960223367 2.60806926983104 -0.0542523928397367
2.64299806875569 5.0634930421802 5.55377070886862
1.95308700393415 0.984725351835517 2.70498939414607
2.35912946770719 1.76953269515366 3.69111624571044
2.36981015523719 3.30724181905282 0.708851887152837
2.97168944581761 7.11273623548002 1.14218040954068
4.44934216392248 1.06204120377468 4.40773314609217
2.14503104587858 4.65981393185532 0.706523017095539
3.64773621832389 1.57303950912169 4.29935069912729
4.7262813717121 1.0496791112259 4.50565389907965
2.22030992635382 3.33150663386681 1.65793247279279
4.57666039690033 6.82477007331743 2.68697713544046
2.85651567361562 1.31633176933096 3.17873731845172
3.69688368850057 5.88063871184608 2.58440001808735
4.10222147154316 3.03983085059422 3.96962728010059
5.27876991692707 3.94114461629457 0.305396187635124
4.06657321872835 5.46152548028393 5.09496296001915
3.04958641501919 3.64551838336763 0.932525084977326
3.46566546452603 6.95278695198938 5.78774895122781
2.31419888519299 3.25003009868351 1.61286854471334
4.61436814349538 1.67114734067382 0.0322801631598759
1.32852047088346 3.5797732283149 4.33297038692404
3.27746181764111 0.773217224919236 3.28396041487432
1.93451294970191 5.80697847094735 0.553614553007178
3.91897811323025 5.98383501052111 7.19906637313646
3.21362456278663 2.25031551553257 2.06339007805325
3.52960072856792 5.6263585882828 -0.223362633398078
2.756928493631 1.50267158751742 3.34232265708862
4.45655975318072 5.23407315831786 5.92253898257788
1.41512049748175 6.42440030684906 0.307684335270772
2.0980657009751 6.55684417836789 4.42148682456072
4.23956516256296 0.59381770135569 2.61196910841628
2.53845506266145 6.4231899338299 3.88627736571941
3.79300143601426 1.02776739267397 3.38009290723559
3.77827959175573 0.172608426121866 2.27973778578316
4.77455027601586 6.40701094722968 -0.363997220164552
5.61631998002194 1.03445623982982 3.65786163106631
2.3975702466654 3.08381095273748 1.15558251005392
4.2745056772616 2.95335196410826 3.84289975017897
3.7685985224991 2.7019247746857 -0.547102061633629
4.22344864643321 1.28314655572494 4.13943164970681
1.61624338648151 1.81901064782209 3.12490275966614
5.19203877129181 1.64454963838845 0.505030426671867
4.22326259831521 3.4038619249293 6.41686200777889
2.65749943739759 3.80240387658721 0.654638983564966
3.0763833078344 0.918377170162062 2.62363577893655
2.93991445761072 1.89460199001315 3.89339937341781
2.91238834621584 0.553542257612202 3.14717514622809
2.38654206319608 0.578692706211812 1.85626943201544
3.18036542665678 7.29798395425729 5.94981230363302
3.83496954389292 2.97013091052278 1.43561632835607
3.72966708487462 2.23548731011746 0.37017267621253
3.22929369775211 6.33519194642327 0.307116506143978
3.25075777554291 3.99587386170718 4.78653146439702
3.37835852516017 3.74067450459621 4.30301485774088
3.70311888696215 6.25237395540965 6.20088977847138
4.00163966559538 1.49020505922762 3.79594068153517
2.92602224338964 1.11093064415276 2.47925229764095
6.21708632448325 5.93513024561543 -0.0407612791976312
3.46432514830565 4.47189297581265 4.96723332746825
3.97584972905393 7.43347195935718 0.547971164636078
3.78859614871107 3.82892080089409 5.50667352463606
2.71829328537595 1.85165884523671 4.05706677774692
2.85874732491875 4.07576712054873 1.70502755119366
2.71282703118691 2.71122947705092 2.21271651757459
3.33777083852295 4.88451698323523 4.30078470901976
0.953670345998993 1.16976383313194 2.00678072650469
1.20738730009926 3.80175522185759 3.48380579703469
6.02771413704248 2.56661033918848 5.13955033146117
1.59655777846724 6.46163744842296 0.229914124743574
1.98800502250521 3.01739868366979 3.53461571535703
2.56216346648301 4.43858184420258 1.30749584684854
3.43960997618155 3.21067050174023 0.80810635301439
2.91775125681146 1.22271323697342 3.26125664184971
2.02785412820929 0.473406354538188 2.034183252391
1.0110286007095 5.00396154445592 3.01813076554476
3.77027330785796 4.21730034571193 4.62793917697096
3.01149471386704 6.785874444131 -0.0421115540628943
4.50453174797319 0.442608271857079 4.18247681685228
2.6186090313644 3.75647381404775 0.76664466950548
2.93833320933653 1.43824388394511 2.84417979516545
3.94442442328212 3.91388428458342 5.39075270654645
3.34276459329294 4.13003364952945 5.13739413790786
3.14193887620192 7.12157231128589 4.94941574327836
1.3395402052123 2.55854191350305 3.471598811298
0.590401724767057 1.16992961381019 1.8261098899566
2.35629560604598 5.57873192676624 5.06057973790843
0.0141041572902738 7.09524417547129 2.56569229872618
1.29060680954795 6.67634702682079 1.22961740372071
3.15767149512057 3.99728325387788 4.17764306797271
4.99381345327508 3.02477052549901 5.07006271268615
4.09604325840045 3.39863430917603 5.95289548426173
2.07982746001475 5.28790411056967 0.643755062392015
3.65358448237867 5.24175516583945 -0.523908661566344
2.54728574450021 6.36977153966104 4.15122962373558
3.75970476748555 5.5668295466735 0.952380842774744
3.37145776742105 4.89297811460373 2.60660558864893
2.86681579164308 5.44911150934785 6.18911806209094
1.61037845177301 2.2288272926603 3.46571173388058
4.52814759742742 7.4455598565381 5.97382009579485
2.33330874327799 2.43658072577755 3.67516947396112
3.21658805068461 3.44241694477229 0.209194414284998
2.56133217586318 5.62972646909621 5.41793949401906
4.81213873923673 2.47205434007558 2.15098628520339
3.65775645551149 0.387112016193083 3.16717849485472
4.04669068083556 3.78672575637873 4.32727603994566
2.02442702984744 6.09721461776496 3.6630116506627
4.11468493276678 1.47375181280934 2.79859894625009
3.03696139582 0.0165805037354918 1.82565741842137
2.5884342446599 1.28285592572878 2.93820197711097
3.99199930503517 5.65667051810565 5.30038936106242
2.61501410508916 5.92666882352451 5.07228339577984
0.735650088475794 3.09018365712273 3.21384849827057
4.02429427973127 0.403598692823591 2.54868835860993
1.57668498504182 0.196552416406893 3.2253976786067
3.87042589553518 3.33843912578052 4.72051943247698
4.77220373135505 0.0665543052819944 1.78617927935499
3.21360845865719 2.15465532399973 2.01726952029986
4.52624156173313 4.35544201842392 0.743676880183955
1.6776336528185 5.53717305066081 -0.0971823377774816
3.89993484361615 3.8494467326932 4.78744925323426
3.23029397071215 5.4742301684433 0.754270923062217
4.36999758124024 5.90133055083343 4.2252723782556
3.476440649947 5.76886922276067 0.0734370054358038
3.14447338353992 3.41280660298108 0.150848745510722
3.96296638435383 3.98456604967796 5.13770421568835
2.44462657166894 0.673501919145035 3.01017788351455
3.7497099159439 1.08869691222491 3.95021634490259
2.4616280759282 0.493989494920894 2.47495733248971
3.93346975878588 6.31267433849441 4.27546393710601
3.28622000902235 4.13780607793217 5.73563289150209
2.13243612179653 0.913399253848766 2.93327342337308
4.31305926288588 2.93538640156866 4.0860164881809
3.64491476956662 2.41735394664482 0.324447329537603
4.11365384614559 3.22880863794608 4.99078737767357
3.32542223753375 5.27352938639814 0.787742292290218
1.65686955868725 7.31974007841897 3.40859285735566
4.99258450261355 2.36415930363401 2.31908777868549
2.39818689106867 6.87616382779225 3.14267807064692
3.64728101969737 3.89077291247245 5.34516436085903
3.24502309138165 3.95369852824911 4.56621521209207
4.31959721350346 7.09956531150204 -0.0265374670289671
4.45968631486891 3.74580806182333 2.15872856744282
3.12362994989993 2.34663876329106 1.93401003506768
4.42443977893416 6.59106492910842 -0.232255125278045
2.61858219201014 6.67984657735503 1.03777584053621
3.05830019859568 3.86970310851764 1.79217099487111
3.27924568368736 2.13561146645135 1.16425985400946
1.09926639439403 0.0045739039103303 1.74039516388271
3.2243229721637 3.35045977524907 0.554369509003718
4.29226706087774 1.5120957590498 2.89465012584888
4.56752944545032 3.8025042048817 -0.153123473452896
3.4180949923411 6.06587683749491 -0.384826017993705
2.63148642051896 4.10532627985949 0.753945670058015
3.02106235772098 3.38000720792382 0.314188263761504
2.70986533543759 3.05507349497708 0.984091687510917
3.08730791858955 5.77572807910684 0.278318350023164
3.47478297053683 3.98962302222238 5.81627892631299
3.31087269599087 5.23574612787415 0.901641148341556
1.33861254160091 1.91253412226387 3.12631448458574
5.73485356630794 5.99631708372776 4.75470371047875
4.91225483082638 3.73608526746173 -0.479275314345019
1.60018244858498 4.37101273613447 2.06704022270408
3.51348832314106 1.37348149755425 3.5054267958911
2.57462243253394 1.81362957760726 2.89869037910238
2.6208280809476 0.051160815347699 1.75221450482255
5.46777526856933 6.84485309221059 0.158089688772095
3.83494475092171 6.97044824813344 1.16531179009263
3.48136037938201 3.98002386150579 5.56378220194503
1.58200077337452 4.88015698923962 0.971694814869487
2.78409986524318 1.15450161951023 3.46727580366136
1.64733081005073 2.01838909179623 3.36551684477199
1.13417746478781 1.56738749504416 2.23278680875009
3.15790799496151 4.87245508435922 6.24570346767241
1.96673062706889 0.865651806136617 2.98598530189581
2.14402928286593 4.58931634173089 0.553536191323176
4.51925826160067 0.257323236367675 2.32933071922949
3.2518117271647 0.272642847216507 2.85608318680323
5.65344926568165 3.69557051970911 0.104922784392388
2.87501060800791 5.61481590579671 5.75016224824406
3.0386483282504 3.50057892572302 1.00227373445793
2.72700876313734 6.20373682558437 0.128830085940872
3.78550587893606 7.20217911642278 0.0531295929859135
3.42313577520635 5.63134938765244 -0.138729353133054
3.15119064399117 7.44075822122565 5.36837568766267
4.26493288405134 4.26377037967318 0.191674754953627
2.15480261596454 0.9348524905434 3.08374338593036
2.53153748739125 5.37727174017509 5.43733385107415
3.0762869743915 0.39057748661386 2.71526865044516
3.64797628008826 0.417198480912463 3.70582588449457
2.10178372083876 1.06302091963885 2.87380679397993
2.07802741890417 2.94606599916644 3.21364539812275
3.46026707519265 0.254449960150262 3.12294535012286
3.58293118266896 6.74904502395972 5.63843436161109
4.34077454544115 2.51181959657866 -0.153857799610866
3.99893238425903 4.95669637987219 0.337442569945132
3.45255248765199 4.7475562282842 4.20617111918314
1.94449387949123 3.25213793043189 2.48482819238176
1.73970387713535 1.02526647403397 3.30539512433637
0.973527737912741 5.84223145495963 3.51795593934213
3.22227722051635 0.447263432040288 2.76915130198349
2.26303978025191 5.09408890670922 1.13279128951896
3.47332906571472 1.83743059017189 3.32490036054559
3.88589605699037 6.29894831282518 6.1313888320028
2.75313121666651 6.35446415108344 1.11166160770431
1.41562738970718 3.2487823737084 3.6579414348527
1.71471311613809 0.0550609515391169 2.08557914223712
2.88917671825242 6.43480394934589 0.462587422715053
2.07582420978432 2.51015415989688 3.59671618324399
2.47681056246254 6.30972445636834 4.63135479261195
4.22178842137794 2.24067157772803 0.140202478020649
2.8898658589556 0.183703887961526 1.98234297740473
4.58505069382651 0.724576397752596 3.30131418124402
4.33385538801909 0.509832963063898 2.5279370980057
2.63626742452018 1.6995502447902 4.33005289562511
3.16230213217656 6.63683619631109 0.668202776156038
3.05123693464762 6.95731234773062 0.979528577341367
1.93679051300671 5.62814632307898 0.997334924757326
1.77890912808308 7.00214798619637 4.20795501934038
3.26461208902876 6.23575990893165 0.440217228500491
3.77208911069661 3.92904760759723 5.88449259240411
2.55501492639464 3.03671492311152 0.925247219135404
1.78846750833903 6.68190078447385 2.57335833616128
4.5793586157755 5.35361333778249 6.83958619791879
1.76195216425953 4.57882883875157 1.624818046068
1.38813982892019 3.87990585529273 3.64205223545548
2.90388241123687 3.29109079476391 1.63356052328922
3.17169779551823 6.93667525777084 4.77729497096395
4.13828100155557 2.23394108426107 -0.212883674933882
2.01036978186871 2.34942203974657 4.7155510099976
2.37873122187252 6.10862353068807 6.22101009582862
3.71755525067339 1.70494100654819 3.15688735592457
3.49083238245156 0.749271737292187 3.47752681004798
4.95908253565984 2.77367526315595 4.73461166303658
4.31544843742626 2.8982296694502 3.46577382671765
2.08444094166359 5.94701382037538 3.50677643327851
3.4965631247929 2.37070145063808 0.791553418192707
0.664738272950978 5.11430225612282 3.59849893753764
1.92717458448089 6.42665793637699 3.4700855801698
2.42072134122124 7.37448234409115 -0.101314520069953
2.87324527105155 5.65396669394482 4.33027756816354
3.46690832275047 1.01426753616225 3.92431747795721
1.55846830627222 4.73917924814241 1.59239452849115
4.12903122927345 1.41457377335727 2.66776771656721
3.79482191618186 6.57208211266692 6.1376678103702
3.15650569840145 3.15094639935501 0.633387265246737
2.6639295660825 6.12791872767517 3.83720517316906
2.68117755136689 4.22931395622632 1.07321064568992
2.42397826935412 0.544941667812465 3.30876052379542
2.08749589202357 0.1175835960219 2.45651627504833
2.38838529210851 2.52380613699979 3.81133945821884
2.65161735323221 4.87724192595367 4.22263291493219
4.37405934309109 5.53239018445795 5.64492286261982
2.72829919318667 7.41289748502692 0.952638213098588
3.18819267140164 6.73293485927816 1.48941910434192
2.91352357717196 0.719213892215612 2.34963919966078
3.62906415878675 0.626655349691095 2.59361530351673
3.33129424722389 4.91875939073815 2.85954440947106
3.24245234389536 5.07752673765562 3.50966386308995
1.05876239003146 2.87064034479828 3.09997135452171
2.42963915907691 6.58251538674923 3.7966553554289
2.22512765691748 3.99685168186434 0.492694230057046
2.73096521416215 5.93471085748748 3.46311544329012
2.65843683525262 3.35476644356478 -0.00998605452348045
3.75312293394129 1.63579380007612 2.71611715221435
3.21659429185243 4.50532120286572 5.9079442969228
2.13589689532939 4.6332193832722 1.1897560279694
4.03561181883286 5.44764529688025 4.46536171660641
4.10584424175205 4.64993106407661 0.193734105358731
3.40710035644473 1.33134011285014 3.81153063352327
1.16842402882736 0.794067146172537 1.87110162767311
4.17609725097092 7.46763384241766 2.4279213892671
3.81092317537618 6.23177317971096 5.75185262982304
4.10650129950754 6.38244800170401 4.12865015368288
2.37310782354633 1.5757816226246 3.12999425265974
1.1322996514707 7.3735931043957 1.0010364858103
1.97987714033408 4.240549476032 0.235495127983148
2.17631797583472 5.8899086759733 4.12628650189351
2.33848701244983 3.3771068582112 1.34107882240521
2.30379016779475 5.54595096819333 4.27653969733032
3.64611043713194 1.58298279569124 3.08317874558356
2.51089076067653 4.73723433932093 2.2317798713966
2.02281367525242 0.584902070949605 1.85410335158854
4.12451081191333 3.47752386224935 5.62583997117731
0.57110747130585 6.06820884278709 4.21768042330757
3.02901375841503 5.4639625352855 2.7690633411274
2.26548578118423 7.26704736677852 3.85087657230378
3.39597367677767 4.00390078843638 5.23688767119501
3.19351166637202 0.642891334488073 3.5109896028735
2.80945508580311 1.7508894555411 4.38163800244372
2.67005774864745 5.81153549974801 5.24321387470946
3.484566643985 2.62797660019632 -0.534307353083179
3.36563329915114 1.64362210409419 3.4024678705406
3.70889176299962 0.956779139782736 3.39745511148901
2.09292895767402 4.79210792500135 0.729543535643388
2.40275024066978 7.13668251767069 0.405760291697941
3.33870267970725 3.07215662468735 0.157224472074666
3.82982226031788 4.97813321069309 0.72302936301931
3.32312964997722 0.628036717633761 3.67829398352344
2.06288942895552 2.31674223822549 3.34471114204382
4.09116226094394 3.13665317725347 3.82635295047799
1.77441314045392 2.57768165160044 3.89054952175959
2.92514306442823 2.10220936010623 2.84541978771516
1.96979824460533 3.40868256714228 2.87150570117218
2.89166216661894 3.03218269482569 0.0749831882844787
3.26395463403283 2.03767422012795 2.45007305108987
2.16526318044355 1.39843361318895 2.24999421286854
0.951074742727858 3.8442281535998 3.07412456732992
3.2014900715876 4.85569240156875 5.45283396265834
2.1887668929761 0.246774855991998 2.05651110666867
2.4755727913698 3.3236677807165 0.420241305688646
4.21812034212747 5.8815295909926 5.91986820072877
4.69962670382276 2.41882292637401 1.90421241245883
3.40369561913484 2.13784507307437 2.5828094471486
2.42707312166106 4.23791338467518 0.468976376067265
2.430675744429 2.72522983645137 2.22332744224092
2.63931921416002 6.66564908125025 1.2488506464737
4.440691745234 5.51526126812369 6.24389611057667
5.15675008029169 7.31445209492224 0.0126822751765309
3.29309231783935 0.320986772047929 3.02327775083377
1.31180484894582 6.85346102816256 0.00292686299927136
3.43785098445731 2.8582758258343 -0.392019904479148
1.93761708822836 5.49066785580758 1.30270460310157
1.36303952151869 4.1923050527726 3.7874473059939
1.22797490013623 2.97937773167802 3.84871718525822
1.52517543725738 5.11048637545282 1.09873269118639
5.43033553272523 2.70349999995219 5.18980067715463
2.78984137758282 4.02201018883105 1.56457383323145
4.35832819341119 5.13722631936013 4.70893908774134
1.81912588000924 4.37425350164102 0.0316837596254794
2.1477074943191 7.17253841184818 6.05944155497929
3.22532515209902 5.77706290590259 -0.0225479417346029
1.95233045134451 3.24465014371113 3.52889628722162
2.75648509881189 7.40763662630027 -0.294489774727073
2.90489297154851 6.43455602499933 -0.158502593130416
2.70587401315302 3.14689418873428 0.357785895125196
1.32301991775622 1.5698901608301 2.35960418734898
2.89416414594377 2.36087132504913 1.82977348031364
5.65779922643021 6.57783645281188 0.051475631059768
3.08883680306427 6.47120692130731 0.411079230758765
3.82646831732163 1.5954873017648 3.25097689546848
2.73200614074196 5.29824260903913 5.83673268071833
1.42363141846292 1.59369533766287 2.26398147556785
2.98340380911247 3.94474109704577 1.70203502645822
4.16336289851066 2.21340392551295 0.223925835931932
4.0412019032235 2.34084845179052 0.968286651819961
2.27388756042555 5.97364200709888 5.67935292052736
2.5218166146927 5.66999697440036 5.89620000686176
3.17293562725154 1.63319891199772 3.71085805285271
3.46932696014369 2.86250205376953 0.0605728745736329
3.35328657660107 5.16723735017721 0.759888015173615
4.12971248464674 3.54665435384821 5.76612833623151
3.04254248031724 3.3497427453375 0.165171364211489
3.99034605619818 3.58383582954051 5.76384729337485
2.61851658286742 4.34571033710416 1.6779132915003
3.63873619026481 2.54612006489106 -0.563262662968725
3.42852839812258 4.68456014114607 4.92808971252302
5.25282498216608 5.50067413012743 0.700060118734549
3.10916264621907 1.84587838130067 3.57747197753219
4.50991423068098 2.18465709565014 0.50925628612493
2.3023598906025 7.17244051085481 3.27349838024796
4.18502965482322 4.58688230569977 0.121352636443445
2.25105877633696 7.17663223915361 4.7450556866485
4.75168851062525 5.82645845821448 -0.733586721322734
1.15752286724401 1.6077777399246 3.45314966274134
1.13499713717706 0.399169346079963 2.11558736088524
2.45070288152952 5.9161771543843 5.58034435662472
4.31194246184253 0.257876661688847 1.9486715937218
0.874657554940761 3.60882759113182 3.45593867477155
2.90971410912695 4.01674699928686 2.24383368011922
4.29057173668843 3.113018987752 5.49224992138067
1.37479858010545 0.486603899315524 1.39713041041919
4.06408035320764 6.82605521590092 0.167184337718358
2.66843128949694 5.68805951263856 6.67257030022679
1.66717103821258 3.70351321391706 3.78300193114376
2.14928133243469 6.575281940148 6.01525733264411
0.761207192530112 3.39923102965558 2.68108546708244
3.69807237830482 4.10730165976811 4.86214933328909
4.54551422721239 7.07180433428068 6.03141091860189
1.47739393480879 6.99154802652374 0.768233758894389
3.62741544403423 2.45639721876245 0.475327430189818
3.4376447590461 5.83891220909209 0.191274248349766
2.51259793045964 4.94252906805489 3.62000156035072
3.18921045271603 0.900862785821681 3.42271936544219
3.01295487678589 5.62881015889472 1.40997560350845
2.51155375674872 2.54098913726399 3.05329802866085
3.56960723295163 0.739262074691571 4.05690087347338
1.73717324705334 3.71171405000847 2.30455389409179
4.18041199240685 1.1565671130974 4.57159268720133
3.93158192552387 6.95026845597903 0.462179926878003
5.1260911641798 3.2172159374312 3.71997724581338
2.89428776934583 1.48084316927297 3.85286028917459
3.78168088813458 1.56148417368103 3.53512672045573
7.05402622090046 5.41268724761268 0.222594341246402
3.21728800448537 5.92787607321993 -0.0522905156953021
0.744134421685034 2.71916259336907 2.92058405276564
3.12701134105212 3.83337340231232 2.12146487758366
1.80386262271973 2.15198914697293 4.35348421660519
1.55308705392643 5.93978697490801 0.434139388258753
4.66095251988944 6.8607901577429 4.30742285244894
2.76451000669597 3.5529495802652 1.12632982922224
3.45271634122357 2.66603851334817 0.320255283797377
0.526764684963397 5.93643633631903 2.25716768360613
2.24191419062935 4.35352728137991 0.333955060654577
1.78911093726763 4.20760095145493 1.54303100762323
1.58130077151001 2.70527365157396 4.11144758038213
2.2414543586869 3.98210602989542 1.09784098063869
2.15125926911637 4.3430589435133 0.38263674016407
0.228256309807782 7.04589208597746 1.89203031134357
2.57321919980364 2.99037995067047 0.825866468027688
5.1809859741872 0.3758498801334 2.21872008281033
4.76318383846204 5.94520655807711 -0.348365544176651
2.50680200004083 2.75253092726472 1.60164707253302
4.72702187208094 4.00863576679631 0.571887402520662
3.88343740897064 3.28731011949709 4.15189985489227
3.48114888541646 5.85063848889407 0.202538683983382
4.27802712142514 3.14433302700151 5.37787972561178
2.20805617163906 3.59372753725202 1.13849220170352
2.63419899646455 0.77930972175283 2.45671107326236
3.25304965666484 5.60830525351619 -0.0303421777361861
5.56166660019084 4.45637645221428 5.97563450249485
3.12186948968649 0.760271861085087 2.86778249683469
2.76870586782174 3.33699884556473 -0.421399723831989
4.00370868127401 0.427319781389176 1.92517674197827
4.07894460704935 7.41858893146684 0.310127034089403
2.74974231180852 0.546707535437586 2.84944006143106
2.84542990591675 2.09371009918674 3.68904415802647
4.54680369278059 2.34467295257441 0.522485750400739
2.43356200570261 7.01012819679649 1.93667361746817
2.40773347624779 4.14732777167296 0.453895381856993
4.42173890327673 6.77025174039436 0.491867376667114
3.3065187099827 5.02041398438172 2.87651901216834
3.31233710832782 4.4628940049076 5.94422130080302
3.14994928331272 1.14072827017279 3.20659679577731
2.25957694011349 7.33969415060352 3.58607435726947
3.25573444277011 4.52067432715829 5.79698088778224
4.26759607296416 2.46049355044223 0.986122403802039
2.53115304466373 6.48554078426493 3.66348058111799
2.59017655209928 6.9356642975812 0.0645788565722979
2.05529642238441 4.51413439785491 0.853348095728425
2.38290522046612 0.272976262156194 2.31440709924316
3.9477485861335 6.00677948499952 6.6936500122416
2.62915654807844 6.31279161326617 2.35686308557563
3.21825372944287 5.55803709684918 -0.565641962974894
4.50720389675956 7.08240356476296 5.02074818186243
2.87177400335452 2.36888146439472 1.26155126822704
2.93653967176026 1.34922666254533 4.6790636772249
2.27294898945047 4.57113466131605 0.452664053492133
4.37686503881424 7.3441619003702 5.67001305519682
2.97823135617697 1.18356918608397 2.20065584020796
5.79973460736403 0.645533132304387 3.5224524898219
0.917969526827446 1.88027691718601 2.91447915576985
3.22227561085376 2.82524880514762 0.125544163023018
3.40779733607611 6.48712509857682 4.49030879965375
2.41410956233321 1.62022736820828 3.75822220119519
4.55152483806222 4.685279081147 1.39035764123183
4.17353404362424 0.348506654906217 2.96607529001139
2.10618003804582 0.255135876167362 2.2047870562623
2.99517143095216 5.13875707508799 5.51517049064702
3.82810645222887 4.17422685335366 4.52987281209317
0.629126842665433 2.54855412931805 3.03286785328699
1.61708622770432 0.753916271505484 2.65479510231353
4.3084392941747 0.839034269931321 3.31586167320537
3.53018952474153 2.74408229575772 0.252967816451519
2.484858438356 1.23604777442571 2.61229413248437
0.914461206255381 1.67501413138729 2.68736942552894
1.94027670657996 0.382632228389348 2.21230471983046
2.97991069065396 2.86969861981577 1.10566696021573
3.57222409302006 2.08463604679461 2.06242337366898
4.44792693058627 3.85100697085382 1.30971223382771
2.61620821585581 3.5092881784214 0.95267904983731
2.32040493410586 3.98247824392466 0.538375266173146
3.42059639031928 0.210627847116346 2.47722594910901
2.89752672208172 7.44797248552591 1.58020962128121
1.8536770682505 6.50283798240222 2.32568544227346
2.11542360352615 2.21037498788369 4.32620811611356
1.93637303588794 1.37914115753337 2.62242285814456
3.15997991385372 7.19955419329418 5.76069560592799
3.30418169590715 0.458739909452163 2.64828891558194
3.42792293233144 5.6729840593765 -0.24049523006908
1.34106774925479 2.34619593347005 3.91299245108294
4.00574888464743 0.653679727378896 2.15350930304302
3.40364370238473 1.68503890670595 4.75043448788292
1.83242880706269 3.70392102860664 3.55910869538841
1.6806776889139 2.28950277007742 3.85317535858169
3.83792668862687 0.569582771933808 3.38144891675463
3.40721061261617 2.13225851269776 1.71953532428855
2.35836495390098 4.57012989626617 0.555411774747032
4.33013695353471 6.57518856226903 0.199901219137316
2.16456693892774 1.69165906913859 3.48071454994498
2.9899236719264 3.20497895171089 0.311757847492014
2.68571545643579 0.495195486466935 2.9249855948818
2.79571402387475 6.81691956051763 0.143187734615933
4.76515489315414 3.94394753035775 0.261392561109908
3.04915212784521 5.50423112740556 1.6482269229621
3.81032484661596 6.51890693894575 5.20662356020647
3.02717043318036 3.34630548326923 0.92643826018477
3.2528244134347 7.31271311519734 6.25976679688692
3.89188008956562 4.25884097868449 2.34949515208982
0.681407609365507 1.17265271551121 2.46421809652363
1.03576720845951 1.20577872872951 2.33336911705248
2.85569920608591 6.15650188532245 0.844784066873267
0.346419129835818 0.273407029867021 2.21634236312153
3.39813489326332 2.96848040599972 0.546187527248159
2.62326548572094 5.30655530379268 5.80665666459018
2.45189612719796 0.638188010702406 3.05701577678388
2.65211137683154 5.00067037504264 5.47800492402698
3.7620188401575 2.09538660311762 0.663556837913652
3.60852577412673 0.878238341421102 3.5763772506896
3.17560980274461 0.978580370252403 3.62025162623095
3.14320630570309 3.17299473603206 -0.0682502886779478
0.215293003719597 1.10846348451171 2.66504598721476
4.23963240217974 3.64986381474286 5.24122041151349
2.17362402526223 3.79843324925614 1.08759183453938
3.86787403980503 3.92875081098818 5.25831745368943
2.35484703028662 1.20796334941523 3.8336095049025
3.48573806462872 0.0190250215437882 1.99142360645422
4.19460011045697 1.9831211942058 0.408260187472287
3.56901045610036 1.44123581178379 4.17099279626963
2.33435112451436 4.99236028317119 2.17965625175789
3.2782582740554 0.875493720694241 3.4306963009771
2.8900266770229 6.25003187931944 0.369943655991948
3.62150343575699 6.22667727388346 5.17297751900966
2.80385605635306 5.98579312557369 1.33764184885769
4.1153952757848 1.85733034871287 1.46655576428475
3.04849347474399 3.61068801700379 0.713680825555353
4.71869119189676 3.74425595348821 0.660188879475659
2.87849877873135 1.60450076465898 3.97714082968607
1.81935307996447 1.45367657766689 2.45774410771422
4.06140992976978 6.11614413834025 5.66753349198518
2.86343243581512 0.383951540634963 2.03070191377967
2.59018660662077 7.08059259520176 0.33192356666228
2.66458464904893 6.26004489878122 1.8203304189722
4.89249471294586 0.0605327575197903 2.74854773051899
2.08783725113891 1.75908527609507 3.77729807162645
3.60242138748343 6.42996043465633 5.5640171284189
3.485303291422 0.394539278622915 2.12962714850814
2.83004556834458 2.64123117679483 1.17687445454015
4.42543598027114 6.06423816054209 1.09367132022786
3.10701603127731 0.143105947664616 2.55334824486993
1.70926241829867 6.36168784634475 0.853393796373394
3.16953065608487 4.25865311523517 5.67132509069313
2.17425858465776 0.249761476267096 2.16687481262433
2.17378257135726 0.323359214058105 2.55860727643615
3.84847456066271 1.6131866184187 3.15531776759767
3.95887881472983 4.22751677466399 2.34782977074877
3.17187344237232 0.0235526912023545 3.11373407900168
2.74057716769861 0.562445579541798 2.45049648671036
2.29138891056291 2.74071884562415 3.14088325406025
1.60846674712895 1.32335938997015 2.68102678960992
2.16553902150504 0.163401953160498 2.13871653856748
3.2252519392127 3.92684241784432 3.4852031574211
1.47238885569415 3.76568326360642 3.76576084058677
2.29374199334392 6.42362798394663 6.07930642346855
3.59897411376093 7.35814973915331 3.17280154090428
4.90143952041587 7.36237121996057 2.4456470152705
1.17288442330487 5.28318930924198 2.72800141263445
2.4657719958575 2.45266402812576 3.59953636911333
2.33467522815012 2.45497594874847 4.48405003292007
5.78569470706323 7.23035617265721 6.39248536973575
3.82342500381644 6.83789648874981 3.65789162765622
3.2656748116799 5.45919514043166 -0.211642708250737
3.65166519789189 7.32825611441059 0.596988385108152
3.03320289117996 6.81434730838699 0.365439950339883
2.87077341746456 2.61155427855185 1.88318278673376
1.56883065822248 6.30933949080904 0.508292885797417
3.58731459899557 4.21327575126789 5.1976901465239
4.54475334216108 2.42475711818632 0.385526607243891
6.07894629912586 5.78285404681594 5.40775882318234
3.54804644188183 2.31391864876505 1.81725227330407
3.53966518005467 6.97279073232208 6.14704308250232
2.64073511532518 5.06049836071678 4.65889837165442
3.17070919477169 3.00465706634943 0.260784708543307
1.74334531700067 4.72459368201709 0.367799459491056
2.16129059663496 5.03655485999676 0.0270016924660856
3.55498774547388 2.43582644380551 0.917310505619575
4.2830335613967 0.887032422447195 4.06863903680446
3.62432963946639 2.93798216740521 -0.910864446110421
2.42501867956167 2.09125835293638 3.83474862853877
3.01999806901872 6.65250624562876 -1.17572635900357
4.04667826691344 0.176897973037369 2.46159481125169
2.54676910124232 4.08537756759057 0.866105268719428
1.76916956554092 0.972910285034841 2.37015254518713
3.4633992709041 1.91943235248654 2.45567819714254
2.73022374522556 5.47799483187187 5.35120869495032
2.23749814097139 1.13494378411194 3.19734326390833
3.29808260926102 2.36411680698302 1.33551691825816
0.827562598985972 0.175254394691115 2.15036827808753
3.93311115474349 2.93444624716169 1.57963871233627
2.27724439159736 1.44467469033889 3.98197565364682
2.14039844986813 5.64636482172771 3.31515487799791
4.66842586794028 0.976672287006475 4.22043353510588
4.44225291003491 2.69533042680678 3.08272865322343
3.37386301306678 0.332642854002882 3.20105176754878
3.59729044141799 4.785001151115 0.939723819943532
1.73616042315548 0.239016155588625 2.81706022774073
2.81206536589409 7.25835408184518 0.177100215970939
2.69040812441218 5.57510470745804 6.43832600406079
3.27465594272335 4.63172849796851 5.00564823208665
3.12132189852172 4.42583868561367 5.09228506246754
3.15795724523199 5.75650034350793 0.492254183279771
3.08913088775561 6.0117756413998 -0.530089470074935
3.09467386064558 7.01277101575339 1.95330931275701
2.6750736653838 3.49803246008962 1.1534443410409
3.27131369622397 6.62092651850093 3.79115786219176
3.12707543571301 4.57568832137237 5.94208345762709
3.21073140791 3.61150231564094 1.62648931059682
1.55529373292455 3.58561121055187 3.57979091060668
3.76085759238097 6.65087945208766 6.56451164902369
3.43498196733724 7.26915120468368 6.31598507931554
2.91257063709147 1.55966520919408 4.49827388810453
4.44988078354756 2.81733355809114 4.45188380484864
4.00333364595296 3.14566586145557 4.78917539132498
2.81991882502766 4.70733697693843 5.48763104298981
4.91861835171225 5.22944399315132 5.92392484437505
3.18477309728465 1.85834354633776 3.15074739229954
2.79465364540599 0.907630428614977 2.54510382689163
2.78604216221611 4.40082659286738 3.77376593028444
3.42362063048175 1.78011014561715 3.8212279637793
2.95244188765276 2.05697746865683 3.16764196846889
2.30151791439519 0.761329475024433 2.72498526603572
2.37417316485022 4.12823969546751 0.437649855293334
3.40008226507136 5.97432282958536 0.753539868421308
1.63016388186101 5.12827090873208 1.02163467699957
1.57041888948654 1.63877011030764 3.20303670256773
1.80657186371342 6.51901955615357 1.6658028326478
3.56165459312701 5.31315994961005 -0.622433957866688
2.97858998284219 1.41477238168258 3.71686971393205
3.78314827116504 6.36205025518061 6.1532264150678
3.07185156372723 2.31432462267043 1.91562843923762
2.77347928201509 3.13238500221682 0.604978222656854
1.96541062999891 0.708307632516441 2.71851626497453
4.32588022729949 2.49243722315208 0.936007415066849
4.07273772710796 5.866343394949 6.01899844504707
3.82810635812521 0.809815847839797 3.38134381347348
2.54225920784406 0.558699018999634 2.85853012305126
3.51964043815627 6.06495321526295 0.962830654722217
4.93011524293015 5.67186278369635 -1.08380267636873
2.27462736797271 3.56668580406056 0.260496707111131
2.8902540692293 1.14445369091856 2.17584836994041
1.57136827134511 7.42337808813786 1.51791471368777
3.32585405332336 1.0567556451255 2.98773689364282
3.60327281413116 6.70821716386545 5.38867478810791
3.24830094131268 7.49881226989157 6.02186927623016
3.44599514194552 0.536149073072547 2.95677880705212
3.95401133499794 7.34723150216571 0.227224269309462
2.85254710426648 6.84266223175998 0.414417457546795
2.84844937680832 0.489777628324782 2.36811555838719
3.26390735157549 0.880242539678404 2.69943524110173
1.89738786099136 0.709269049306597 1.08976100619845
1.90830996760056 5.2366489227652 1.11599887957275
3.26732102249 6.97758398598641 5.83059385181981
3.71804146895909 6.42641659234459 5.59796643647197
1.99145141460963 0.910772981458766 3.05329112071431
1.82116683609936 0.902659931597221 2.83015871437507
5.24505058863554 3.90300453263909 0.279677271560127
3.71865962982426 6.19194931149447 5.66459143121944
2.41562186734922 6.65848211426631 3.49642600474327
3.63543868788514 7.29655314568114 2.33662204146238
3.95251105853934 0.669387117169017 2.77469116521685
3.6598297712998 4.69297381801026 0.812749191287738
3.3794853015928 5.17904641985339 0.287103635988221
2.60076271889258 5.86001206731115 5.4614017301329
2.1713233870689 1.25766624202712 2.67773969977157
1.50018348522626 5.54213822012423 0.971305975103673
4.80261746804842 2.08578556191434 0.372506578679949
4.22681676456925 1.58729514407833 3.42023869339676
3.05292250668362 4.1327763981642 4.5813640044523
2.21048761229032 1.09033759645622 2.67844164554982
2.90081767434919 2.19479249072559 3.31085040166561
2.17217312966486 2.8529878501057 3.21247781599385
2.6195863333588 3.4075932244452 0.650056304792631
3.59107253435445 4.97140277427539 0.169656635138423
3.04495304204547 4.57080477555578 5.24858008134088
3.62301900576291 0.157064472743274 2.65856034584005
3.508649698822 6.05657262352331 -0.124304697173053
2.07814587948497 1.11010930080961 2.90585871735818
2.96065661141487 0.713542251820397 3.40322411234637
0.856254506154548 5.29159323380001 2.96394739476098
1.79249214880938 4.00695984204336 2.01913228914939
2.81336777391895 5.3699750477688 6.42845725830697
1.32421801615226 6.845009796479 0.672000728194473
2.99451095180074 5.79579922844585 1.2392421470383
0.876446468584911 0.359900368074675 2.23972011644621
2.83955761382667 2.34350382673691 2.68661635756109
1.65395006847884 2.39385810405501 4.35007276469284
0.791781319977824 6.43406766615627 3.72831289553467
5.34926551473108 3.28901153159533 0.373641766851545
2.31778378862729 5.82217555295452 6.12611367144473
0.979904938133959 4.73846131047823 3.40085024481724
2.52776508629954 3.20097569111756 1.45061210681549
2.76779317808706 0.932218351237093 2.99596260538487
4.23110723100978 7.21926632507232 1.15349142620233
3.11435645656774 6.91391226648626 1.87059707871223
3.86551487532448 5.99816321518493 5.46909080099095
2.16178781522028 6.83303927587133 5.37970771677678
2.43244726925905 1.46400279861045 3.15976700303777
0.680175306594871 4.53728754162411 2.46182378013195
3.01854766966667 6.05084331646728 0.208845398581471
3.90328904658644 0.527091739998041 2.13923976705482
3.34873713773752 0.505346030453751 3.34126472389695
2.87252652933076 1.79083597164284 3.90018179189547
3.95127087244733 4.42607119223994 0.81093330781374
2.59631559343903 7.1029675140993 -0.221974665804806
3.6798362913821 0.151315143984811 2.38954726422679
1.06230062774515 2.74051878057565 2.63170010874002
2.58454848655145 1.23531159136137 3.879352166788
2.62260525479911 1.06847017844498 2.98096738053318
0.818373247586238 7.47286251016772 2.69456434775226
2.62178560589679 5.56292314072798 5.83423935306603
3.543957945752 0.415527081725715 2.35752578851035
4.4949714923356 4.38096877579283 0.350474003639524
2.96436709076454 5.27332885333627 5.12943274712395
2.27950710090442 2.21183372777822 4.14819081399933
3.35921765203331 6.30939667115251 0.886782674515151
4.39791065595476 4.02460861431425 0.653762392398742
3.17958990538021 6.55953977903108 0.481396204549426
1.30760157671326 5.06596485723581 1.845153971047
4.20455808098738 1.32848176809481 2.92812975180281
2.33311857578324 3.07509043044552 1.81761670460584
4.76232656433122 1.19708429594422 2.5972001234014
2.30084896631777 3.96129662800838 0.730724950201658
3.15078090141013 2.56027758517475 1.33225392186482
2.047500131518 3.53883147144366 2.05235589129014
3.25689090242717 7.29030837849382 5.77294544713876
1.7493856134209 3.38560704050836 3.45110148344906
1.37011783811412 6.19390716104827 2.06470424567028
4.19686818858309 3.29535744459683 5.02231911260602
2.72703121954951 4.69166761166555 5.51385452171864
3.15214301501583 6.10020316315907 0.428650101246547
3.84730073862466 1.97156775387027 1.10151701681507
2.27926723939273 4.08215683881512 0.128148930976738
2.7368538462603 3.1982470991579 0.950944446605684
3.84790751009157 3.55223149398533 6.44302968490253
3.47635385354387 2.02751288632148 0.95976795157738
1.47388509106004 1.29463378830219 2.90183593526428
2.81909820218183 7.41819348634009 0.0413177335512632
2.83782101078403 0.67831718088099 2.85111175348311
3.94799834501348 3.27851214064257 5.59966720884104
2.48565693989238 2.45992285828026 3.39154919174632
2.49098350286516 6.4930914055781 4.45108440216116
3.02864162627393 0.80275402383967 3.43572157265894
2.6744670101083 6.24539561296185 2.66823868734675
3.7932001916975 6.47709069476499 5.87282245357243
2.57087908422708 2.54311447676885 2.65138122465258
4.00026553768748 2.72932325972349 0.520829788646965
2.3648576060942 1.77526424850196 2.8838496191016
2.12945629499758 7.04128648506836 6.05026840839825
3.56439981321274 6.23160086503144 4.11616960899678
0.37366269718916 4.17950048101217 2.3205341043065
1.69956269465308 5.77913639371489 1.13836031928879
3.65103125328831 5.61113158716698 0.997018927339931
0.0751416977117936 0.331206638353778 2.51834153577854
2.07239015521108 2.21223150851721 4.56149998325821
2.29240222837222 5.5689716361527 4.74261891048682
1.82715857177541 2.78881041379419 3.9713254404141
2.69022401581584 4.09139101288102 0.262800239474192
2.61999182265468 3.04997621078062 1.24881013367435
3.50006655976715 1.16780789253049 3.91629606343834
2.825098860855 7.18723744200496 -0.0556210195300338
2.91229850076192 3.99321283922833 1.45187376641884
1.66385706191387 7.02881861130711 2.48874128754745
2.73967457251226 6.74143433316553 -0.0159643216911247
4.14087095507453 3.68792880455687 5.90238451573738
4.75343804648771 1.06459469547196 3.19586895163048
3.50191759478034 1.0990627538866 4.08981869555183
2.30823059548875 4.72239647914349 0.779715081180157
4.03067937000074 5.45008202238194 4.21270921674443
2.71847207371341 7.04874765971492 -0.0212709335030146
2.66379691762224 4.03040137625099 0.452715641816372
1.94836745629333 7.31675486048577 6.11242580458099
3.64722953504456 5.15907166706607 -0.562008945320145
0.477334570696375 6.73511413489125 3.68120904887378
3.10138719029762 6.28049734048069 0.442785299807813
4.54181552796535 1.23134652531191 3.80590300342642
3.4872319762705 0.649567861813025 1.78087054683349
2.5311227580486 1.78130370316869 3.52156498160848
3.66867802280612 3.02427908679651 0.661110578748075
3.39369951119814 2.0598634167664 2.04545490756649
1.83436384833326 2.09373232325771 3.39708589440695
4.67006966951005 4.46645261469768 0.54391455742004
4.49482931537239 0.349620994398458 1.845012116754
3.78676326244373 6.01907729106516 5.80860340024444
3.46911184023566 5.8193499199573 0.297350194131451
3.45830441340129 7.27948271039897 6.45920611712202
0.92701550967323 6.7412951862542 3.06243995315905
2.84185182761889 2.80191963599051 0.541259842319239
3.57247215288502 6.92666035758791 5.85440810768369
2.40832589208381 0.689045745787005 2.33110401966438
2.94322682302565 4.92260687582449 5.99698894242605
3.38201753909802 1.08922708420427 2.48444492319885
2.42869422044673 7.45309951872681 0.0616339169030521
2.09099190353791 6.02282039863963 3.84676933482964
1.66561680368737 2.37265305927647 4.23697164514091
1.3979654316971 3.65039768163156 4.11714177178215
2.95709542808198 2.5847891869049 1.31318936541372
0.973745297044797 1.52720058707406 3.67666230429676
3.67268209946107 1.50142198241226 4.16429345456734
2.1506882513404 3.54864671354373 1.35285227938408
3.09320925369817 0.613680691782545 3.00055161556052
3.66156418753187 6.54560745069786 5.98076316578005
2.65063216536397 6.24308375475445 3.32501856891781
0.9670968333758 4.70299606317243 3.06125774698456
1.72227795970717 0.629448812251205 2.11722274337384
2.78343571727328 0.48247882384068 2.0138589445329
2.18627352052564 3.85213127232735 -0.174807637749382
1.99246467838644 2.18010860116421 2.46210917142466
2.72352916009204 2.65400356264116 1.01806972851135
3.52358150595596 5.03117107473932 0.101707016335358
4.00892179048414 0.32423437485818 2.69916657607305
1.4458474891656 7.2696847509807 0.439684155366085
4.6252943764556 5.97828372439792 -0.42350354265555
2.20888664346644 0.653161501128741 2.49736200798267
3.50187995937705 3.01257708865086 0.142304167805169
4.14580840731194 3.32341348003778 5.78587037718729
3.12034125912082 6.44578853372596 -0.725766342060574
3.61725930530382 2.71648414354581 0.705046462382866
2.90034324239131 1.33929400628596 3.92802539770574
1.47915934176286 1.61663693802809 2.87129841201122
3.40890279714847 2.07350397710805 1.18539556005821
4.33045219429846 3.31294336058836 5.05645623042586
2.495882821755 6.04608045024602 5.12244008776955
2.88360195099849 3.41348809174111 0.795295685303311
1.96617539656157 6.6902667995875 4.86069511848258
1.00188905667513 7.39180831054609 1.3724319380108
2.84553020016329 0.163974444691914 1.98501139650346
2.19858327721794 0.913438986865929 2.7819324508932
2.15688619234344 6.90124153891927 6.36279262784284
2.40184957896171 0.354116186491737 1.91427423925676
2.85562921758321 3.72928354597352 0.211785004289271
2.69657010533553 3.16815759127378 1.40720762687723
3.49667835236582 3.77554286083037 4.64703420356339
4.38028121447908 4.12597800317631 0.316531900521459
4.20182377674418 4.73997972240237 0.400510609339004
4.6323772395836 3.56832591184831 2.93262084729442
0.880125982592269 4.9452641312725 3.38034251364986
3.36246713122093 7.18933391274269 6.4119903580611
2.64009087287951 5.55611874759243 6.30297663191607
2.48477091903422 4.34190473146326 0.734209686508671
2.85133906210638 3.56401304136939 0.0266603699555127
2.41766276335481 5.89687112356557 5.87283538601367
2.72292250665656 1.24822703003987 2.40240601290033
2.27278073711094 1.46295343464202 2.54743554322994
3.0743521339645 5.55331508772419 1.73404314088058
4.24788605658453 2.06189763159709 -0.141497361491574
2.97555166022913 1.67253003509074 3.3543090993843
3.07767118064625 6.76983865611812 0.603612764600126
1.65327208078978 2.93228787069764 3.39797873455349
4.21834842514659 1.57999280185759 2.42359608218767
4.17943292032981 1.59468531635525 2.37393985161471
3.49893072119532 6.15676381361126 1.75606818202852
1.44584254921355 7.22966587422597 0.270741971259066
3.01335277570054 3.68687792875778 0.455146989876419
2.51760499218485 0.891035051221156 2.92031963415994
4.10622246093576 0.933961625742662 4.09398535696047
3.56584406961812 6.12246187232051 3.23909794848799
3.67743849193078 4.93562060999496 0.192159259558666
3.47503184882328 0.853816772489298 2.21333804542451
2.36250371781858 1.11362799853621 2.66734105887949
2.69306557965162 4.06767642898578 1.6177699920351
1.00400612557008 3.35162354975947 3.50152531081756
3.83137755547658 3.80620574155909 5.52477549314273
2.39100955920274 4.6799800966724 0.755179293155314
3.47280916626742 7.39038599060484 5.67468643656225
3.55475615816527 3.98284501119922 5.54823492147904
2.4775662040727 4.04895193154161 0.327551350573788
3.22880126301333 1.79450966921446 3.81978010476194
2.29969343789387 7.09421905551025 3.59454378234481
5.52401116460778 5.23726623114654 0.116760977394222
2.76555839439279 0.441156152587298 2.8848199498019
3.23692429649195 1.92138478825148 2.77398076417504
1.71388753401816 3.90533142406921 2.12880667768189
2.75463384462149 1.55919675209032 3.3592503466656
2.05295657390418 6.61885521119766 5.50107427278807
2.5274061598109 7.07269804992732 -0.561470363251083
2.13598414793143 5.29477932967799 0.651517373761957
4.15778479485136 4.16507003006793 -0.0642411020445142
3.07053423778218 1.4796561868468 4.02405751144686
3.28599673794623 2.75470508603067 0.367824463900354
2.83501031450076 5.1536991619141 5.42776180736378
1.74992217607709 1.76334669711538 3.25966537439167
2.3887509077415 1.67874184698688 3.96064234924804
3.39447085615965 0.436376189799927 2.30211807678425
3.84407348538257 0.370486215967918 2.34360821310602
1.00042649340959 0.542750932373868 2.00858292194248
3.23924126526915 1.24173410308378 3.60324573379428
2.4226651106426 6.25104058608018 5.13129967301825
3.46327471110092 1.087461696361 4.02133685763729
3.19157249164738 2.42989599103167 1.32623402187533
2.53937594121984 6.67038591823419 2.25533777810308
3.45039889344956 5.22113454211614 0.231168856214924
3.91139925100487 1.37578019788426 3.34754530834112
2.57748183224907 5.0820109791338 4.55630665743812
3.69237792648717 1.52185591412134 3.08566529936339
2.39853991254681 6.68875334013723 4.97271107980664
3.73506683222798 4.84648161673028 -0.357191460563262
2.46331651781194 1.95130926083024 3.46136287974948
1.88743203588327 6.81593470045377 4.20808745698137
3.95172958736745 6.04059884490543 5.57891398707954
5.73080119408562 6.96632119255853 0.285648453554724
2.26821568714877 4.85975674195006 1.50556719403648
2.55746028036063 0.0398026429222114 3.24379349581405
0.285919487329741 7.09011456287576 2.16033527048383
1.72877516853984 4.19856303624554 1.80559103431276
3.60022736531775 3.46860335070248 3.48339025450612
3.65528924071109 6.46587756586515 5.78757052127552
2.22165907751912 4.91583258991918 0.0689547162563752
3.36946648033429 0.79098879367796 2.88248744372665
3.12502918871623 0.672558601093424 2.48465834912644
2.51871486267203 3.20091258415417 0.80870546600012
3.59511745021333 5.19975057597555 0.519471315807219
3.92867167469655 1.1549736555602 3.99342640426222
2.64809571125157 5.4927872218501 5.06931236307764
3.05651218292085 1.36513822830649 4.00739129728535
3.14086041470472 3.5155256512744 1.69676736436827
2.38050878544809 4.80166463774968 1.1994190125216
2.79737474943562 2.53087530080493 1.71735719208925
3.28648024707338 4.03558019545276 4.94220214528164
4.23713353035576 4.70615541676829 -0.689469591639474
3.54063975382907 6.20948964427911 4.51779433061285
3.73816209714103 5.01433243178153 -0.20257717070499
2.89994066272437 7.12104697536345 0.185938372333773
2.02756225840708 1.21824063138372 3.06503574591607
3.02114622531855 2.56913201706857 0.713662675295824
3.62305848655362 2.56092232315858 0.661234843873362
2.7071853763832 4.74324196483555 5.30613135269577
3.63588943028182 5.68133312380624 -0.00269094936757358
3.19913559588596 3.86797786490058 3.50142777507639
4.23541342433553 5.11616531034627 3.23833904711559
1.90313008866027 6.39355843344238 3.91299000208007
4.77120409178197 2.35000971322739 0.462161476776954
3.97626323746464 2.63512000924255 2.29709575428761
1.90344290137714 5.46589149333539 0.707269374577733
2.51359924501306 1.65309974918583 4.38642835920893
3.65948848283705 3.24853804391366 2.04606189409885
3.00723189241063 5.99508588496913 1.02208765868927
1.21435157666228 6.83433977005235 1.5157022413525
3.10891187202809 1.64977431300099 3.71691432216837
3.34842609414871 3.44430774056975 1.0917616124519
3.75982422477598 0.249154021568455 2.34358488461623
3.23074570456103 0.516451420495748 2.61828943645948
3.97784379100823 1.21230079544727 3.3355049738161
5.24340208359451 3.28742956685732 1.11850320587344
3.07836154567634 5.20163607139784 4.1882128981968
2.46765434825579 4.24418711852682 0.909839776723117
3.0568543042587 2.10976358281475 2.15005775061319
3.54485059089485 4.84097977403878 1.41384297622878
3.02444974759076 3.90549560814704 2.41765094136698
2.93925201588241 2.94100755786146 0.60363359918825
2.25119484957434 6.14269548605608 4.78517780242425
2.81552090059765 4.85723266126675 6.04049627139699
3.67295692052371 5.22013813729786 -0.274008864264832
3.62064602040207 6.01692080431606 3.0981440951187
4.43513806926554 3.16354393339164 5.80087558093965
1.88211504862554 3.15126710827292 3.87466945182391
2.98100143131666 6.92252611038385 0.272444442239393
3.90827586310334 2.6770186459329 -0.318425515978313
2.85075037267356 1.3982282511545 3.87328775136026
4.04473481146269 2.26392191710803 0.0562940332942271
2.1748082717709 0.606383185578347 2.09132179200688
3.28680305227339 1.92869363593625 3.04356055320156
2.68984041375365 6.62963505876388 1.15165614863055
3.25918084731491 1.40707320442677 3.13975826298034
3.86900078173264 1.80721228749899 2.21087766943646
2.62635505400988 7.1013973793836 -0.202781812106621
3.80259902785026 1.77688960461677 2.55425110904601
2.67642777825106 0.880336779431477 2.7451970548906
2.12137742522157 3.51358894519257 1.47754901711607
2.39196806629817 3.9708229708847 5.15783472129772e-05
1.85779761744131 2.6217358444776 3.85598523726714
0.925994400133184 6.63208643230864 3.36850710496551
2.11795587873403 5.54082248940224 2.41728265682135
2.13111909942104 5.0713992701026 0.855058447820234
4.46971174247632 6.46858463017688 0.344219277663021
3.10717193819569 1.26066715254482 3.90201879589179
2.79588392471808 7.34303748804671 0.837080023311317
2.36069609815534 6.2073259465861 5.01140817793048
2.37096456614625 1.06266630258204 2.84473146083031
3.41654505773674 1.59081178058875 4.26950920986745
2.32387297407432 6.264142564434 6.00750462878194
2.77374759389013 1.18486542299085 2.37575715244906
1.15101496336441 4.60025559943269 4.60536946146385
2.69001310435332 3.71316420019127 -0.166614331036739
1.76462258589831 1.48582051644358 2.89836920329411
2.60912708797455 4.28981097840554 0.725852508235401
3.32308236585703 4.70880553612826 5.00359367140601
2.88912883788768 3.57638726021966 0.272654053395131
3.84803525478658 4.29169199712872 2.62070109421878
5.93021545243394 0.909066563346259 4.17779254790159
2.88373021195004 5.00740482629439 5.16418074428884
3.04815590001906 0.986577074403704 2.90865551571944
2.37859514418371 1.47821491643514 3.43805014282338
4.51908874333696 2.18859719053511 0.518568251937325
4.427597006944 1.32935234770875 2.8146281727149
4.79725245464716 2.19223951947438 -0.164379494023991
2.91240164383532 2.3054673982934 2.43789661623923
2.68969590266854 0.994577391727945 3.25458667611353
2.59523970234191 7.37493286482475 0.315219001371343
3.54445417337186 4.53698315575776 4.48305544516643
3.10830468114042 1.56534621994406 3.78223035502326
2.08410127651515 1.50678643086907 3.509295452163
3.33573008345648 2.26221619960818 1.62084334412617
2.48208507805444 3.78332298703682 0.183579984217673
3.93199156619694 1.09524896399234 3.98772199096229
2.95554161101413 1.0079093490701 2.47033400381524
2.12588222456035 2.19470269393963 4.50027694663583
3.36577186009811 4.2557328529831 6.14377904922902
4.74311139706958 3.39193184791269 4.06530299917873
2.49582886436477 0.779869733459834 2.56873063499325
4.36514243555265 5.86182774941075 5.83922271404851
4.45481856902092 2.43294229037991 0.909446006366594
1.81835914957158 7.20618503173569 5.35987409633931
1.84533857663039 1.09054804163944 2.06333237550848
2.15132408113586 3.28284920570124 2.10411552161144
2.70538022975935 0.557655390315427 2.15628458085315
1.41034466274804 2.48078060247213 3.76581879986704
3.1646231054311 0.873877472304958 4.01594893483063
3.64616521899747 5.95252131592567 3.77388745932376
4.6143654677416 2.86372186768643 4.95969823868832
3.57527096164739 0.142009288253643 1.94110820533422
1.40611335564746 2.63134751105886 3.02439090399014
4.04121769754619 7.48062190582027 -0.122456210468754
2.26576150635171 2.92865492688921 2.29531758535887
3.11958073693742 6.08564112419694 -0.484593938830702
3.67526082844041 3.46048499667938 4.36446905714158
3.04295787255005 1.91705572690026 4.67551322792887
2.00137936403436 2.26418101952812 3.22195021988544
2.38695093477513 4.28294642177004 0.769873249267071
4.24288050910252 5.46477836811457 5.16577380721273
2.18847734582032 4.33812364394898 -0.82952193720415
3.09733191799138 3.83199597544661 2.65229455826516
3.41261899490722 1.84341055577176 2.80888849740634
2.63137679268166 5.59079832788862 5.74945488563418
4.9180159642694 3.34872926396637 2.81686289699262
3.88198833956794 0.352239148493813 2.6619238437937
2.6725170835806 5.59847985219306 5.88345099936747
2.09336466175146 2.85074282959559 2.81653813744318
2.0369781666658 7.41410694661622 6.18906203048827
2.90382610848497 1.79091828869532 3.45163332597096
2.83251839522482 4.95142205893631 5.46775489925522
2.63639555548227 0.10594128483181 2.97565031533587
2.97494354610216 3.1189379234441 0.194807266042748
5.14688630450881 2.52562475004373 4.92731669141419
3.08397515981254 0.159658068865882 0.854593556389534
4.32560055890292 2.49759092861176 1.09348947554348
3.97049387279846 4.09345674124635 4.5559148135641
0.874682180856451 3.45446909247646 3.26098770965344
1.68635192596929 2.33847814691911 4.3891730266671
3.89413569620252 1.73232564787036 3.26726353277826
2.53318823397771 2.41021645589976 3.77915315334375
4.2453417113586 0.67663938899512 2.89955047694389
3.58791572757955 6.08379559965563 3.88868241410658
2.94770666805525 0.0918270277105879 2.35576309670922
3.36619252511293 3.1486562758312 0.401048794640815
2.39632336483043 7.26611619833335 1.28523532675803
1.10160472433443 1.79594895077654 2.44770238072203
2.32635024478842 0.400160057334666 3.34904747634474
2.08701513452216 6.75003746208397 5.93465063469883
2.08156911496477 4.13086293517932 0.825077585514983
2.38999823426685 4.99142758324958 2.46378022395692
3.9424837824158 3.21489748616679 3.45147643066687
4.91504794152365 2.18535409558516 0.038960751384881
2.4576612697313 3.69554526734466 0.275387994671869
3.77429747151877 6.67203904222412 5.55376141576323
1.94290846049864 2.48168118881976 3.62509373175782
4.93023884800125 6.37220500777783 3.71607826810712
3.78607546645442 1.806207979279 2.39631979986404
2.12699836508245 0.0858194984486911 3.07049350424378
0.800094127668264 0.149216495793072 2.48580898022705
2.51629904014328 7.22111818914621 0.935733214304124
1.05880221359892 0.301419558272381 3.03380421588491
2.92548712627529 2.54481094140229 1.97543504527947
3.82574273349462 2.14096693798937 0.807756043135967
2.77621562421256 0.0300755282001051 3.09881783415187
2.43534400740662 7.03689747970973 2.32275805760347
3.16333145148208 0.857360717325721 2.68495856391255
3.29723165658057 4.20737341250651 4.96284326337958
5.08437963327077 1.35995618426359 2.45716254732972
3.60456196694336 5.52348141706604 0.00473880905965041
5.20850402751975 1.30185558211977 3.28895682030719
1.30992728731862 6.6229014637576 0.784729451290342
3.38378098417913 2.68877188749224 0.389155614466423
2.68238071343677 4.79468738363153 4.51999463890304
3.76239382434478 3.03039448960957 1.54230208226535
4.13566213845632 2.65020014776152 1.90376891060024
3.51500018391777 4.57563129916166 4.30560971407466
1.3041756933817 4.08444398539629 4.1219574032256
3.14221986496485 6.56428670783215 -0.521277378586103
1.35005367942521 0.758968733126666 2.35190386597278
4.49020541939462 5.72401550765521 5.41601718927174
3.71910684480392 2.21123146577738 0.746456500016751
3.09484609478368 5.20705356761588 4.32469574817615
2.87197640123892 1.07737590336355 3.63763908692288
3.11794123973875 0.959768457563142 2.74178479464344
3.91108512880752 6.4816862569905 5.91130894152987
1.63460032903394 6.21420099832225 0.619688519995305
3.73568867872077 6.06518867572164 5.69946531241571
3.05410631092188 2.32909605841664 2.21701241367121
2.0409772476818 0.954289567844679 2.55464555824653
2.50422360401343 3.5232821710433 0.342365768237436
3.92824649134832 7.27143860106415 -1.33887222028194
5.04506242326346 5.56041246047221 0.0471463097847615
2.258409194371 6.78367979625752 5.17340278419135
3.36998832686347 4.93197049410573 2.68592597563512
3.04758327068182 4.97296256089447 5.98544382299811
2.55217317195962 0.0291964639634985 1.37291218090423
1.90642599206027 2.50829948461726 3.97993930114527
0.89346267987519 4.54848471003321 3.89296302108256
2.30592861337821 0.563420729207062 2.36384759469083
3.84575744957452 6.8228713154693 3.26652557072239
4.00225835273707 3.37608312512655 4.93434523825866
1.50261553631841 4.2679691079714 2.23161074836079
1.65625099197004 5.39501858155353 0.571593821483323
3.08180287539898 1.77490431908993 2.79425085922993
2.87312934675269 0.243066940781065 1.54653614213778
3.10242296717356 0.859777857195856 2.19860201744314
2.99946202726415 2.10516328499605 3.68907787305081
3.69299753331581 0.435303624178891 2.32648857799793
3.52156413443813 0.301749769671301 2.36938826059241
3.28559520518831 2.88092864541 -0.613015355023715
3.15367768164681 3.33018975209025 -0.625472037614161
2.8290448267972 4.45464318502091 4.52716996054434
2.64949800741708 6.57300760136866 1.19410615634657
2.3867412029852 4.91130245800585 1.78221053078902
3.36195326286954 2.66699228538849 -0.239060110298707
3.10970413530503 7.12428020628549 3.81700321940112
2.55369326686291 1.89543335122797 3.68200201983515
2.93729361003539 3.50796575542238 0.492123720613228
3.04092247975601 4.13405712164712 4.1264911122379
3.82206223279781 6.43396349531408 6.06368058961517
3.58615850382533 3.46765624649541 3.88714768174069
2.20407740129454 5.64461273575581 3.49674623678814
1.49606606308941 6.39120862859422 0.342875107663569
2.84548710984163 3.19033733535236 -0.0756086910496746
4.45680090016735 4.34471007740338 -0.748064838789852
2.90932857091478 2.68739220033706 1.07645437534597
3.33544179777901 6.8190443644123 5.25435043220876
2.49353104018968 3.90934607368495 -0.123334037830256
1.0029825170181 0.787099506750953 1.64694439782632
1.79450625487899 2.64146676631644 2.94734324739901
1.71026300266649 7.28826335255023 4.04460820530161
2.43970696085272 0.711100468622674 2.89106095884927
4.0803795018547 7.34765614683992 0.257011720564398
1.7841456067998 5.20919002865878 0.574442281175935
1.70431788734349 6.5673290212419 1.48545834356145
3.04384129932986 5.79728937235731 -0.0931943081276851
2.92352935635062 2.22308429738425 2.44021630889388
3.10693667141609 0.778348720357974 2.76268751696016
2.7869329144908 6.91809691670756 0.465057363871828
2.37035390419721 5.52861120297946 5.65492449010987
3.25446397073547 5.05259653069092 2.87538610286742
2.80692992347962 2.58421731978637 2.49765719763599
3.42841577417631 4.53067567295641 4.82906413508707
5.39201031136169 6.72349656472624 1.3874184698556
2.18540901908988 3.13249949879138 1.90603565034911
3.75979253397135 2.95485471288078 1.52358297295616
1.68879232349972 7.44743561235255 4.87866446669805
2.11710434514014 4.91756672209746 1.22131337366018
1.90590781839662 6.04095205642094 2.37677823312503
2.69042615498772 1.22744144205884 3.63890244816256
3.51927961696177 3.03308022559024 1.07908669668292
2.98712019007138 3.18408821167617 0.217370837601332
3.22003254006623 7.21363020032152 5.97279152253565
1.30892507802494 0.602850992861872 2.4288927072243
4.8249295652979 3.46749120076176 2.42337230491399
3.51863104830979 1.39019563360111 3.80443446982369
0.206996657396105 6.55081228699394 2.07658802754723
4.23561698777774 0.117015985485659 2.34579445581253
0.897350156122564 6.2686974608251 4.54995894659106
1.47026309505359 5.3912388377561 1.79002671527561
2.02065648927182 3.59372291755023 1.09686684828043
3.43173794339795 0.842136266362171 2.87062993773959
2.04090022585197 0.881080563078124 2.89132312695655
2.82690342155557 5.18164205747401 6.42486505421484
4.46074276827568 6.75979859403778 0.389855033922742
3.77636718928826 6.45307252004082 6.42771341353244
1.93672258225873 6.60273570308614 4.56829897377335
4.74486385597299 1.72301360042299 1.06761424371778
2.72146372436146 0.0825798679215071 2.04066355798908
3.02429551336755 3.27444953871038 0.49132730615405
2.10314992487899 2.21234962357193 3.26707450835664
1.35350193573721 5.48939043240813 1.63202464260912
4.4176138993574 6.80582412798472 0.0442641699185433
3.4900737366763 4.78621587664085 3.40531352031326
3.62914746443863 5.02598878139802 -0.050515916195069
1.44490830601617 1.70063055715355 2.07764688051635
4.69338175356581 2.00012222752183 -0.134194523106536
3.46543963491966 2.66661499764642 -0.462253004047978
3.28948011474274 7.24980606386571 5.56092504079355
2.50378242908012 5.4277634948844 5.48457655342982
2.79024973835115 3.07511206966431 0.0749796147890684
4.61556040921262 1.17728108444664 3.7206852991701
3.05971203923673 6.62549123344814 -0.38459483507477
4.17181479960873 0.632868904562219 2.57261157210958
2.70209927023364 0.951975156767937 2.21953251834001
1.35630960818064 0.134695389256843 2.59210991225674
1.63402666859374 6.12217650596505 0.524516661397837
3.80004625397157 5.95276793070337 5.9284307747015
2.57048468125852 6.01877173546165 5.26191607385843
4.46745085774774 3.87436050585934 0.869941583485116
3.12419874725848 5.09818802589757 4.56950458644017
3.49495441759729 3.98339319982977 4.78698337591192
4.85367931506703 2.00655381138821 0.472160762618876
3.56858289375033 1.54640923737791 3.74360338534368
3.11994284011954 0.266026317955093 2.47456180302931
1.93596511066903 5.73295253322177 0.582576680194047
4.31685982081701 7.26582405509846 2.37300712204932
2.70693865450672 1.16258596147875 3.28825284613066
4.06726057867364 2.29827249001425 0.269031459847952
4.13401049120653 6.47418641967525 0.871705816277178
3.20372548898694 3.81968992263299 2.39625409808062
3.78122595058461 6.77742824874939 5.48387024313743
3.44741227721289 6.5740316840321 5.91194729713973
4.33376446100002 7.29458099774021 4.0902894798942
3.04139635316321 3.22263526345382 0.371900959421678
4.03724748876667 2.5635270334799 1.00807157217572
2.68462398723337 2.45438274101051 2.91384809809854
3.5034677716967 3.93109954664273 5.9431534907859
0.744290163858459 2.02481312022396 2.41184504183654
2.67627830994927 3.04344251880126 0.751946453594674
3.31270049303986 0.928517486582827 3.15516151488359
2.55598148072648 4.11686849520205 0.472292531732233
3.41938266254275 5.16513147829617 0.561940638294282
3.43546725724072 2.11188913107574 1.99111609128532
1.17087224566229 0.110815316811157 1.97476173173086
2.39413188279458 0.843727937121874 2.06080477983566
2.94041353495512 6.1406508965538 -0.141822626065724
3.44827909832918 1.72726202418568 2.8340438655458
1.62830487065396 4.63880253429984 0.236118743408748
3.66284359035341 0.515844876261987 2.25052820075891
2.74209396328956 5.54435766179861 5.55487817637579
3.11792988400877 7.07219913987681 5.61901331242632
2.41797339741324 6.23002514027207 5.58615522584933
1.68132348199456 6.5788176258465 1.12046622429713
4.45720208676642 3.56833329932929 5.25289597843903
2.30151349594769 1.25173886999094 3.18337907944846
1.18566452087551 4.32751264257002 3.48819613919423
2.34480738742714 0.295678413909843 2.42569053963546
3.80020948084415 3.42463295671265 3.99589810110107
1.84463517801503 7.14133299876553 4.3524617491025
2.27487184205723 3.8763165176942 0.234858440756181
4.20703639929399 1.17006749407833 3.5121428180626
3.71104806152371 2.10377903982875 1.4171460698084
2.72155303713253 5.52076392281992 6.20329468641082
3.95693613964959 6.82814562170052 0.176835233060424
3.95695439374978 4.31285330985513 1.46678338875471
2.52353472519415 1.15197358760564 2.33643769176403
1.3373884155969 2.90497998765073 4.51308065824481
1.47164308071981 2.02286623949984 3.80069183753792
2.96862989713074 1.00607752705917 3.00382101207233
3.51954676078261 0.0885110797685797 2.40132405219444
2.60909133594964 3.19263229409749 0.0809637250579313
2.01870715223035 7.22552936085251 5.02236267441759
0.69511301058585 2.29466578295574 1.01389154965243
1.68966823706247 4.52645743284157 1.54163810300322
2.67385604296813 1.55292170579336 4.08065154645584
3.41625405237324 5.1234162533179 0.758217346560809
4.73845076041551 2.93298351306089 5.50414709831363
2.7400599952707 3.45565723112482 -0.112000856137169
4.11669780937983 3.5518135211577 5.17950229902652
3.21273439981706 5.79033274658516 -0.862877397569347
3.82610318734106 5.86034005012207 6.13344311333866
2.05814139379385 2.20444277391546 4.38411468718122
3.68544035806316 4.05784216881566 5.39721918070533
3.38272907062202 2.13013286940829 2.7982769279632
4.31116867822047 0.868045332173151 3.55576825955491
3.91789846387669 0.135679554500304 2.47227413846752
3.05014797679961 3.21010004318254 0.433663271511841
4.1866805133637 1.10149735709688 3.5050232404953
2.76725423951478 1.91878394814689 3.54069196205892
2.21557413854972 6.72979567732619 4.76098554035412
3.72984083647519 1.52093982210694 2.9027926611135
2.25634505823033 0.769765650821305 1.97347226079368
1.06555517642017 2.01660536677267 3.00145730853768
1.51545377520624 2.59607238817703 2.28721510464757
3.68011825976584 2.30961406750317 0.539822910563488
1.48873206128655 6.90474364917798 0.227360019073258
3.43675347660564 5.2583111190902 0.22770392427165
2.6289566065667 1.19507710245868 3.51151762015397
2.87632603560537 2.06869208276523 3.0440638042921
0.554578197459294 5.57343155783176 3.04239284578404
2.4943151769532 6.04595730736074 5.47598222079998
3.16012265405526 4.18760025618607 5.60663267380201
3.6641671013666 0.965669980791384 3.36511880624695
2.03137419641909 2.82365477319644 4.36202911277812
3.83972906609487 4.49124399127389 1.37835064895782
3.52677495000922 7.21135696088396 5.98611549925218
3.03314721198235 2.86600204741314 1.51529613043798
2.57034494145791 5.10857043837954 4.42059868309165
3.5987650717155 1.86795780332062 2.38331745487902
2.45548157228776 7.23106543617012 -0.215597782963489
3.85775694730807 3.59991774732103 5.51601299875008
3.59505043831144 5.5442441618152 -0.300423584088723
3.86946341156982 1.89362712761728 1.63745186595557
3.26210767358531 0.866776970552301 2.3494405618339
2.88683429522579 4.00492873645729 1.79834461081532
2.2887716562354 7.03715685540938 4.85105757866792
4.15744481941693 1.27791192888023 4.38503761664443
0.698098491882389 7.4893959817379 3.75062268084363
2.44188780505122 1.05614063454322 2.63412112993484
3.61817340230851 5.7709766748683 -0.646103391653499
1.625792061196 2.00811271957465 3.34242703236792
1.37799506786075 1.58557421004259 2.61665956466815
1.85158709564809 1.44140365944636 2.43295698111068
3.05936529468028 7.11419857085237 1.93068212541114
1.39795223137808 1.74503751833649 3.60226055178235
3.29746163618156 7.22818696160193 5.3636080638617
2.31944474104292 4.04937097856156 1.14467101886503
4.40647918367731 2.07980480880249 0.127555022372992
1.1443711203803 6.02379684461641 2.33024969437155
3.13061747375072 0.27692847516892 2.13007903132318
1.95010246762812 6.27801217679208 3.11508702731676
2.10716169445274 2.34208815025889 4.00293434069995
3.32418296957685 1.81259034913161 2.73644399854129
3.44378271236184 6.41433808027177 4.75103288790883
1.43364611666874 3.09117956168732 4.60255814974719
1.22124288532681 4.16220272817715 5.29744656974309
2.38348776265832 1.95229015908529 4.07613085483812
2.86984936443906 4.1333936702605 2.16394239489544
5.14488576939557 4.81045256142962 6.11356166855168
2.28182135661507 6.32269148172369 5.13145668764741
1.29388732872381 1.74346279345337 3.48456419802982
2.99698036403137 4.04566981304283 3.10229789493798
3.67662640558179 3.46397442466673 4.2392934686481
2.64057874485117 2.15585845132328 4.05654973247018
4.12494440722569 5.36366587524807 4.26683382949512
2.13570375810876 6.52775522624878 5.85180295949223
4.01034901772179 5.46926866830657 3.35086229964719
1.14515001771005 0.0644965709413192 2.58681015399678
3.07031919339713 1.38391567469876 4.16224060037698
3.45159100458693 2.8292673515544 0.0764932506526244
3.37292737319186 1.14335531409291 4.07138831805934
5.03863903275612 2.10088488695432 -0.121865774280592
4.36200362424284 1.37598571696311 4.26724277138171
3.6954878557949 3.43315964590146 4.81882467142194
3.2972979506335 3.04315101833761 0.717631669755322
1.87763380915984 2.02696764973472 3.85239247305392
1.9133392090483 0.0920278423307028 1.04969404257892
4.12737555691575 5.68693365723785 5.58588690117135
2.99012592573357 4.73164157313784 5.65166325330558
1.57807667042922 5.30303034734363 0.685523495307666
2.36368919511237 7.29407194254569 0.53811316978884
3.20236724909327 2.36122877652724 1.24298222157924
4.24678853757206 5.48466797854612 5.64690973479321
4.93196110547287 1.48383024403884 2.73933696080218
4.79037522765224 2.54646634960806 3.63432145269813
2.60645929294451 2.63178370049104 2.57064894802553
3.74613874186598 4.72679562975034 0.471193316944865
3.52602881472372 2.10113232934994 1.79099991700714
2.95976238805972 2.60196089092203 1.45210488638197
1.98959997009376 1.07735726630421 2.63841388024018
3.42000893011436 4.1192660093309 5.1400707650714
2.76415025082378 0.263462288923246 2.43608906856051
3.53212088462761 6.54856634843175 6.04536115142943
3.70681114298859 6.44468385052297 6.76171952136498
0.96946589182552 4.1611275811376 3.69259938509938
2.20829239451383 1.35489988361983 4.04851801109072
1.05425164213071 7.16588678596828 1.81938886776165
2.94104080615778 3.43768103165355 1.03027793933483
3.47696775828111 1.19075205410037 2.98638655511906
3.58516408593858 1.68934313676595 3.55592780430488
2.43882505161417 4.61076980943392 1.17725784866037
3.70372496731865 1.14037243334455 3.54936250936859
2.56384045020503 0.923619340031022 2.14774758118172
3.64179954787864 3.80158012056375 5.70582382246631
3.92283285806134 7.08109193200481 0.365237156126171
0.544601497926331 4.43291108685133 2.93262647067347
2.19699881999744 7.42709321422622 3.49294249269023
3.50719360296142 1.01105729053771 3.98459903399602
1.87086213985346 1.67129500394788 3.34530206781364
1.31504364898058 6.71047581525566 -0.0582761891552803
2.77941918366685 4.15683715256225 1.58176120492155
2.55608407041268 4.5953980205777 2.3611716043338
2.56050349662807 1.11628413907347 2.7775013522505
1.65392980567593 5.59376602900707 0.229834063270796
2.56530542026181 1.90315894146823 4.98053305619695
2.13105477180564 6.66935256879094 5.44490907512858
0.300725917686009 4.85107783949269 2.77025365389006
4.31406676446705 6.284898038072 -0.255900799383909
3.98527990386799 0.300063706999493 2.98283615046425
4.49747987058977 5.94846656724455 1.71200043942357
1.97251496349584 6.196930774757 2.64763816824681
3.92038963539787 2.86630116582177 0.215206273088432
3.0688324225921 0.301411357997628 3.06704736237246
2.0670284096338 2.02935325053788 4.40930289028774
3.84043965544575 2.80518734272864 -0.215487942589105
3.45588202216914 0.174951302085978 2.35667460584189
3.74512766176144 3.04665891951486 2.07309850049794
2.38708480661476 6.96049338596042 2.68552810612706
1.79384950583147 2.54079620313437 3.63037033724332
3.55857757750926 6.68586691550919 6.28433015097935
4.06374284022291 3.98577730046297 3.63466363626657
1.41957346217799 3.00163251826288 4.14148747259761
2.31687957968208 6.59681599956986 5.82564781070703
1.3294297000702 2.06364454690335 2.28690474412443
3.926458973995 7.33541706787155 0.038665428971032
2.7380050594807 3.04675730220507 1.4750236752401
3.86106653858731 0.604451211309995 2.7600034741199
3.89129523829059 1.22623087972642 4.41308013412359
2.8895864893313 7.26066511869209 1.15418582073584
3.13677193057447 0.297420405946776 2.71075324122404
3.01994951763952 2.85703188175648 0.52861665452309
1.85863567662118 2.64173504449944 4.25956003689467
2.70699154412721 6.14521949427928 2.38999674282766
2.94765913435237 4.73807954546679 5.80103461340723
4.06054223076496 0.632244190745014 3.25562491234755
2.84711189118558 7.47574937208522 0.933389391995184
2.06846158431582 2.9590177489229 3.17496076821145
1.47192521796345 5.30009645352231 1.72382851308047
4.25443275802719 6.37292277622897 1.56652727688403
4.24594663950836 7.01627958353749 -0.270671768560254
2.25352047578971 7.44767459020975 1.69702442032071
3.80853121238583 6.70929762236545 5.45556165865942
4.77568599566984 3.79409885285872 0.340391748097649
4.11272675709604 6.71341659108342 -0.00449171683759816
2.82430066309341 6.20105114086468 1.08174562885057
3.83389354273965 1.96648393889899 1.49162078406049
1.72950331698462 4.28616636990307 1.46004633788889
2.94401137604988 3.32058946852776 1.16101271859447
2.96615660443982 0.985457024478161 3.38996644215785
2.1156219118117 6.50425506395166 6.00971040871323
1.01219256842915 2.57415696910475 2.60630556915879
3.3450574501002 5.72862740259242 0.227395334755852
1.40715508786187 6.12830139884825 -0.360288847344948
4.16965802882208 1.66201218726268 2.08710407357499
1.88185463914052 0.757198249321669 1.65676991848111
3.62055016737642 0.608184634959293 3.23436309882563
2.81335114516694 0.720997399160812 1.97237307405899
2.11358197767262 3.42671654315061 2.13638606612284
1.57961552854015 6.64467553017772 1.00897131263415
2.76386627035786 3.39362797524472 0.189877091838664
2.82639616850967 2.18290944285573 2.71312587413921
3.81225616515885 0.138445331754676 1.86373378557118
2.69465428914397 6.48072440176936 0.450193932680724
2.93403053497235 2.66855282961192 2.61592230877297
1.99891424734887 1.78558724650722 3.92269015492124
4.47288181539608 0.624131993704895 2.92246874357936
3.42424536890381 3.57412347850599 2.98679989226148
2.35341046306853 6.18948184620158 6.51474387616321
3.20143584609774 2.21262518221029 1.97921894542939
2.14384488817005 7.37622331153066 5.06063651139291
2.64052564350167 7.02488069144577 0.136170282636901
3.47629648989386 5.43812771099424 -0.521531124626335
2.1072094574416 3.65307547860604 1.39335898938508
3.34310041426348 0.0119832852397366 2.60031696816795
4.46859736314609 2.27175909358882 0.152643135696258
3.35389114366533 1.24238408822664 3.43313105176908
4.46181227909232 2.44111006885158 -0.0603398608577386
2.15494182549821 3.63415067354416 1.06942281731427
2.42139189786424 7.23482342895947 -0.309354639130574
2.64258158824553 4.82304738049625 4.74195955625853
1.31803149575681 2.95681650096351 2.41321370889729
4.66367394306409 4.44919404423077 0.515674904755585
4.9645752662715 6.60612244500354 5.52831423303191
2.74773606138404 4.4870591606767 2.82920046051764
0.522084582229157 0.0266135002655377 2.58278400779741
2.91296159748511 5.96102541268113 0.31534191442876
4.280920304557 5.35602444332514 5.98181624183357
3.12781175950174 0.665714407838046 2.28476003059967
4.3146302233713 1.6462634659853 2.11093935191521
3.4913619061008 5.18101240180496 -0.253293401751419
0.55773661402371 3.25438496381074 2.13414270153572
4.82258158290569 4.29543832871393 -0.457049701475215
1.72731490127374 2.80487215964167 4.35044882353186
2.43570384312879 7.18204718048263 0.263427608178766
3.84618640425858 1.51426617548644 3.96094127490192
4.2395067351574 0.503163316825103 2.33221553659203
1.68117317631662 2.87069426069837 4.42973040668042
3.27030482555507 0.229714801429625 2.07867537724878
3.1500414637365 7.30798695833299 6.07661865129915
1.35962916443583 2.43411475726532 3.09615772711806
3.24952973724925 6.21709823198496 -0.352524957166946
3.18433964085707 7.39728021348944 6.05811667751451
1.56436524868966 6.82006471682966 0.411100730454526
2.25964514236322 2.05176293379989 3.74666295972702
2.76085988728921 0.76129302087413 2.18131238800225
2.22501449510142 5.83579665693383 4.82422600496934
2.67080413064597 1.95814453201529 3.66349203578884
2.34923428853187 6.48472169944714 5.57184249298398
2.16651990978797 2.71540968078497 2.60396882974732
0.542095178400319 6.29411669881532 3.43489278743059
3.61249519606005 4.86152349530863 0.323726776499198
4.4917838467202 3.20774300465423 4.79842443545874
2.04575729653918 5.16579603547699 0.653051198285708
3.77182859556014 5.26870815195483 -0.274423607264919
1.44540492352406 0.520505819597902 2.4913685600289
3.66693121254394 4.36906628230501 4.33984491467642
3.6280911671029 3.32287908710543 3.67510647234213
3.26400364363921 3.25399313225932 0.872409802152935
1.8626173152806 1.64069800120916 3.00167717276253
3.77213882301139 3.36028982485966 5.59192490217126
3.26261339163983 0.824084744232467 2.53057025880319
3.71404409657878 1.38250068078098 4.21824375359009
3.08550421501395 1.37817188980956 3.39451850435031
2.7701362565313 6.37236297639879 -0.200532446352566
2.32420788514792 5.80380910225735 5.42322267922109
3.0545412378658 7.27840945957029 5.1917901416718
3.60999704922357 2.81463625586667 0.134361283429186
3.80715226874301 4.78801298560636 0.167988796641127
3.91792369778495 3.65322458036881 5.93482319881772
3.29677326078347 1.22359294498051 4.00000458651497
2.24641872012496 1.13513031414589 3.53822664879861
2.11109703725297 1.01716739816715 2.91832413425148
3.47066812796286 6.89894693438732 5.9617725841899
3.28580134241323 1.45320485085479 4.47438139865372
2.49371393816194 1.9673380623914 3.6942308604024
2.65935265332086 2.61369106161638 2.71554909906753
3.30356503639671 1.46609721617019 4.26631813749029
3.9354510413732 2.48393214656041 0.526188591109884
3.03916860907767 0.257444271774869 2.49970915298718
4.64406619591201 6.78948376152596 4.4362709352089
2.05255901776645 7.01039140219436 5.68539107366296
4.91734929497931 0.0692486145743842 2.65512133997803
4.13934547769418 4.71980391415028 0.704616953841019
4.69430195989875 5.61426354628986 1.80482709240488
4.03395864449835 3.61755191202227 6.17583874555729
2.79927656415441 1.78781214314238 4.56802470633324
2.4723007978023 3.31872743702626 0.08668737782012
2.99350405312769 1.15366737111826 4.03666913996324
5.37484547983336 6.02669595329065 6.056304966949
3.67376075360704 4.42213836442696 3.65426081861546
3.57604653166887 1.13101319949064 3.23272699456128
2.53548625114199 5.92519367917747 5.47234872855098
4.23319677126173 2.81374567831623 3.00350793110125
4.17190928208074 6.0456684028475 6.27441840200413
2.89826055009738 5.71254228975008 2.66378413643143
3.2149350524711 0.725448014952219 3.12245323909701
3.27992341372958 3.62722787300251 1.92876228163028
2.03850140421551 2.367156413905 3.31091005009417
2.86629912499902 0.907361334620916 3.51543163634567
1.39956005249799 7.20644654590687 0.902065732870216
4.03731204553729 0.732166372843881 3.24020815119081
4.80344213046527 5.23701368221616 6.54477768724842
3.6956502588354 6.05064408779669 5.02646388266244
1.44400080970925 5.38785667236939 0.897907323448058
3.58106981111294 3.73988727696604 5.51644348204975
3.78705844429272 3.75108752797834 5.65088586271438
3.6429602183683 3.52286074158862 5.60450889057011
1.75514949042955 5.23315229337176 -0.536491107004816
2.9792289545049 5.15547091041298 5.41237559449474
2.97638328399374 1.62210287622708 4.30726924280231
2.44490590555463 4.20505028672558 0.425753058478009
4.00860406506067 6.8664633418865 -0.109261913869147
3.48224372610073 5.00515608855663 1.50806947895768
3.59688723825776 4.34259365910748 5.12582920974136
1.58770597036622 1.38346177440696 3.25618590867858
3.3762969406828 4.07508329502808 5.38928735410152
0.606591779941167 7.39635792461898 3.26213791942961
2.59114341049359 6.92587531267241 0.568520380243302
2.29493674431106 4.25744278170393 0.681772616700876
2.05784725402219 0.905872618853986 2.54809394949434
1.2506914387229 6.42995060048666 -0.0344564746999598
2.55482417548727 0.511661575762774 2.57326533077505
2.61613223607087 5.5010827537639 6.02226916578101
3.84516626779415 3.12694459251095 3.22400096600058
2.03084427316381 3.46446408692768 2.24664928905577
3.69353146559864 0.820317311989263 2.69424753372309
2.63162185771197 6.88750473872101 -0.0159187523777738
3.51525310040482 5.3754855680612 0.300511988720435
1.01221932522898 1.0631856690423 2.30955921138565
2.5414615231503 1.89582046043133 3.1817144193222
1.60458634962086 2.34176197102155 3.47852787062182
1.7989766733972 4.26890034190604 1.34126946655563
1.33354459384067 1.95984084802586 3.29093280866919
2.79489286034033 5.18545457129266 5.04432196752837
3.65862515071905 2.09550611813703 1.85906203596816
1.42592545622998 4.99270372615948 1.52419499989981
3.1258468447533 4.28888546807861 5.47646339847491
2.44354387241672 5.07916384810233 4.53559740071273
3.08912699482125 6.44260841891494 -0.196380052993602
3.20541373932299 5.34411053126435 1.31332854717553
1.68844428117459 3.6298313082773 3.42077021669577
2.50894122185361 7.14843744903362 0.441602004809488
1.51238716528744 7.40991274358944 1.36253689187914
3.17839509700406 4.20055427213994 5.01898241618188
2.709315815945 0.681837757781817 2.40860819585187
4.35412503817903 4.8466085291068 1.4376415188485
6.01428348566041 7.00963688379571 5.61813635514217
2.68606389382759 6.20976833998831 2.47110060787278
2.90840741045699 5.25497122851737 5.52994881782638
5.19596466218471 4.22497081827882 3.69450688818586
3.15692675990842 0.956994627864352 4.85915722632949
2.36320098079033 2.25511732787486 4.13091030429226
4.42315728993873 3.39936040868031 5.34913756335006
1.76981061275471 3.16378693661103 4.12025929795839
2.67594545799796 0.377234714386186 2.90748361043161
2.99746619991525 5.88956018233036 0.828098569988447
1.88580557318444 5.09161877952903 0.244263639787041
1.76480209731205 1.22798798707553 3.49116989305349
2.06033394940399 4.2893428306709 0.43876227633908
1.28564770761664 0.561497603131802 2.1032548480685
0.968228779489012 5.98753750607231 3.73807493786208
4.11679906580852 4.60508709996255 0.533939824865305
2.48470725021733 1.41232644274974 4.4863481610252
2.84737480005652 4.99705926118084 5.6849898859977
2.75621989832745 5.87037238231983 3.85164934772747
1.57327442352867 0.963357140880407 1.95798739766976
3.0786746692626 3.18862045037629 0.503877163633845
2.94616653321894 6.54259423061016 0.339484777258905
2.67042115234408 2.65798818150683 2.45539865077948
4.29367496540508 5.45252885917562 5.44000806343884
4.93853568095992 0.208071701890279 3.41083827457128
3.32435752358181 6.99820679991187 6.16013633795598
0.724877761688683 5.90439762624817 4.69315483380275
2.52702870608817 4.02626654352426 0.830112536160083
3.81343258281205 0.945123955459446 3.54859055348538
2.80454447955143 3.57073635034589 0.495595676114386
4.19260784377553 0.319360761079739 2.16174528937425
3.45018187478156 7.17050104665797 5.56320354135275
1.27500204624195 5.41366424313512 2.80818482437777
3.28094850143411 3.02737429896353 0.513487618201569
2.88205373703355 0.610923104961379 2.95570548108121
1.87223815090626 2.81361082301923 4.14752724504639
4.50271636983675 3.75669342606671 2.04825290742756
2.38631200467393 0.514688150473121 2.71074519260404
2.13755038762626 4.6215520090696 0.525665743325668
2.5703195381669 5.27724958692453 4.20991105641563
4.54326610033027 3.69964599339575 1.09703886761948
3.58338151840392 5.63493947275617 0.046640752531802
3.74876318498578 6.66622318923031 5.58385070171995
3.39191091845515 6.50499128671168 4.44647599287756
1.87170213498558 7.3594854672713 5.76298960094539
2.49575312265821 1.26543484202404 3.66918912105866
3.42348956469322 4.79885686497492 2.96620663254027
1.77014704485249 5.85676063765402 0.533299291667392
2.42173305603256 4.99929736066669 3.21973645377576
2.13949400467329 5.38807392029849 2.23116424494246
2.21260446034884 1.2187311301311 3.27368314679715
3.86066493647139 6.5721841271324 6.11276630689319
2.8194144693748 0.00674006500120594 3.0758525549269
2.95808962244965 1.83477756101497 3.8448246867583
1.50370719016174 4.26775818277333 2.67406122636249
1.49765760093869 2.79519367157638 4.1313715112479
2.10220319579635 1.32816453693614 2.51760394409298
5.48804640809745 0.46225160888841 3.06651258214713
2.20833149620487 0.915127920673292 2.50199938695382
4.65436132232628 7.33749752225601 5.91049556648398
1.91964737485717 5.18760185181788 0.0416374040838229
4.0039619881504 5.62562172877549 4.53084817501401
1.35471219744312 6.36551023703719 0.0734238172147285
2.68826087096994 6.10628416414278 3.42927731567901
2.88653829278845 0.539604722331465 2.18279974640737
4.12464002624449 3.73250672923899 5.70297014259456
1.35083538402417 2.5226986196432 4.11648958889386
4.41813558150412 7.13362739007555 4.00478575680319
3.29994311708881 3.49313012469824 1.63158734899685
3.74856584805719 4.24848317203776 4.92911354159629
2.76179608794698 7.47345511741114 -0.0317740114386757
3.23376452591295 4.46528748678238 5.97412566475481
3.17269484889237 3.27922314206781 -0.0257134474537347
4.36758817819012 4.98529710579618 2.57954545506395
2.45910324681121 0.505678180915536 2.55142053307438
3.01222228053925 6.11121413776618 0.284419201297004
3.41875546339506 1.31139844460299 3.97510415853423
4.38041475278394 3.33086435716772 4.64631913907312
3.40847221780244 4.91846228011689 2.63149622706433
3.49828077272445 3.55011554829838 3.40792916970079
2.95830852389569 0.371870697858611 2.54509173873627
4.9712039668638 1.62441480065116 0.42517741917783
2.12999666646959 5.30552870325915 1.21056090725761
2.94618775888261 4.74066470680179 5.36417548270309
1.66258755702765 2.44350124304927 3.78226562279173
2.13407139753459 4.58792299293006 -0.116196009143655
2.58425136310098 3.63172656753637 0.841536355539397
3.4577873416704 6.94347370732824 5.66248609041412
2.98893692607817 5.66510556039741 1.36707727166646
2.68968479576726 4.76908624953102 4.02177727576419
2.05589590255683 5.06981634255666 -0.370613161496446
4.33040813265305 6.14586335353752 1.64044519582614
3.68279627470522 2.38406661232128 1.14908554128767
3.38174896653751 0.540161822556315 2.40526542091239
3.43013234080829 5.41329612853928 -0.18461190416864
2.44092264718827 3.56336685091965 -0.0167736636377137
2.82596430504187 5.74562424053145 3.8516755858046
2.52589889833052 1.06213329128612 2.46591454486065
2.71296185948293 1.98525511269159 3.81782808811562
1.34553423134295 6.26743163457624 1.08048229855863
2.11206737771239 4.70257385916354 0.4158944627501
2.46350828853738 2.36102357170448 3.86880963698393
2.85428544740278 0.644949622101737 2.97145066663146
0.692067245728365 4.09446674885575 3.63098563977651
1.97336270272156 5.37070671910658 0.645258134931905
2.86622211066447 5.37185533620032 4.78499559835225
3.08444188374198 6.21301007559653 -0.267968143377212
1.81947529897214 6.14840442286124 0.374967623820726
2.29394751479785 5.19968199224828 3.0624864870533
3.5421127005909 4.04599712895623 5.16088325444053
5.48256127519222 6.70167569012941 -0.501678533128326
2.19599439479157 2.31896823378852 4.24481796764396
3.11077734340592 6.88300335084334 1.82537735251356
3.95663529362992 7.4219285273471 -0.198439515800679
2.88885147554457 7.12074729794389 -0.256010113636617
3.23179682888124 7.00131924205045 5.48206368681386
1.99871417306699 0.809639899567089 1.90379408872228
3.5432823790901 6.20039926027337 3.49526746674127
3.37925652812389 1.90630090221632 2.89924283855186
0.769223619262686 2.83466298410073 2.1624248050345
2.23945309092954 6.80593247695138 6.04595542519898
4.14719079745905 4.94404147099891 0.0894534307359809
1.72480860271057 6.09792121296868 0.580758825718714
3.47344351546211 3.7468265559572 4.659219735552
2.23947004854493 7.28673605668905 3.3555236748794
3.77905234051946 1.29918839008078 4.35671770117139
3.85098862068764 0.201007134762139 2.17415691809026
2.97388172028052 2.37340780506476 2.28455655714509
3.1367111570145 4.39140589088191 5.37225454785355
3.26653101300713 7.3931280029963 6.22452885726427
4.57745128466834 3.31882510915575 5.90621800634362
3.2956846385637 3.59097576895719 1.67273738532218
2.88839789234464 6.92451356056849 0.70258752202786
2.67993345825149 0.717447495195649 1.53399400516514
3.54193260397038 4.47577617648226 4.65197761234212
2.81756584346806 1.30591757479542 3.71117359140891
3.52773057998765 2.94950752275576 0.34331968508136
2.86912984213279 0.988226527262237 3.4408892806035
1.59941432985129 2.2412787830232 3.57016646248322
0.656976478637723 6.33239573045643 3.86638077986676
3.99073062601646 6.94505574767913 0.532388916150021
1.32795912003379 0.309255073236059 2.60148400966401
2.74613729048472 5.50236690453505 5.74323311327988
1.90091021594832 6.59485315790059 4.84624285522778
2.241291687949 6.569023609257 5.23425631079139
3.45026284309064 5.89102752120296 0.54896536904685
3.13006755300091 6.77748463095225 0.516199809230731
3.77331599323995 5.02072099173144 1.00833197224388
2.31854177678904 1.18982407938188 2.80236931833352
3.58825112025065 0.33823721098356 2.02175772097552
3.60752121167357 1.52999747210653 3.50415659749477
3.2723437825672 1.04274233345689 3.3807108493573
2.02500234807614 6.68483854560786 4.24666351150811
3.61674933845855 5.21137661756274 0.2590921708345
3.18945878815841 4.62132415840907 5.95654130580278
3.94438180887879 2.83389812620577 1.00616872556378
1.86416966382996 5.30439556612585 1.00657051837595
1.27811481518168 4.7075096212141 3.34599083455947
4.08812373670864 1.24207383513698 4.1872228567545
2.86774803749956 3.20416095273088 0.430934397548725
1.69380099110809 5.0702511033235 1.26638644943949
2.65146797455758 4.73694002631985 4.4878572582785
3.68443835090484 0.148544070138905 2.38660725207902
1.48019418473021 2.12456809671403 3.73697345297855
2.75935762448195 6.15816544971158 1.07754812975046
2.9094946561388 2.38966796973201 2.31754433379906
3.72605588452127 1.70032750491856 3.33930880620661
2.51035053091973 1.55953235465746 4.51917718838696
3.24520608198954 4.79530207319583 5.63491483534231
1.87900599213969 6.69823924295133 4.42366858019764
2.78628914955768 0.684960024643881 1.95450236479784
3.18651631021991 3.5618697901602 1.19274548084527
2.70527365206951 2.3576664295407 2.80954688199498
1.74836509660559 1.23381935475483 2.37231209514074
2.70900909798516 0.449399685951126 2.52381368495614
3.03568200173112 0.166551812463332 1.76467608644009
4.20869578783941 4.40156439806309 0.26943184618194
3.73041435269023 3.9119137476945 5.08960195040619
2.65168003616327 0.841328546027248 3.39379012757997
3.14799411025001 6.31902845910252 -0.0375154911206113
3.35461185181762 6.21010517661473 0.416385427501169
3.97514025539913 7.01660225201613 -0.247488230138623
3.40458085893423 2.55206439573028 0.426171179840641
2.16752816309589 5.41666939271231 1.66241627342542
4.96785047225712 6.58251070972352 6.11792667645008
3.24789156667146 2.45606309706523 1.73245158800026
2.03368449107888 1.44480274416121 2.9661139850672
0.992443931612273 5.31251580776141 3.93886804069926
3.44207937287562 1.76563987751294 3.2029617626665
4.10871677715116 6.57924255975357 0.181573692338981
3.91270217124805 4.44607341982533 0.231057645791191
2.66242047319745 5.22448883183356 5.08755234108188
4.12516305753042 6.09881097811728 6.21082254938381
2.87511707952174 0.154300492322235 1.23173111745553
1.7875513897251 4.49041721234435 0.166920881320251
3.38009267403306 5.73443632462553 -0.403933840352863
5.01508242734138 7.0176824758829 6.27198928581626
3.94685549499674 7.34828866207138 0.715537429411818
3.73563113187201 0.0346615775051795 2.29305148198755
3.84802070489564 5.42966351631761 0.518295976958162
3.52657869511505 1.91863106732838 2.61208388862589
3.62228843422933 7.02886141494547 4.82244041157574
3.7495738613453 3.21033615317822 2.59261123044078
5.69674323740759 5.85137407142375 5.2711683726611
1.96626673703841 5.03533356623369 1.10840752822308
2.63338356386862 1.92314860996751 4.008567012635
5.21546108700005 1.92421635155129 0.704108521204792
1.90379616701969 6.70387314442557 4.27188083478908
1.94953364962259 4.99198533036463 0.740643458412902
2.45966568521704 5.68853489608715 5.80570451369972
3.66370418621909 4.01145898836134 4.92438695090757
3.25923429336901 0.588717250003412 2.80397917039558
2.72935962586718 6.0038889841637 3.9292973991463
1.80747258307464 3.9704407993718 1.76163941940637
3.47254993058678 5.75194229401376 0.20052755069012
5.18308813361291 6.36663970487038 7.13919723990078
3.13005892744986 2.45191853922975 0.819092252415173
2.56707732705672 4.48274896247653 2.06120169179303
2.07975969104043 1.18659720375734 2.695559104203
4.03166179280473 0.995899507276112 3.27280367991927
3.58679382723707 6.61065669401766 5.38978822043244
2.96493589441972 4.09091710995371 3.85590018273213
4.05215878796134 6.48812115549044 3.26816331105111
4.06027905991032 1.2991968832424 4.41509500898707
1.923483007761 1.6420937203256 2.30194847465326
2.68345898795923 1.8617218510146 4.15465132700664
4.22723031468015 3.81699447185516 5.10662495075678
2.30175886485928 7.19604736933998 2.69352795071469
2.66838668370892 3.58562000483074 0.830084078283062
3.30883201288959 1.14445219390657 3.17554409042309
3.39491072132262 1.36597743683927 3.76098968963788
2.9552385626264 5.9150801106033 -0.225780927058608
2.97501375718538 3.27567963688364 0.132287810903067
3.0376353799073 2.45860862238305 2.61760857616917
2.10554846537376 3.07038394954021 3.4230886749487
2.30769365813747 0.821168142442819 2.14076892662435
2.0150897107561 6.40768812053892 4.15164809225827
2.12189443766472 1.78602757258401 3.3922209184513
4.61678367724816 6.9563662218343 5.60345003987816
3.783296547087 2.45256434366047 0.326874667689679
1.43080333893718 1.35534356133752 2.52620394535691
3.33703713900709 2.27009638128761 1.34469392073095
2.29886262304758 2.44805253214289 4.14301754343707
1.54539952910563 2.64025182830074 3.92957402376362
4.02223414505985 4.60023990666537 0.437078229401954
1.87268516141935 1.30739403605477 2.68293461659473
3.00763751011419 0.478232642696464 2.34368739837265
3.18844926750975 4.50874482626757 5.03255309328063
4.63585603461405 6.83152601796067 4.58088789764744
2.33780093647053 7.2810879686902 1.16733612499889
3.84881120731773 5.65376204196924 2.95715307997133
2.83275949158314 3.23679006104152 -0.039964891969284
3.11030804088518 0.468425004588775 1.95314778421821
3.07293547467434 0.108443379197391 2.41627862465164
1.78427625000585 5.38755008939773 0.123890187819864
3.58360357967156 2.91585291930609 0.94180864968888
3.72129955593992 5.36029328066338 0.116981364927427
2.16069714152301 0.154924799416122 2.20531836521171
3.9409210855587 6.57012802658016 5.1325142529417
4.25723971521056 1.25061007577273 3.42701145225601
3.16453001917061 2.01175619517708 2.94670973073593
4.04013091224684 2.77204381585927 0.979912163975015
2.35259642884322 3.67438776401863 0.390368118571024
2.55014779914457 5.24024250805454 4.40057283593571
4.70405937776291 4.32241191082438 -0.520542312310831
2.58815690169201 6.50725150823589 2.06138342361908
3.6504984367789 6.73878827330079 5.58818706877595
3.22969909070161 2.73108924613988 1.12417177253428
2.49852860667227 0.390740159731626 2.24710759606693
4.05576997328742 6.87503312769842 -0.728334661320847
4.1725816808325 2.12012989452507 0.64729637906454
4.94365377743864 7.08050436675066 6.04796585597124
5.18856546651688 2.00828579492055 0.657210809639701
4.47067250879429 5.32966424650661 5.86343967417202
2.78188171124057 5.26833354128301 5.89930457769259
3.76238294047213 6.17551587423608 6.3136343660412
2.66117644549582 5.65742193406651 5.20966805833508
2.32882583581365 3.21067794062863 1.41023011458468
3.93240127838189 1.48988058721134 2.46365710787569
5.06704108975229 1.76442836276628 -0.326585515122623
3.87200421340163 2.85864689318361 0.831862923108318
1.52881828234623 3.69394054897177 3.94378817481225
1.9193455687304 0.54037161161774 2.6044714366978
2.30920417303821 7.15485064423923 3.55013670333518
3.60638112788855 7.21640171010016 4.75532065612477
2.12717439041648 3.80118890972877 0.994627530975767
3.9383272788659 0.146852624513928 2.67210413274326
3.01103700915963 5.45883755703813 3.43609567562828
0.187300856449014 0.149098384618886 3.14799664881585
3.54776307360423 6.22650674753102 4.40326820958006
0.860053022798004 0.651293143465226 2.5059491673616
3.70056520442687 6.01680882800924 4.48655135152434
3.4775216304853 3.40700127676968 2.87795925503542
4.13808074695791 4.99470260404353 0.600369319817035
2.50309047557599 6.88821809107203 1.71620763350553
4.47288541056559 6.06690624364251 0.397566261201476
1.77294345050312 0.229710765196224 2.68351781566279
2.66722207506821 1.53711715211594 4.29645042887598
1.6841225644769 6.9538221709548 1.60805062437356
2.78043629886658 7.2594685730962 0.138200952713843
4.00929469650633 3.58707332252011 6.35414303176084
3.46051193038548 2.61370840747283 -0.345079802788385
4.12746951851029 4.69743194386967 -0.0630706478726035
3.53657242651102 6.96510610165926 6.38135106823766
3.94200508869082 6.16716994431051 6.31711277126019
3.07833317922621 0.105649915416898 2.65018129120781
3.399295849804 6.40371671932348 3.22955927656137
3.68549010217068 6.999564412969 5.24850281883664
1.78082794244341 5.40605673028926 1.55145315546627
2.1360195244074 5.16080147031954 0.432597418332442
3.68219726950511 1.7352723211529 2.34495187779028
1.0968241289282 2.03439120876235 2.56034099687707
4.30173923061573 5.99630524523271 5.35991033703398
4.73960073374525 1.15880426209074 4.11876299093049
1.6577018669563 4.80527011133274 0.415585852646685
3.4965836210161 0.299727512243785 2.29190260508754
3.99649592991554 7.31970257280895 -0.0584884327937079
0.684753185399872 3.73557045467445 3.11285916321083
1.79176800974306 2.61201807207729 4.42244482178744
1.53378664637633 7.31301370510793 1.30351660937453
2.27107329656341 5.14786043166278 2.35210666083505
2.90445442388103 6.36524626812834 0.535130390871094
1.88973478547 1.27998246862962 2.80783514541456
1.96046851939581 0.597521700356065 1.97594160779374
3.21928735866024 2.84245569473998 0.617862560049069
2.65340171773269 3.87578302064493 0.776002800332672
1.94363947697353 5.04479020181385 0.470448397293305
1.88205813895211 2.76675898350832 3.52363536407283
3.40101767207843 3.55866426679495 2.50352787986276
3.89573631080302 2.81379458893971 0.824071529730297
3.15965455789423 2.26860796934059 1.65305907958984
4.07655487555819 4.08248095057625 1.99840751957244
2.72980113049869 6.77935696032907 -0.0907663736425581
3.60470850269692 4.61959651432299 2.99121825948198
2.45469269523671 4.75344116246799 2.41008221916113
3.46663977478267 6.35001902705639 5.93642820242992
3.28021366184293 4.96978778637742 3.37258817960374
2.72564593930328 1.16446520753881 3.57520601293191
4.52985587939465 4.88028558607486 5.05323663862627
2.12764480180135 2.13394028887642 4.24869089433721
3.65943839506423 1.35493461325574 4.3090781276834
1.98511681742043 7.07200294530914 5.43292474099033
0.208405085319877 0.767660164353026 2.09055541193874
2.89292561335819 6.8060558498643 -0.228370957730074
4.2784737025759 7.01120142064058 -0.822625538734789
4.09410676083294 0.993103307074342 3.82386091909147
3.07567293250406 1.88974209500868 4.63365688094928
3.14584995508349 1.32445235450856 4.12904548952472
2.99651614646003 4.69620668403066 5.714143147147
2.95372698123388 0.67585823842224 1.63120877706902
0.552126295896234 0.0464474744873566 2.50403084455293
3.39935862334393 4.46494032152715 5.34254141989211
3.91987877135986 5.92928204345565 5.94262252860814
2.3479020382908 3.50997776325773 1.10940660999107
3.9396154283145 1.6936368739045 2.58159101586461
2.98604087115526 0.620806903996066 3.22098840729154
3.03076422042392 3.50158909027156 0.641457846355591
3.14342159394023 6.14594967329108 -0.37438107529298
1.8968529506632 0.620773466381968 2.10409303646928
2.45695775732109 4.30940952991218 0.977824261473478
3.90813021806407 6.20451563336797 6.10168306408102
1.06045271428501 7.13862238838406 1.54024203667391
3.98122165085445 3.43025667939963 4.77742882432383
2.93644434920753 2.12621207465761 3.452604303874
2.52700108647871 2.1019593590071 4.25819661592616
3.46863196300197 3.98330350193909 5.45303325061654
3.06042341322787 1.55796179636222 3.60349972596796
3.55336493001554 5.76362789860657 0.514131797501078
3.54083930305947 7.2440814282961 6.33331201931933
4.38390297067909 3.97508933318317 1.03263653019977
2.538550047341 6.45945668834646 2.80323925071191
3.26548356310921 6.07102271510331 -0.617761695972684
3.85460019981831 2.60342465162115 0.934042078473137
3.28023029558656 6.39812505102193 0.425660618532275
2.15985740857975 6.61887303957258 5.27286078071596
1.67304629310349 4.53977455844729 1.25562000268726
2.16003811578814 3.23014801714685 1.85968132781168
4.02632311645676 3.73725107730411 5.96697833656715
1.30277348487091 7.31946816559382 0.968368416213808
2.62733140986624 0.680514653794135 2.29195289729067
2.07246492534262 0.735055654246556 1.72986156371571
3.76113637319593 6.30915734500078 5.46040772684437
1.35902639551398 7.46162929499542 0.374626599022846
3.50673943063873 6.4910157254375 6.04672669259926
1.80324501587235 5.78192896438771 0.213886578321106
2.87191743387014 6.73367184035392 0.0526664418281757
1.82657807601894 5.90705376489097 -0.229982487903742
4.54894450128132 2.87075543944579 5.0515561901113
3.4184169677293 0.0909413418458449 1.99803226890734
3.2787567068856 5.80889949399564 -0.121773489875376
5.36889556248252 1.99954624014176 0.269140512819705
3.3475796393406 2.4153350004452 0.177221581965824
3.32383737337911 1.21746076431959 3.24891913608889
3.48297969666904 2.50403592097994 -0.87619927295527
3.58536802204111 3.98710307025593 5.95476082661323
2.9288970526307 4.43049662345088 4.18454216286463
2.34624895447524 5.2940960386022 5.04720831727493
2.25929825339994 5.93462102781632 5.36245163014728
4.6419391916457 0.0674080177419647 2.74996488943892
1.20473393048371 5.78276483462771 2.63607770690541
1.38574800856726 3.34222462915563 3.3318505696568
4.9090741655405 6.54860097302636 5.1101060454323
1.87197186939307 6.0517146694976 1.75298478111722
1.31001554833661 5.23596255278526 2.32748500659129
2.86121425036108 6.40239372652451 0.57870667179324
3.06813705700124 0.701785121857157 2.565402266363
1.98778571113937 1.01308641832364 2.85401073594171
1.9079210378139 1.00928637819685 2.2050081336243
1.33975850340898 4.66315377787681 2.75902275439061
3.6500627128516 4.11321057884751 5.78070671375543
2.60748862816165 6.07873732392905 4.01355723075176
3.26269969442102 6.42467506628866 1.1378375111503
3.74766706031434 1.52689365745225 2.66332104207198
2.03836494241815 5.76107205445779 1.5812956228875
3.20990445881411 3.27509297543673 0.758878917734843
3.07062200605266 0.255290451309981 3.06754179399004
3.8356981436967 0.753772677634286 2.08440568814843
3.30213836310842 0.390353445453044 3.31720259793631
4.88340865018185 5.70822241766259 -0.519370558607436
2.53566703890045 5.23250448233239 4.88226386810565
3.46184380215978 1.44596650310375 3.89235191472218
3.80073790822363 5.11888697520529 0.344560943535019
2.98501292813546 2.40025412806851 2.04214354290799
4.70305611602841 6.92458494826745 5.43997876289918
0.56029311148853 5.7481528668206 3.63923167175109
2.51779719939431 6.55754062256498 3.39039757561793
1.80377546798864 6.06158145765956 -0.305876371269411
3.19302505202424 6.09344514111741 0.474351200663361
3.05120403538815 3.29097010712992 0.083663651662529
1.61464579381077 3.18279781600311 4.26030598724035
3.23920942189102 7.00023088362644 5.60750921984145
3.48611028548875 1.57916721363132 3.59375385525143
0.791792101151084 3.40082469090345 3.0457539079597
4.88457558996998 5.93305678243447 -0.32682163338939
3.21202170205931 3.47833241581067 1.73878064280581
4.44730661514872 6.45116916039809 0.67428085209644
1.63362697905342 3.43817744495253 4.75703338169104
4.16461919976862 2.53761305139204 0.816209152269182
1.5011663589022 1.46929721892994 2.70756154935719
2.61894851913454 1.48725719739105 2.88290177894136
4.01575279326705 6.9487619800585 0.146964894315007
2.7203353803195 2.71587109020212 0.705602070952679
1.82108436872851 0.561415633322353 2.10269744065484
3.65144235029129 3.88882609727149 5.1696423220748
2.87928268608391 4.64142565527472 5.15657962539569
4.47560573384017 4.44094613905012 0.224996004817114
3.09498853962525 5.40599980100812 1.91585997788983
2.69489430932971 4.11819384727 1.61468388742411
2.76642205353324 6.86486342453492 0.0633960699217579
2.73575177735521 0.912868352461683 2.5375768568337
2.78720351634713 2.99895594612051 0.996831103085544
2.13483710006611 2.70231000143485 3.08204223284097
3.20859518493286 6.87027240098853 4.30075347540259
4.22275720072795 3.63325473171215 5.20611343583608
4.29939856267945 4.70689568638443 0.0556762801401195
3.18157426050659 3.21500327637694 1.42525242324844
3.83843697586662 2.55206946014595 0.411714749023628
1.93432475673152 4.55248459952303 -0.790533571121641
3.05047547751081 1.15045073599706 3.66302909147581
3.67587129905547 2.07722368100867 2.21481557339417
4.30332549327686 3.47854395387492 5.66944689380455
2.00153773350968 6.53720874418485 5.13303311556365
3.18404771098566 0.831924677952924 3.32688875854731
2.98161095287298 5.92575572623989 -0.126048222653614
5.18609651786403 2.13146744554918 1.14804107353552
1.44748135542447 4.97030861011598 1.60926556154649
1.89590170110147 2.89757772372338 3.26388777313271
2.73525507681383 5.45621426742408 6.3009226722847
3.68879671921392 3.54446304548154 4.90226908903478
3.44559708551206 6.33172293391966 2.90174473563079
3.10777631896606 4.27119258405484 5.59534195618528
3.48099113125335 0.806684270865439 3.15264267273797
1.18406074792477 0.303803134808318 2.45527653293041
4.46054397918972 7.18954442134537 6.61027677687716
2.5644612437985 1.75465613324923 3.20430351753772
4.34096982820581 1.13125035675393 4.47793462966335
3.34589191116339 7.15080707627722 5.46719712834284
3.54970234504552 1.68785102000277 2.61368499139523
2.1271818579905 7.045440665573 6.27543509616635
2.96437182190447 5.57270433925751 3.49280479830578
2.08080596065467 5.26362443041766 1.91640904357348
2.70150711305472 2.96229894271464 1.1547048356959
4.14867014465715 4.70970073064117 0.128364904136259
4.99497628226829 1.55433050327976 1.40095306577829
3.02463120355893 1.96472403410835 2.54644404891356
4.66325938595127 1.33973017456315 2.90411356982817
4.30730232324381 3.92064268855732 2.13982473678932
2.27533576375865 0.0983707135770757 1.78014823804009
2.46443258555703 1.78156376836386 3.99268397971252
3.604564881369 5.07976669117787 0.21227799177302
1.56886658862946 5.92731581690415 0.977278920107727
3.24485774708747 1.48913204212256 3.45645131206831
2.76283852385375 5.81818589304923 4.23221743509152
3.0299393230003 1.87233809987871 3.32567750842396
3.66922520332651 1.342720474564 4.13022500747537
3.02876341253266 4.62154292257634 6.00342630513687
1.74177006640749 4.26083614158443 2.58700733362896
3.52823691698683 4.53580483632311 4.40030269040565
2.59399625747675 1.38273838345607 2.77638132245548
3.15618628292676 0.332398013119063 2.03576446941235
2.69093784066902 5.79353020626824 5.38358725287183
3.78538049315736 6.2107745448677 5.61523651929614
3.12361008512245 4.84482940481004 5.21519766156808
2.14205708037141 7.39686742667098 4.83638273330813
1.98690725114936 2.6487301385017 3.55897314535965
2.59839681633097 1.11001310963498 2.54591900568056
2.40880302364485 5.06335118013453 2.95907453136073
3.63298190907963 6.28543086158284 5.93924021240723
2.96374436839764 2.9563801302744 -0.096313455377783
3.43320504922782 1.62602012985504 4.62765124134517
4.02246558646433 3.62201739080695 5.25782899188941
3.78197925728353 4.20909765050268 5.04299916082879
3.02202463235317 2.752531578748 0.446364473888565
2.33291950535121 4.34815448411086 -0.112221918015067
3.47220185455498 3.48863588171508 3.40973612552715
3.95624295109588 6.01656825650212 6.47032866673669
0.783637984880457 4.37003643144795 3.06525878950171
4.47606688122109 6.27981062641059 0.514972296724987
2.36414015355232 7.2222860951777 0.332912327188088
1.75409762588641 0.755323084075946 2.98705634358444
4.13064605248651 0.942200345762532 2.90153990961691
3.5617112825057 6.02909505563834 1.59148606638248
1.76523070542814 0.447363104107882 1.8837613726099
3.78757019609495 0.868502865720584 3.42750036619897
4.96377776942988 0.301886682508991 2.80467122194733
2.9980882689291 2.7527085975519 0.445323538964525
1.51806013651587 5.76679009129454 0.843017298927577
3.29919228867106 4.69668510795683 4.77889722793493
2.3838972912543 0.383774668387178 1.4108310573956
2.68779519214234 3.37023732497123 1.67922177082651
1.98054396560554 5.40650703020301 1.32561479118373
4.99290069841564 6.279748699638 2.18175379340428
2.80748975659607 7.16377935616449 -0.300595712284778
1.95489832040351 2.12585425128934 4.0472300900087
1.92318275920539 2.12461475808818 3.15651237132012
3.14863233161084 7.21928692795821 5.57649398984489
2.46500746641644 5.67356450093852 4.48667977351913
1.61783368572955 1.24152781106488 1.94358997828161
2.17189409618118 3.91806457720526 0.258044935745866
3.80108053321124 4.99638685863428 0.520781778025028
3.96481018990254 7.38622847277583 0.26819471464361
3.49357443679858 0.645089115556617 2.35439799400091
5.32425411899582 4.74252046868293 6.93974474338073
4.66870320019999 3.75867747903032 0.246256366658402
0.173496351739214 6.88180840489159 2.4399314947507
3.28992401054624 2.70074224927379 1.01838126299487
3.58472694675017 4.87118509193285 0.619431359999413
1.78904985319221 5.76791091766269 0.352118627010968
1.73600548675968 5.91319801716428 0.681048740086665
3.18933132890883 5.57805347464892 0.220703143299833
2.53796795380963 4.3592667594238 0.387763918431103
3.3570399562478 1.81789223955102 4.41725435862834
2.53546725148789 6.23715896562471 6.10834636916282
3.3087315177759 1.25220955639594 3.81896741017316
3.39840683091442 0.527965048623765 2.75038635846429
3.314394727508 4.12380828999737 5.49396402853619
1.72750411332282 4.54072734586676 1.02705974807403
3.15582429280573 4.78668015598973 6.6902388826296
4.40449320495419 2.75570437920378 2.06740780732018
3.20098985745929 5.1477356705047 3.31183073387573
1.26163266108904 5.74917363853068 1.90570450624788
4.56837600344184 5.92404772107206 0.0607328139365216
3.74615818521008 6.04131762348612 5.50041848030214
4.44503089811379 2.62082546135707 1.11358683621236
2.56181559784768 6.60686442791518 1.93193208994272
3.17388431619916 1.92833517538606 2.81501802541957
2.31085778770526 3.65751478895825 0.292055460675248
2.84233671793093 2.54622288992315 1.41227797726883
2.11556329080946 0.371464821070676 2.30773844008648
0.932379895304356 3.42881305199204 3.92904201650365
2.1975646293791 3.79265968131955 0.553532874803184
3.13586863806593 3.80531240061009 1.82739815059393
4.43951291595625 2.44027580436966 0.591995576855465
4.47581753301735 1.7308687315526 1.7071035936467
2.22514226750014 4.57845408448719 0.505472951698183
3.14194326225661 1.4589464102195 4.46978208209548
3.42142957443441 2.95152125654576 0.0110785551126708
3.61985042383602 5.94472491345698 1.65889302961042
2.40053315993974 0.250834772685668 1.99194934427859
2.3343691566605 3.66719625564019 0.802744187137786
1.13223279795622 4.85035034619788 3.13713046976606
2.41690689417264 3.03809289442808 1.40710517187759
3.30081972089971 3.21891742560435 0.348000024664981
1.59461381345981 4.9470699685737 0.433552251347326
1.01865957990069 3.9258967360193 2.98812582829556
2.91959006090257 4.67831119228515 4.77108005418952
4.18118993084005 4.15908836034453 1.33682509520433
6.26758730055659 3.48105656122526 3.2064047351283
4.03101584163887 5.56386946646223 4.87496731578616
1.51443926065188 1.00686365835727 3.1141103997795
2.32912452737448 5.3350127849587 3.47697416666635
3.55635530568111 3.5265974442798 4.9271853431492
3.2883544456827 3.30117302779312 0.968545454468481
2.59507479606407 5.66866892696357 6.247249334339
2.09379861541625 7.43656715910814 5.44001202902254
3.78702429902479 5.44310590971113 0.0392350086008612
3.83084113651984 2.97637293584024 1.82129445098068
3.81796262602111 2.17774976381535 0.145254599112737
4.64601352645698 1.46503857637343 2.90568775763994
2.86010650470371 3.19722422891421 0.871403685317497
0.540744899152846 0.337089203605546 2.81668118923272
4.45831458046192 1.35136126630624 3.07826726720104
2.76095390469412 3.9015333554167 -0.0548413272567752
3.64123603891376 3.82760437318747 5.57661902565497
3.13747436860329 1.48785660032732 4.06617555400847
5.34657541893086 6.57960931558321 5.08723298598798
3.03184570038725 0.891316254359986 2.61129672069473
0.48236038924756 1.2982301253249 1.99805787159217
2.88030667421076 5.87366659901663 1.51504585549528
1.42873598975791 5.9786387755847 1.00254586229435
3.17064690598618 0.328221984060646 2.4392013452835
3.57957256584631 4.2720123130322 5.43740255685124
3.42657155620789 6.26389503543722 1.58229031750918
3.46306934009759 1.37000665120795 4.69307096847467
4.23316539516777 7.15115138191109 0.0979504723536833
2.77344830004456 1.68180659127677 4.42850309286289
1.08764909324359 1.87986395915099 2.0988571373793
4.5589812017073 7.22821619998232 5.78658541882025
2.77917368688822 4.43889534208511 3.1858366398099
1.13591094633821 3.77787182856613 4.1469026887135
2.09064478800651 4.07142267027798 0.360887546009063
1.4058109764832 7.12117091184706 0.921108010958953
2.60939751828873 6.40705417372916 2.96662248154257
2.56497863299503 2.82355862145197 2.45280318244004
2.70251583012318 5.16802947966874 5.06400439890625
3.82645851916864 5.69947927435571 2.53035180591301
2.31661477944301 4.96023291665769 1.3019198979463
1.59038420175328 2.34669876931826 3.38349018182081
2.45307243698397 0.319922589832828 1.00407593718653
3.28110890345052 6.43692093819197 2.26098104667021
2.90622108610887 5.18341088345207 5.17334437493768
3.3609463805062 1.92812845901615 3.20577781217689
3.61003843517897 6.77596474580772 6.04415607627891
2.60897596529662 5.96204727134475 5.06186575745036
2.16709964579427 3.90880750969377 0.488620434606558
3.98312825182293 4.18078431993399 2.57030292242602
3.35794362908826 3.54073110527593 2.09604102114062
3.80095483642475 5.99026445324482 5.78470076168106
2.63377623216043 6.10743290032498 4.78915382970651
2.87490996871098 4.83490556923691 5.67971839322049
4.19211715617031 3.59402311707141 6.04937449597873
1.3574815294652 0.639699702191569 2.52702319553413
4.48598289590183 3.23360843591892 6.4134898163725
1.504280748952 7.40862820630686 1.07159598525869
2.07345841975602 4.80682862208356 0.894455675493171
4.2162725239034 0.891056694145694 4.74343677075419
2.89498339696439 1.91749097405592 3.77544275194063
2.99208298829663 0.910936196036202 3.52677720869941
3.32664083073117 1.32195073605681 3.43244013650455
2.90913200092684 0.467564149828627 2.17000916069468
2.2625466281542 2.2043975132775 3.69952317006441
3.55390052041148 1.45438155072414 3.83498303344123
2.82788027656739 3.8278087927577 0.354489657154154
2.23883478898959 4.64445314294462 0.190628453580344
2.75301492320476 2.65080511952998 1.72084495872517
3.44695189928633 0.402940993974251 2.31469723790325
3.14827975244098 7.10891433595041 5.5399880754941
4.08447238058866 4.43599012975633 0.813377935116231
1.91017408043243 5.39041320924268 1.30135394768626
3.48399389532624 7.21112000520749 5.64484524177503
3.47986199684813 3.22991943350333 2.3297008239354
3.46611952063017 6.13868468390659 1.40471944146177
1.71883263530644 0.932701839299482 2.66947435948552
2.42512921391673 4.95810405101032 3.42438338444175
1.40091344773643 2.83746600915985 3.44560215498623
4.01089406385409 4.24199719180984 1.19454084251421
2.59061190869365 2.17954513519544 3.13996928181014
3.75863030845385 1.37663815082038 3.86977831190393
2.82593170109987 4.45531191127207 3.99668023620002
3.74604596459339 4.97917701237219 -0.55222538319446
4.44895753752673 5.61857332258963 5.95764974274603
3.26626895427836 4.77415848197174 5.4881558106449
4.4846593230497 2.01361052711779 -0.0789138965418165
1.61460196586043 1.36805890599719 3.03523770803217
1.54808896089614 5.86671740710332 0.654487101399579
1.81315696129025 0.275122720499379 2.55541466877962
2.29529340521017 3.15584535798933 1.36169769569112
2.36874932635085 2.373372422177 3.62690761244091
2.3178699956546 0.995229012921532 3.51970897195662
3.87129102800264 1.07679556201094 4.60620936468401
4.72230840719987 1.7083194495328 0.622816938937381
4.09639468692237 5.92998286631048 6.30323780370664
3.54289351646882 0.482014927577107 3.80361769554394
2.70428278484524 6.6006479428587 0.626676283709311
4.38806857662815 5.63879168465737 6.91546387789314
3.84976322323115 4.00093709762052 5.93311354188979
2.82654305822495 1.72412866458046 3.09061199433995
3.01805807498873 3.87434402743019 2.9095048928429
2.74123193054659 1.44393701550976 3.20499870642842
2.74525700802274 0.0807134880186595 2.00659770185002
2.6228468502617 3.24621489172602 1.16672773802982
2.78815882446122 1.55423202684825 3.90232626998417
3.28977747666933 3.09031594227406 0.251031863690009
2.62850955027722 4.87071594637104 4.60113518210932
3.13979958891351 5.56019759118136 1.29780243638374
2.1699337441337 4.77864584892853 0.655573942415416
3.61291705595477 3.19376715206665 2.05018580671088
2.80110814180776 2.09931276479481 1.74987921732774
3.42887920893403 5.49203983694339 -0.489599269581769
2.00244063281577 6.33130662688582 4.14539438758635
3.36330247501974 1.4847387676987 4.27918624207758
1.71114544973192 0.398708657587115 3.09764226039169
2.57532693948806 4.66323713169835 2.59651321518254
2.30184447483196 1.80597293239609 3.63457540227224
1.25255667806248 0.898761624302659 2.2465229582837
4.76435673773802 2.46312937261949 1.71897014341754
2.49702389780844 0.865102023395788 2.42999686083461
2.07131229223161 1.07887262743992 2.64348659530213
2.42147127362356 1.00514369245441 3.45097350223481
2.37370749220107 2.1268702873901 3.93863585188291
1.84272151868029 1.9730751791428 3.71488272506413
3.48905034488345 7.09776825936086 6.59434934879634
2.56774281535688 4.74063993065708 3.53479378162
0.669840265273696 6.76284773711224 4.2047787628637
1.90997898587205 2.72032644040292 3.69648425124016
3.25658362510565 3.03288182016297 0.518562424244071
3.28841001674417 0.609060348162766 3.19321957493965
3.54240345744189 0.92687905535302 2.99316859970292
3.75134461803248 4.94910848585759 0.822288585830971
2.50808899062948 0.310743778076173 2.95172288970561
4.08669875117188 0.0898533566480202 1.65880033448259
0.805029023944385 2.58149527589163 3.31369336604995
3.09281150529776 3.59665622658787 1.19647562888337
4.31438766519666 4.35518686474052 -0.258671780873221
2.86205299219274 7.2939904096823 -0.413173916346653
1.96636896073455 1.46599785720123 2.87991332561617
3.68287777961882 1.06970867355166 3.57136764771956
4.23723885911907 0.414135324093388 3.85977468667796
3.42672050976744 6.56878666772386 5.29869114469317
2.23404515024911 4.08297017534155 0.589613010360882
2.21835820338805 4.24691561654822 0.509051181643579
3.35217071707656 7.08139819903391 5.73617317917984
2.58102434071045 6.66853953386712 1.67519354069523
2.02065044038861 1.43788984362908 3.3786450295789
1.73446086712253 5.64837137735966 0.82544837319124
6.20517232839392 0.340396132348984 2.6017759424812
1.04115013973813 0.467930550438248 3.29336330149257
0.932835774182034 5.91309489913254 3.79333626936024
0.87043253998652 1.45898084187103 2.48645949151905
2.66956347238941 6.22849309741617 3.21231315028018
3.32202286488152 4.50379466695079 5.69304526085912
2.99300184583862 3.87077355896696 1.84700558244994
2.27827228287388 2.14269957606393 4.39293540774112
2.58843164719634 0.704354845867982 3.00572362590776
2.73024521161235 4.56080432401922 3.39157986559794
1.63137339047601 1.8738872985115 2.74516249303819
2.58902712448915 1.8598344077119 3.31275242316892
3.76677946647155 4.26464561237711 4.70092387879007
2.65602354349697 6.33964667357014 2.97904984439039
4.91397267511827 4.86171218992725 6.27982908542823
1.25992628853055 0.100278086775297 2.46103537080094
3.19101556500895 5.5486071400802 -0.705365933159838
4.29845490952509 3.48852588225399 5.18561303719393
1.70815639025701 2.75339606619453 3.02365970268789
3.41022753039194 0.0382463325539391 2.58825666365851
3.36717854404437 2.17906025688389 1.4467978737286
3.23997474313441 5.01943727167339 4.25194755018072
4.1256738667755 0.893198537324153 3.11278710051659
3.2857596285692 1.26085192852251 4.5199579828073
3.33898174254694 7.10906710206477 5.980096592668
2.50920419334056 2.95277374025387 1.51531231326643
5.13570106949314 4.28614287152701 3.98977536593359
4.13079913058472 6.91755980488732 0.182559737032996
1.84780707303223 3.77876551309013 1.25011141904484
4.5443679841275 2.37263209842885 0.669255005759785
3.73385806571904 5.85479285908706 3.5582659166963
3.34142166658662 5.71841326493822 0.0464027018073874
1.96093292362636 3.46305188649097 2.46579568535783
3.70969306217781 2.51406349530437 0.336997692517395
1.95198176575198 3.168361628277 3.78585354114601
1.96009928840101 6.16942365871989 3.06718787842324
3.06735098604092 0.653030160081363 1.99810874886093
2.98205659598483 4.83806141165306 6.06637570201898
4.9601703603021 6.01395969765599 -0.675965947369962
3.11816414022097 3.09460742122502 0.316723446526354
2.29826553938273 0.795778861533804 3.32152631311163
1.88458232277309 6.0110905368938 1.74037921284229
1.95287400653402 4.1373048585544 0.557887672703846
2.45636156993246 4.67445082874604 0.489317748459208
3.65721445117159 5.41869195874686 -0.365975125782397
3.68556796854602 0.535498777591341 2.81068781541455
1.20431492582128 2.21579784153972 3.1822895113587
2.03449351874605 4.12415759016433 0.656630088033814
3.16800119272564 3.44774134676826 0.99303644443468
1.80559878714072 0.109214587821888 2.76151035405362
2.11447838515479 4.42260124834006 0.352266286970149
2.00937047590896 4.56675425317397 -0.0228701040269727
2.92319290046435 6.46145698312238 -0.601311603112006
2.82399618885938 4.62535020627398 4.55623212922744
3.4631573592598 4.67593249410635 3.65162181363647
2.42962920842752 1.59252842064335 2.91729208862915
2.41309983696794 2.53999138093546 3.46138119718248
1.44218655823113 5.07738580383775 1.24560673067624
3.06788292197671 5.43071539080221 2.79556650284314
2.08171342751739 3.13665859804823 2.83924938186853
2.71515101280492 4.7589007567418 4.07640354940857
2.05550559757521 6.87474592674549 6.11831662379523
3.14573201835477 5.84234795989247 0.512378204855235
1.72564112312309 3.44553681896825 2.39394598670235
2.20882180730161 6.14243015914805 5.62541673828884
3.18092367416087 7.07119358597081 5.59304130675017
1.64230056879963 5.77273499528543 -0.242864611180309
4.47250937286089 4.87547739396218 2.49489743219438
2.12528622391391 2.49668353295605 3.42130063720586
2.89505849885754 1.77300076870533 4.39734845684035
2.98265843111061 3.38520092733353 -0.000281131523632128
1.63090018626631 3.00009112269952 4.80274131921505
2.33887972438088 5.41505436086159 4.07137963495916
3.01360231455081 3.11424702955977 0.10135671381282
3.25630940634186 6.69503323431425 3.19784856671068
4.01018105882698 1.66726873750137 3.12273304903821
3.01333203627236 4.64771495752362 5.562308810829
2.27223966731539 6.29834776464168 5.0575617232875
1.82498219504512 6.41295729668136 1.20030735960485
5.41630406321961 1.71875142170101 0.441583938224021
2.44523958942663 2.7247445348676 2.79686048362375
2.66459835853976 6.46939492225329 1.02229756229927
3.18199481743266 3.62821711429592 2.5815958785798
4.44183725198839 6.0334847533271 1.21057910525474
4.01221445736455 5.13365532650976 0.232473145252762
2.24622974292456 1.1412669384638 2.91803885467231
3.56269783560307 0.696006207409726 3.2331600129269
3.90217143587586 4.12450612651663 5.6377668713283
2.19780105114054 1.63296894911355 3.53922237339881
1.28840512499774 1.75815461074536 2.60252934788881
4.78985454162884 4.28810088801318 0.227547176479517
4.51416586903266 3.29808431024601 4.68000173807115
1.28471992898653 0.814082154118632 3.61873499388731
4.1241883396413 2.18282335063906 0.552922538096989
3.83501125546255 2.73056037848826 0.720095612894988
2.352126715485 1.84712533546352 3.35979551430361
2.47115560580838 6.79419080665144 1.54246218465548
2.54221354083884 5.78874293437281 5.42767768748125
1.02776277961127 5.54347018285996 3.71101469534051
4.6777535813609 5.33763568295157 6.13694832689773
2.07879997328612 4.50950601952801 0.0858378438040849
3.28726338388802 5.04427032401844 3.43903053978463
2.02446199257521 2.34464972888113 3.85617745790702
3.85338762860539 5.84210009572757 5.78327284834457
0.68488011632452 3.06089895228054 1.7975258989904
3.33132642491052 4.58856159602821 5.33998807743754
2.4720371482256 2.40142390711462 3.89930654712979
2.46551182328533 3.308241134768 0.600474551137009
1.33906610051268 3.52710005210873 2.80126841683594
1.85460658751457 0.0109428697188845 2.49199100883127
3.82102082361404 3.2570486562555 3.9928490457299
2.95474284674158 0.15259456809027 1.99210988490999
1.64902694051048 3.73987013840986 2.51391773336446
2.60461256088477 3.62601576715101 0.0233293137992204
4.51886482045116 1.99246545618204 -0.25908219303153
2.01322473184862 5.01579294386456 0.399745100867983
4.66566541115066 2.07028800867722 0.560928466474934
3.3865911420953 3.84747140592559 5.61435189186139
2.6234176338171 3.92429162905446 1.80326682067345
1.48720917036984 3.73688761924573 4.11205820184602
3.0996239839343 0.67373977525529 2.49333818416348
3.90630059406252 0.104885338596117 2.46172981814944
3.15058425676707 4.66947289768134 5.35422313496489
2.8659938847996 4.32693809345028 3.65511308967808
1.97017579837702 0.692102538455993 2.13316718395698
3.23619295682618 7.43892009139884 6.57202825124573
4.47509789218907 5.35831042222893 5.4385382475439
2.91655443411507 4.03126035686791 2.39162415211305
3.47310088155885 6.77542830731943 6.22719652474612
2.5752616884828 0.904110520148136 2.75391853927948
2.87813658867127 0.426491672692682 3.20998685205891
3.16173124418436 2.77793568523729 0.645060523335408
4.03491318032592 4.87965633284183 0.923360941523537
1.71602965569925 6.38566897277827 0.598180540170971
2.75141844694713 3.72606760032879 0.350090085190731
2.51814880116589 5.8013956955217 6.0517661367638
1.06794542479667 3.81681013784146 4.4127106436858
2.41989297113763 5.71232376563045 4.99493639437551
3.3098320030579 4.37706094360608 4.7804522448286
3.39794247915136 0.0637138216931135 2.02003665970581
1.99812918424081 0.54579101033304 2.28997533509395
1.84001726249712 3.19289354785514 2.76728824058127
5.19095919576972 6.32103852344655 5.3612874213446
4.36172086407341 2.77284140490683 3.01542335962472
2.75204209413634 1.96890174611174 3.82656018751031
2.53933446344859 2.42026760850571 3.4911107673137
2.69012775884461 1.43346242134038 3.45422485678229
3.05107931815421 6.63161424579715 0.974254157635173
4.5240868122688 5.47117960309258 6.36945414461496
1.64537345201828 1.4089126025518 2.50575678356071
3.54960335530827 1.58981498211972 3.59217764311463
3.3090314175069 4.93872455967363 4.1526029308973
2.58009269188329 5.19508645168954 5.68362183982402
3.71265083724208 3.90070624667073 4.82653811387167
2.35027377589359 2.35254440504191 3.78169453521146
5.08554635162004 5.21639591628054 1.15706115018534
2.54000498705917 3.88291051495987 1.35572799936612
3.28640235939425 5.11954311211118 2.41689786174062
2.67645296181799 7.1652878525179 -0.179103613481358
3.61320561513627 4.56903650435586 2.49042635940485
2.22509748553679 4.33953353501219 0.654524072795181
2.5661175691259 3.16607677388566 1.72129894901852
0.53758963806343 5.27533874787707 3.13052534613362
3.38400515671751 3.08280695531314 0.678603996597993
4.08692946149896 1.64527867855701 2.61277523850279
3.49387858116563 3.84935403102422 5.25415871875831
4.08058426625133 0.179005220926594 2.32964557015936
2.14426478426817 2.23992556165083 4.38504127488755
2.08551844234969 6.70555960707236 5.72371561510201
2.69239592602553 1.41168919711201 4.32836747810712
3.31432524386241 1.02546608534194 3.49746486147357
4.10064972546477 5.88164145153133 6.64632771241323
3.81396890794327 3.17598922629989 3.21236798210977
2.17553185332247 1.33149327339296 2.96385959170457
1.78383685308063 4.87020109127134 1.17129428718727
3.93456019461119 0.236824206550006 1.92453203221481
1.97568692408914 2.52298724656694 4.1224200274929
3.53827195272238 4.41708234729694 4.82651220691129
3.67901555585683 2.23432504419128 0.256854006762406
2.99550238542543 3.91451835800186 2.33940319880338
2.67706040706266 4.31265348789329 1.19452728979118
4.00946622137563 0.846196482507659 3.87528043829349
4.14416134609702 2.3702444752729 -0.107665511493626
3.9696818335656 0.772527284660943 3.24261014261217
0.726860381490136 3.30637142649582 2.41263137924973
1.47030633102499 1.96139652034539 2.23000849729543
2.76489470898229 3.14431728549073 1.33130973822244
3.42377005815915 0.207450157600729 2.90201904455552
2.68420524041233 0.271793566938729 2.66671227172352
2.42715244285386 2.2589223021947 3.37013043494426
2.02139686588495 0.615449884693471 1.96126043511898
3.34153095650654 7.41761273837489 5.47150240378894
2.25745746601499 4.22139340859156 0.660900444902226
3.37629162706426 4.12520631323613 5.5575074924043
4.06730417665618 1.15596569647038 3.24072508008524
4.70089456976683 4.46375585979363 1.60426026864679
2.63158929737964 0.373723417010074 2.91900190467488
2.58455883292856 6.72748103719679 0.509486046752278
3.16796094772362 1.4100027146827 3.16975156045068
4.48734351190719 2.54986110305847 1.61651362175335
1.9092908283253 4.69946197709899 0.0514456910645149
2.43363868486219 5.55107386223383 5.8473682956988
1.39409772471857 4.95636151123057 2.43448177359337
2.54537322410442 7.27011795435574 0.695686012027892
2.54767885835129 5.45980198639927 4.8938186010779
4.22353860628806 6.08170725049765 5.71330186355734
3.15250388213285 6.54700709446521 0.33961566497957
4.39207370800094 0.855112340966755 4.16093302709533
3.71490956893521 1.51465216162195 3.21920946617622
1.72978039352663 7.04345275617334 3.03549559825051
3.39612688317044 6.06782634010121 0.728536873656642
2.8129623603765 5.95875438145602 1.82492984848645
2.89375220099516 1.62544262943496 3.0801018491729
1.80946023434054 1.03520530342168 2.23671351770497
2.23688388315949 1.64339875664463 3.20884294470958
2.88981990137888 3.78008716417225 1.36080668920761
1.37828423536893 4.78970234683325 3.36947576392136
2.47209921889974 1.43693843045249 3.3824513023941
2.55316353784078 5.23827861893055 5.70164381387149
4.01691172362852 6.24049642014298 6.41686194470046
3.76639507830894 1.90145905546436 1.7349038612269
4.04687880349029 4.44891011490871 -0.587497067482538
1.37799601703825 3.66031572281167 4.04998604473893
3.04407558377572 5.03920870823805 5.05706176684402
2.5638041921959 1.6978104851394 3.7949725255178
2.63689470495191 6.46244655480991 1.12521754152124
2.77421052280984 7.13675636714909 0.412407798322975
2.14720237166766 2.81261176885325 3.96403013040286
3.19266359786178 0.909936212616206 2.25988827007557
3.43827411118529 3.71353867046228 3.86428173983054
4.31696146096719 6.99433578940165 -0.179138298277154
4.26880968476919 6.83390615066048 -0.945528160294474
2.11273171767986 6.05166913353054 4.16314977579126
3.23713036389761 4.06972914377521 5.11979542232192
3.07151726691712 3.94061868063044 2.7041720851606
3.18734000933714 1.10307203985546 3.41430134710251
5.03952264213947 6.16075732784257 1.61247297276421
2.66433755864697 1.52345385631652 3.74221896970385
2.80784306777858 4.84616895757885 6.12166626517388
3.31184860743533 5.04875497883403 2.46855104606172
3.86898173893941 6.58176337441421 6.07744499195029
1.9296642908548 2.83156926770355 4.78283096807448
2.21466216722945 5.18568199437653 1.03371671975326
2.2352557984591 5.48558746998587 3.75309147688276
3.35249970690192 4.86512026007764 3.0160600111639
3.50919142804582 1.74973653730758 3.01824862890184
3.6730282491832 4.36111871723155 5.05332968192046
3.55133811780298 4.02938490475713 6.17499914776504
3.90971417000372 2.23040612809665 -0.579193826054758
3.61304435988395 5.35191795108493 0.158236247488571
2.69027974824447 1.38685465461985 2.49526806442731
3.62267688162368 1.68144019278074 3.71892325884795
3.89219370676877 3.54808950829874 6.11912759492407
2.45491738088342 0.367504898521402 2.30183970406558
4.21077760661841 4.16849375550289 0.0889979164445097
3.63670674443933 5.96355349834574 1.72991986502396
4.34317473671333 5.32772831438904 5.47405964600427
4.33118181672344 2.12222187474014 -0.817888028738554
2.65097442944685 1.17628779835815 2.67473757770129
4.11838681521153 5.53381957726882 5.57538208283259
3.82353388081304 6.91581511980129 2.74461034929635
2.41346341533358 5.40404935342641 4.62296880390251
2.63292370001133 6.37592649155055 1.27957121053243
3.29760251503549 4.21931480404913 5.76512803170423
3.0352541898787 6.29194291897375 0.562693178369779
2.32388936651662 1.1556105904466 2.63436910313816
1.94557378720633 0.414480735519068 1.79938870229109
2.02089173322555 1.97710290356537 4.41482612762665
1.24766448070356 0.682429798678207 2.57097678417173
3.60295458689352 3.23908622735459 1.28356534486825
3.05260348215666 4.76279490608807 4.70674543327613
2.3985517071605 0.245731711437294 2.39731681074945
1.33372120381732 3.49611855799236 3.95396618923749
1.99643587535364 7.45293658419232 5.6466375921837
2.67718732207013 5.12841140437332 4.66588579853256
2.44934011193021 2.52630183774575 3.16444464084224
2.03871849372151 3.72292607296088 2.00148085002906
3.24953463819136 6.24067070090854 -0.0426000203695292
4.19196353427711 7.14315216113758 0.263921745478401
2.69117361898112 6.47892117623972 -0.179046041595447
2.65037574897137 2.21867689924188 4.23335591395214
2.49450447449756 5.48188746812988 5.27101746755812
2.817113458091 4.54001290063665 4.36541173594341
4.97733947942492 4.57785914887928 6.57798145531936
4.09848317759864 1.82441203581873 1.322610950154
2.5599702303956 2.77264476161137 2.39531885616801
4.92043893749493 1.19184888857273 3.10558864894022
2.9235869291443 0.495341494992366 2.58351812851501
3.77128533657001 0.228314031296585 2.20407008192885
2.98167631117931 1.27863521093596 3.09747365157728
3.45095872697949 3.41555610608112 2.15748863104408
1.55645474871017 5.78085665316111 0.826174509622059
2.4258642479369 1.97995369741242 3.6317417412365
3.74988828860126 6.78615400410641 5.75473677349846
2.19854828277638 3.47097863482265 1.86614227854697
2.08655182874389 2.86153367321339 3.65779042986475
1.23550910048097 7.31432061321427 1.34383709561691
3.99727411037262 1.96288365679996 1.1415421483127
2.74727019223208 4.99812543310483 5.51994443262665
2.93697567477556 5.18203712353523 5.38320212156029
3.29776959014368 6.68722497019046 5.30817653957259
2.56414340861856 3.96176514590266 0.1977048671004
3.94059203637858 5.03914812562687 0.540305641592376
3.37222041374819 3.64301695783277 3.85040674386552
2.70897359708791 1.82540456807797 4.18271100712642
2.66275729640365 3.14163504983821 1.05123072159283
2.90966148270237 1.21648373074184 2.53588119313924
4.14874960885967 6.05467530539997 6.37200172887239
2.73652782739922 5.48882934687331 5.87184418592069
3.89314265225523 6.04621530450886 6.88369201175891
2.46219049639476 0.580838685734314 2.57592945072624
2.88461984049344 4.04543501711016 1.7048626544422
1.59807310357389 2.97218222668905 3.90054580463062
3.64503557858516 2.01839720835687 1.29570880740243
2.56765132876645 5.57888327501491 5.38572892265438
2.14311019528695 2.64978802873452 2.74118332337156
1.92855319169859 4.73161709763811 0.600007249518126
3.9850133702898 1.43918614867734 4.41257573895913
3.94396223517841 6.8159339034598 0.311271667795391
2.50422298414098 5.08005646910622 4.55878578444985
3.25710552347544 5.74635463675705 0.337272375473878
2.53320929665277 0.50768626232104 1.84241536011159
2.49712960508409 1.38294874986785 2.7854404887011
1.98586720999193 7.11237814450293 5.45417021395027
2.05883984523482 3.68167049902009 1.44603690120946
3.05385693586922 3.90883228426906 2.73539333533041
3.15333182108417 0.822228250388219 2.8616148930724
2.1982552649951 1.74841491820527 2.98349430673279
4.03767529123326 1.73193546523165 2.32046520955555
2.59864768466888 1.46359959546683 3.20479574217698
2.51341199296459 6.62569239661353 3.18790887175038
3.25511050427129 2.96360981106796 0.298749822674144
2.7757164508579 3.59293353136722 -0.244462242114262
3.84228195379659 0.401709220466513 1.77397183166205
3.62933480421176 3.11802966402146 1.21569731943976
2.04983131725714 4.00442185271642 0.966078987767295
3.08196310837835 4.40432709124956 6.11375395762382
3.45708497558301 2.82176020984565 -0.126470197894474
3.7266551079646 3.59350599629413 5.10617646090978
3.20473921472804 5.85179676336512 -0.301602991194598
3.22439852836271 3.96744540015412 4.48567274538288
3.22503830008785 5.6833365952008 -0.231347584338627
2.83532599422059 6.99771001287595 0.0131242714244303
3.00997893344755 6.30511236702629 -0.83758955255181
1.43628756214159 3.89982061753454 3.50134756195987
3.80371034426697 6.56782239958288 5.91619789151209
2.96287478781432 1.13486928164216 2.47679064163869
2.94575970540768 2.80318741632528 -0.0692938378066851
2.65964931711499 7.41659565164374 0.911328248449898
2.61915798269438 6.36304983804865 2.89332924020519
3.93735423212902 4.52938613930324 0.947352100423969
2.63171249190805 4.01883927827424 0.423289657350729
4.49934592044313 1.89757217498046 0.746111207303513
3.19597728160712 6.98421304119583 5.508073160011
1.20309372826676 4.95576049961964 3.89248905885746
2.19742839422547 2.63338053051686 3.5867455482822
1.40124131188277 3.59494536510893 4.77884206401129
3.43135518103484 4.19417260585056 5.89116953931191
3.90577019413942 1.10579629775324 3.7949566267003
4.48293266299646 5.03256239143163 4.84542630171689
2.14871793249752 6.358635247715 4.72344226310553
1.53642670011919 2.02649819700809 2.96269138355381
3.42526108418362 7.03657775430568 6.0770032540225
2.35583216152564 4.49597735143416 1.29627348111041
2.79460404148969 0.787716845453328 2.43659738555641
2.95694366211649 3.42546286359101 -0.699304743122261
2.04413845860574 0.0901092714985285 3.073374837256
1.91984764875007 3.26151687148665 1.847069534896
1.6933398822794 1.5927458219045 2.26837793718128
3.06923373492453 6.01372089725871 -0.515343487012637
3.06768502798408 4.21858961681165 5.04004456208648
1.77884750394975 3.64334911112389 2.36162105513818
1.76282893730085 7.43830773066777 5.24631659516112
2.94363368553817 1.46502683600631 4.07209151671576
2.64595090031133 2.37182300709838 3.17931718883157
4.20303647023435 6.86983092663013 0.334577649617013
3.8990999933711 2.97395669567999 0.855434924973188
3.74969882741431 4.44745159369574 2.85856271097789
2.57904004779879 5.71578898825659 5.69763428579742
2.36839404500973 3.93347239613304 -0.21422906737307
1.61962662826237 1.61205432179345 1.86137294236832
1.27524817023393 5.47959724783147 1.38147389588766
4.48727633756969 5.37920563665652 6.4156046319108
1.86048688240339 4.17889018406079 1.17180759601854
3.31899225477053 2.78479391865647 0.312947358533495
2.26947935311063 7.04125433550721 4.40166224506355
2.93035966154557 3.23534404476208 -1.13110123875376
1.59533566735924 0.0197794786879459 2.32165961155676
2.67916102368646 1.69952248667487 3.6698657776746
3.88938408019638 2.2157777935677 0.179205044460613
1.9712101274808 1.91103240774514 4.2196877356119
3.07812555850793 6.78933188936734 0.760761355698688
1.83062204623237 4.83382994847335 0.966898390590347
2.92904030408037 6.923044046033 0.253712562998398
2.78454672438497 2.64407131763708 1.53575327225473
3.12706501263149 6.07209802270911 -0.0651337395675384
2.32069667216913 1.59579908196007 3.33430615529145
2.97722039099927 5.02126046996212 4.90478353439734
2.68449707346268 1.18320376799878 3.70967508064773
2.44831427948364 1.45680568899964 3.17710742258668
3.82846488199658 5.47616503213782 0.976691711613197
2.56913841998051 5.95400947395465 5.57569209693335
3.12351511284707 0.675718618330517 2.22738470303836
3.571341628494 6.02829622957385 3.49349366179382
1.59007559545542 0.297470722665893 1.97579070967727
1.68082104570041 5.99518540550185 0.197032459323539
2.1429804569252 7.32777941955398 5.61229577880154
3.31346451735213 4.09816512771266 4.64432897977042
1.78450708961112 6.79053834049087 1.82146525794738
3.16400451521311 1.30696480995809 4.23754417376463
4.82298002917399 0.183770270895121 1.87429055586239
2.72935641291837 1.56564143035745 3.46019184615995
2.74000566891563 1.92300732169572 3.57317008270147
2.77245156081212 1.11317179982439 3.94348303028959
1.8778967820612 6.76844720443413 4.72121220456529
3.22315194018495 4.50042240001026 5.54127867871706
4.62095550833383 5.63888049403671 4.10123508971411
1.93954208979974 4.5384838552814 0.0303954295415874
3.31380689875573 1.13074857600932 3.91535745174757
3.04663499225872 4.77203728912447 5.99140498051736
2.64199457795885 1.27649724140746 3.8262521161389
4.18779344921075 1.77539527842066 1.37370101179961
4.54907231115355 3.20778951722427 5.48254153343366
2.89486238570485 4.58500914489268 4.81752112905005
3.29842550873168 7.18623071180535 6.12320154703296
2.98446358821837 0.486850896197564 2.31962656542589
2.40246149970844 5.37226692435165 4.07754341704926
4.73430781247006 4.02891248626687 -0.0914744124458961
3.07616633247848 1.07498156750035 2.7522133409503
4.51529669498817 4.53177922516039 -0.15880530844809
2.40637954126057 2.36112596916677 3.70654075731445
3.06802120513021 2.42038149052563 1.36083834286601
