2.0413551444889 5.97341300469244 3.15277868673195
2.94326038005612 4.02373967845098 2.26809402402277
2.78591420147712 5.44821965076958 5.29425635434738
3.5265103349858 4.01166435695984 5.22504856532361
2.08593106337433 3.60079960506665 1.20553897209596
2.72505417888699 5.1007320287163 4.88332241579598
3.89577511905982 5.27705587693235 -0.37570641852274
2.34684344474268 6.52545724089507 4.83830102378841
2.26094250762445 2.76295542812761 2.9137755992338
2.45181218120252 1.83758408862982 4.36271900320971
2.05288486937831 1.40757971830263 2.32002938641416
3.14528102072033 1.08431636149729 2.53013031770546
2.22465436796172 2.05478532789519 3.8321541846776
2.64308709712637 1.257060743783 3.9582010367553
2.02245871104022 0.336610241335452 1.97894873610432
3.90913416292058 0.869782563442921 3.41422623394773
1.58484109597319 4.6300717845711 0.865169414452847
5.4969574116487 7.39156453650416 0.623980901873806
2.69556821446988 2.66499985364254 2.17449338236181
3.45264514907314 6.28606842821867 2.80296270260031
3.3272008633187 2.42538820345597 0.953143377207863
1.88366034457347 6.36177133039953 2.35102692671015
3.04697089992663 3.3126508104212 -0.376814502696238
2.13051563771334 2.25016084998033 4.12611761280561
2.41281557546996 1.16093103163196 3.34026596560641
2.49575565724663 3.62698483579315 0.11120794372702
3.17081796058059 5.78352874962415 -0.0863938962492384
1.59189389475097 2.18829983560537 3.14503988967893
3.38906501091325 5.65903261508295 -1.30367107828088
3.16047797619961 6.38987544893439 0.0285328809189017
3.14742001752617 6.34940370243683 0.257805182984
2.32174524537497 0.265732657862779 1.48082813973407
2.44304554216698 4.0170691670061 0.200703652284567
2.8346992427835 1.91679810907779 4.24545794751583
3.08095517117019 6.94555797161759 1.8701100305385
3.28391594054197 5.93641457112497 -0.847747373831121
4.09193938631655 0.14529363169301 1.76128954006971
2.67248479962389 6.35051955758009 1.76743008623324
2.86769403171344 6.12934471710618 -0.308941215992515
2.96504293890351 6.28239652857544 0.288000608168729
4.83535272433386 3.66024789197734 1.0173195224024
1.66467602821576 5.28547360863638 1.26258457985368
4.36787323980919 6.3336610621993 -0.123977783805755
2.91953185209988 2.86334196225292 -0.0841188952236381
2.2004343457409 3.10817929845063 2.42801864550268
1.04026234597286 1.77980775992551 0.955647794348947
3.09981355324944 5.18268550175481 4.9984509381659
4.98202128910666 2.46338242941934 3.53385907227702
3.37836396597277 5.8777610223382 0.588169636991327
3.28599131664185 5.44452335517387 0.989819385764358
4.20434587166056 4.18414754916178 0.0867165142185582
2.67907275032942 3.41663982872158 0.45655522384115
2.29332917413289 4.90042122163778 1.10499317972734
3.81986120070456 2.29729935753597 0.750958402906676
2.48295231263936 0.172540394128978 2.17859016692816
2.09531570729316 1.22434990949441 3.32175710989029
2.40697925239452 3.42464996613947 -0.126240191733192
3.22258235855169 1.10766286261802 2.95343166733739
2.59559305783706 2.11771688737482 3.31628260673328
3.09248856976135 1.3179950672797 4.23848123617502
1.70329493580822 5.76041138410221 0.357824095123594
2.90361339118829 7.38921921018491 1.19557927183719
3.13710654007048 0.0942769601890792 2.82607753836498
3.50268856194363 2.82106899571601 0.122565757475264
3.65775607049267 1.61514343933731 3.31320938546275
4.08576588898365 1.56337551206051 2.57631462903921
2.61158565415366 6.00069596040906 4.93964953476897
3.24764847633158 3.2249222926388 0.494054521134286
4.12672935717817 7.13576739322062 -0.301541483015633
2.91920266752329 5.10194766093951 5.34237801745511
2.49466654873362 4.21832564796191 0.216233812815837
2.20010757884876 2.20353897163807 2.98143145366807
3.20942113296668 2.68417285720885 0.754664464833159
2.69734827353612 0.959101443758793 2.6606425801957
3.02658469668986 5.83533787902228 0.552114103501146
2.97814552454927 0.603136382587179 2.53495425850845
1.10457848251942 6.58765393263276 1.63537552813736
4.40254772225149 1.86376458850122 0.751794372422923
4.00442949355506 6.66979313048309 0.708799963038336
1.95611921463765 6.47605548328952 4.50583771976441
4.23828445187445 2.01128051246599 0.156205881919997
3.47877348687593 5.0557939979832 0.36256298804013
3.01732508599005 5.63094296102734 1.12716142146511
3.25252088549809 1.12804375554568 2.72847603215403
3.23498566588868 6.63471763641085 1.38948722207712
2.93838190058456 1.75179547336681 2.78689492621713
2.77356433745614 4.37775465587098 3.02276745765848
4.1493829521576 4.43565722909895 0.425396531927047
2.22752835110525 0.0845400880049851 1.10763926320594
1.27757833135746 2.77418359025913 2.88203654466049
4.23372200999616 3.3030705051899 5.89410768727879
1.55301914497686 0.308314864590209 2.31423435389305
3.21329816248674 1.56752593654489 3.41472848726348
3.3779893293129 0.950815942798487 3.52090336247503
2.69687513143539 0.897143828467736 2.92426972762422
1.198102778544 2.22115823673512 2.37085686166812
5.90327710881657 7.06863181469488 6.2372371059681
2.34749954287481 2.22408569687548 2.98876703587002
2.98857197554643 2.52742332645695 1.41013407278835
3.27672765505225 2.74422826975414 0.237989286513052
1.09170333849754 2.33613813434111 3.60848638406465
1.98080872140253 3.81765912344012 0.578743981715438
2.58203267061851 4.80446675639493 3.69618140807972
2.78680340693675 2.82813877247878 0.906365902453573
3.37076959270505 4.15008021148693 5.59896515815054
1.76804727091096 2.14829908922919 3.11859760512437
2.67680250699497 6.32593660773926 2.52931793113246
2.1324120465042 1.03266388945105 3.06020938519286
3.63451884380728 1.81470389719571 3.02314271274714
1.88803470918385 4.81702281635925 0.27609890002899
2.75832896429106 4.53075259690063 4.40850045572421
4.95229668855744 5.77068378534955 -0.0957423800404345
4.2543584703226 5.0828465849917 1.97481904874976
4.57845126667085 2.22553810450956 -0.651196222358808
3.18452833646421 7.31329426752793 6.45626855061985
1.91592562544894 6.77526596403173 4.94322241479311
2.25905089900669 5.30967090799511 2.21609268047648
3.87585015784639 4.34678630410043 1.06867433765279
2.35961333436622 3.92634946641787 0.168153815922541
2.08319650072277 1.43214610237849 3.18245360719044
3.12059610598511 4.80991285753971 5.69644249955592
3.09265053489572 5.22185185576263 3.30081179515284
2.88980903937958 5.54648528838222 4.40326372770015
3.01212380725056 6.48504702052201 0.24250588168752
2.33726075746547 2.07421116343102 3.71146230685883
2.81254305717833 2.23158989529244 3.79177778690449
2.45149518992671 2.97950070219638 0.787699283174858
3.3804744470896 3.24050808048868 -0.121139489116907
4.63998534773892 3.86510945152389 -0.0440854712876046
2.43030914956722 6.42591206245849 4.92264707289658
3.45572019535471 4.57359497906805 5.10608354554964
2.55349654575267 3.49457686406206 0.617057935241616
3.41500717590471 7.07425121291983 5.95169633456869
3.53412710515155 0.68623456911594 3.68621061059057
1.93904446867517 0.282973242955345 2.3547081279687
1.15014413840736 6.24291297817538 1.65698212709978
1.77461317203659 2.2158200555518 3.34725966388038
2.61154225311898 1.03612610347525 3.18614114625053
2.75202000521162 5.96192235976654 2.50320087841638
4.16060819834162 2.37296564982816 0.491139273767392
4.23378772499909 3.18859995335633 5.64223237484073
3.2687973633763 4.16023958021838 5.25797202837393
2.00110613733185 3.99811002195728 0.797208780820135
2.42503473770389 0.798969676696053 3.22000154095457
1.48264133448162 5.78683826396209 0.500075521030483
2.7505560487895 3.01394990318592 0.481881600823963
3.5421062750501 7.21524773959904 5.88292643697039
2.1287251149555 2.88680442188832 2.7013070951928
2.75912185022197 6.6113343097119 -0.638447244381132
4.5419917129758 5.42102952333263 5.62747622957209
1.36913738456578 7.17081177186357 0.841925449814321
2.31790783927786 0.58907423405285 2.4359856545566
4.47574729127229 2.11154972240234 -0.135697147608018
3.00376679330672 3.91746443582517 2.32000940389862
2.42307278639089 1.3239073904861 2.98447512001889
3.04334113765381 7.33215733662463 4.94286114336064
1.51412319702411 4.65889645538206 2.13182168319872
2.97821452815457 5.46874713693193 3.64955710979134
2.60496057572003 0.450628241702109 1.96115633572544
2.46925679042554 3.76820747575344 0.623267958663206
5.53404476816752 5.95477474182204 5.55740688809178
2.63641149546993 5.59060474230875 5.87094310892673
2.33338564665164 3.77971253403557 0.772847268010407
1.49391393264334 4.8621339277562 1.71533570528902
3.36299101808367 5.52229299771937 -0.4015291440439
1.88371750498589 6.73813759280116 5.111264732803
1.64171658407035 4.23604225765253 1.94600608746312
4.47016944670328 6.93885683307627 1.12460867082216
2.62485503291759 0.62120091967492 2.15045570059463
2.98215878052426 5.44123074531348 3.30475711614685
2.74130734441206 7.43517117856161 0.435707129147255
3.55679275605354 2.79872658225723 0.970569339535929
5.42910555123701 7.09567999710752 0.337800916332892
2.51766459186716 7.19532712953978 0.827917784511471
2.57045571796184 4.07562962087821 0.629362215319959
2.64248340706887 4.0877886415815 0.781594834425745
4.22764784355531 0.861286338827514 2.82507961749159
4.52483711161448 0.635851441143987 2.76324411132556
4.28323311096953 6.87715608987881 0.111687412254222
1.77213528361984 3.66869565865912 2.50562357780599
4.22401304912718 0.0901443874571557 1.82896545159295
4.31169973491362 4.05825478753443 0.020798673961931
1.72013818844502 0.0402019243912148 2.92376194959245
3.2498446396671 6.05113604343931 1.00067487655815
1.58017435181736 6.99844307449975 0.482819237628681
2.47177279876965 0.380142192710981 2.09864934648946
2.72471235531067 6.36748107349035 0.730248631590794
3.3495365876304 3.50860844884398 2.03259971902267
4.2611689475234 4.69291694458577 -0.524409831979931
3.52928073547959 4.15018922738778 6.60741203126386
2.06905499846533 1.85853009567335 3.58581770238666
1.71221057438075 3.35100280505635 3.15518507810497
2.8614549849021 6.07651975891319 0.0958442039155545
2.44100200885504 2.32379764180012 2.74457839057335
3.44039306611213 4.41463085807372 5.96881852535782
2.34314246488389 5.03159254545964 1.09781032107708
2.52043610635499 2.85323635893069 1.75456891169777
2.20663256463736 2.43745895753568 3.91753228785843
2.61900178401644 3.12633157534978 0.471401493086657
1.83652674278447 3.86851921470163 1.65843256445202
1.72177586444034 0.891015822792539 2.30345086620456
4.76065242569849 0.310234004197504 2.95143019702928
2.71329794127843 4.17756236200461 1.85038807075552
2.37514780102001 7.03982068144124 2.31896341403293
3.12987471382235 7.42276990223889 5.52343476621094
2.00758658627923 1.27483878340717 2.36797892813057
4.3071791613209 3.09247046619837 5.2381746222726
3.35830450921867 3.33765074396706 1.32772029660084
3.2189961376813 5.94320318711932 -0.043364261895611
1.94017092541772 0.890761285458453 2.59358592844277
2.36758008700811 6.48094197199625 4.40758328790547
1.62966336096506 0.620329766618759 1.43420587699638
0.344453447175875 3.27799825423792 2.00336582151333
2.74672156810876 4.84242640636555 5.15129709851842
2.18467823303597 1.58065707141144 3.09753618682363
2.02210491562378 4.25395975271496 0.558176600405893
2.39127303952014 5.84057787082208 5.07787965719665
1.31980035080082 7.27998868937615 0.306531276260134
1.9960768190941 0.219399868866311 2.08559196321158
4.2745352451486 6.02236903811823 5.90937976485964
2.75437682977365 6.85333848325096 -0.426150113332046
2.78162202733167 2.77011539994523 -0.185523056726143
3.25323980949411 3.96402217812258 4.43649332125187
1.63362990427767 0.510451998027388 1.4601614278835
3.13088535259506 0.0435244755126121 1.95347679826692
2.52471352219634 4.15969537608688 0.94474277640757
4.83652971830201 5.07088049779776 5.755392108705
2.2017159208257 0.0599976681556385 2.0165835840194
2.45392007604395 7.11170714984351 0.974693961717443
2.77308549521501 6.87492225700708 0.348415704442084
2.93960799908291 6.57959663349165 0.673534009662474
1.46655511749602 2.22801703623093 2.69234903281461
3.56259268467865 3.23266764190783 2.00279263793462
4.38791757830215 1.02393657491068 3.48972161216508
0.864633411376575 4.04821175166349 4.0903849446052
3.12890933571665 0.453516991415677 2.6773702112243
4.43798668533503 6.05598726411474 -0.041362033598762
2.98922902066193 4.86306667589507 4.99693060376504
3.97689289087216 5.86955293391198 6.62977876606036
2.79098698964863 4.84785719319853 4.9888688806777
2.33370156607161 6.38406486287963 5.17873812589286
2.40638455910526 2.93769728818578 2.14485249837059
3.86615024825719 2.44174668162308 1.82784089569092
1.77907465824176 6.32270503907545 1.02171345604111
3.87023349500775 5.73724172513952 5.40073158675767
2.74728542478706 2.7978514571118 1.34277486413503
2.13112814576592 1.10568558356702 2.66821693483387
1.8178644192281 0.674735992794813 1.91521796820948
3.54983015353495 6.2283515965258 3.74077827291586
2.53440126385533 6.73738109504205 0.850859123979858
3.64212885841132 7.09102160568531 4.97530807314796
3.36373455466892 2.90296990625485 0.319613978046793
3.1575506721586 4.58522117336721 5.44885956621918
3.45409925807375 7.36501459343151 5.54167391771434
4.58447540838535 0.323113586454973 3.11246779346751
3.5082799500416 4.77313500480465 1.96194059774661
2.10569850743054 6.34698776516604 5.52540878237371
3.17405259364368 2.51503231154018 0.482181169687488
4.63374571811894 0.0425586582118589 2.18286925910274
3.8227580862506 0.0920902792021439 1.61080326148268
3.86423882030985 4.32860859505001 1.72269438348705
4.79165527862916 0.364508781082697 2.16154562097425
1.66000996790133 5.00593107896612 0.743334806498325
3.70947706014754 0.670119953057019 2.18134413677762
2.8850773736586 2.32257337166006 2.61726749802765
3.31955345979381 5.10712746549968 1.64530284871343
2.97106678943457 1.3028141082528 2.64984412450298
2.43810789166116 4.01527734319783 0.531721124574742
2.17977169979333 2.65345303157229 3.78467725104375
2.41384271847639 1.84478471225512 3.14720945056309
3.78579316649677 0.448950703633959 2.34106279867305
2.84853207522629 2.03384299092362 3.30788353761394
4.94506408603389 5.46323381579855 0.758630956781996
2.04614121430107 5.45873396452015 1.37356890694326
4.99941007298331 3.13671917555107 5.8449999126889
2.55206545495229 3.88484244411274 0.644110136311643
3.62641937670599 6.25816651805351 5.20842581242031
3.44963896438122 6.60308583672333 5.77381587186726
2.34883622922052 0.358146686616192 1.914459861814
2.085734095974 3.56037618220051 1.61152834546312
0.812369537365835 1.62025169020484 2.74859755766519
3.22340720425844 6.5928578405265 0.538378179508691
2.48286411457219 6.77357218681822 2.31023079365302
2.21639906653324 1.82726456727369 3.71809264939102
3.45138682235112 1.615327829342 4.37743623548201
3.06325543352732 7.32683903703299 5.70797845403648
1.63504515721051 3.373264153826 4.37005542022959
0.480496067963096 0.340221439038866 1.91812632969241
2.13362105192919 6.28580158284087 3.80505363194948
1.73121343925784 3.48990136282853 3.06592567451302
2.93410868517196 3.03876203948312 0.904118097923755
4.4096245096541 2.0666544697846 0.355893196955063
3.51982231544347 7.08312108866077 6.62619781542029
2.14406304329052 6.03505011750306 4.68245428729596
2.22008706734889 6.30344008158724 5.58309209194178
3.39214792714275 5.15854728708233 0.808409844547919
2.52783189111216 3.9799116165125 0.698108648600593
3.14695868583357 0.598835875045713 2.31977698421588
1.86147054193076 7.09748881357068 4.34997027854688
4.35096078528085 6.91953229079314 -0.124520052621567
3.21376471228288 5.21859169524787 1.80985573459806
2.63318606213503 6.20384729240254 3.86334635057316
3.64597701837594 4.76819101340916 0.561187555582919
4.19945294185349 0.354194848000922 2.17831224006002
2.84558064467556 2.50954553385085 1.66616676788324
2.69495663459611 5.7378041464229 5.4611206524207
2.81479816960324 4.25962165611532 2.68402236526583
3.09129875897793 3.43130083460424 0.324197639655637
1.70459827804974 3.59637682531708 3.09914233272943
6.16730291597091 1.62841320596642 0.212355201679372
3.17993078871932 3.04506317239414 0.653800491576686
2.8371433482076 5.88677962762317 2.52982814854496
1.7168570583028 1.95493067839689 4.04535873178278
4.46781439463174 7.02260331038914 2.61542002249149
2.60775187378554 1.40758529462459 3.94592839334066
2.94609751578552 6.40203230917875 0.720581261833717
4.60943816454289 6.64513701070577 -0.00711083463459822
1.2331368098622 0.12393877715491 2.43911948260497
3.29663876989831 5.69418805879329 -0.279365343980228
1.75545327906818 7.17112059483117 3.37616860357003
2.48724430918401 3.04112579918874 0.766963328027519
0.94235529789093 5.88073094404279 3.06320751058648
1.61252267306709 0.697766811118319 2.14465836631402
1.96737188534571 3.56358417709311 2.16909755863181
2.47024834573099 6.25840623871517 4.64630736756651
3.57779003070995 6.83146891591217 5.8088656066462
2.54875238102139 3.12255101351843 0.962726656678021
1.9148454877285 4.27523550686732 0.981341552774829
3.11587721067758 6.96655092227508 2.08477066289656
2.45097186387783 7.16052420054049 0.250896373672206
2.0349788063185 0.411670625140408 1.99531948499821
3.33071498002553 6.36157846044432 1.21386617553946
1.63439566587357 4.48082099559834 1.54837389585088
5.04664219578361 6.93277805568387 6.03102385515008
2.85950943785439 6.16629353884236 0.131004330654254
4.2132534782662 6.28652476508121 0.934598445493537
1.70813468195964 6.47564135243492 0.451832581258123
3.41137598807315 6.7476675242899 6.72533916036915
1.51166119542167 4.79659312065917 1.85997950746449
3.79498503384895 0.754531433309665 3.68347781575426
4.67700124585845 5.80279040465093 -0.0651173918067094
3.15100800535437 1.66122645527693 2.86014233151363
2.76237488745879 0.955318415959543 2.96530517535529
4.01438296793642 0.322461867212305 1.62766841185958
1.45696167922768 4.42347085507643 3.33263088240177
0.738500757765301 2.31940070826288 3.3051900447372
4.34607292112502 0.20077836212372 2.23481265690874
3.66767794465893 3.40964176433065 3.3798357587276
2.0579358594941 6.3405066791465 4.23110835867114
2.20678305570897 2.68767642902366 3.10146455525247
2.92371677298215 4.51674913650468 4.48593887808947
1.1424192878343 3.2580823304092 3.43300158561982
4.30951405707978 6.93977813189557 0.771558640197732
3.03971902584112 7.41448126217011 5.01077609108813
3.31252277653281 0.0107849598776211 2.07822813031967
3.34976219281842 2.13582437801223 1.76260968651588
4.33134521247039 0.701693511166539 2.81773171005653
2.34528418259637 0.657034241049196 3.12184462547862
2.54602613409575 5.45964972045098 5.83105452334368
4.07110607074233 5.69834183219329 6.61388840856274
2.36452638267789 1.68536370533015 4.35668274201645
3.38234337194918 0.644218454200526 2.66897184544774
3.58315315088169 2.66537577847564 0.45716391453471
3.08466203535207 5.53558253730473 0.808263985053309
4.6514545355617 4.56730839053722 1.10933402886991
2.82466319770127 4.16898214780647 2.39430843022983
2.69696960303563 4.614184710044 2.98987841837625
4.00934343442577 4.73288728671872 0.045397432449166
2.95601905860342 2.9609741206159 1.20674849090935
4.06145915288563 6.78927490177963 -0.632791024216803
2.26787156740572 2.78939020584933 3.36091747312733
2.39050201241714 6.49972908102191 4.67512700963025
3.74873762646662 6.08727640222589 5.67503216632603
2.2328583078488 4.48418702571849 0.285182321240036
1.78762327730738 2.53290588677419 3.26074545624909
3.31171884260416 6.65931890237604 3.28615151881999
4.67114941817625 4.35642894206547 0.951516153287512
2.98016049482104 7.30116548942846 2.79396832121419
2.74307973655718 7.46906576562681 -0.0258817011977289
1.99429108921631 0.541428991207854 1.67563554554342
3.64654622451476 1.29864566378268 3.92989904666202
3.20476393614961 5.76768228300486 0.143774379675683
2.28079220851394 3.23901824338229 0.4471121982588
3.60704829693108 6.40108166866498 5.82390615938062
3.90487304854479 0.396418191309266 1.35636996513114
1.52876130862673 7.23076486208019 0.437734776227571
2.61951992452066 4.30840164752525 1.39194658813988
2.80522090042315 1.99292191865132 4.58858983983907
2.13010277693629 4.32748892091533 -0.218054592233793
2.79010235618272 3.79524978036247 0.127954657847958
1.85456098967446 3.44678126270959 2.71560921996153
0.890824866286671 6.72656081299662 3.2440143109969
1.90275587312875 0.257732874676825 2.55241464585126
1.52359870267092 4.28389319805966 2.47718041650828
2.03608269865264 0.201217307060858 1.80608624403614
1.03802479315301 6.31444217555514 3.09477259874134
3.07654746217299 5.57489707502699 1.59550527644165
2.18996940276725 4.03489676361635 0.984360299227377
2.76637703909555 6.83686666429855 0.148256581690677
3.86567343394927 1.26143243978914 3.9801243501782
4.66187822852734 4.44680561927317 0.0850395247626988
4.23998987066162 2.97436633132194 4.76228400342298
3.15781867054798 4.65119477464137 6.66504228479261
2.89383127492752 0.685018840235101 2.85142344643929
0.974018516031437 2.55840976714259 2.34910446664982
2.6079951176446 6.76176319537953 0.446072348970573
5.29590158871735 0.787238614662278 2.96012517705539
3.12570612372635 1.45619176879779 3.99207224783857
2.05467076218476 3.99172056170617 0.973359501042369
2.67435348300365 5.23762049918013 5.60671454153994
1.96346535189228 3.26054197832087 3.52156353212268
3.85882917397507 6.53670027775529 6.3274051568852
1.00379606126413 0.0334200878209385 2.46128572984097
1.91086575301064 2.87452239944132 3.70149766725359
3.77914674418063 0.832637999977078 2.55281480686903
3.72732613596827 6.23941302518505 5.17879852386017
2.81866981392539 5.1558480660961 5.71494971717097
3.88663518207828 2.31912254792529 0.642392341011675
1.88217409130236 6.24928718255067 1.69143991971151
3.40689550583191 0.785550803194515 2.94180933624204
3.50068519759326 0.859623100872173 3.08428363884994
3.44894692168549 1.30810503500294 4.43946018182631
4.91572138893782 7.43300382311379 0.17630081188669
2.44775377904355 7.2017644321166 0.314662522054384
3.43625530317503 1.51124846918415 3.91686932380659
1.63023876995079 6.89390801187174 1.4446465241817
4.50364465095165 2.34530818123934 1.37464802399907
3.08196322990922 2.80019982160334 1.14854319173005
2.85821985325255 0.334749966151317 1.4828730749256
2.92193661447228 4.05468579861007 1.85753547517759
3.89678394864435 0.963107416539517 3.48473952162048
4.21351010737065 6.47272244701797 0.542329844505179
1.3621502781007 4.57675859737551 2.35072114782809
2.42906703256163 1.8495448939419 3.32058393586311
2.35239622966007 6.0644462428804 5.9594871932131
4.51534951624152 4.01637301350667 0.995899164451963
3.08966296207909 3.66308997352438 1.16902899593908
3.5804390694704 5.13664186061252 -0.0301299826311992
3.9117912994087 1.81921484641104 1.7590552106644
4.49222599222685 0.656916589226845 3.34822455874019
5.58944522653843 2.16631323146803 2.40994898598229
2.85327099671678 4.37747910264342 3.72463115597824
4.94877380199665 2.43777715505597 2.48448557831671
2.60909291685058 1.96551886572923 3.93378601846992
3.39357392446328 1.28717744220604 3.00396713156333
4.4324750873514 3.96213780543293 0.771766169367326
2.32954010094028 6.13247223654536 6.96041170568072
1.49369501085694 1.52740189980081 3.2365237526754
3.14718672482148 6.60352452690455 0.411881499262955
4.04401095264914 2.74305489111511 0.417562434697594
1.00585045244268 1.43450464696998 1.91460895364419
1.88947093218776 5.72516345802742 -0.251111677950071
3.44785391025769 6.44714510545361 4.65436125986078
3.92119169920978 1.18420039068167 3.72168650584296
3.23464569707275 0.329770676375827 1.68092314539048
2.31438250331627 5.44099570822151 3.13518400339103
1.27712600607435 2.04994711614592 2.60032948058297
4.12348870478916 2.29743320423096 0.0206980460821775
2.24054653682541 5.35140360166248 2.62172236886972
3.29801383773335 1.22770609270886 3.37191463586281
4.13404988319297 0.469318780104225 2.47415451490142
1.86937923544864 3.86711084052051 1.69184690134163
3.167080566885 1.25287180786033 3.4464648409169
3.31153363170293 5.06095397680835 1.32125190934769
3.01237300078164 5.7326156922822 -0.206037161258102
3.13736876056109 0.274995740566387 2.15365277803898
2.00043691915146 3.93223338763719 0.552664982534948
3.70672845858004 4.85249678714905 1.07255292042326
4.56504075083862 5.96653892851173 1.36287616182337
3.83039516618997 4.90662412564404 0.859121086958106
3.64357092270367 1.38438148298763 3.98634324976015
2.82828252224806 5.55589704299419 4.44391410120847
3.39255843773311 3.13762175301758 0.833130761736989
3.06820907569896 2.35555721653915 3.19312427495294
2.69333027978477 5.27790775638182 6.08489221042421
3.27313037481279 1.40420826171177 3.61424193185983
1.9649837687667 6.57433036826417 4.45448950896802
2.57670906628787 1.18515068932886 3.07833956751722
2.03147165783575 2.63644099768193 2.86689838783833
5.38067722597997 5.90289037322844 4.92270902268942
3.00362827180839 4.88872130940084 5.39828912189417
3.06774531324257 1.72711716975569 3.60645671413121
2.90231634430352 0.92701274419218 3.17011128201013
2.00271395007548 7.34657765614088 5.67679187484914
4.64864402122066 4.39870366489378 0.144200308998822
2.69963790181527 2.29312661336945 2.60707806061652
3.68963796131646 1.93588648290272 1.34107291535648
0.958708094806127 2.51020711957069 2.28877228069596
2.92197707736749 3.02847195862649 0.160986422530687
3.61114587084719 5.88008262002789 1.38771975765497
3.17736465883746 3.38429176817563 1.1402120242329
2.10785136496829 6.67882336489193 5.80411038139044
3.42904621526632 3.45662293134584 2.68778054190575
4.21220265438807 2.14342494713668 0.608426793697038
4.41125718486193 5.54674073914335 6.33631388775682
2.3672490311396 7.34437895496535 0.405063056518602
4.51123770978256 0.102253371866607 2.3208954793863
2.37201328086774 1.40734299125161 2.78747736099946
1.50898851758883 0.576464349340677 2.01756525688873
3.07372879076913 6.01937227292488 0.476936828739426
2.94942191801171 1.96738030119046 3.46409670600176
1.73687317787391 3.95628257169679 2.29807704745
2.31917886435381 5.38176596025383 3.91086265202347
3.70826474979551 3.0519298132412 -0.21170020747777
2.86543962669774 6.70506671353484 0.752843815856149
2.96509384217151 6.02749347694961 -0.873473137432637
0.94611264591512 4.2532304425277 3.25898671258672
3.96499792673235 0.0168703745563521 2.42852665021991
4.56489427006308 6.68766722254193 -0.0374125584082134
3.98555891359039 6.07937957452141 5.43997617160334
3.18752045803589 6.01941939093149 -0.835023683607317
2.89025496169788 5.48166372865434 5.17833995255007
2.47673613866683 5.99203083913091 4.98480585134857
3.53098387684755 0.30734980847 1.18775341966065
3.82507485298611 3.42664657284419 4.29138144251411
2.01559038211613 7.44371015306918 5.63876688053583
1.6170004514784 0.0338334401042113 3.11739922716022
3.71446997757735 3.08024211398731 0.599056923544048
3.13013646053318 2.91561471908968 0.423387130382702
2.38428548626137 4.74967567529241 0.973930869177685
2.39548508004082 2.4280690320059 2.85572314408756
3.64939531357079 5.63242765786253 0.450465720964157
2.82042047117559 5.48657508964372 5.88963557345727
3.33821851035723 5.5379432853799 -0.43676497459828
4.43945365036359 2.44589843919039 1.26312153000668
2.52009790184504 2.67924886695802 2.64267234192119
2.49436888304846 1.84261703837574 3.90177112220251
1.83408839550369 2.54304792619928 3.87793031926572
2.71231587007314 5.49135705543095 4.85285722926553
3.71554546027663 4.57407175702878 1.62263526565275
2.0160993945 1.09247849397124 3.158391046203
4.67771711457842 0.915601712930465 4.22091597763263
3.95973527432273 7.49420895380445 -0.455691158885675
3.92413514096157 3.27570282394052 5.5498353291865
2.37694267397758 6.51564253285285 6.2524496050132
4.30224190917752 5.43877714205284 5.81244635155863
2.55099505956929 0.628446487745432 1.9895402502208
1.71446091448378 3.23215687158419 4.01304161828878
1.90423118241903 3.72338437386684 1.6512892585352
3.89727741195042 0.988419293856855 2.66652559367532
2.82174339225077 7.46420913916483 0.26143024333555
4.10496337348387 4.89542892022026 0.887159322703994
3.05119068881562 4.94506755376961 5.52751629528341
3.66106697112371 1.325137719568 3.50582281803006
1.75725036426702 2.34785204007293 3.49326530715497
2.9828905610613 0.260462010977844 2.71466904863227
4.01938925082097 5.28990796426448 1.27451824413369
3.11032833017936 0.157734545345227 2.83545637190751
3.79658430303674 7.22014234552868 -0.275637654862007
4.27868859002804 6.27437071752882 1.18714894588151
3.33760673401316 0.206687954644414 2.14200011854447
3.91904589010185 5.81266705377717 6.19222217449718
2.66557966601361 1.26996325898922 3.50394041333655
3.04111043749142 2.19332289205016 2.79351995795187
3.08321302723852 5.97818430931457 -0.302213643103036
3.87333959681805 6.40083567983473 5.71909491189931
2.88954805463866 3.81286591167039 0.981192878649256
3.18282834880249 3.56979031817771 1.74787739650938
3.07126530584347 2.4701371630684 1.74451742210852
3.51610412547352 7.17117081605372 5.89056972563313
4.48673841150533 3.21610315718293 5.77518393934517
2.42014650052376 1.27654157645244 3.22893569239501
3.05027245822987 4.81362198370624 5.78196153317543
3.48865888666476 5.04534585389195 0.132904124759682
3.2014976799442 6.26025622279031 0.154413607785895
4.65565629444433 7.30306440907799 5.59911763926035
3.2871325065206 0.512705910424648 3.87154400417083
2.68244116225545 1.78541942673769 4.46885136110706
4.11607729284307 7.34047337758417 0.459408872921867
2.42623326633777 1.62828437277859 2.80457401975436
3.33892326656441 5.9985246861805 -0.0263643390989693
2.19656292741863 5.54052758130062 3.46928348737661
1.79107278755158 4.95524390308367 1.25868043834159
2.31668089913681 1.22846167569092 2.68668715947149
2.64358291052529 5.41050167823889 4.89339470718137
2.01358617819523 6.32236755574791 4.14737325892766
1.96530798608286 7.43583392985177 5.90270555323765
3.68903227961587 1.93162533961062 1.42789322962524
4.22954649117605 1.07169267201268 2.8651135724531
4.07383201859152 2.87556172400198 1.69211677419234
0.895279221298782 0.371365741656407 1.2185712675434
2.85888669887313 1.82498668831505 3.22077145387523
2.08158110181303 2.76036256663084 3.80320169335525
3.57154685781439 4.37069492691501 5.07772671822066
2.20393609580574 5.03278715282102 0.498024314712651
1.74701445578656 5.57765756734663 -0.180963181163039
3.33465338278347 5.51066226772008 -0.418653830773339
4.73301302932569 6.04694720551318 -0.213348513475823
3.57064739984538 7.00790964554885 5.71425646463541
4.00914444737977 0.186802648437892 2.38725015679108
1.5978417405667 5.26146162738108 0.23732617152108
1.57062251978155 2.25199849389593 3.80540955662076
5.16325986219363 2.82134473088073 5.23584428604118
2.63710719566547 6.33341537173166 1.99006390653374
2.5083396744306 6.1887257798255 4.9972900379062
2.42023112118083 0.519886561835197 2.22814102789605
5.1355511395574 6.3256907355855 6.52001447527514
3.72404737870365 3.91427895490566 5.63279123244916
2.40898710683388 0.720509478158821 1.55986779616574
2.82195589612363 6.31860551934584 0.204537059593275
1.6601125264364 0.988085411128551 1.58979587103231
4.20136273015761 5.930915133529 5.38967547151491
2.87067595610612 0.81568189869059 3.36990478487183
3.59159582855648 2.44918852522647 0.835221153846315
2.63288481191564 7.24072198008827 0.106874817165531
3.06994810046126 0.903960250466026 2.92474919357489
2.74969243888169 1.97907407202708 3.71537013959677
1.05754379841781 0.635387655906367 2.55992070812012
4.24333574337068 7.23637440356655 0.235901397167795
1.46611138323757 0.295547301907568 1.55857643192593
0.932446143265014 4.76327114042321 3.10470422642924
2.75687592342157 5.14044920460529 6.18962329409189
3.01036211455047 0.0934458061516921 2.92335620342666
3.49010684913544 3.87340975708413 6.22753518068349
3.58830979558235 4.78267720252986 0.3436176125465
3.52732129642213 5.56798009311937 -0.300688458775552
3.20375753374028 5.43065315759731 1.18668770261794
1.94597964201882 6.86608780301238 5.26762411911608
1.89720848231895 5.33769032764625 -0.122221646954549
2.25683214616833 4.08323776850249 0.91180002114779
2.89113878624454 5.9334748610263 0.64687902303587
3.57764265310643 6.45819806846104 5.69221831156793
2.26598528017458 6.14771232849979 5.59548550209761
3.88448836644195 3.09740105414156 2.35354390885171
1.85098038923887 4.61219339699363 1.7037064399419
2.5089858981104 6.5293360051396 3.53691733994176
1.69122586751212 6.38771928357279 0.423608872236135
2.85627693527756 5.54241490217814 4.64241844320153
5.48209000408487 1.82072254371185 0.852035192168784
2.77106782385737 6.03265167461039 2.19714630383647
4.81787423107706 2.85365231099103 5.82849648347131
2.39714403235178 5.44180643609277 4.99448510936693
3.05253750640129 3.77746381118004 1.07777540015991
2.86765941720786 3.83026961720308 0.0077327450456538
3.03065302480987 5.48536348536584 1.71017859673193
3.04515079002464 4.80015330459643 6.06122616912479
2.1854905893535 6.32910163443067 5.73366395566777
3.02628597082388 0.707216470185426 2.1826712157963
4.15031735429476 1.27629201482992 3.57972306120628
3.90151572539127 6.38920904066286 5.66672983434489
0.919733469190319 3.37927777590401 3.1124488906252
3.79678393519374 5.34741177617313 -0.0998514162616752
2.33119769166234 1.00877046456488 2.68307326303906
3.263526104716 1.80414923820308 2.91892936113959
3.78986718282473 0.310637025635613 2.66590410450905
1.88068631319045 4.45408063020377 0.763463935489184
3.75212246889981 3.97879755938727 5.33900856462204
3.35049776649018 0.236164081071458 1.97204486516412
3.71812554824436 2.93628346345082 0.778647270271339
2.28165645159839 3.37563804842628 0.904967577303012
3.41904710599587 1.10382489536028 3.34396421552986
3.5691235490576 4.25870846723463 6.11580284274216
1.58379277723295 1.82067381883 2.71315784184862
3.5573800052515 0.630670774504616 2.13412246464569
2.83516116674894 3.00107367098307 1.08697300570589
2.41873211607839 0.301100192133893 2.49425328969026
3.46971039860178 5.84736231253419 0.835694062607901
1.39300406146427 1.94567564623819 3.06024937268041
2.35095670197328 0.742043754494816 2.47427503931109
2.48796466598067 5.96523165733462 5.24591961089807
2.7364577453525 4.00738085858016 0.240355860254423
5.3797614334027 6.93283497178593 -0.35698753336834
3.21690617656825 6.68390050575005 1.9921344508019
3.0660942949412 1.10644995574842 2.45048446608435
3.32166661791182 5.75179923221368 0.455777750328826
3.79715412457476 1.93093667732249 1.57814888678011
2.64270746351541 0.643055288951812 1.5158902098573
4.0103841974184 3.72914825776085 4.70352971689365
3.45820237348382 4.37300032725647 5.08122246256712
2.3252100900008 0.977080395033139 3.35027524749705
3.40196257540255 2.11870106720811 2.1922189118804
4.22214827662036 6.35398037271687 1.30872872985656
2.07137882582899 3.65068735434942 1.34066023683694
2.57869212027353 7.35221475608552 -0.315049732931751
2.4516992048545 1.80566004163412 3.96514924587536
3.51419179280185 6.07756795343626 0.921698059782224
1.85967300018793 3.64004855952977 2.50635360958608
3.94373598246864 0.358003937509733 2.30478828494794
3.47317082163625 6.11191958420025 0.918557855902984
3.49882106247855 3.82984188259266 5.40605964429677
2.40169936582694 3.88597988595292 0.297059631149864
2.66996271460646 4.79780697330278 3.87622098628884
3.66758797099539 7.48282784323557 1.10349309757363
3.77080420554897 4.09580060437096 5.58615839889629
3.13994510896657 6.9519570057354 3.5119303404481
4.12102152054402 2.55327922545789 1.45160972300112
3.6958850551154 2.12983801915439 0.278809366313905
2.38062722072228 1.48315305470059 3.01133370527875
2.86653777017416 6.99961769685799 0.558167235222982
2.20226113427716 4.37198599522837 0.866261417981733
2.4530866050613 5.07714058159113 3.98967126324522
1.74356820101243 5.50271316663569 -0.0842560410921636
1.12845547098914 6.24891026520451 1.90276817682438
2.73258641531401 4.51015584733376 4.00573400164424
3.20988457012914 4.2514066058662 5.26603625179117
2.13305504106145 0.5379288891341 2.60245855929764
2.64052075899103 2.57497450574856 3.02905848989012
3.1175327995618 3.8053423747998 1.40315443560078
3.95447184896283 0.975658472766758 2.94110947027899
2.12854901695973 0.620815732518349 2.54314092369409
3.7850805754349 4.73097982714796 1.5401783472666
2.71809361901724 3.29289273372119 1.48259141257608
4.23002021062889 0.41488246246087 1.40318112491448
3.29081559686879 2.08893679786954 2.62878669864437
2.53787578052856 1.50249060360254 2.97796826530198
2.33769247702725 7.26954497942587 0.688088094081566
2.59439863340631 2.99102807242193 1.44358348397736
3.76105036699506 7.10816880655439 0.39486333110484
3.71372320198288 4.78448943386417 -0.489011834233027
0.940432154349594 3.42474569748097 3.11043103331662
2.20614581700433 2.50811482613406 3.44342006741795
4.77960441460459 2.29621899439911 0.0431544355330564
2.92328421130979 5.4730252902853 4.42682805464345
4.05634512133417 5.99706024973971 6.26562720245006
2.42410112129834 0.317451950630312 2.26669706198957
2.98650097847932 3.40660808852683 -0.249869835944414
3.58978874243513 0.505657584013987 2.62502696971941
1.86855634189316 5.33592852514746 0.853702581159151
3.00104851565962 2.72989063298861 -0.0417545269159671
3.31258701037696 3.95117892049961 5.33367454405039
2.93914287365893 4.01060116040701 1.80702314485427
3.57145410320315 7.09512528878626 5.87227564307321
1.83955220808494 0.582454219878851 2.9513145488499
1.67896924047013 6.9174011349075 1.50580630363749
3.73715102696373 5.21557364826143 -0.00759408815982752
3.31723201846888 5.87759002419062 -0.44115621498052
4.60123387634683 1.23577045236285 3.35188394090467
1.9876757494259 5.37803471783876 -0.522938958961895
3.26900993727406 4.25648381179834 5.36822729231139
3.8009138193957 6.5796823590724 5.34222490282118
2.29283334081752 5.65381818537695 5.71039440126168
1.4955330316708 0.48940403223558 1.3551891404753
0.366194615622492 2.81944130127189 2.1459011280682
2.09472473152106 6.83896449513118 5.48256732520441
1.2521278567784 0.0778284655184889 1.7718477891716
2.55552217130162 3.77911790863617 0.291956973235908
4.8401366749345 4.8867856009238 6.52450541848581
2.87170339656428 4.95858248012784 5.60626419652175
4.11607863458123 3.09076191915682 4.76496904420757
2.64230679331884 6.35578775184896 1.83841530043402
4.08459022213919 6.57305442964393 -0.0208636498684901
2.99051580034406 5.43886858055821 4.14113433402987
3.34621856372003 4.36887754199741 5.91229729938886
3.28475572275496 2.7276209062534 0.256263406996964
2.48384415521068 1.39685981801858 3.33051375695697
3.03638850312798 6.33040935275603 -0.112125992601557
2.97374062641854 5.42545139651651 5.10463984506608
2.97553429966556 2.8516549802431 1.04140668882425
4.21657867017317 1.73030676428004 1.70046962290469
3.75871740837567 5.50546687090313 -0.165746438483887
3.62324231532718 5.93103535607808 1.79981956769801
3.54785204750807 5.31484083661698 0.887956054248245
4.19869671575538 4.52718162665365 -0.514812976320994
3.86737433782909 2.32127973245614 0.448204001074775
4.38714336939896 2.88692546602429 4.29158583406451
2.57863220527704 3.60727396867796 0.402875467157799
2.64127520113037 2.50150779123689 2.75673455161588
2.85392679683687 2.92731383836248 0.995229820115356
1.46485797793573 5.61482861747476 0.501105687700636
1.05607352566614 5.23607200531895 3.65203679172068
1.9009920914592 5.55564714073499 0.471080942781284
1.31974333752861 6.02972456379031 0.888869170767147
3.63036734460406 3.29567231239559 1.90309889044956
2.31199492098454 3.52772756667953 1.12578408855006
2.54165559320077 4.35720901734609 0.0689335633986291
2.31629754638795 7.09776825927043 2.97445793375737
4.00092512469125 4.53746721472737 -0.718001212382156
1.34117709106453 0.244374099041095 2.12410336301132
1.88343886480178 1.94751023047704 2.83305117828377
2.47021679874913 0.829428941218302 3.59089905977433
4.98093809248068 6.98115962105836 6.73708257488707
2.12073425013512 1.49846733092971 3.30003438729642
2.33731404541903 4.09332373541644 0.519172543503118
2.68865759103423 5.65966493400372 4.87944473689245
3.19039976761983 4.44682507768016 5.26264998337143
3.426208312362 3.9102857664441 5.44736529580619
3.40678113161809 4.72308402709227 4.00695866896042
1.8848973441394 2.46146916461467 5.13364157631276
1.71965532319938 0.29204109805595 2.09214312903502
3.63520715665231 6.85546771798539 5.64785057096729
3.48678192715272 1.34629940654052 2.54704143061846
4.99113550240784 2.12753378338901 -0.0940567501673201
2.56960378903687 7.0793949821076 -0.113276731103531
1.24000008235414 6.25824506960869 1.52879554510168
1.8871533533428 3.97621862221327 0.817953763899726
3.00978049650016 2.49407370470065 2.09285293559313
4.11620573839236 3.23098001939407 4.33953629708094
5.07100477832783 1.23720970391113 2.48362303046798
2.14190757378396 2.28582413930421 3.48291927315699
3.16090865291364 1.93763366330276 3.35860315042221
2.88951915007569 4.96891148387367 5.73718785102603
4.95670697433186 6.36418439344811 3.70535416711754
3.20505924206259 5.15638617721514 2.50739641342108
3.55045803584872 0.569817935068655 2.01703991040106
2.42386367872612 5.52938126293514 5.06953188247094
1.40310042593705 2.51978181968046 3.56777505021918
3.07510536328816 6.26717980249628 0.835012515214385
3.73995504452529 4.8541728289128 -0.366487576971081
3.07035856678138 3.35951176735258 0.0882122363983449
2.91587719989801 3.63150480817336 0.21024808773368
2.2694617444703 0.930792478540956 2.39781137667408
2.33430957443907 4.63724595783512 1.08577620372398
3.5258050085504 4.72240008779279 3.17827750826049
4.10940994195786 5.43918320337107 4.51639213241103
2.05478632123013 5.55444835843111 0.889341842690068
1.25270637303093 6.85172110918982 0.42952044504429
4.0620604555812 0.104769504611811 1.18841609090436
1.91711213087866 0.814958953837817 1.73053112052492
2.81430209609412 2.75104987800115 2.13421745519988
3.16419063820802 0.101089247697887 1.47468944944348
1.61720334997935 4.60330529587411 1.42915351600106
3.2976106346626 1.58104475319575 3.36898017650064
5.09152007161241 5.51367363321972 0.18838209466484
4.05808038517204 3.55181863588042 5.16683143662851
2.44497141298103 3.77637339036957 0.910399890500215
4.25099665026038 0.108227800501699 2.10840868546567
3.06639759212539 6.16962817423703 -0.392369887973086
1.70384753768136 0.730446187182546 1.70044988171057
3.46346093978526 7.21814980684773 5.68217201766774
2.34232964836069 5.71158832082528 5.24443474537637
1.23551217286146 6.42925201766302 1.50493846634603
3.42003497364729 6.61332022717913 5.49955280787775
3.24164621471796 1.69111471217355 3.25868479533948
3.72923866757234 2.08055732500534 1.72563504482459
5.09482513534739 7.16001699353927 0.803684701073079
4.02923694003759 4.24455447959925 1.76364238130712
3.46270859788148 2.15888623674345 0.825693376572315
4.05696310863369 0.107747515130829 2.66247574532876
2.35512369370819 4.59421423215279 -0.240113675434246
2.0102720259889 5.82127942582717 1.52038310265365
2.64539782346545 7.03334431508224 0.385552090588892
1.83175818982917 4.10148027086635 0.617460260447291
2.66618602156406 0.229421150160292 2.14069344471087
2.93652026532647 1.43292805774124 3.37677327435993
2.99232957034616 7.13869781639234 1.19235387054438
2.40145278315876 2.3014131927837 2.66049214408349
3.78663143534109 3.10319967710346 1.95263631876918
3.71505533180633 6.32510118381921 5.86580682754042
0.522218345876449 0.194945999412973 2.00375606143526
3.37349469477028 4.1990531828976 5.88368812252377
2.44919014680964 3.60416920187286 0.506025958669876
3.38047977355715 6.77994360828903 4.9788608979853
3.07832659100284 3.77512074599611 1.79832792216717
4.9429200142759 2.91703771898695 4.81171599811395
3.91040928253186 5.08371428184026 0.289930810118614
4.36774611662341 5.10951431880571 5.24225658327563
2.01560386328579 5.16734851908357 0.992179104587044
2.27860537867854 0.0922888035217708 2.15669969471946
2.57218074465087 2.05811117122865 3.85807918600572
1.34412252376758 0.0822771559802904 3.00662247918043
3.36960304578778 3.40201589476368 1.6411638223378
4.40290409865723 4.33243289599037 -0.49940963002744
1.85282043429713 3.09239540597891 3.53135443783656
3.19018815159886 1.67822869129822 3.18591985553777
4.08433581562977 6.528185627719 0.853921331230078
3.69700888572703 1.820843269062 2.33654697922008
3.66227572374638 6.22718861443678 5.96519920568091
2.59275878222977 4.16980424184643 0.874953195881119
3.36550385092541 2.12135600447291 1.36369779158556
2.99959227479315 0.630289470744266 2.2918815284878
3.45398509466398 1.96222202558177 2.1422115556057
2.96975308618328 3.3560144924094 0.515415717685637
4.48691284021189 5.17634397601878 5.54010662337221
3.30709403861229 2.19891581932263 1.21970376329877
3.59422792285218 6.28072231418634 6.23742326358668
2.56371677277415 2.7909916991429 1.9143924704021
3.88538194967634 5.2670188089304 0.205181587357069
2.59805745333556 4.4207229394141 1.8362601889761
1.72007730630778 4.35491018881337 1.70392971570067
3.05836817225862 2.23920100316756 1.69502289405227
2.92797442755681 1.87616577737911 3.17618721213564
3.24958600109472 5.02068438591134 3.52649044347143
1.72192417802328 2.16896950499239 3.21548268199642
2.73700678506542 3.72898095713956 0.523547782320783
1.9461534416635 4.53253572287555 0.233491739390806
3.91905498136979 6.39259215757116 6.09396326866704
2.87175572460787 2.38766759289111 2.89158471930587
3.19926532153947 6.66565182020225 0.599606169197382
2.55501446283672 5.4190795403442 5.84694990554188
0.922766315318422 6.90868213302214 3.63274989292529
3.35250647327812 4.5339519848483 4.88560558003321
0.123691596232801 0.0964055655613905 2.12425438303096
3.6798926167926 1.37941791901061 3.00763751461331
1.94387388967758 0.709861463899018 2.05288764379324
2.4582856850435 3.63649647539351 0.888466601033437
2.88219135177669 6.9392640780129 0.419377119794545
4.9734401024811 4.66971497854111 6.13525440405404
1.23229575611935 5.63798840236501 1.90028962386257
2.92390183926422 4.12379535459114 2.73669902503683
3.54430259853468 4.35780988634849 5.76823907733282
4.64759973072162 1.83645884640082 0.404051156324672
2.38595976783554 2.83783369021276 2.16065509014793
1.47032206618725 2.25185145371652 2.20530689224346
1.36002607594678 1.18231221955089 2.63172919187024
2.514296588416 1.01560639874815 2.88079238750827
2.22746165605648 0.317400699436585 3.10255986756441
2.92426549416163 0.11039691030209 2.65478994965012
2.81277104185871 1.47567656623933 3.89800912682149
3.57751843210378 1.28006516203045 3.85435355598015
3.09920550403452 7.28303976074886 5.86091790438603
3.2233194550829 6.91963175248324 5.04406213546111
4.54760038931275 5.42304695898717 6.75149626921282
1.27018731480744 3.12799847974538 2.91527709903023
1.38360166860219 3.09260414326747 3.39102607464938
3.20355417915714 4.58713580391452 6.01342641139989
2.63100363566947 3.4070171408713 0.711074631742815
2.68603211541796 5.00186146375978 6.49748975783097
3.32284586812953 5.5240845309656 0.868094530499653
2.93241986821413 0.488586086111399 2.39158798409814
3.59037186298894 3.61740757416131 5.27258622415835
3.09865009642661 1.6714135954248 3.27199002490467
3.46433044408976 4.38866152672917 5.73388275906427
5.0329230440857 4.91727962023532 5.90283683761284
2.83632936104517 7.45006460341915 0.237645908449069
2.32902821219029 0.0182283048710605 2.36935144885757
3.96953464037273 4.61049604284589 -0.0679762589968939
2.93857580494378 4.52725700476152 5.63276120327061
1.54832245118338 0.187225218111397 1.97367381695742
2.42369224335968 2.23042222164042 2.91460783121261
3.64254608792881 3.82029975578214 5.15651487125454
2.90830802090996 2.79790017295201 0.67434916664061
0.943137482069742 5.18994127466798 3.00633324930001
1.89921044902301 0.835979046179273 1.17986603866996
1.83832289726428 4.37726098795635 2.60341090195198
4.15850597162206 0.927989581543421 2.6594743958142
1.21692717027221 6.25791151993577 1.34324430511204
3.77262264352754 4.35055666709606 3.81507277864371
3.08795002877726 0.0451602496532031 2.31481967141926
3.08656329857122 1.58416819470713 3.74602501454958
3.31822354485522 6.39069124692374 0.902115871483736
4.92095741690296 0.698628256543067 3.30638662780234
3.46769138996206 7.36756164216183 5.48677196076019
3.233527869291 6.0625644044125 -0.23375848176086
3.26006817806105 1.97687548677949 2.43690784052338
3.07853539174243 2.78751780240388 0.488729634092287
3.35740077271726 2.9954191349439 -0.0852913188004522
3.66658095588076 3.79156751727982 5.52742555799013
3.06594767237782 6.00019371911457 0.142596805606931
5.41928439151264 0.235375027383418 2.17312871074898
2.42199961998078 4.76893232039229 2.34602091706729
2.74312190928027 1.68667399719609 3.63554692751242
2.02367265436362 1.90764102014961 3.79069491714509
3.68213216429787 6.3605226904976 5.96223239714288
2.19984085443517 4.03329467552482 0.87693242897486
3.9291130346657 6.33485615375607 5.99066603575666
4.13926800586476 1.1877197570814 4.10154835160967
2.62813591061548 3.54172771829429 0.652088441587978
3.19543701840743 5.77506442591755 -0.629343240447067
3.11655444403817 4.85400743803675 5.68674083380835
2.90657717034787 4.34785674292281 3.39110647198178
3.01752410065562 7.01586463320172 1.0199123692471
3.66492428155353 2.36433910967678 1.08657806757162
4.88661637804249 1.60670917001275 1.18241852992062
2.61844700874582 6.51370283979311 1.04131664296566
4.73877282072523 2.44332697384661 1.42093869513844
4.07848437624272 0.663294032553152 2.49934038332409
2.52507699893765 5.11464059695848 4.69592014895585
2.31510218152108 4.26658416832874 -0.332459491078356
4.77901292061094 5.76462405838851 -0.101322495694404
3.21710199207876 1.94804793248047 2.88930778073351
3.57404368230582 5.88563453002619 1.00600751272994
3.64488206878316 6.62367279947152 4.63780359093246
1.98117472840282 0.847080838326939 2.76714511841741
2.51048468565884 4.14525555210913 0.849480739005937
3.52497988212382 4.31677515078812 5.47708858374639
4.33756662797774 4.02250174427608 -0.411987862130492
3.5457387233467 0.542654394313202 2.33788493030035
5.40590743389611 4.14610164880482 5.10043123399771
4.41134265120471 5.24508631246792 5.13927008185567
3.87337024477257 3.69229212579614 5.57243702388442
2.37249662912637 1.66231297313914 3.68456586498115
4.98871272208078 5.95771502608494 0.420839682309223
2.20220065978513 6.85268896749868 5.90484454193956
4.15716650273696 0.838891829375039 3.0244810431332
1.11571461709149 3.31314392277161 3.23392653450387
0.853520900538193 3.53850122652953 2.67859280032228
3.81639661999666 1.00134936907585 2.80920229477023
2.22115586537279 3.62244040100931 0.773289369940495
0.975986564748797 2.58645320724013 3.23835799940793
4.73127144906602 6.05292234740663 -0.173802939646493
3.31836295389502 2.78703796854651 0.734018496927267
2.65685136774971 6.34504482026797 2.16925569941678
2.69405561516121 7.39726634093659 0.814094770522556
5.68973105314906 1.27261885803734 1.9477439978685
2.00232942240587 4.50610147001381 -0.0197253903974104
2.26321810429368 6.64481311337777 5.36362444942425
2.7349537777669 2.95030277476051 0.514466559874261
0.991735545091493 2.63435311683515 2.99981201987293
3.23279868460873 2.56994270464651 0.742849155664348
1.19060478621228 2.2325417415047 2.68113707125926
0.570451100513708 1.87802478389741 2.08072838491458
4.37326054300378 2.9192246047867 5.44788909575654
3.51994109626232 4.17677651991327 6.22551744427208
4.0371118931713 4.25204127938146 0.990322051294071
2.17822468622801 6.58364465179907 5.67301937852011
4.60374013939423 5.94351590387392 -0.537400879727716
3.85905178997104 4.06869953689007 5.55143874344555
4.16643871427264 7.19681232563887 0.0744745953128518
4.19371281140164 3.07460820255386 4.60670693050636
3.68367228347974 5.89215100490855 1.55052875434553
3.55811205235502 7.3992351511481 3.10216043031574
2.5462218146767 2.81911993953867 1.37427305172184
3.15109281484606 6.21060613484056 -0.525772331447932
2.4567396699267 4.48223741587127 0.493187871657163
1.85578815570402 3.64538043266271 2.33333010504916
2.75509021629304 3.15747202321757 0.57069610290424
3.61607820240967 3.58343061729463 4.40063620979993
4.9913875874033 4.15402749832784 -0.561135693588301
3.81246295943019 5.60995987686803 1.24500456375535
3.76040907670637 2.72010023959189 -0.323933850183233
3.89595588953256 5.28065750885619 -0.0512462553930406
4.37932742064148 6.52428610129484 0.63810528608618
3.01666064354947 6.29900631077655 0.282545669721311
3.81124451842095 4.0839778609952 5.09271114936869
2.67711807489553 0.947463747246688 3.4770582162974
3.62944703690435 3.28155742143219 1.97976435542828
3.24121295867878 6.49621630096487 0.661063348784582
0.754563988596528 2.71600078752274 2.4060911076354
1.63881379908316 4.52782349555257 1.79440637423264
2.89978759301744 7.45856648815004 2.17152847633177
2.20846509958162 0.0350194506467636 2.20848503089441
3.25534825553192 4.81645960696128 5.27844834813097
3.96120222901336 6.98960008655716 0.640536892547861
3.10656064136925 4.51644514972949 5.2216782718851
1.94929928667752 4.67841159742626 0.0949461971368209
1.68458412358679 1.18661841247875 1.5745185505674
1.45852497678358 2.78542775033511 3.34282033722829
3.26858381694862 1.36743701079604 4.55566836013401
2.36154102989974 0.949855190293176 3.40073232933339
3.51677537114073 1.14789338669461 3.96546914172465
2.22427663912711 2.10184608994967 3.03089000022297
3.09711209433068 5.09775437482696 5.3088899892282
4.04517229964314 4.69101482926001 0.118628078545212
2.77165628099719 6.31390925604222 0.368400018387336
3.29166789988119 4.50534370086394 6.08352522866314
3.62774504331824 0.395302657397751 3.68281317861573
1.54954455678462 0.00381450418265761 1.71833711993129
4.27057111173431 3.23622638004417 5.926207840361
5.03959018129273 3.09988696357573 5.4505025562206
1.93065811267455 2.31481620239591 3.1505936572822
1.8698247998786 5.1832418082785 0.173346411557482
3.71403165076468 4.37283072043787 4.1139213678257
2.50883315757594 4.47072563418412 1.82232955361537
3.16233723536539 1.84088366855388 3.88911105922567
3.58284349741719 2.68836958685085 0.76177183602022
3.54659874046162 1.52720949961239 3.09536795842908
3.14024521649148 3.70416525008257 2.88685327915422
1.98513976168534 3.45004567628912 2.52305266431315
3.20975533457998 0.805940800054581 3.41697689568055
3.02158359882833 5.54641663152383 2.20207434717614
3.04983626357178 5.9131405180109 0.0568490778355007
1.93784253944329 7.1195185748881 6.13939594885316
1.75454311511771 5.44583352912024 1.08621596427965
3.44384987097603 1.39676884731204 3.76414119195
3.59924606999944 5.2249403422982 -0.31883077884396
3.88666329163014 2.56608622715885 0.688445029934747
3.62022939101398 4.83375686856808 0.14409999472365
3.20499327139946 0.48044955472781 3.04010906485737
3.51674603848524 1.1425150386721 3.88257730810022
5.55856405122801 0.627058518945923 3.22130720753581
2.61818981173606 7.44057007878954 -1.10073831876671
3.62201441757959 2.6258314892399 0.280072374144304
3.63766114249116 5.59567172736321 0.257290332695845
2.37230702700923 5.14248693264432 3.35084166069847
4.56056720116848 0.0800097162099327 2.34930477076889
2.35855544210385 2.74027987795133 3.20277989031098
2.52254655568633 5.18390176348606 4.88378075696492
1.62308627590083 5.93181306348236 0.902658936752947
4.06949741008428 4.53989432538609 0.239811066865436
0.681918775652669 4.96439109853752 3.92796757629913
2.68473703184139 0.40630025635768 1.92243096922022
3.77409162642992 1.27295610397739 3.46351963394692
2.92514942409579 3.66999764294896 0.509545149275833
4.18544820510249 0.684717969858346 2.83250562806811
1.81130653358852 0.321159503481149 2.52231077710392
2.21253473840353 2.26994068930916 4.22073014872831
2.39617195340072 3.24750798378037 0.81917998040873
2.33981809998728 2.51889942615837 2.41663927927777
4.13834937184343 0.72421634461671 2.3913528713419
4.28734912314239 0.424228425509694 1.81690477128334
2.88384907438432 5.8090982453521 1.41667576697201
3.91793061115287 5.52324118095634 1.53710061431767
3.57857960981064 5.20636761906504 0.395108376100236
1.72641332382152 6.70090590266904 1.12471710909985
5.42868003709231 4.39846351603563 5.92594663019417
2.74901201713152 4.85361338753683 5.34566423398349
2.04379216980917 5.60703172248555 1.92068274680735
3.85613589076957 1.60017930524449 2.20472309012441
2.35593369046282 6.47652402026569 6.27039261773768
3.48813924216145 5.32661612240953 0.74048057088293
1.24864736982101 6.45876359918219 1.84627616796313
1.53992383566179 3.17831017974523 3.68154459799022
3.53812697905532 2.03127112401163 1.20312645949655
1.90342749040866 2.62486319124284 4.46223361307871
2.09891785115198 0.586483338850329 2.44196280442569
2.39099786018495 5.66243271154064 5.83213226558702
1.71778264088941 2.83982400110257 3.49565220204294
3.23631278447753 0.156035322417119 1.77161842134139
1.63000321872088 3.44613876459443 3.65038668802476
3.85126432304968 1.58887482506856 3.66290093586788
4.25149626161637 0.533521675314538 2.77095057938717
3.17536844333792 1.89724830861548 3.14052136092366
2.52306572638076 6.54280653191099 2.45772578378174
3.28505761050046 6.72614341287662 3.7088223787191
2.28059137187242 0.299295837860651 1.858544264259
2.97705618862634 7.46034356972712 4.47408607874564
3.39529401570095 5.64794786923716 0.174127979076271
4.01663501506742 1.66303257664709 2.0619015304125
2.95703518614949 2.81213345529841 1.0479520819308
3.31779104914203 6.68864557046092 4.82859518003675
3.7685703150666 0.449313961217749 2.81165611960383
3.90485234696259 2.15569591691151 1.24963963834429
3.37767111286974 2.8810575030858 -0.0388844072509684
1.3915955308013 4.0036505462097 3.01929674814693
4.02370812516015 6.75660284138016 0.191321381603403
2.29843984417785 3.6287943136355 0.599582127215832
1.89908883872573 0.756467981463836 2.7690841823162
1.57308388132277 1.69644139792449 3.03019873124841
2.99659630800156 0.612883142273361 3.03425821047579
0.530840700680609 3.73457271750199 2.75872514453138
4.65412725294953 4.78021800892981 4.64663187625116
3.09180336216658 1.0754885930899 2.39390536946376
2.85810357267221 6.29091399825757 -0.806339833924507
2.99404256530784 0.104643194672031 1.72202291881073
1.99697936265516 2.4383702026773 4.5546298457303
4.09681613841921 3.91721320360878 3.23172349435412
4.83915080032181 0.481586773287829 1.96664907281261
3.09911059070607 5.59933319895716 -0.035793751760149
3.45406348261229 6.30210065189546 2.28582143566006
2.32287065763675 4.48202807617469 1.06068644685895
3.9114550147279 0.120243168618184 2.15485510160157
1.27093398545588 2.87856095881691 3.61607287039815
1.98162876775981 1.67087174474878 3.42499608772367
2.27202924247321 3.65758811923047 -0.15124842102007
4.0862496277805 5.33800360537401 2.90771365461463
4.82469465972899 5.04577913337194 6.39397012124467
3.16202726623095 4.90595092089922 4.1700427395194
3.04944559430696 4.86977974344415 5.96951592295193
2.68794788554371 6.24077807308007 2.73844849583391
2.89560535580654 4.90441523910613 4.83097460949053
3.47427976484128 1.39435360271615 3.3879173529099
2.1553276949846 2.28523425269165 3.58444426337951
2.71361433691994 4.18987577862274 1.68686433365472
1.91508375653476 2.3989911099729 3.34604837038065
2.23730872799942 4.82509339913948 0.831937595150134
4.27140458087275 3.7714735439383 5.25171953340896
3.25575496233719 4.92859379712459 3.8905416060186
2.47363940059817 1.15936580425043 2.78982074840527
2.59848908615598 4.51534997623638 1.86248251901948
4.12085516530688 4.61212346550627 0.68068578158759
3.43384531748968 3.34483938085187 0.646691581531385
2.25198853694735 4.46995257980378 0.466279915472625
3.3116124313595 1.45315186506379 3.17738452074339
3.34858193374421 7.31235731455283 5.49687033746364
1.7725181804201 3.43320799794507 3.87967526299221
3.01347617338929 2.20869959133932 2.76955620137749
3.76504241617131 7.05442865262614 1.63261864331605
5.00562977636309 3.67253649157456 -0.0871425631498115
3.29672799072703 0.0167773040734005 1.86494619498803
3.52580526843122 6.20438837426691 3.5342202906796
2.4296030092036 3.29832760640193 0.375199543110792
2.13292111021947 7.32520822931346 5.27471861114067
1.9118480777223 1.79000317785699 2.9083940455035
1.40754564875109 0.790865378194797 1.55848865642604
3.05023933540349 4.53805987778088 5.13229899523491
3.30747051523434 6.61641132976115 3.16104316056261
5.04575120192022 6.03500472111869 -0.391121749662595
3.20818796492263 7.24947692706052 6.13118702868218
4.1297034744822 7.22656530971641 -0.00565629159480597
4.36628410180078 6.68519619282193 -0.258157693062758
2.84795472828168 1.16214644842564 3.42092742197827
3.25642427509904 5.31961409655615 1.19549163566026
3.02168837092189 3.11975261055584 0.551112161079873
2.30580272030114 5.544003406207 5.04116933740561
3.38912583894468 2.45705208074187 1.16636801923739
2.89632751817905 7.18293595440851 -0.211269459744729
2.49007175355812 3.54049446820519 0.518348035948839
1.95613450172314 5.44282303685105 0.519189151185962
2.52368278415064 1.04239653928338 2.78704985298022
2.99886816276236 3.58651311000745 0.783484810544795
4.88467925347511 6.38528977716314 1.58734864696106
4.16008775329349 0.854119418730531 3.85472511642857
5.0600834550167 0.594051836960181 2.67398722298154
2.7429690177451 6.22769796426461 0.785835538909609
3.92500279899564 0.267502741584273 2.74175573736013
1.52899369422126 2.02922860901973 3.2283743785242
2.66155595772328 6.98445859511927 0.164825345887445
2.42078509689034 2.89188299846307 2.43220696083549
1.94150004929041 1.36759105268383 2.8155488572867
3.64968533478552 0.903194750361885 3.99637381298403
3.15040264342282 3.30885238224773 0.724819419866446
0.601154648705709 2.65269958097172 1.99057192922514
2.77466521625633 0.066210646849111 2.21835665283053
3.28938562108207 1.25798965629111 3.76332720249812
2.18142851050537 1.66479459711188 3.4593555740015
3.76142288946058 4.71867762980074 0.218304482215705
4.10028566737702 3.24043905174304 5.2166955362766
2.15904184107644 2.92479982225795 2.43252749788376
1.76017014271743 3.2532150769127 4.15292365153926
4.28296957609645 4.36950514337442 0.0439324955218599
4.66159791662981 6.57919720627401 -0.115737015986098
5.46318378691784 0.261780504502867 2.52270875778715
2.05437079882444 5.12082700784972 0.0964834556159372
3.66129509314178 5.72731613207755 0.27740781375964
1.49903488978207 4.44544664112082 2.02950836709003
3.64356133135803 1.82082895085249 3.15478777239025
1.53117711006497 1.52907167279402 3.33023024737527
3.39675666467819 6.7863225891441 5.51931931275122
0.585964160173727 3.02859816465922 2.53635024002118
3.09002572077801 4.16502423343649 4.13098532245533
2.14905654341414 3.4726562582397 1.49045969153577
3.67070163462706 4.99689336769223 -0.496702864749692
2.26697287650517 5.53401981597855 3.41816699422978
1.09662008514164 6.11291688898749 3.10030935245522
2.54327443997003 6.90108813298564 -0.0226558679677432
1.7144211950179 1.02272316694789 2.35499368881211
4.66735586749147 5.95145940276319 0.369937756167901
3.9538700226473 1.63525712685803 2.58886942819545
3.04102371306473 3.87572170851419 0.786072269870582
4.56501391457083 4.23628561433979 0.366837693765738
2.64063134175299 4.87003681198874 5.04835718257679
1.79216076779694 0.0587312666026394 2.70619334275809
3.18887844687923 6.11156960713049 -1.00575632997114
0.827972231010607 3.5268430716873 2.80256684217288
3.04870835005317 4.11441178403402 3.77003240120342
1.47917357865695 3.20857520223839 3.62832171368089
4.62744478082616 0.486149721817396 2.38908696988245
1.11931035719615 3.23742216166372 3.51635724403923
6.28555885573453 1.79837445761654 1.21672792750993
3.30747608063555 3.16855205271368 0.511617692751067
5.06255860239954 4.6293456767043 6.04650581130012
3.31890825591496 3.41224882919505 0.6880122287268
1.36975852774998 4.31695532706992 2.98966799385838
3.96520956260236 7.3743770806754 0.694876327858238
3.30197126690875 1.09116149065044 3.74363254269231
2.97702602997803 4.95798843667352 6.18733002455938
1.4153461660466 3.06544433075173 3.08683210711707
1.01169836581884 1.36214691785341 2.04920861709547
2.95199163801757 2.15557057509288 1.99565070716101
4.20751490148803 5.137334262748 1.96814293196943
1.53323838027266 5.98278128500698 0.808066016881017
2.64681871821412 0.299683402512554 2.41950704220432
4.72140240371927 3.22964725088354 6.08237142830265
4.79078881228002 1.8856459969888 0.273676803298096
4.52289986860032 2.94707008022799 5.50748063849853
3.44807152690754 1.06381329234978 3.35428232042609
3.56343675346962 6.95025089075876 5.72839136525238
5.19862471494344 6.84306772231908 5.49680316437414
2.76833405801141 1.08403199732145 2.71460827042638
3.18673514830622 4.87322919668161 5.58813286657377
2.9609961513017 1.58660371966316 3.30150059217685
3.5597618208466 3.69816609469096 4.55150546614522
2.52421182790498 3.24506676070203 0.762382423065158
2.62023607422116 5.48256231992458 6.36183697597481
2.96025438681073 3.82385145450483 1.29235938416083
3.93812938836561 7.09431183941713 -0.147867209141723
4.17164266523671 2.0936924623226 1.21994809691898
2.90395899639425 6.48100071565468 0.797646712245924
3.10576954466378 1.44901366401657 4.14264447397031
3.46560112415289 1.72955338611661 2.62453055777438
4.96882789989465 0.811568460257424 2.72013805783393
3.8733597404484 1.68231351060526 1.95534851113088
3.49940970894393 6.68519572788661 5.8081176390393
2.21274832574244 4.40384354703424 0.0675432026299268
2.79771145308491 0.381278371997242 2.02938192633713
1.10998461959262 2.49602850247642 3.16551814835686
1.48232518266179 0.702981838507871 1.23487242699713
3.42352831052701 0.918935129461143 2.96427846291119
3.5568226534045 5.87683410651726 0.336112513577486
3.56376365301168 1.32750822414978 3.27774970553735
3.01383972635264 5.62250227769243 2.96176597428232
2.66945349807767 6.80270520337817 -0.145046203905738
3.83410673730303 2.43479667291528 -0.196297612997899
2.67119402607443 5.25769043175353 5.60296819878483
4.22200160159187 1.97832050265849 -0.22883215397513
4.02582513363281 4.05392932710577 2.90090290624852
3.44889422799575 3.2256114735257 1.03689639651954
2.41281778563006 4.34374981091381 0.987975015962338
5.75742794989854 6.56271315423105 -0.479845449317541
1.83565279455115 2.60825110089356 3.92190376994307
3.2141061022165 0.615238314302431 2.50529296665855
2.88042298563394 0.7414259797969 2.36133385754495
3.88496867830453 3.33078274614452 4.98202128466222
1.95578600415829 5.70007220257317 0.675075489294079
2.10353469653752 6.15678342172435 4.00446340083527
2.55765504408417 7.47416196797838 -0.236712810229482
3.92128022349728 6.67970520969065 4.02916979257073
3.15453189276714 1.37871797930113 3.18948115783156
2.01132046892286 5.76767111509863 1.46464721444349
4.77870906954728 2.23813255015921 0.895708834241723
4.07598373621872 0.18856835691303 0.985854955673814
3.79486336743462 1.81025725246932 2.66410124210444
2.87608566972866 3.16477137608267 0.198109278385132
3.46904473469463 3.29390005015109 -0.446747808065902
3.86326154780967 1.34256972714759 3.67951766973386
3.47037026892257 6.31056559604303 3.83368911084314
3.97855581672962 1.12256087313583 2.82279534911089
2.13015815006198 5.31312508574537 1.888243201818
2.59132417987941 3.37983167512783 0.233260985485955
2.5038907582673 1.78966766220066 3.38355929498475
3.98715576344466 0.0419666417394984 1.87976939490038
3.00670175292765 0.362661110505915 1.82415051160541
3.57674389113865 6.32869028293125 6.1691436965312
2.11480263558247 3.46737464884931 1.27039552576192
3.38603258518536 6.42794516249689 3.06140898587014
1.41060591617055 6.7991381428753 -0.24693108815466
2.30326367423268 0.90448685644264 1.97366363926883
2.95695885766306 1.90392668597624 3.52773098543757
2.64951049372162 4.26994608278243 1.1923171971582
1.81914312989695 0.694467864545278 1.41882446269444
3.70549725019058 2.13156209386593 0.867997271430563
3.31523374359608 3.48313545280034 0.98984538941544
3.51589055504093 3.18873537385945 1.8137121174707
4.11582195107975 3.46121909930512 6.2744777760074
4.85469183673827 2.55833741005656 2.88001816015505
1.89070075070192 1.3911748932779 3.15851333877312
4.14449361847973 5.51726127584774 5.99272570689877
2.38298581834679 0.519739553816389 1.03135687432117
2.85591949114512 0.773615714468466 2.98659523492173
2.28915923471348 2.03040395593869 4.19569291806143
2.60747719349411 6.45058120217903 2.01984201486231
1.75136933688566 4.75595095207634 0.991564246302525
2.09339914292926 2.40744073726847 4.33932147741121
1.85880228260545 7.26579602532701 5.63641031922578
4.40712253272295 0.560435514222578 1.76386200501156
2.75631785081249 7.29744864144216 -0.373959874723762
2.31512561854155 0.574927528708607 1.68061823789586
2.61163545219727 3.27028468042199 1.0085291975888
2.01313073468448 5.16801713315601 -0.423997732848648
2.63612344527847 4.01040191054852 1.19932017467773
2.80637257835914 2.81651255804823 1.36049198448643
3.61312140542716 3.49749898651583 3.35751787872994
2.67255348180617 6.28346657192528 1.95856471289519
4.31094247361408 5.11449704149876 4.30765270997988
2.33818171566917 4.19055854063084 0.815591256543375
4.17659831927557 1.31374261602013 3.21083818637751
1.73108477284622 3.48054699955894 2.76956364725954
2.85742835370018 2.33323238857283 2.39726656017962
2.11429692298175 6.15772835756629 5.09958796649318
1.03301342042654 1.50228776999446 2.2121694755812
2.69818586814731 2.76834179077286 2.27162457458918
3.08700602657835 2.1343952948119 2.74917320270745
0.901457290627305 3.02688662688865 2.8366393947489
3.94877532913166 4.2495750279398 2.19056310107692
5.18739162530374 0.593935382120647 2.06908306563926
4.14370791171618 4.84449814187341 0.259060593773215
3.24395911841459 3.28182068681288 0.946196514183307
3.61505842027339 3.01094647175135 1.15059265375459
2.87487972540842 0.8119684065995 3.12905527066319
1.13161728660991 7.09546294064989 0.438154119198633
2.93159680611341 6.38813920933172 -0.493117835913886
3.13700747219853 5.38611249938502 1.96843935149976
2.40153878259933 2.00936293077821 4.29165640150527
0.778418638057241 6.42164595223884 2.95764275729083
4.33696168403981 0.417170319990481 1.89724831172169
5.62540562701303 1.27653465073647 1.51080989286654
3.90401969022716 5.1636209122687 -0.605190799204626
2.49906517716334 2.56012829570555 3.24618451880484
2.33165375037829 0.891641710588434 2.5146854586868
2.44885421711749 5.0505634849025 4.00898272644673
4.6899527391665 1.22301327064656 2.92055326917853
1.85090946318873 2.07936653467706 3.96589032299705
1.62297438647727 0.725399843380698 2.16494738926453
1.96558519994165 3.67631455454222 1.77458053962391
3.07500921472207 3.48701678199876 0.665356773760699
4.23382433568042 1.78060514436151 0.671155825389655
2.83870196084388 7.07935006975749 0.767491513637551
3.75111587279801 4.27825916818177 4.68478374812464
3.89164939711019 5.98506993469133 5.39446848455855
2.87667246779649 2.89210842100317 0.886399552223655
4.22852620620698 5.79181125635591 6.09127450368499
4.81466205294283 7.09732867945277 6.10376194273419
1.94949798795447 5.49090645632027 0.609892477033012
3.38043098088558 7.13173262162442 6.27931142567329
2.79475512058054 0.5487795052501 1.44845299489483
3.21639333518113 1.32090735845265 4.40277121680969
1.74251945666131 0.588545935046173 2.03071215153258
1.18273546140993 3.12308217209849 3.18014967105925
2.60906059435019 2.86595703852812 2.00476057396907
3.06316737041612 0.883097161104764 2.61376975584671
1.75251825731287 6.48336128340888 1.19062631150478
1.42582733264796 1.11733287824156 2.37466970733794
2.19666544778442 4.78883382728933 0.705454754789424
5.37928320685789 2.86788174733745 4.7515592243086
2.19449427874894 6.02687248569837 5.0808273139456
3.58249549436124 4.57065154126478 4.01878550069038
3.97147910322967 4.5268445695556 0.843135527920306
2.3620963663156 6.96480396260406 2.50236422554582
3.29793078389294 4.96459296876502 2.54541819392605
2.49897663229478 7.32885625684157 0.0341260404398317
2.01662992305124 0.554439474406506 2.44886455238075
4.12411685170317 1.25007297315199 3.97933526449382
2.58830047845272 4.35344656160656 0.717644362084409
2.95483503244159 2.5760484343776 1.26437014582757
0.727678532805972 0.871738636621258 2.45815629426922
1.73178727152302 6.8571290229843 1.8524641843455
4.2129866436006 4.56777349588428 0.238967568907325
2.95505598081025 6.05791170199622 0.660417774513484
2.0895963017774 0.931190954896464 3.47104696684603
3.04302656635674 5.04134749634969 5.07589090232175
2.50979010803784 2.02738193227315 4.40141996406612
3.46798481214237 2.84715323043367 0.32505622467441
4.16246637183659 0.0169553486257321 1.8109909955129
4.00452507778152 0.574499301645561 2.49139069374909
3.00336162922712 5.55618773268463 3.27363476315358
1.36960562877238 6.10130631981128 0.763744274841691
4.68303068494462 0.90179252576658 2.93733153165878
4.25920265704305 3.101194327983 4.73679375768937
2.41003075635692 0.299644390382557 1.7377929399841
3.2171807136318 0.00740603371263582 2.71808921531747
2.44146416296133 2.88583652050615 1.50014455961499
2.2728476466043 6.31813014426081 4.80263168976736
3.28244667262154 6.03679695834703 -0.487200783423632
2.50410099408142 2.30662799216688 2.87934458621743
2.76973939123309 0.447308026852411 2.92383234913107
3.77891106411348 4.58619893130653 0.465259242173913
4.2479728893328 7.31409682616976 0.343166101606998
3.76009083736596 6.86353972135577 5.16613132788145
1.8666875543284 1.35157434393981 2.86215079996262
3.23743766388326 7.35193476365097 6.28979056371862
3.29965832473565 1.56077898310642 3.58844029240034
2.66558354633403 4.02334025333261 0.75927095704047
3.71584028413904 1.64871293450515 3.17406032681635
5.27470357351 4.48729158020691 5.08597948283803
2.28472216426609 3.62198096560102 0.807863028735593
1.79090678617813 3.16278661214814 3.14544642199488
2.93764147931716 7.28484507183011 0.872325705070388
3.82559268790461 4.29093983053037 2.66643198679096
3.85728466414663 2.29269752484197 1.01485403956817
1.73576108223217 1.43613915033853 2.26862870966675
2.17272727063149 3.50377684532963 1.49904565844352
3.2043349597989 6.81372846441236 3.40616533960238
2.09865434548072 2.96295352242937 2.47658708629442
4.15567457774999 7.14343501386452 1.38574379606794
3.57385184647515 4.69485308217435 1.94703210050177
1.68332644652999 6.07680549705901 0.780985427645731
3.2001739195901 6.51274364074153 1.55490690217334
3.09704388403805 6.82770198278815 0.994017014780556
2.41883157555614 5.19047859686603 2.78095200022145
0.894698927225377 1.39816907866863 2.07126024762922
3.74728974342084 2.88537397101383 0.749021032065422
4.3451956282699 3.74021258923958 3.60062444896084
1.01320697232689 5.64453823396319 3.47162409491089
4.09073627680062 4.46596647766457 0.288195409036312
2.69578110831661 4.306954190971 1.96181965653995
3.64562481242182 3.79070657489078 6.01531843731108
1.55973864118766 6.4780024533284 0.848065027984882
4.35665011110149 4.49958086702287 1.03112646601393
4.27790813683181 4.98137853060813 1.54322072112733
4.30040080094645 4.67840841592189 0.675314882499245
3.13251106593864 0.4168161181573 2.69603725694918
1.13157127772685 2.71220047912374 3.67341310511488
1.68300947285725 0.402526551467246 2.09871440261971
2.58226548252527 0.170382283219584 2.42225371316965
2.37646280703753 0.844805476141712 1.907762597557
3.15169444100275 4.51112589401857 5.70765861005397
3.20851377352481 4.72724234485984 4.96962373585596
4.56486333617503 1.05168555072161 3.32910565429584
2.97131527283069 7.18075832767378 0.946823533539283
3.61705475845834 6.58866328431558 5.53678529881158
2.50386685934864 5.5452164386776 6.14134055861971
3.43779849622657 7.38101527015857 5.18209832277645
3.07963677015664 3.72122159562865 2.15137913195495
2.45330323564831 2.14598815062099 2.41156505553929
2.74809526122233 5.21697399015597 6.4364148863319
3.44078974956606 6.19503288320065 0.630294120664453
1.89090273014445 3.28402647766789 3.29883508472314
3.75756048347021 5.72483775678579 1.35513838993198
3.92106532369264 0.125023608553924 2.26851336371841
2.50461361046662 2.32715447171239 3.21090998900598
1.17471672363011 4.93634126542453 3.21609448200978
2.72389914810448 2.71309327358929 1.20071846328882
1.23663388914917 2.83508845151902 3.6199545220801
2.27390085867722 1.64607029827893 3.09117719059297
1.62540294626058 5.97177922096422 -0.994141389977969
1.29810448666081 5.83801736787822 1.26911912159143
1.04694462127897 4.79210971568604 3.53856649835783
1.77797085929698 0.449353258398041 2.61602620508192
4.05418654278017 3.62422677656748 5.14313466381025
3.60267013263495 5.68586109791281 0.690925194360462
3.32256542595266 2.08782455096602 2.53363670046687
1.26879587187802 3.62281047167313 3.65606189112465
2.34079699520515 1.54257503322896 3.7249112406373
2.22866487710764 2.43813767730275 3.62051441369265
3.63219201421937 1.54456285351232 3.18286322317176
1.44334054994121 5.66464252815817 1.66935652429993
4.86665274606148 3.99266813400712 -0.286048217550241
3.52588421065501 5.71768314853456 -0.203246713553077
4.43435792897176 1.96237470399582 0.352167352208374
3.32417236736964 2.74436183414976 -0.179627956560319
3.21090951901067 4.98380585266222 4.97992159911644
2.50760012173588 7.02911184520233 -0.183952950377971
3.54020004141424 3.72701595032846 5.00696944979971
3.2868540984235 4.74555245582969 4.83714614307688
2.98504369500772 2.61986568241961 0.748608774632762
2.27621383260002 6.01966670567398 5.58317187090852
2.97267760306821 3.62640845411721 0.665662941182613
3.1103760378716 3.6723926884866 0.496647185254417
3.77137620694365 1.13666131284671 3.20669888163495
3.3689369334456 2.30823313210173 1.82992695262859
2.79574013687552 1.99603172262045 2.53357864932122
2.90394987464913 2.7096649931981 0.508981532119394
1.34689330479191 1.99814222239969 2.98940473541347
2.80420379841699 4.09380230757504 1.03347751535477
3.59440330598837 1.02673086402921 2.76786325670434
2.95593556044291 4.83945777802635 4.88654216535543
1.93158579776605 6.57519344014063 4.4291864809592
2.79373792661986 1.1722292001024 3.76992831405836
2.52740394721592 3.76217916831834 0.467970379736762
3.9168093941524 2.9083482076569 1.54607674794718
4.37814185841885 0.186988233132882 2.32558214877863
2.37320046025632 6.24295263951183 5.31306715789535
1.98535609940451 6.17916103693036 2.61484981801267
4.24149757940605 1.24877921423091 3.73056105938501
3.02634913663235 2.99105232609611 0.0921518587954746
3.28994356608396 0.313130510437225 1.8618407467759
2.41578612173226 0.290098045949027 2.93080293617035
4.5442536765332 0.568839145338553 3.09258617861409
2.32594227079619 6.81942332254908 5.28030830591021
4.05644624429428 5.98508518188004 6.51776184645299
2.67623551395527 1.01007808342858 2.46645280572073
2.7096909165681 6.94536189328764 0.208247676802783
4.10919786553831 6.81686517690656 -0.362542670885494
3.7533169048248 0.0636640355300315 1.99484529063945
3.104699724841 3.59533387156973 0.210835614748209
3.59862614218182 7.21594678365927 4.68736868358083
4.78707454292472 4.80417965591233 5.39738641078294
4.46144709923987 4.41555353534888 -0.23523202802061
3.86713683656639 2.46682002536074 0.555868345801756
3.01137047785351 6.34938552433258 -0.710712346295889
3.55151476751552 4.20873146922107 5.34115826514573
2.01726454667804 4.43702356023889 -0.29515947007441
3.45524204461345 2.27036810147163 1.63108596184431
2.57612622358819 0.61984604747805 2.89563588625183
3.91652106608514 4.89045083591847 0.415714301389792
3.19490367562751 1.30304635022782 4.25828833966998
3.33237527170328 0.973452451627014 2.66050142781674
3.46527899621186 3.36206230744731 1.01199024492151
3.43021112360605 6.30833145886881 3.87990619067496
3.40247509651109 2.41457712577705 1.05257336076537
4.47758705974851 4.94958379832001 5.19302791152945
1.58710469863869 6.61258881521266 0.303652812734156
1.52254556612559 2.15195347466208 2.35649375620541
2.74430461987956 5.13209296955682 5.72753481167027
4.29334143401317 0.35511792315982 2.88092162797257
4.35157518489561 6.43232978352695 -0.182047512476169
3.55551617118734 0.261036286135655 2.1735632484863
2.32203136029492 2.78325358810232 2.13919512309835
2.14337680050517 0.123254834293101 1.79086063079468
3.5800653892002 4.38978280491207 4.85213133915843
3.36547672370595 4.03222431609689 5.87452244825281
2.5739788834257 5.75200660273332 5.98832920026671
4.5524731655365 2.71463513428955 3.66925510107211
2.88733896046059 2.99309227517581 0.766861744861004
4.8990357806273 4.27758070480325 0.837104120099081
2.07061125147675 3.94075798105911 0.744584183455694
2.36204077935007 5.52491698772789 4.94016761515058
2.68267800882105 4.79456946937334 4.34309211775213
3.23244602638917 5.68829688749186 0.0682141897783664
0.857154939288907 3.38862960961911 2.77003702759908
2.99767673425249 5.04673786286893 5.33854802602156
2.89702667366743 1.85118176514151 3.33685658159531
3.60644184364014 6.23704169437546 5.94321948071387
3.83397401951559 3.5340700986013 5.71319951599104
3.48228125251805 0.24857868645144 1.25247789646588
3.8435003796784 3.19921022002421 2.69486685150631
2.8942373065381 2.47634326084738 0.944697555646201
4.96428240022547 1.79445832468895 0.643944213702874
3.67753111448958 0.843481550999354 2.91299510124017
3.32432107842414 5.72923565749385 0.867273597418656
4.13248721871119 6.98557863731556 0.491261482614089
2.09506749978451 1.35587892959535 2.45462271411808
2.60289606858599 4.49832149923344 1.46322032467564
4.13650226262452 2.8774279058537 2.16212370075717
1.81797761208878 6.32596766342329 0.749003275021807
4.62607446706386 1.70685166767823 2.01405323391426
4.39461635872988 0.359075826712751 2.94381381718001
2.75893778567624 0.383918563072337 1.93113399127403
3.37523771817841 0.723452568866728 3.01628308326154
2.85046242552139 5.88127164735302 2.93081503474709
2.39525524436702 2.22503302206609 4.64760329646631
2.44573612793696 3.89640881923264 1.1300444637805
4.11807575992233 0.809647951990058 2.52787569581388
4.98534988564707 2.84267513462336 4.61100915894415
3.92243448841557 6.61311519175564 4.9378228903782
2.04263350991797 6.28519612758414 4.70603047656748
4.18034349967479 5.62660280119998 6.54779239381173
2.12178642661475 5.39282502018369 1.01785785734774
5.24728691211038 1.98283511679744 1.12474924553114
3.24836330368237 1.70478431558856 2.7389475539334
4.98327481652004 3.30970222451785 3.20735277229861
4.12353413860597 5.1881751890085 0.772804332433671
2.41540513411295 5.02204720147581 3.58755693918683
3.02205636610682 2.4470623463156 1.3565515747991
3.37892947641421 3.91869296185667 5.30661743933464
4.08682435568442 3.54304949981729 5.96758531544036
3.14073624406745 5.18504720864081 4.50787844839145
5.10179268748384 6.46895110541786 6.19161182242551
4.06024206190755 0.23944220357233 1.27679873078815
1.67194618797234 6.30567440474991 0.122736932588968
2.86040172138766 0.776852557712158 2.28917484194913
4.13325075584329 1.75637847554059 2.13428142499921
2.87161692000584 6.2534858775558 -0.718747393541007
1.77448140614268 7.40098173326108 5.75738037743796
2.06545873372162 5.28855991549884 0.933988553935507
2.7217688208689 6.32988647478097 1.35036912182162
2.660568801308 6.54141681366185 0.554008714528138
3.03499075992373 6.50217538457032 0.403531566503971
4.25934978331525 2.81551526575919 2.36342240643386
3.30250534249996 1.18133891848369 3.98563338705637
4.6251621326479 5.66483395063287 3.67764186921597
2.00561948650115 0.850161688733304 1.91070745117465
3.52381733817456 0.784532448128626 2.6802349247885
3.72776245603707 4.66113890427711 0.512978301389956
3.729484346684 5.0388859217172 -0.846534973279973
2.46485353284834 7.32169743619089 0.516335648308452
2.37519353124078 6.43900641194536 5.2986877944981
1.92834071461343 2.14805443187101 3.21026880612259
1.98326825083492 0.880007659214414 2.5704500449691
2.22016400652745 0.872044226971578 2.50856294025843
3.63611281362579 2.47791331325544 0.4500529274095
3.40706756046304 6.66194437243959 5.53121149695196
2.42093349572217 0.613383724504889 2.85156763112211
2.22880769383374 3.96474763666697 0.291695003965313
2.28252692047016 3.00600125609972 2.39929718387728
2.02960288905485 1.0905477140029 1.52763870030351
3.88497801350999 4.74307913255139 -1.43275311823972
3.55217031179293 3.74080842081816 4.11652583905569
3.66971319516348 2.52679967327118 -0.103490959963793
4.61421690187251 1.67011825744002 1.58743414145029
3.77949441677476 4.27974549320171 3.67166041952101
1.32004282245708 2.91478275113533 2.41386849259792
2.95931726383694 3.17050445833998 0.452441224101876
2.31805332337689 7.304138034134 1.50726889861002
3.02556808361316 1.47025184528838 5.18044344479643
3.42557485153872 3.51533815203745 1.64785704001286
3.0198847643312 7.03538119429741 0.996612652182902
1.69725936651444 5.06963281554056 1.12446967899904
2.86628866364739 5.71927202549703 2.88444435619342
1.77103458529665 1.88598904206354 4.27662653303648
3.46964692532345 2.15201536076235 1.27727528508962
3.66571219789883 3.40875863926373 4.47170745545341
2.69913401891738 3.45345401621724 0.593662396331179
2.82005049617216 1.71430679355497 3.70896436324087
1.45978854300331 5.72150892065598 0.324880051399745
2.50279112546521 0.343373844459248 1.70794797597315
2.53277380205502 3.94000797534746 -0.0329591153922072
0.661135732075001 3.41619218691934 2.00310610717146
3.70447851182596 1.4857683544383 4.1070909791653
0.211281611662049 7.47002302305634 2.80022955967242
3.99193879271053 3.35848360657534 5.55822251010442
3.87248753944788 2.1414281886105 0.902440969570908
3.11885087058584 6.95465364349085 2.47899051571453
0.98570458383201 7.23929176100916 2.1202609263488
0.412441897714245 2.08117810974649 2.92773457199842
4.19672112676405 2.53361816744367 0.992230092219236
4.34210497203802 2.46959526445373 0.976514737391699
4.2332896007751 7.05344461704967 -0.787437342529711
1.76184501488587 6.43207703826571 0.892692314422454
2.30691835511957 0.771516065303757 2.82363108692801
3.85804865126325 0.674298620318556 2.34021493725347
2.82880446195803 4.14125967744416 2.4215598825209
4.43512082288722 2.95339692742433 4.49828505314453
2.25631829234031 2.45745841480874 3.15980230786472
3.16337120236127 6.31310291368484 0.659999742454613
2.45626563862319 1.88060555683501 3.39977387036529
3.1375895009637 2.23061312449701 1.3702299688706
4.39587640249079 1.44141671014272 4.13447549141861
2.51726771290323 4.99313296622687 3.42947722213292
5.69498041280798 0.251202569572949 1.98528012877456
4.13860160878487 6.22433052618401 4.64415292958291
3.48362036666425 7.011502020501 7.20007536719491
3.15129174378809 6.47885226976855 -0.0920212978919736
3.21587345216484 2.24286098702385 3.12559116975964
1.92808388660278 6.16265146225642 3.12946590134592
2.89327536957665 6.58610639880375 0.751704755245142
1.96521629650118 7.44752342542016 5.97073777776568
2.08281658962907 2.72958957100523 4.66098414854751
2.00744677091756 0.12359791453162 2.39592757441423
4.19294659018302 6.07870754538349 5.36556431614575
2.88521082599148 6.30782115143208 0.0399802943598009
2.33586919349593 1.62900183534402 3.37147033144314
3.45312467392867 6.12191564564542 0.280017463769191
2.94743351422243 4.102983723858 2.36151036332106
2.77837281235749 5.30709153501839 5.20828967365521
2.69860954056354 5.19001194349587 5.22424300572645
2.22013096402421 7.23514707389941 4.87181801961435
1.80881890950551 6.94923853723285 3.81879185909453
3.00485122017999 1.61435990003654 4.69520025340787
1.48272261682618 3.49968338643357 3.60381743507766
3.49047872531445 5.48803795297809 0.573920183068881
2.17884146272898 5.08968551732192 1.26716313471103
3.56727761927922 5.55925184011387 -0.0983232171482843
5.11372570652582 0.0697836476035842 2.01095649707643
2.23489842903381 0.735119080906326 2.22198755472614
1.63951954818409 1.07682945989244 2.76027827430162
2.7690911235087 5.53966600601039 5.81567024139619
2.99230163919673 2.67389440767081 0.279232696449133
3.0360372365591 1.32023205089342 3.30806518269098
4.11172128713511 1.80577918752982 1.65915757095469
3.68159984455859 0.785588526746512 3.06709259369267
2.15699397666196 4.59795622391919 0.974755111619007
3.04397826442494 5.51046171539196 1.40289222733779
3.96734606223353 2.11200524599382 0.395036995368086
4.07495598470881 2.66980588666089 0.0542667947697059
1.51142437880867 7.14829854433661 1.08110939063514
4.22033499398089 6.7935461142351 0.384664059988058
3.83057933167424 1.36945685630533 3.3229988284955
2.93293113009148 3.77875140345478 0.643728888962948
3.58259583476914 6.21176279418454 6.09383537999982
2.11941539842937 5.73082442959221 2.58120164304424
1.97911516962754 6.35970006595383 3.65052481628195
3.55993557861319 4.52041087372972 4.72774584006754
3.30975381100649 4.3593677792832 5.9045929293757
2.96695948234719 0.305404455168764 2.5388280133323
2.99820716788492 6.17203860217624 0.558558101560888
4.07479071558742 4.10593021394106 1.15981359394245
2.7889402180468 2.1911014299088 3.20822184749411
1.15628728862517 1.56365772584919 2.32934279794791
5.50777158036247 0.805339669424338 4.29954278774513
2.36147096391101 5.84188392988766 5.46205244809035
2.59526575271338 0.777780294728761 1.82985372627475
3.93219969880181 4.95528504628921 0.0994501802490262
3.41724777537023 7.14369591862921 6.71905136689958
3.14002375192223 6.90596347963158 3.1157362179863
2.55520447368046 5.8952409431391 6.07651649177436
2.69968299795342 0.986505027622218 2.61844227775071
3.20338942822014 0.847085441532285 3.8748563004044
4.2698394023085 5.57238573829876 6.03519552394846
2.54184708886662 6.02464949307953 5.74657342881759
3.46434590816932 1.40717240199449 4.93433002929491
4.2532715796742 6.31426153415213 1.0114144471883
3.3741144879816 5.3419707390421 0.132305279217039
5.7592469069212 6.39611152718604 0.656223052261449
0.859207047186855 7.25449942706262 3.32696565581072
2.23302971855421 5.42492282366864 2.79791036685186
3.41184182704347 2.55188152042136 1.48018735072763
2.23246692121918 1.03328233221277 1.64700446844687
3.72488270200888 0.430780785257209 2.27265785630509
0.887104096234641 4.62634201060887 3.0365291012741
1.51698849214455 5.62591180813469 0.539854090229998
3.85662186314569 6.74200417860306 4.00408482951297
1.86883496950625 3.82251587775223 1.6072610345926
4.31516224803767 6.1150569832898 2.45614115012776
3.8992262079607 4.91884566658284 0.314547006793054
3.81392279762977 6.49755701504614 5.42581128769458
3.29554516056985 2.44393724238194 0.750967332617579
3.15649128655346 6.40299962450788 0.185248352188237
3.50939007759509 3.31607757034809 1.37945638705642
4.94350704490037 7.25376140604073 3.3194868370718
1.76366767647818 5.12213746698531 -0.211276000802524
2.50202875021253 3.27601363145713 0.680300549609483
3.2945524925729 4.30037719922587 6.39776304368427
2.71738273805678 0.738456051376829 2.28316596236617
3.62082079131499 2.47437190828565 0.265562703118743
3.48376336434021 6.95301553431458 6.36300918016443
4.53569214979248 3.48650093259247 4.964378194597
3.66974195058668 0.983734235984924 3.17439984010827
2.01160608873022 7.43803759876753 5.00446624951892
2.61007797304193 3.52991509424806 0.57470848256662
3.41488017999327 2.7295516656338 0.0508115695391783
3.46747099163041 3.323483699877 1.7510053460819
2.11275254765885 6.8962507326666 4.8497689805465
3.34180939400286 1.31953701430655 3.30069522647092
3.50639657092954 3.55838024996794 3.06954491357885
3.76261779062715 3.34310476592749 4.11864981334199
3.94334405472205 5.99557559523948 5.14112338507677
2.84560630791903 4.00790664526141 1.09953512401071
3.1218097257737 2.90130644176827 0.184008024961064
2.72157432522757 0.250499010643353 2.73855070898588
3.38539666851303 1.32375085243784 3.53564059862394
3.99122280298502 6.90153313035884 0.408487000695799
1.4491579323279 4.08810624939608 3.90848130920483
2.20028687569488 5.02941615300885 0.583963309667993
3.32225449736317 5.29861175600125 0.0580132975989953
2.70615726372499 7.10212104161218 -1.4014286688699
1.73608313540426 0.654013128858126 2.64236718230985
1.81973601321428 6.90470573800053 3.99718285930372
1.73977636831886 1.1308282020308 2.71694278788028
2.37517445659286 6.68181273821852 4.9466971283319
0.767835740177199 4.31747703327723 3.20774323124162
5.06813401816823 4.06210260954387 0.557794333947257
3.27366784263467 7.17013899610307 6.16461249354444
2.57443907538654 3.54804089590146 1.15425023516772
2.08850385846841 3.08684530313132 3.10733037984967
4.21431246188697 6.85202205041256 -0.275952326302219
4.05127310495011 1.64350454674593 2.97716591305687
3.74318050333734 6.45121637678224 7.1512994992041
3.24120971044072 6.62138359530539 1.38257086997
2.71651464890049 1.52122984533853 2.33174260350498
3.86189825207313 3.39413641546027 5.11516983331598
2.66134874649881 5.84313460308579 4.85220019351442
3.85981180524518 0.0457741985480373 1.73291439395098
4.82193162800932 1.43463237839141 2.87594386867046
3.81001375480505 1.35880029002022 3.86885096515935
2.18521286439589 3.99453784364246 -0.145261319186168
2.09517646919716 6.80503802637086 4.70146872880185
0.899674910104433 0.309709410101737 2.0967427777643
4.53466304180311 5.48752592222025 6.92978966529752
2.09288357414982 4.93391386053365 0.566788299490674
3.18072359254339 3.77186839458875 1.84294943300324
2.61407203166103 5.73542453443934 5.25088024024828
2.42128741883489 0.0381107950584081 1.93420955677663
3.15559210094252 2.3263345723602 1.19924823573579
1.05450987288993 4.36310533775545 3.68420557477809
1.89323508994728 4.1004073834473 2.67637092203822
4.38411674084052 1.53743017778719 2.69978334913574
3.63911468448302 5.43093881212611 0.451285816126236
3.0314573535041 2.23017443045936 1.73205858149595
4.19515856974461 0.303749689794503 2.22117120567191
4.24160747641116 1.42269964209445 3.20925998215178
1.10391454494062 0.192950795260151 1.50432038754655
2.19157649216817 7.08965148433612 4.30941653639402
2.62715539111953 0.715659813652039 2.54276122445195
3.26893093690476 7.00770295365026 5.4955752098209
2.0512252470208 1.44523206185896 3.00614529017329
3.58217983306491 0.445720621697771 2.00971154884883
2.35615166534291 3.24225144053012 1.62149209885014
3.32691949597728 4.354619003923 5.3661006246769
2.298682643679 2.18485044400911 2.82171132013522
1.11101161056053 0.0631056438260655 1.90120656634624
2.8351948523592 6.06067670845267 1.30158452095341
2.72543925121702 6.17463879058045 1.98710697730133
2.57706189712812 5.88392279778374 6.53264654335884
3.52488264868822 4.91028535996774 0.946437933964877
2.41661358382462 1.03364561200351 2.69440895940579
3.75887093429753 5.155071754132 0.112594555776751
4.13604085176562 0.592623576654207 2.66777225083681
3.32629848665543 2.42449056882735 -0.205356002919744
3.39074420007551 7.0855671769223 6.41814514369524
3.10545823852592 6.62368733570875 0.0164281479926113
2.3740591652434 7.06416668010189 2.08964062166608
4.69902399302874 4.56971897454803 1.10749535311805
1.89327371653597 3.90495413665225 1.10456324652309
4.44350372484484 2.32444322408292 0.521553194489085
2.57370546075474 1.1167712645588 2.03951152246047
3.98787183358958 1.63786803106823 2.69873226299955
1.78802307998908 0.977423592670763 2.90864667328832
3.85665632152486 7.21207907139764 0.718331596663692
3.90545133604094 5.96252321456119 5.48747229782369
3.06270051168627 6.98810728041797 0.998626519395361
1.50209135413042 2.1688378306084 2.00286401543906
1.67436190443944 2.15389290748491 4.17651786043719
2.39729027137324 0.753371071069176 2.24706242049673
3.70930015660668 2.12105208395854 1.05855176490663
3.61168337434362 4.10156803207711 5.78664395509714
2.58863835390545 1.32840141157947 4.15579274913097
3.34761171750289 0.36253095948515 2.1324168545751
1.5184758357029 6.25734551907796 1.20350484593161
2.09319162925761 2.20082525328606 3.73012901273349
2.37716372512891 2.02621452722928 3.4610037787472
2.24843619643948 3.78023924368268 0.284866124769566
1.80324354295427 3.87568668176735 1.80746857081059
1.81000370418042 4.42788274624371 0.63412893215823
3.27179664679235 0.783517169724943 1.8315198293414
1.59998587807447 3.92880750532461 3.42336779465685
1.80365710588372 4.29129922472841 0.453931289020991
2.71958441231758 2.76157874429303 1.14166784056703
1.46591308918632 5.41347537327909 1.43670708281329
2.73748798617293 0.87443733729368 2.29836910142317
3.75455348912701 2.66968597625963 -0.738648171587961
3.5251050120762 1.23455546907072 3.21409052810883
2.49133764546539 5.86763878309319 5.15818240866778
2.34839100323161 5.63836570078358 5.00329810576962
2.25688633036011 3.03509688099166 1.73373172202213
1.98505625993591 1.08875861852235 2.11338203264218
3.29023612784847 0.270695908873397 1.16886936558196
4.47693143359539 0.917046585900504 3.89790423603963
3.08839686786522 1.88189430104488 3.31806685928831
3.49487939343694 4.69934662277529 3.29287480236801
3.26023566480485 0.928475726680206 3.16379200619827
2.85383048850618 6.82700416614867 0.126853419531358
3.44299603567124 0.876017766582937 3.37292508223081
2.02166527487084 0.468509283660142 2.73211597002397
3.77634263879303 6.25541891415803 5.83948454874365
3.29860552257105 4.04286894664677 5.16152418006122
2.90796241490478 1.09331247364741 1.6845825960704
0.572895261286868 1.83291808693419 1.8837796352533
3.24600771986866 0.954511907766614 2.5723871246138
1.54970040832051 2.22295673654467 2.67744590353065
4.36693655202382 6.6806899326832 -0.80337544391174
3.24391416614583 6.33620856711016 0.197056591579002
3.19929246068686 7.30131633365469 6.51004476381007
4.03830742938379 1.59284298891677 3.31660134653295
3.3375939427507 7.25223530293355 6.00344238945054
2.73795120079865 6.55160080319923 0.466679554080468
4.96657845976911 1.23843175759152 3.62843143506801
2.35933596363194 5.78302976095779 5.81169338260876
3.14363736114151 0.0861733785060439 2.30278639731705
3.68797548767077 5.03075426836757 -0.857347861609256
2.77547077977786 3.38693134123028 0.918621161987611
4.82449609068805 7.18513279389717 5.82324539312626
2.01323524420941 5.26240978114602 0.110268116478543
3.19849697078295 7.16541630048226 5.90920276992075
1.94081977584406 4.05489855273257 0.896879327580516
2.76951743705032 4.75115775648898 4.29044406233106
2.08593292367592 6.29206503268875 5.35996714347539
2.38266677591055 0.321623317226856 2.22580161563779
2.21344426023015 1.62587030654482 3.24943317793907
3.66853832109449 3.34944719441292 3.01660307241959
2.53232581638675 2.73097366099076 1.99367617817823
2.41200552563696 0.931448044340881 2.91450734532972
3.48678784084668 5.56662392227575 0.356735436155723
2.56054332385179 6.67846199499437 0.855237170258275
2.58508012111543 0.121494393436006 2.06105935640748
3.42555557547602 6.63218528642063 5.98932176421655
3.14330935006614 0.821200778799733 3.70603831288869
3.50041977125984 7.26644832299913 5.07255779401152
2.60760007033099 3.98716844691332 0.625878477923526
2.47019081049617 5.04916958156226 4.55447349918171
3.04065955597895 4.96535028604172 5.49307999380613
1.72237177786677 2.39395722747637 3.87054700094869
2.78494792329972 1.58789431310129 2.63031308359057
3.04238828814565 5.96505252915641 0.0417917958817849
1.61438528284103 1.27690356661512 2.35883175029696
2.55279866099802 7.40286278494856 0.416925843772975
4.31767727930629 5.46595663468392 6.0855135302303
1.7778695413093 2.00807282882831 1.91942507477305
3.23105026691491 0.370881364275424 2.80793297684701
2.09769426680348 4.90962214781299 0.515600316581716
1.46517062806219 1.24448814380421 2.21822235964543
4.4091503088229 1.99153882055097 0.578679955651607
6.9520179033623 2.45460285786384 0.830954988944076
2.62754919246815 3.53949732834548 0.414644029678019
1.60554024372039 4.81124719412758 1.09930572629156
0.545044441982271 0.747358662274656 2.6613241856114
3.8697902480751 0.65515061207613 3.41391097503016
3.79022372899054 7.19889427499219 0.424076758424034
3.5742066697915 6.32583606671246 5.8688659087425
3.39676514729963 3.60967947407833 2.93890235506997
2.39196346052263 0.10481399886037 1.76473564846048
1.95053265059901 0.168662764910108 2.52651078331211
2.90145560559536 3.61874621427849 0.492177586563188
1.73681119617396 4.51805602236009 1.4111574842254
3.26792942478361 7.40322914647028 5.88055739522635
1.00341762806815 4.87270139362251 3.76166818306625
3.59259616620306 7.04628565867447 5.28529107393014
3.02887378309856 4.53617375415934 5.69842038095714
3.21572091302086 0.990789631221586 3.71646958931534
2.98209992406964 2.61368974563379 1.80586556404709
1.42711839270758 1.33166581886489 2.10696669638505
3.19796819470179 1.50280181089581 3.43211692681494
3.17697531433699 6.89021318969371 3.55166057450905
2.82740084023647 1.86247057943802 3.89168889461449
2.40618320381999 0.0854969446817453 2.4170368056
3.6686171460693 1.8093393461044 2.6239311733397
3.90425417558447 0.193176020142901 2.44059877400715
2.84071441271134 2.26786093686798 2.74561547413257
0.80064449871808 2.9967748176685 2.21188870100686
2.40160253421005 6.80682636532248 3.79156759072869
2.17549177642015 2.50385382132433 3.25248645805835
4.01463072157328 3.64929224275344 4.94586900125423
2.37997480293525 4.22209336779155 0.417150187957577
3.02913187887087 4.71719379273668 5.44916343952379
2.88802339008541 4.77002279110016 5.38039559768528
3.32882879511342 6.10412393915897 0.978479678172318
2.84319463453775 3.89434271255192 0.905335714311736
3.19354037142886 1.65373617761342 2.953134765308
2.4260430101534 0.435745507036426 1.52797047151574
3.68378256178255 2.65856664427025 0.431427778126235
3.45813818866789 4.76456952010071 3.70819362275733
3.17764971351793 1.19407697730217 3.15935342179347
3.10540274723712 5.26412726887558 3.6283856740861
4.06655744983717 5.62966896254671 6.48821892229378
3.27722446283321 2.78654208403327 0.847417278860795
2.98398846659299 6.84074278191197 0.367623552386556
3.42532389363408 5.38891724725547 -0.090167581538354
3.33564922146591 6.70865292954581 4.71887600832995
4.44715447458831 3.06518988315684 5.473507380872
2.25851950085968 5.38849608724932 3.25557612872132
2.6031963253676 2.37450213504806 3.63417605421997
3.08626659191375 6.71175047213181 -0.283395511225421
4.23021120796 5.76125974435537 5.92161629422362
1.81412991896474 7.2414787592705 4.83095966645117
3.74966394501545 0.279542623708799 2.38336148640664
3.16800764673118 6.92518320897218 4.03646579608964
3.74639374652412 6.44552747361696 6.55105091505938
4.14363591895948 0.705202452246306 2.77723747565308
4.94704731212149 2.63927000549671 4.71220216847955
4.20441537124688 2.65538411640502 1.08338155068541
3.98738919304983 0.0636802266061345 2.84149415684473
1.25450828405611 5.76031998452785 1.64231509619449
1.46230669624832 0.623214589199562 2.47571104803931
4.23017281894598 2.27360965535994 0.181638499836471
2.21625174424148 1.23668488543856 2.5282700413814
3.87081861385979 6.94371867049828 0.812787146231537
3.26387839068749 3.51628095800636 1.55919543985461
3.23918920628571 0.0178077424944751 1.43438727491639
3.20416248821657 6.9538811712623 5.50019751296144
1.57286391258881 6.61976208222199 1.12644616850308
2.55377739330636 0.817082408309411 2.92184456012666
3.06056373075898 0.662317647765952 2.30357450664571
2.51598032275966 4.28047690571584 0.543287707106726
2.40233724736321 1.86992513282797 4.26449704135133
2.0692800832578 5.03289825723147 0.00511917793889349
3.16825130185367 3.21698734287102 0.562276940071027
3.19120873383875 3.36763676687902 0.801018491812264
1.87010377536408 4.3848238785559 0.831897557934434
2.51311751899867 0.470146634507972 1.26709187537467
3.21918051245061 0.671477633356654 1.77212701299223
2.49265923687924 7.25556466691588 -0.109733606376026
4.06590005204306 2.84400244799965 2.31469866951595
2.5719958532104 3.58084169399002 0.0627247231369336
4.1064232206832 1.29737333207386 4.52258140612466
4.21701245764404 7.15310860048698 0.277233327217871
2.16404763940044 3.77195332705891 1.18914685329282
1.52404074179713 7.10186715643967 1.39645710072588
1.47503084331496 1.1306727723805 1.59137693190319
3.2759084869422 5.5481269581194 0.224605699720087
2.64741547052791 6.84154353577909 -0.277901475336729
2.47459558423548 3.37618628581208 0.254855590340292
2.29922247337328 5.36322395258466 2.09564213934368
1.49097248741367 4.17180895096632 3.62711111094023
3.65568590039421 1.19055562734433 3.51240710008238
2.68793142113016 4.84570261056039 3.90855669499637
3.06451348888978 1.40618003945705 3.1420064155259
2.23033925523714 2.33544668181147 3.8872319414211
2.34925449216759 4.23845707242264 0.724203954748288
3.25376546951416 1.27474186827561 4.18671697766997
2.78896718515439 0.567087382252576 2.04535138603218
3.27496647016996 7.33620755846395 6.32636144961104
4.24642425000004 3.44878617636133 5.42451921972204
4.29341378123822 1.36627781034153 3.93713972010091
3.46438198055927 4.06454598841686 5.84555113902217
3.96342030369582 4.85140798988429 0.587862877092363
0.422492923821412 1.84877997015521 1.84760276578778
0.638294359519278 1.48371019413591 3.18701921386837
2.67814587891014 5.97188446953551 6.2368395993099
2.11687989630987 4.03702366214134 0.785095727708106
3.20945816020669 0.11258388973177 2.31910210824757
3.32904575415779 4.45247414932158 6.65160019381392
4.14599946884609 3.3456771125335 5.55770857829637
2.69640208841127 3.92102731575367 0.363343445620835
2.07650539458911 5.4986586975454 1.79846513198339
4.353025047643 0.882587239559161 3.87371175184356
1.67940787910152 5.73476698480714 0.302129986159757
2.2366485827531 3.98030654719581 0.405527361614091
2.62756403657745 2.54796981248085 2.10819750943977
3.68824991334673 7.40458837638895 0.552458759937747
3.05601545551598 0.775830713252912 2.84211595693186
2.65469107697427 2.98044579014631 0.797194501349508
4.66709227863935 0.874869229323318 3.19206677353308
2.02186550944427 0.856517973332669 1.69117826480676
1.88631607555337 0.298757905867973 1.88856078942255
1.11849969206054 0.225763602376435 1.44708125523335
2.86992823156677 2.90719781873449 1.19207149720271
3.90931767052053 6.38391122137196 5.7129416327013
2.97389297122853 0.257713011763774 1.83565839834084
4.18122730800551 2.07102554944826 0.952689183794349
3.11922019708857 2.71738877918152 0.141972402438979
3.54471102570899 0.836354610647445 2.68869481202471
3.69723870205902 5.70414130995807 1.04647178825801
3.94405309583634 6.84703682526995 0.136333340962792
2.10180780269683 6.8218176441011 5.50608394973121
3.97763262183229 5.08814440413988 -0.236232739310239
2.69079022871363 6.99064923592859 -0.234168137187878
4.25735693875271 1.03675140150805 3.76230776835995
5.33344353773604 6.92241486363955 -0.547345988779196
3.96689393276313 0.738497485813911 3.38480816704664
2.34449311621727 1.61581874278151 3.28634016173037
2.3822245969672 1.20791988136067 3.08697948961387
4.15776497889075 0.739561217512456 3.04901022128528
2.67435937953747 2.11421796687293 2.95738102611968
2.58662142006741 2.97176974984313 1.98329538063145
2.2097935424046 4.99862801767678 0.735890907685199
4.03232381819652 5.73569748448895 5.6510821836261
4.12508386556644 1.91245885011197 0.544779902218067
3.08545535308947 3.84619451372831 2.31828016634224
3.97721966563524 6.5632042791312 4.06003024194799
4.60304226850911 4.78860188900683 3.54781913429415
2.17720078099471 4.70124853604816 -0.0685925871068126
1.91435003653134 3.26351738371063 2.95451941642525
1.84789364556682 4.46018138465948 0.375269257901168
3.87991626331249 0.136859418310443 2.38154255632416
2.56662737309694 0.247159046847649 1.63980911160311
4.48458778808782 4.33945046976542 0.423544419969183
1.92876451583111 5.89486978320986 0.932287249295452
4.39912466408318 6.08528203513844 -0.00804810137695844
2.95582055903081 2.31087605743415 2.62410746998722
2.99137283788114 0.323941393709693 1.80825045975464
2.68108381904533 0.291766998366571 2.58379987529962
2.36653471067857 7.22932945504975 1.00395494567242
4.74137064091596 6.31955140351176 1.41185839101959
2.7358171085161 2.99947661214057 0.303281790730777
2.10258828515623 4.62635506490069 0.628210070419026
5.13414459296283 5.69145902478362 0.0873221441559669
2.18510189294537 1.11324118371648 2.4522668312668
3.60198152595954 3.70714171237852 5.02867052780437
1.25439835982395 6.55592838584936 -0.116884885772212
0.71787180107721 3.56392266481782 2.93533681495518
4.84990520595112 5.54133284059526 0.710292460658663
1.83963573736817 6.35880479146169 1.69244149089639
2.12326393827273 4.87763857065374 0.864491323305791
5.0510282598225 6.59870444475554 6.24682338949959
2.34715897081178 4.65287587826152 0.730158993290855
2.43495949522331 1.7451991487449 4.02154866198864
0.619447735543824 4.47695722432019 2.96849475897332
1.80534017299676 7.46326723558134 4.84270277966194
3.03366095265971 3.93553304022751 1.42623563004927
4.5543357554082 3.99032524131585 -0.379764648802694
4.39906894705123 3.33944340391174 6.27695715151532
3.14507080857088 0.375388719126722 2.04644635429004
3.9720829810618 0.218219039163711 2.46809546252209
4.18799488465264 1.50209212623528 2.99223368813833
4.71975688776211 6.70089250829655 4.03791334801043
4.259053016978 4.49365219032996 -0.0205545841987823
3.56506354128986 3.88049868910682 6.14440146015774
3.03237731375294 4.47238915851297 5.3163340916701
4.61076563072993 6.47047030182508 0.843202070964431
2.65746042289714 4.61010547698107 3.26305846439064
1.52351747564779 1.51843772128375 2.34630832956392
3.51130684230497 6.48005350363425 5.72639313561914
1.61955389789397 3.0935274303549 3.87069854774749
4.0085212212106 6.89341987553769 0.379490439121678
4.3740924422394 0.152580749525777 2.13164809030943
2.65675887666025 1.48753322865593 3.14799514626703
3.1242863470919 4.14994086258582 4.07157820447375
2.8944858886145 3.97391573666246 1.5945467890179
2.10906184908009 5.45304085032544 2.07482239895258
3.36550650074662 1.59130846715707 3.81114045341366
1.75747339081538 2.40750166573114 3.65504289917641
2.71078212829829 7.18629288362847 0.721294904203571
4.56060379647452 3.33176936957093 5.34218390148947
2.82211790705786 0.325230671535701 2.06389362882978
4.10597298158613 1.64650570452871 2.29047449659577
2.89644065835331 0.966243634127556 2.59739704932898
4.98053055176568 1.21605267349364 3.42417585426741
3.90858736427695 7.17696021943574 0.752559039861481
2.29536541240101 0.0686184013589868 2.34826332767412
4.49864860547544 2.02396401529291 0.0570215258359784
2.78648123032287 0.170299366679309 1.96740061226913
3.61333939292922 4.87937776104921 0.76035464324219
2.9258698571049 5.03714135512731 5.79435158756994
2.20825496675998 4.98370823063731 0.5787569708443
1.77692072594228 4.18036062879682 1.46580020271545
3.66562704084669 2.36044138685672 0.447957571719145
1.29541172379832 3.40621640546589 4.25592880117229
3.78660617026265 4.92603870670309 0.0460011305350809
3.41772932783723 1.44692395445019 3.68868916334141
2.46017814065257 6.50109060862478 4.14037810393338
4.91703379903344 4.36158957358209 1.36387609114975
4.54139093313012 7.0706702527519 6.14151149330177
2.05532645754052 7.25784216187224 5.42555981758026
3.71340134570172 1.02959192349057 3.21004136869965
2.70803265339258 1.99972240836117 3.45443908867076
1.99648850060335 2.28137867701548 3.84147142113188
3.46164037477462 3.42486561514681 2.16906568665711
2.5386886447593 3.11189818954555 1.36198939619176
3.25620570190799 5.97464759524382 -0.118033548017316
3.84712275120689 3.61283622681928 4.83937858043945
1.43726990707886 3.02108720183782 4.03081504178738
3.307859696201 1.1265655912744 3.71906898743097
1.45388538497427 1.03877840061514 1.33449660144849
1.92589096858705 6.24176192187248 1.92362230129795
4.58766810255002 4.12590416595669 -0.602023133827079
0.664222575472253 5.47908887160334 3.37357620243564
1.14305680084982 5.33977851384578 3.28436492420421
1.70072653847226 5.73006458136928 0.767776049327023
2.41071989141016 3.40600164060448 1.3915333719662
3.69617938073459 0.320815118674128 1.96664602861751
2.30881881762629 5.18339984004604 2.51938896353812
3.47095278957726 3.74730557603488 5.1879932220789
3.1951914953827 0.954166494639385 2.47368572103128
2.80159784314164 6.28496733122419 1.04713303265125
1.76626364391631 4.30656843882292 0.978123231078545
2.68994010670322 1.41383264125947 3.59056085626314
2.45923029311754 2.99644745466989 1.72685623212732
1.22541185390221 4.00556926854992 4.07493356977783
2.7859495826862 0.150760482660221 2.47322897830752
2.89984422668838 1.29399629167042 2.22545691500556
1.35655318488652 6.86665578539476 0.426138629926806
2.44917737812764 1.76779405167783 3.81097879779132
1.40171894721483 5.58751621354195 0.465163994054547
2.04928005246021 4.57031945187689 0.853180773028545
3.50657645232655 1.54567518779406 3.13664282790054
3.14513522901365 4.31837985430666 5.96080061088466
3.46409740141364 0.365519622839011 2.12902748232264
2.21059382230747 4.06319719266985 -0.0732292708249593
1.68458816525945 0.655401526136788 2.54405422453129
3.46824731422631 3.49942672849052 3.02583899591634
1.59616972256512 0.284410132657762 2.13288073203663
4.961384280683 4.42881369661407 3.42452594314917
2.46968437926139 6.97049103967466 0.897436820879154
3.88781346172021 4.03296584674635 4.50374143663709
4.3629402042076 1.76056912932421 1.34995893207966
2.53785100035336 4.97706036536138 4.24388276576348
1.68293302684524 4.92593574825765 1.46251068968896
3.46833003180138 5.05186704013845 0.823316959740362
4.80445226947608 1.31197185421984 2.31741068892055
3.10654771064459 6.86502498288164 0.390647698492706
4.01128640770936 4.16872659440278 2.2721873754536
3.08404135361277 4.74714612253741 6.1603075576252
2.93947556791889 5.74100786936954 1.87024505406863
1.47368618946603 0.85293666544039 2.76736896380712
2.56273211986158 0.802142259159225 2.27522758584556
2.67421506788476 0.73232138859111 2.598790494659
2.59717331428122 6.68420453841659 1.20485060193948
1.20751660526405 4.71686913871655 2.99771807586886
3.39714667060702 2.51455106396551 1.64137879217833
1.06411184010809 1.17266294733945 1.87320904664307
2.66034193578901 1.03907480908739 2.98825027208634
3.46630054736332 1.87158909133451 2.29669175867587
1.99607762868138 5.56318451366706 1.10867873303529
2.28704774945408 4.95031798400142 1.57358725600418
3.18012236095606 7.37216318286819 6.2110473188705
2.6975223975105 1.78830598376439 3.99403972977472
1.03819689330335 0.0907166597709779 2.05967014654491
3.06080882267403 6.61404887860512 0.0451098580567486
4.85043744145893 2.98800700086992 5.1368844581369
3.90722107189853 0.796620469212422 3.26852609460138
3.34926380242706 2.34574637643125 1.48858112611385
3.3707989137756 0.269169646203457 2.26321535131989
4.02741263662049 2.07978040912092 0.813143850118211
2.92761184943725 7.09795328302851 -0.0366087278799607
2.04897778235314 6.90984591342948 5.16837259424299
2.87874823500796 1.90875043533147 4.03201902294123
3.26280283307043 6.60621858054838 1.61182736450053
3.51422257187624 4.50446957491633 4.91500875873365
2.56390341929431 0.132668116984304 1.73164317189287
1.77976928746054 7.05636638241252 4.15514689801993
4.46559315416637 4.25189000231133 0.0493147454646174
2.55392337724347 1.63719174692615 4.32612246121358
2.59945043649228 6.10922900088906 4.21036380659323
2.11292030759164 7.38773220103365 5.50661677080994
3.01827332508697 4.34521197714908 4.58951167198045
2.00605678120506 5.11729820108773 0.556794488653859
1.77475006168979 3.65211199968888 1.54140706590918
3.35687547771657 6.52778187115835 3.55807194031304
3.07620423888653 5.75047780804727 -0.807257291000095
2.70375375464985 6.41356220818851 1.5770006093569
3.35303381471598 2.38630878732204 -0.304653319428428
3.19237645194723 1.66393375305487 3.24952664050144
4.50451874152059 5.40953915751203 6.52166822818538
3.10965806182642 5.09397639219686 5.42802420119099
3.43241150035083 6.72719701640917 6.51514404089729
2.07346807053996 5.38726018335755 0.12545186206697
3.1063861210075 2.86345626296879 0.257956523746834
2.90042916027238 2.22846998335126 2.47378565265093
1.86737290526573 1.89177439456562 1.92328716911796
2.50065607107161 7.37859831124689 -0.329871483384932
1.02202448680389 5.26320383137204 3.35847139007464
3.03511205419172 5.41280220175615 3.13998120448795
3.14707263104173 7.39690186662626 5.34450158002356
2.29626192040411 0.560651749241084 1.53648655905795
0.699580201614146 3.1483005559628 1.93923975621966
4.00546219778174 2.7010590616093 0.118236139860577
4.388166870159 6.09766622089267 0.564964582907342
1.55637706376654 1.60824389270947 2.72605278685652
3.28039921182507 4.82086447666051 4.04983041353338
5.01290618793431 4.45612290058797 4.80268419413792
4.46193507893297 7.15248694606934 5.4942215220351
3.73177034577524 6.16449435857076 5.66123716244945
2.21046899309544 5.1552928943785 0.814113747482127
4.20002176086352 2.38091383072778 0.475924228153682
3.66706359270499 5.98040132562684 4.03423523402279
1.39158404001033 6.65480139931413 0.431834680528493
4.93022010070451 3.35381722462636 2.5571070110585
5.06167673952008 6.8821906613342 7.0340031481054
1.60278361984108 4.09733431383652 3.91080576314194
2.07645068701778 1.38081200709311 2.98834573082044
1.64512801948156 4.57976716980641 1.00321051663244
2.64966088654788 6.25980194827971 2.24107540751186
3.71697101386658 4.04156922956388 4.7544515395251
3.6417680860307 5.19402201013166 -0.200945779646806
3.34539106082368 2.33731568641398 0.634461218312182
3.75373080948219 7.02281018881466 2.74682103651046
3.38211196352505 3.13441762720065 -0.377038605434238
3.04745156363701 4.74174959121284 4.77453119506466
4.00867311631571 1.9889345089195 0.707375610646304
1.26024912755458 1.10767699873088 2.77751487004116
3.41265501847895 0.775038028661503 2.05079563553634
3.12603939367101 0.688767927728763 1.19674296885519
3.44292965755444 6.02837933665328 0.373146035706605
3.20244111958141 2.20945396494928 1.99092824542772
3.50068443839383 6.28690728150491 3.94491535220639
3.43094007460066 0.988998017298973 2.90312848898093
4.05432947319049 5.51776198095079 6.0159589601213
4.96385358488534 5.13285526793261 6.35357780913089
3.12444621281761 5.72366642975524 -0.611167549717353
0.0422484630974451 6.25178982175477 2.31043733028038
2.70211918728279 4.88785803533053 4.8442712896263
2.02162851252643 3.2094610589588 3.65860774727416
3.40783178969216 3.09013788410611 0.539009181305204
2.51744484013422 5.04051873597859 4.96043043851078
3.9211978640831 7.37340051182642 0.0809449572398453
1.43298767162794 5.13939183348085 0.683099101407825
1.70597241645026 1.87683847802807 2.87921747025655
2.34549829235307 5.59505140101852 5.05023463521204
3.46537036103198 3.4208961186041 3.58323329868944
2.97444788337619 2.90861155124206 0.725520856345341
3.19397726953688 4.96594026183657 4.80694264936105
2.34904332904288 6.43563262008624 5.14721173498196
2.01641997063796 1.64169486887867 3.47600101201493
3.37574939640422 5.89028620980372 0.700208309076362
3.80882229611198 5.58778217446965 1.39674343062334
4.12927703058861 4.65122266917627 0.0670288861066086
2.81537037876312 6.18788673554869 -0.244652453168014
2.85473323221869 3.9950925240556 2.09454920826607
3.05853814975461 4.03430761011545 2.88965727662827
1.29630478763343 5.66110318153445 1.91710012947297
2.75528845184197 4.44624234548541 2.84343738308596
4.05121204091268 0.407579435814185 2.19779920570802
3.97748708176277 5.22971296801579 0.33001198529169
4.81620167082232 5.27785464827281 6.60730362969771
1.82435374264785 2.12550134884481 3.60647555593698
3.71358945684033 7.30419851734921 0.47911181226153
2.9845121884643 5.6469193978103 2.31357296015694
3.93545136598703 4.67059805745536 -0.148394001226345
2.97670505925362 3.17608189604113 0.00888151576506219
4.22644337192516 0.665511632997171 2.33698199649365
4.22292698953846 4.72860590360783 0.438130613462609
3.455988115872 0.947526734759992 2.84396060706878
1.92699306184766 2.67366320291035 4.21064486379276
2.04762207742814 2.25236363306299 3.62650013931763
4.32680290198101 3.80027274310386 3.5527089288291
2.02396562877891 7.07326485603007 5.96343894386614
4.1755464516462 1.27554844809906 4.26946122144788
3.30882638512781 6.9786824943398 5.57256890763408
1.29535678220308 2.84313900885975 3.67337553653681
2.84920328851675 0.33108367692168 1.96083675268817
2.5464512264895 1.79640606774053 4.04262902113851
1.40927138733717 3.80894160701458 3.52658093935559
2.40090486811485 5.84010285777638 5.11541501797885
2.95252228233578 7.2484816645224 2.30478216470105
3.24749505017604 2.72728216466248 0.194722992999124
5.7716673051233 2.73910632085657 4.946574546791
4.24297733697334 3.24332572721167 5.87829468543377
1.20221949368326 7.39479383894479 1.18098814220434
2.05873832312476 2.79497851266612 2.3138477319509
4.66640408756643 1.6031262384899 1.48015044045815
3.48520520653999 4.92737654083048 1.64861650105275
3.26686674217618 4.09220334632543 4.45541528153714
4.0343628202469 3.18211102473827 4.75376603072614
2.09807507217583 7.37860257808093 4.65055158852128
4.35071250208308 4.21578645578492 0.313268912296621
3.3721226989169 0.81396404275812 3.21677418559024
2.91244873299415 5.01884908832349 5.50277358534788
2.5072045748294 3.31154824019229 0.950323543960444
2.13284339431126 0.136606058192884 2.73455241657685
2.37862894962906 5.06080828671216 3.42654439555793
2.21924722306497 3.88612524054244 -0.170085935509716
2.17013468802956 3.62852294256095 0.264058028500346
2.27141756425788 1.77694138172181 4.0842762850144
2.19451742875236 2.84799563077021 3.4185572290307
2.21209634450707 0.519766438255315 1.99972676934434
2.94574510958173 5.14983968145588 5.08286016024603
3.15328515187861 1.64168350666164 4.07832350964628
4.30031324156881 0.729039515294074 3.04596978331011
3.35308066014023 3.61820247141648 2.75448258446842
3.03290737542524 5.30263347999033 4.10965985077148
3.04803135410352 5.85260443805639 0.0852492972857291
3.8327811675461 2.61279005706837 0.720961999872183
2.41896613317196 6.29173098378596 4.76036198329879
2.47639539323274 4.58539353400656 1.21327750951816
4.71247979932774 5.62755414210436 2.21801819939441
4.62277240740872 7.494732962321 5.72958211404488
1.24742762368341 3.16160681956273 2.72021368733196
2.80074155585793 5.99621155506801 1.62178255278555
2.71769701917683 3.37708924092453 1.05473428882189
4.90918935404684 0.495059648575682 2.19760742888602
2.59248494915742 4.82219977102397 3.43468286451208
2.04681415937378 3.24494541774724 3.11413481712718
2.93845731759631 7.11931801808854 0.455074040465119
2.08427661334366 0.367789479424155 2.15086077379746
2.61252852515139 5.70172564773037 5.36387523672481
1.90199017960588 3.35167062830973 2.63204499413789
2.88578275865517 6.24162911145998 0.0140342260565995
1.965123384812 0.388183257354653 2.92712752783142
1.89441391743164 2.55466813669291 4.10186014202656
2.34757135062998 3.95985133532651 -0.359959388965666
2.68523282171277 0.812621591573173 2.35551356490166
2.06985405541279 4.21550544989981 0.825986892968124
3.23121076582055 1.22335604063669 4.27146329759041
4.56519844329008 3.05951328377114 4.82237853788134
5.25336805173771 2.20347274336267 1.02121403476453
2.280222921574 2.92062157723327 1.81847387810721
1.90804387846137 1.62552761371978 2.60987749806937
3.52885323300071 3.85029398021128 4.97939787305827
3.68181523316622 6.31329776391415 6.56882648590583
2.95200288244247 0.824699251699045 2.73563367159193
2.74871309447438 5.90983770772653 3.7092046625865
4.93970205850107 5.77095848902444 0.168884078020996
3.06153210584867 3.7495736778765 1.11369517632361
3.02875013809746 3.10692249332258 -0.0346581582094809
1.84638297172002 0.212480310644141 2.41162124555408
2.85820652363671 3.66795188043834 1.38028820654717
3.40202540069677 2.4380284144905 0.752258389040406
2.30979255220066 1.54086609405631 3.17897637740396
2.46669819483191 0.181688328042693 2.4553561414767
4.21579178247112 3.04341640326643 5.52009275791749
3.39724709742876 6.40599544597834 2.32843821345514
3.74934408395889 6.89078806936213 4.98950909714755
2.82515626992609 4.39889774965226 3.13915983724905
1.71323886582845 2.39183850745867 3.26134122844898
2.88194813132724 1.49007675530755 3.70510222575598
1.36861615366974 6.2896088341246 1.05354685468592
2.62417426605612 1.96307908023902 3.54134899318552
3.68206779823604 2.26210501907195 1.4728095929215
4.31575758353759 1.94681545936489 -0.481818444751907
2.26181441818378 2.27937421582611 3.0883255380287
3.53157107386989 5.89274196726072 0.522942031669844
3.69432685400891 5.09300928967352 -0.114928115239951
0.46912373719476 6.68050250084495 2.97593615883694
2.36689452208069 7.1640319984623 1.7211428806335
2.41827681339271 0.34732499729189 2.55900958413441
3.79216675439322 6.71557370791772 6.15891920366483
3.65654787430462 2.6719717409952 0.0486457901572437
2.97659946053607 6.59415873820178 -1.118854653579
1.49273577092459 5.8547949673984 0.716530701936614
3.10308606500243 1.54667934105691 3.69259072039135
3.83509600841068 0.219973925851922 2.27125810928843
2.72150261537305 2.13749791486039 2.88836760295892
2.93618563745824 5.11585796962373 5.27756876884103
4.53702997482838 1.15384896599149 4.32076514915458
2.87129791583116 6.32706463257474 0.386575673980333
3.21473071434288 4.27165217101872 5.84582552137715
0.636776813745448 0.964049100381676 2.45502552784968
3.08499286190857 3.92532734576322 3.11636643048256
2.68833809592728 5.73868510093284 5.40500084394779
2.83654571785935 6.55116045549602 0.337630016598741
1.08027538370123 6.61140724888072 2.06922441378716
2.02251239682648 1.59473528710637 2.8590369472161
1.84191349212463 1.16154513857598 1.96078862968305
5.41789238791087 3.02471427193404 3.31853077162021
1.66571321743293 3.95073800798188 3.06201372140989
3.7198414561297 3.3984371798418 3.62663595225001
1.47966470036724 5.27657599977331 2.03873474970705
2.98166156099382 0.0207252052770937 2.39593687510939
1.91435999840503 2.29673206681223 4.71110247457629
2.66266512438495 5.01607952503204 5.49357507770767
3.36006866669364 6.84341592657693 5.57954772412463
3.07753718244553 3.70110614051534 1.17513085236066
2.83167615702709 5.65571693979208 4.36566579770615
4.64801102269624 4.62715938323298 2.29246459691166
3.05620832198374 6.67475870883421 0.218271497127744
2.52177532208872 6.44524386608573 3.80450795704782
2.7221384684876 1.90940474897499 3.96209665807059
2.98828382147825 1.93118863134365 3.52030040170518
3.42587206663468 6.0086024198458 0.0972583196929896
3.10126852177304 7.17089057569712 5.18842362649464
2.74011294902626 5.85055759243725 4.10341298849332
2.71597790488106 1.45317639706701 2.86375435606121
3.01859280764295 6.48596851963057 -0.193566870418774
3.93077903854885 7.18913808543963 0.896065131030238
4.17586914752129 5.61302526605204 6.37709842587272
2.70368598377336 0.34822305487445 1.83003297325593
3.35595140077664 2.78286802949883 0.476157580561936
1.53474641992984 0.792561397039701 2.73484399898387
3.30078040986038 1.4494730472326 3.23293090625579
3.97626574419739 5.61105080209393 5.14512447856678
3.15681479808702 0.0964569131005106 2.27959786944323
2.51068990147426 6.04619516713017 5.63136904142338
3.69241586172234 5.87790857059014 3.03146178248598
3.88818247721411 7.09935595234279 -0.764679151695429
2.4146529067173 1.13620780947407 3.47424877688612
2.96907785655182 5.4602605477347 3.14914188791577
1.78736910398045 2.77712359929883 3.84130795204637
2.577778273842 5.22209714592247 4.5683480784012
4.61190863947205 5.87040219727096 0.389074971727767
5.50519243509592 3.86949640414979 1.49274906182191
2.36349713769669 6.61703613015284 5.34112857344321
3.14906604858273 6.81760487281313 1.18652590856322
0.551333790710118 2.51290669795078 2.35770437359545
0.95978172778836 2.73979451041223 3.19745503803796
2.62653127367696 4.48500238923155 1.6804507021799
1.18198085514368 6.55247948143951 1.39010338200913
3.54448951731883 2.84287194637738 1.46113531968851
4.01103863241311 2.76582226612208 0.521426487977817
3.23787765861743 6.12106047106253 1.01912757881118
1.93310526183541 4.69046211026083 -0.0791186893453733
2.74633974890446 5.70478876908929 5.34535843564108
2.67733826431494 2.28168060282396 2.60237036214507
1.3317051418247 4.71744115464771 3.16067695062941
3.56146774055415 0.838045018948252 3.71972909458918
2.62817523855762 5.46842812769497 5.67554727056372
0.730872076784051 5.88448158296993 2.96523099732723
2.5447342362101 0.300579450832688 1.37970176127563
2.44598935243109 6.60974172681632 3.27240675568117
1.94451927940023 2.22078213789573 4.28832904680428
2.19061657401004 4.34427022183147 0.693644995030057
3.01734941675007 4.3334071166704 5.40023949677616
3.20242749852492 4.9501633219585 4.61058355344149
3.19895501120837 0.397371836794595 2.40046634285781
3.49513680933345 0.0636119821967087 2.85714757058143
2.56326539091228 5.3169945465 4.77486402410704
4.30878113416525 7.47558714529277 5.86355366045319
3.34339006964126 3.45688622050255 1.35862585114038
2.54627820787001 6.89518174876732 0.80208363739064
5.39913519347558 4.64082293232942 6.4331057483687
3.41198429955685 2.68507841776545 0.569945230858968
1.94434618340836 5.14347748212109 0.641821150671772
3.69855306904578 0.248734703771993 1.33631009335132
2.08268435586504 2.02457431619528 3.76775157552696
1.11609802416215 3.55979992112493 3.96056040955949
2.79382898861048 3.75529053860762 0.620659301722897
3.13149408653935 6.20586506026628 0.729861958667391
3.45579645682799 4.06870945979021 6.66291695388898
1.69954879484516 2.22547635524347 4.03737219052264
1.59413577309104 2.93944759729294 3.62512301920569
3.86315327000412 2.70237644302625 0.691129502183279
3.09829072680382 3.77138750433377 2.33090842572277
2.57123132806104 2.95835237648476 1.30590504544846
2.05753280681229 6.06207073829538 3.50195865372572
3.54934375628879 5.10434146942544 -0.506762718846541
3.29831175593097 7.15499519565766 6.1270036787111
2.4172840678015 5.25361355546713 4.85037190542871
3.55187389987951 3.46646224438053 2.79954525188094
3.62711224002768 4.41391429676735 4.20941904350249
3.67428379004035 3.11782323302411 1.41219060473852
2.90073127810383 6.65872844153967 -0.141004681068091
3.06151963242941 6.71393010880867 0.556209435932731
1.84481883999451 1.11838189998557 2.22328442098521
0.597739866074012 3.48972306528708 1.58187027643942
3.37417576402625 1.45662931566347 4.0936640279031
2.39626783746266 5.48999216973582 4.54663696018229
2.2344062653848 4.49063056654534 0.0322233234804416
5.76597723860848 0.410552989954646 1.87609493318371
2.10666978623052 2.00297008098789 3.99696398904783
3.98171605464637 6.37834513245553 6.52940896320285
3.39491185702391 6.71560522505941 5.88897457920545
2.4470970582807 4.44319563668051 0.546267857745987
2.49610645030054 4.02627119738072 0.276332311885985
4.19240856433551 7.18144428189096 0.29864319055119
3.57907710987336 1.41146308615885 3.35711858799176
4.28021039897223 0.210177576658723 2.66133070301139
1.79059883262304 5.74832580093288 0.460337605950365
2.75743142171734 4.32885109147567 2.46404730561892
3.56554539332322 3.02028756045313 0.389729693906663
3.28981803658421 1.56434380388127 3.54944614150248
3.72042480771376 6.65882951228363 6.39198962943519
2.27815433878086 4.90130528052849 0.61420564151705
3.84865196876767 3.03850158792265 1.73980709320486
3.07127551197972 0.860213118404236 1.27182677427065
2.77512828763849 2.21541385229879 2.67037994167663
2.67874011721895 1.14833629171492 3.62252684881365
2.38235584296082 3.31631437650204 1.00405339267602
1.55313940233339 0.429142159450144 2.06133852636479
2.94173025897862 1.00077007744407 2.95946031610218
2.97962704781112 6.86940837481004 0.766392194355001
2.59457385339078 5.9311538034359 5.81771097516274
4.42906936311362 0.248998401014873 1.86729161467194
1.32568624625614 3.40381431269538 3.6884903732177
2.43372276374452 7.40139112166441 0.170862134520828
2.2942002414481 4.52561115459355 -0.923752199090498
2.65327127942902 3.12576126185917 1.03404557342973
3.53315728464364 1.55571695322696 3.63583370072677
3.61019585312397 2.93107040216623 0.621466906115812
1.39506217639929 4.02466622005517 3.59306788164689
2.08255452563027 5.19560864787863 1.03372310828949
2.94612821761955 4.48587347925447 4.92767592640939
3.95700177933442 0.80674268364362 3.7883031292708
1.80846763994818 4.60328030247089 0.631995746244464
4.22494313934011 2.47990719488363 -0.198430679022025
1.49252797506302 0.339787363961751 2.39097502622355
2.16720613774974 5.55991730376964 2.04770215135775
2.52618787453985 0.0511267471077845 3.52744925752389
2.91713152149735 7.29088583339198 0.689728827976867
2.75526546169875 7.48582457809756 0.190112277638246
1.55556667417955 4.53283313041259 2.37863157726433
2.50620114173844 6.45629274558995 4.25685152016382
3.5173735349648 2.88550150444741 0.12318685015407
3.29707032539454 6.13309499663545 0.352365921746187
2.73554520713218 6.55767365024811 0.304218684368713
2.68380401873159 3.79034845380796 0.13205712105139
2.44497346718226 5.72148174565487 5.34880185907151
3.38870259291664 6.26278286260019 0.900845583468014
3.87803351029693 6.53711819663772 6.81660226578144
3.43614693220638 7.3793264954681 6.07648993467736
3.59687808924012 3.1369346938938 0.672067450841671
1.63957028478427 1.50832980377142 2.8237243344879
2.82976535130773 2.70958259681956 1.60113644157564
4.27147856397051 5.35155786486797 6.578512992333
2.18348013397555 3.84985213596339 0.359991925844475
2.23497436092922 1.50565314454642 3.7958733823195
2.60633915630107 6.69124269231322 0.273407357520862
3.95542621620955 5.09674167615496 0.52211340137013
2.79807109941634 4.19294457204844 1.55510360543845
2.76425915261272 3.7697165306277 0.00617268738038013
2.31952235386327 5.28145462575587 2.28572227044667
4.51036856451283 5.98790432319525 -0.606606716357027
2.97859325257336 7.42851401415984 4.91351633292943
4.14613754269573 2.34681111790439 -0.389884092838072
2.80504229118785 0.841169903423478 3.03412183071213
0.91070303889958 3.05068416056692 2.51600272260245
2.50051748104422 7.15406146819178 -0.186362087768997
4.04774294479555 7.25465986278579 1.05231812952377
4.65638718552827 1.92100851573905 0.103393057222677
4.17581673329952 7.11230246669506 0.517467062137687
4.6800525625087 2.40177614659926 0.969925437730617
4.2050079856914 4.26218637128455 0.75921401245647
4.76623398006335 2.52728827110081 3.08541402317592
3.34386577938937 5.39819853167717 -0.10138108796289
2.37973265695593 6.3012117904851 5.56301994046255
3.75265656956531 0.0529915368924563 1.47007892047968
2.52076996846494 5.77954115481427 4.68966375407056
1.32492222134263 0.808259176563997 1.7610963659566
1.51205485591057 4.12245531979398 2.69563696607953
2.22492196326088 2.83318626392139 3.43360720805579
1.43232788833703 0.740237768091703 1.62519857139911
1.72665758720293 0.14105068476725 1.59625080818395
2.06299932543589 1.24148610991377 2.56394625731738
2.11034856723928 3.3713354453462 1.95049325957969
2.71914014874434 1.4372696540384 3.68444051761919
1.94828507131684 1.93460001415688 2.84509986946154
3.18956143351649 1.52618853415878 3.17023606370512
3.16514554250669 6.19022074179662 -0.405904713219012
2.67238323347064 2.34881333687531 2.87008261330396
2.99581367727427 0.784377944704456 2.10664855248676
4.46502372298982 3.86451894866955 -0.70223119924383
4.13351006163865 1.95266932001257 0.170776481500335
4.13070789684814 7.06991581830987 0.67942527579866
1.06684725880581 2.88271169787567 3.53049167539279
3.41644856460189 3.26061184563508 0.461461799951371
3.4103991876921 5.2697748579932 -0.448855192686003
2.12545670285395 3.32389843084149 3.04738195478155
4.02170228073406 2.13800131670247 0.171814250003196
1.79188901838649 2.60663664760369 3.92284572351261
2.68612672861828 6.27999805570347 1.21846071791385
2.1192562471224 2.66226458103459 3.848579220115
4.69203044090291 3.48239606901417 4.03779338469308
3.22488485025158 4.33076442688126 5.05725095900406
2.39542055077879 7.19989747454653 0.969653457895379
2.88457431497321 6.35927417745787 -1.09505353885793
2.38205725837503 3.23780208992142 1.5587807724338
3.59740616230564 4.60363217487246 3.13022286509399
3.04862391558862 5.78863519255793 1.21589054819059
2.32651624793018 3.48836174028082 1.79095895895387
5.73675138490797 0.336826912759531 1.60729889141025
4.48171699962221 3.73603501735836 2.05662957147541
3.62766846440143 0.22354544458552 1.53217095469293
2.26893027449857 5.67691459675203 4.2729073021001
2.01268560622452 6.33266549245797 4.91085577346924
1.89505933613008 2.81887309384715 2.63905970848176
2.76064151032977 6.20287138347353 0.773238274114176
2.80166098042399 3.18990444196305 0.861352518869659
2.21453829517672 0.605280361238914 2.21011691492895
2.18907245365576 2.37721415712924 3.29664382908847
3.85102173701625 1.30658785643961 4.05068287172207
3.41968448094896 2.25384748135996 1.6430024633525
4.19473848626244 4.59527521767709 0.829903618646396
3.80159023374601 4.59326000850776 0.396995601936123
4.56117823216255 0.453828937271579 2.40814362298938
2.39430547111201 1.64667855334689 3.77170482104443
2.93781377391189 4.0468025548681 1.51018554904539
3.36450349671635 7.05418575499304 4.51972062237339
2.49109907131018 6.50565759282613 3.77248753056715
2.20238492138512 5.70321594867654 4.07441628426348
2.14950768753973 6.55217240449656 6.2413954023328
3.2168166323268 5.29321256343849 2.17789090794527
5.32829395056033 4.43499976768543 6.80689541145946
1.79252056772153 5.72080631010922 0.0237752702884533
0.897845920894578 2.81258460563602 2.75003721764501
2.60734856364069 2.80375865336026 2.90219214715327
2.34519518643634 3.18339509586501 1.68236854392011
2.89268712322984 4.25030147591587 3.05590403446924
3.23489603667645 0.811367913640393 2.76806111891651
3.18884083393127 1.86745260478394 2.41445035577998
3.12656824458176 0.440330356356388 2.01952757800805
4.45607332418418 0.0141309038869837 2.34188754765761
3.53993215706125 5.38416806106048 0.693504501114407
3.50256950162569 4.17655358134149 5.65415302571272
3.74139782649817 0.965473697738264 3.1229795360016
2.28538359640112 0.253285319658373 2.25006240026472
3.96296175670081 2.74854719431233 0.138958139480791
1.959028352258 7.21694948220506 5.49954812993163
3.31927679741028 4.59795391254186 5.43505930838321
2.62172101244861 5.41703948508016 5.85463417700651
3.14940834166098 1.26836834767965 3.51290037268458
2.65553991828361 4.94409809145736 5.56922234991327
3.71549191763739 3.43915712147907 4.16817461644811
4.44028155547049 2.79581005994511 3.35698697946198
1.7234353481746 4.18393064823712 1.6390271473002
2.59023633827046 1.04943348309842 2.84234082706516
2.82967832875803 1.41040573533305 3.3601367001333
2.18342463897434 5.14942546367887 0.542549185807233
4.50734316582518 0.63312685529443 2.91694660609618
2.29160508689675 3.41291129446639 1.12339111568239
4.31176163497236 4.84398646647832 0.53692150602654
2.69288402208688 1.04796889051323 2.94154639267151
2.70313956432465 3.77609972746088 0.741442529311738
2.94563542245845 2.86258853632438 0.672488846687972
2.38978080197845 7.2867410836644 0.47390378376666
1.59922346142887 2.11731718746186 2.87629799648647
3.70827114813189 5.56828679274658 -0.0445308561930614
1.22960975819609 3.85319970893571 3.88612554860262
3.31851811214887 2.4559911119461 1.08943886867089
3.29483887347442 5.84794982082958 -0.112478144773417
4.37914266800861 0.818876630565365 3.61330719551463
4.15684893174354 2.80785336358368 2.06661249560944
1.39424564496424 3.81859300979546 4.48813426534546
4.27088353443507 4.82949158166792 -0.490098587885556
2.80242538303175 1.66623498797859 3.21638436531057
1.88467719278633 2.20461787225425 3.9125394450452
3.33661289838598 2.52085330689687 -0.538240923230005
1.93617155596247 5.2770011833244 0.996997563678396
3.66478875244568 5.16538208766012 1.22567978170853
3.16045874356705 0.189242650446978 2.14637537989503
3.5208746347586 1.53101585911521 4.27353771760272
1.12966053377184 1.94443018596672 2.0221422073645
3.24638886779648 1.29607111491192 3.78857632023473
4.49228482375839 6.07839438055754 0.789877811708045
1.02283512769018 2.96298782691337 3.41513339463551
2.34983772288563 0.0658143185500029 2.48324653000447
3.37917782235134 5.65768319704803 1.06325844233889
1.44728772623228 1.35721994004641 2.20689567206302
2.6088311950939 5.67036692907773 5.45739558460595
2.70304325766127 6.62484670107972 0.242624308162309
4.82198341563948 0.373581628973769 2.18243796697082
0.37037178905661 2.81460510555445 2.62948256635588
2.46062621354496 4.78244666615175 2.28870416025089
2.49977224346966 2.37207988831014 4.01713337057692
3.00809219980944 4.09362751870034 3.23139835190713
4.76292374624596 5.62262846647692 1.60777190341711
3.66986666101797 3.52464616440635 4.43626495573895
3.91446804419419 5.03329169204445 0.562794893165259
3.50770324435131 3.62050512171267 3.56333814649258
3.22103843737472 3.50712963554981 0.948316421673963
2.15230313729317 4.22601443744488 1.44836984786978
3.86249631711177 0.99566741634478 3.16973658542068
3.20980885559996 2.37891120504667 1.1988726913853
3.5255490042318 4.88478009704175 1.09460710743382
3.44014206506313 1.29909900457978 3.73735461838108
3.51514866791188 6.20154782149683 3.23728672629176
4.61070048068469 4.98701107739457 5.15571664946673
5.08449970755419 6.72907459059816 6.5883367105126
3.78651301815852 2.31399823773752 1.599808134761
3.86969719949233 1.72313465033799 2.5912955007137
3.62210208515926 5.14436724861675 -0.959807757881637
3.0807749116807 3.72478659605585 1.66651366666263
0.869563856907432 6.74934219534935 2.98394836492487
4.16618910815818 6.50292642921471 -0.269532122484459
1.8498925976085 6.9467559433593 3.77541255263677
1.17152831237817 1.34463230330426 2.19999455255825
4.36350689680395 5.94962892584122 5.11283795337738
3.28380256866889 4.35561565382237 5.1740485182817
2.92440209228652 1.83419869559394 3.71035055288732
2.11215784307317 1.56822678868268 2.70206480756918
3.35123558549324 6.95799459393232 5.45120744905622
3.18189743772865 2.32232816648464 0.846675764338396
1.04822260835832 1.13224760827169 2.01282124181518
3.72712703741234 4.31394737745402 4.39717574717389
2.332759156819 6.7936796911546 4.25166027040988
3.38229069981722 3.27350707745213 0.57912290275066
2.59618793575707 4.90598556201571 4.73324320898987
2.9897117413136 0.879700481463604 2.60529746066188
4.13210018565877 2.68718707040778 1.34841146521421
2.30555330860102 4.9980065128669 1.38426830008133
2.9116661411358 4.79454972695891 5.8747282251851
5.03609253542731 2.7604258535501 6.0150790762452
4.49070583523031 1.0395948716029 3.68911272486682
3.92878636245835 4.14004166530774 3.81333232599052
2.13210005625643 0.677802165580153 2.27526556648679
3.26316863376706 4.37298512620191 5.15042900642379
2.53988400144331 1.2425059218537 2.7101770421409
5.12310729328003 3.33622804152907 0.496747878987115
3.40329562070425 0.258402262903314 2.05525016297266
2.7419836646455 0.0784758713888349 2.16090342018583
3.72512763934591 0.469011617784225 1.87192436222569
2.70786769556171 5.01470701382519 5.05034583793746
2.02572622390063 0.133447098407572 2.27515018738342
2.59661428107841 0.300853160479439 1.92244667380793
1.77799983857233 0.68958108623944 1.90926503049384
2.37196524543732 7.29742726725675 1.01064601391993
4.39699430511038 2.20458862826171 0.529955426970641
3.28688660542424 5.89148250799128 0.4805299192093
2.71887942291681 0.00848608832892239 1.90565536941636
2.82521016386163 3.55008353600468 0.899304958458899
3.5293609919286 4.36530993609548 5.8216622006661
3.5901241608094 6.0099421534344 1.75182276045709
2.57459255644827 0.564605462809459 2.39353666924688
2.10092117844797 5.07017038148365 0.974435879842218
1.92034615092743 4.52577031299781 0.503328975881738
2.84210250422108 4.88753983682007 5.59287927980393
3.22608038269731 6.38957627922354 0.0214443406494847
2.1213471193531 0.383094300457155 1.59866520166341
2.79405950724134 6.94805147873243 0.461239446301252
3.31481923377968 3.31909055909376 1.41730650640165
3.45742137743676 7.25208713237866 5.41613821636719
2.55636059135718 5.69366705500617 5.28435914263679
3.14214688373425 7.35048102467867 4.71247694252929
1.40994300387668 3.46298700673041 3.51916236466945
2.4395514551668 4.3413872544113 0.509100965206937
2.65907558652428 4.20226389390895 0.954323349986153
5.25062755651906 6.64207536177726 5.48882190091582
4.17805776028369 1.58165981853474 2.37122054012951
1.94162697333924 3.30673434824816 2.87410601644587
2.12142991608299 6.56306015008215 5.63686681132629
2.28529289339335 0.0591336796242015 1.67530271671471
2.08986185246083 1.649800737843 3.62408428678071
4.21905727863378 3.66573155633922 4.51665647972743
2.23511104824675 3.0990633883862 1.65607805706424
2.34060193784483 6.22670257248467 5.04993397624012
2.370532800324 0.439278195433459 2.14802701208406
1.8584707233497 7.30880695656091 5.04127429773581
3.56777603945522 4.09091299847216 4.96654668057896
2.51805582268188 1.26079674300226 2.73766865277692
3.77433439142329 7.45356757666726 -0.861590024597045
3.21461785402969 3.70039255583012 2.44304155790956
3.15347736928778 5.29275065682028 2.68734562133607
2.62625888797772 1.32272330677209 2.89615555364747
2.21102394807277 3.88568844147853 0.470917029767203
4.59709903228439 6.57957293225064 -0.219842900336638
2.53225932948294 7.45245168683396 0.900438545230832
3.96616666181961 3.08783329552143 2.78233745277875
3.66263588690039 0.836040370939845 3.02001893244816
2.67691992743962 4.25031501699806 0.86934826793989
4.98237331974726 6.81653965708651 5.68087557202331
3.21443127553152 5.8979991435395 0.229723730341056
2.61788179328768 6.85131722170732 -0.508506955815224
3.37857465128642 3.86638641560207 4.77277100784149
3.02717761335289 3.58069902669666 -0.246334281689126
3.50586858319906 5.95774907594085 0.898915940154712
2.62383552597538 1.39053173141474 2.76588981156286
3.40082880171839 2.54665342383933 0.0297926720165796
3.16819339164877 6.2452436367552 -0.680046993147552
2.27435811015186 6.57740364747792 6.10199936548317
3.24491145025534 4.09170662258732 5.09005017917366
2.28762789544108 0.139072088152787 1.6816683941963
4.10941967972698 2.94520634981632 2.6177286080288
3.14255136025606 6.6308743156964 0.998156535716628
1.34701635882028 5.02337797446998 2.05873418005024
3.78538148091713 6.99596784431184 1.79197917155291
3.60953629325598 2.29829926094594 0.395832316870553
2.48952930693545 5.84509813395934 5.68384851561796
4.68629210707218 3.28793152837098 5.8336738265819
2.71358029019463 5.17854555346415 6.76967378796711
4.53014502476558 5.6636990006727 5.59257226892347
2.60496007109106 1.67825483494396 3.40676121262452
3.96432451767167 0.821632478770588 3.04073106379161
2.74133738490201 5.43750196867832 5.84977023664192
2.79094417700392 1.37518548671684 3.44874394891847
1.86879966362498 4.44374346791139 0.507966856329706
4.14877641318747 5.86092369798339 5.7256352390748
3.46534269421093 2.88314359075064 0.537624141447895
2.57062098076456 1.06818998523702 3.35352066510685
2.50500695306571 5.22350623859622 5.32143312036504
3.63445101741104 1.08922728542715 3.08151480250787
2.95342190355692 1.23990307885321 3.37458503742183
2.86263750834875 4.15805446397122 2.23497444092924
2.72418695299481 4.28569396286429 1.63177186998032
3.36581142492341 6.45418771295588 2.17681393344421
2.45560600637722 5.62462089883971 5.62207471195661
2.64956151005194 3.49994442103406 0.906254390670615
4.49519715049533 4.15206958673093 0.106527723711593
3.64264935883901 3.96257202773063 5.72105020045813
1.83692715996153 7.18301398815301 5.00627298267201
3.35908341467805 3.48034651879069 2.38426097459113
3.76838948341157 6.40055824796482 5.71965506729669
3.45411315886389 5.37938345852438 0.382129120133051
3.35783772390901 4.57335010725722 4.90861517213256
1.87568590812535 5.63207506257148 0.551096299934997
3.77571350467843 0.529272115917018 3.55852598178628
2.84021707880813 4.53558191517918 4.4980397887444
3.11232993401623 0.947731942149082 2.16519021786522
3.72938073851911 4.65434611108395 0.304086554119633
3.80098306326389 2.8001734108336 -0.614732969386672
2.10852931850652 1.45632804361795 2.99946186774937
4.33052607982099 4.78468343671972 0.585143249181698
4.68997875631223 5.6903189875277 1.41251387383499
4.10124801222238 4.64589439899322 -0.521077314145666
3.51565714933695 2.21311896686116 1.26108734750553
2.42707945516027 3.60547629475577 -0.0998363291653698
3.64494997417104 2.2472805216411 0.264336538299992
2.86622828485565 2.85735999106178 1.12477287822282
3.47190626647077 6.64919569343791 5.72348605302356
3.70066777783499 0.176464240154099 2.56561590722414
3.22666639150584 4.9222435396068 4.76342343744443
4.47791370950162 4.55674781530681 -1.75527379223011
2.87147276875985 6.71214114036511 -0.292818502583247
2.39851917976549 0.0426108954124444 1.37089386407615
3.28212958902932 4.46948002251491 5.44721743256237
3.49331679311951 6.13194378471065 1.09526915730482
4.24394372082707 7.01583947032253 0.870828236029427
1.93311079847612 3.53847451601605 2.15683508225401
2.85024634452887 5.88786241745021 2.20755482974464
3.62128016666632 3.18307497474642 1.26593605333289
3.04737687358569 3.93716027669797 1.58724255979419
3.05326683733109 5.42369958940433 2.15520087790894
3.33476995685403 4.10953042991576 4.88175306086248
3.90705461536332 5.02243663668542 0.198154176037405
3.71605356746947 5.12948051938357 0.641159294709563
5.15946383229616 1.30076195672853 2.35366457209878
4.84472508949546 3.11926668223426 5.44746340057146
2.92753571596313 5.13122234868053 6.01305252618751
3.32498178643535 2.07999678361028 1.96338409413643
3.69354862845281 4.3458347127857 4.04646546994463
3.1652384300229 5.18843435169809 3.35083385044053
3.25003019718847 6.13441717687916 0.443645854274291
3.56947793490495 7.30591279899542 4.72543379858031
1.20328567809779 4.3298966740457 3.24178522874588
3.705053394201 4.74225756195675 0.908936710101123
4.65303654579239 0.237255046194039 3.33909285457914
0.242019877975667 6.95083673619439 1.27496967740718
3.51677523941372 0.918551495541352 3.03745237364394
3.45422352817433 1.68903809022956 3.30077790517498
2.32335052341256 5.45657168069519 4.85782609204718
3.3785454855423 4.19981565637758 6.13391304234024
0.940941136291581 0.49293902879848 2.54598457238796
2.01527303594226 4.57567051414698 0.382754739628903
1.94516289600773 2.52260203872657 3.95997381501309
2.74212283786682 7.39566922631328 0.373206020819339
3.41463526833978 2.07015075259299 1.754521925091
1.95691497342029 2.50066955740561 3.34283256587121
2.62780435792341 3.05279438801163 1.22500055311642
2.89306316928531 4.06157467708356 1.565402576486
3.75020429152961 4.55684501844212 1.22371612736866
4.08469382891233 4.07205054408283 2.13331762129268
2.7881021116998 1.87592489693339 3.66381556999089
2.76523218685991 2.8966461529833 0.355031232237482
5.0689585396079 4.6288933699171 5.64486857799866
1.81634502370217 6.72682370954041 2.65117923278954
2.56107620124722 6.82760577948598 0.842764837946553
4.78784006901726 4.77011534810412 6.24790783194522
3.49247803486532 1.28190997290494 3.02816600212296
2.56751549644608 0.0625527085852102 2.50124434321734
1.02644909160477 2.24683690770487 3.12356144873095
2.35035485660923 6.43824459803633 4.98531870338373
3.64595631763943 5.87695755304504 1.29058667072591
2.28786609165753 6.65757038526348 5.74452911763954
1.2917401675679 0.801059359967971 2.07631784056854
2.16794305475841 0.156094582487055 2.34629156373614
2.4068406201748 0.314750334994526 1.83494339323695
2.57826978508554 4.10619485047276 -0.203732423523886
3.81975056559792 1.46205471077925 3.4042649956907
2.26062446710901 3.7910571960845 0.637371538242989
3.06237290934522 4.27121616069659 4.90871852765013
2.21592194131761 6.48957356787161 5.27687259258186
1.54960455276203 3.85258004670154 3.12987046397102
2.84120194078758 6.3551130784202 -0.528571184073042
3.59769987471633 0.417948313935627 1.29192661927624
3.19561449234121 7.46061903456283 6.69287684906409
2.27596746989713 2.80905204443887 2.46662804719298
4.03855793986687 5.65991039349546 5.583266656947
2.4882341073378 4.02481103496216 0.726665926853856
0.905852295131842 6.94136817907203 3.7732682633033
3.85706799935915 1.1910276252555 3.71927531398154
1.78228272715953 7.41395321582572 5.14211471787951
3.4846338238655 0.668084437046438 2.79174218014655
2.39212835385627 0.712466525671437 1.53963539135961
2.70427429555499 1.02549115355411 2.91977968968332
2.96889114651609 3.88596095904251 1.59059934329052
2.25110084029376 6.67245093567898 5.26692531536084
3.51757573202398 6.2433298123819 2.49334970464266
2.15050278143974 3.37382512440217 1.98386975413482
3.26044765106707 1.47939128784947 3.4801256155106
2.52499152837817 2.2481872346473 4.76305208534062
3.05905890698554 0.0715999594232208 2.11260582797515
3.21299140891703 0.911254115486726 3.48240553615447
2.33873629509873 3.94407276182845 1.0391139770179
2.65861537621799 2.96362678093153 0.101902664795828
3.3508681611781 6.11353090165387 0.922221916271677
5.20775340419089 7.10260920176162 -0.416731479383685
3.31910516449242 1.16130629758971 4.02703258773394
3.26232900509816 3.12722492709428 0.855103748480852
3.03921992415709 4.45623206691568 4.95431127313505
3.40116522216407 3.61617861911942 4.04853460841721
3.68971462652956 4.2895659982609 4.88092277658517
3.26168315142054 7.31544759663436 6.39038593665945
0.57426553852143 1.72139006597413 1.40633570924464
3.09681848061443 3.54786593854844 0.682786717385003
2.7966066401013 2.72886073465731 1.431790674413
2.05220493311192 6.47395755638957 5.36647686467667
2.39188436179589 4.70483329749575 0.998182223477689
4.31559422419156 6.50166999010812 0.599183662601495
3.5184846223918 4.17261908183495 5.85494829053984
1.42010394315737 0.848812248502138 2.68971806885266
2.44356470087034 3.63410551474248 0.43624077519555
2.23559773423251 3.01244625574083 3.21053542856839
2.47925781056823 2.59104917821918 2.15324108988896
2.97111872736323 6.81515243595387 1.11027940846167
3.43974992818614 2.06391816842763 2.67610273171625
3.51094456802007 2.14700475348061 1.45254292866381
3.26288501364081 3.45696946946282 1.46063259678186
2.52010986449527 3.8485008293137 -0.456209190807275
4.17508158963474 0.465681269453232 1.88805775954741
2.88873702405127 2.35961071984923 2.53928919286727
2.98670660802782 3.56297505137316 0.902858850277947
3.98996013245493 5.39679061343339 1.38713740901264
1.65366849411253 2.61998032649853 4.05399707272139
3.6518416411526 6.47288669371484 4.6834624714215
2.68101012839687 6.00687796852261 2.60771635740424
1.03777337958287 0.344608382483223 2.3654806499535
1.84586170071506 2.83731975480015 3.32001233157667
3.46729205764098 0.328976809449776 1.29633695309427
2.69769044137152 1.9827065358476 4.2811045120737
3.93392902785617 6.07878448739682 6.17418421424287
3.52489352939101 0.816322944754994 2.71746066619324
4.35479291339533 4.35753209063755 0.654505819860829
3.86336450396837 2.8698526661731 0.100148038553497
4.23496168136989 4.95505225153902 0.686700135860128
4.12432919396471 0.371741885100094 2.61517182557429
3.81665290277966 1.61492776173604 2.3456200522506
3.73174473952627 3.55914947028184 4.50457892981648
3.77302273278066 3.41540079919485 4.78490825522523
3.7663061896496 6.68864793334344 5.91661163688796
4.49581507898416 3.98326662538716 0.296443779816071
4.29448271691827 0.0897791394434524 2.06323754273045
3.04823882311977 7.09389137242268 2.25784482353898
2.39487361891949 1.8179240442914 3.01605035387657
2.60323309271206 0.176205227977255 2.69254855685452
3.76086159569759 0.557284261213749 2.27848139133745
4.88121495707603 1.2682918831177 2.99086302588684
2.40912381763087 3.00161280214378 2.13466551460552
3.42967487760163 6.57348122749815 5.96784669021677
2.5054698563702 0.105490130798719 2.51655071823607
2.41975149613026 4.01347321257785 0.462600794577807
2.96324839685056 2.11847289825956 3.46789266178215
2.19193124760762 5.67878453372513 3.55810924309442
2.82585941066208 4.25143269593729 2.22709206664538
3.12973406290791 4.1442243306733 4.73925779165307
3.85699788906531 4.28549880152811 2.81200799953536
2.86844073125208 2.51409250063667 1.62557922779072
2.82295173890556 4.286654422402 2.77334812987681
4.8814301710696 3.95947395716917 -0.262291589898359
2.11268304878745 0.525127529831754 2.34589353545644
4.1168795313632 3.09780917728837 4.6583496079791
3.19327331789447 4.76274244283192 6.12638593862075
4.79207985117695 2.5464726614883 2.20649095183182
2.33905212507268 2.88951221629707 3.16457951241106
2.88028580150317 3.35938360754746 -0.181580413264612
3.47062278640252 4.32804932759726 5.73140840526028
4.05378226472911 3.21643347454802 4.92937289639819
4.44587907088922 0.592821491013641 3.32738606698666
2.75323710479054 5.88564254043805 4.37777628663539
2.57548680154102 4.68962562422992 3.03090632448028
2.98979220695047 0.604389698252346 1.95540782628622
1.05378467693499 1.56015976442189 2.94881296206274
1.82261134771898 0.0353573877803131 2.06908903610639
3.57364885081106 4.28256901713773 4.93515409668931
3.78994008398616 0.102157149127425 1.81817156041137
2.47125995885288 5.6075175000132 5.71770873243929
4.5286427563134 2.65483283194127 3.01468264772846
1.72383055016394 4.97183291081843 0.106533573439099
4.73682251652708 5.67620657680038 0.624237789726706
3.23901033010658 6.76550334649115 4.34674137012584
2.53613615538342 5.18981345262968 5.13238376166731
3.95168195336145 5.41154893109365 0.897273349906022
2.72524623147512 4.66521240730253 4.805822202313
3.1252199740204 0.418203693176223 2.35465167543863
3.54267167227843 0.83690233838493 2.78201053278022
3.34023001780488 4.45403240050805 6.15558825551131
2.31223658981239 5.7257050911101 5.65287238752374
2.97301849779785 6.86853388527371 0.349783799167471
2.31739848213003 2.4950686319407 3.57573233357879
3.90944181077738 1.42102267809883 2.83009158490538
3.75069005069606 5.92825285716355 4.89573708924789
3.31893740685781 2.51601535150556 -0.0229508720976035
2.28998375032402 6.12400114259888 5.23526846578332
2.79822898069204 6.63069313021778 0.138364579626611
1.74045170271121 1.79480580852956 1.86794876914517
3.949423632592 1.61865128623452 2.63862538156061
3.05586675169486 6.10993878085818 0.358051388152408
3.52080984606042 4.49151886142069 4.88001245445166
2.99971318337285 3.88445239156908 1.62197194586112
4.82068150808929 1.05790753380655 4.48318918265843
2.98884512854284 2.92971938868854 0.0152496547866354
2.60111845107079 7.22751537273128 0.143854576080007
4.93371342204023 1.21725912233668 3.13771672151957
3.04367228991969 6.8963221809704 -0.0690739211030655
4.04982533333578 2.63133197523739 1.31341134352078
4.53238086058828 3.78837240516706 0.306900096824908
3.51036601715317 3.2353470653168 0.770659523713696
3.44929726003439 6.35237864133878 4.01130670746987
3.99918874157843 7.10656474523429 1.10054923035732
2.54531062094442 3.53174254708313 0.219434291523929
3.16782662153972 6.02154594281313 0.915052076474946
2.20791908635803 0.456904948043898 3.29957424191209
2.41790816011444 1.55161757038339 3.7290965775051
3.23359367041729 4.47969897630454 6.72594212530352
2.62002648010462 2.39593097093496 2.67895377202064
2.97544664204791 2.47688100871811 1.75874893486996
2.91339188465167 7.08028984378875 0.320944449667337
2.50960133112167 3.26569341759873 1.13104645156543
4.15475174361856 4.57855308296729 0.433584768473856
4.92719147482586 1.90047561092257 0.240894241879461
3.837201439351 6.89968206326741 2.45678477881181
3.56981792253716 7.49482918709354 1.18583422114831
4.35162006673633 3.59618926141175 5.61837159714693
2.96740531913168 0.771559728592333 2.32482812794753
4.42782359668041 6.56105411287591 -0.167835321531559
2.19486974434245 3.31016577239294 2.29932043662747
2.03276066983419 2.74770796721168 3.18815045411299
4.55313045466038 5.1167256715389 6.81032358047049
3.64056617355215 7.14586279107241 4.66127804190208
3.14287907700007 3.79870430444532 1.48625074972569
3.24517051891009 5.60622839560813 0.0226428768987269
1.68559280145604 4.48843661313757 1.92320695222454
4.49195786546809 3.51780848445162 5.27244774764719
1.473430652731 6.90114888723062 0.824556353535039
3.19909788378743 5.94501113868817 -0.529230963562078
2.5257922732991 5.920758728318 5.90228178230471
1.76518109723269 1.02506007663706 2.75819016378592
2.08116681341898 4.44261840725055 0.313856360317473
2.23599637039633 5.37353029612531 2.18602936199468
2.19669493434375 3.47763412059926 1.15123808434158
4.03698592457004 0.404599542331851 2.53475619166756
3.58590525141988 5.1832329892279 0.489508679989194
4.4559698112235 5.26389434422758 6.39130445120517
2.66276731353345 2.60440178072353 2.18728239146585
2.69145580923096 0.228987160327371 2.01953903024598
4.20117310776933 4.21300769177849 -0.115047278261137
3.3597046118533 2.74955889549891 -0.00246625443466442
0.460710672678483 5.46190727552851 2.98047160932383
3.90662625642995 3.40728311957814 5.50206390218732
3.0615754448197 4.68883140617776 5.97876761637026
2.38365686718686 5.43417381752577 4.69907099215166
1.97653541660997 0.511869315553463 1.91872960287194
3.88103434105368 5.44162721604662 0.328208142529102
1.97111268298308 7.22117339446368 5.56497237291702
1.26364247757543 0.469247266526346 2.21266157534281
2.60929431108236 5.01634619516624 4.63359607213143
1.70676419336523 1.13819159016464 1.99248600344683
3.95212158118732 1.56809358059834 2.90225394522922
2.77082471172627 4.13598703683798 1.08993716481632
3.29916014529403 4.68986884815674 5.30048066466473
4.15656592736686 1.96012282776473 0.22535764381956
3.7023368305297 5.65952440255294 -0.278491185582011
3.03087911687539 5.43547732767569 2.36640196076095
2.10312929957079 4.21426995258171 -0.119536090520737
2.0750339689778 0.857939401654395 2.29084100995047
1.59981940673914 6.26465103762147 1.38353616713782
3.01423092777729 6.44319380955521 -0.890112298833044
2.03423590188595 2.59573166152277 3.76287578852805
2.51609474075905 6.7551228089799 1.6646115795267
2.7119312210059 3.22264779766374 1.90749162912092
2.9666970551845 7.06939408431685 -0.31051919313742
3.1973791525256 4.77852539202268 6.27749947954897
2.15910015505333 5.48028463289041 2.45143235979209
3.78906505125712 0.6765325116156 3.08244028892417
3.65291813012553 6.64506723984133 6.43429290651334
0.641007456436306 0.755590429993458 1.76083444433849
2.23476668180126 2.74503514650209 2.89268908686525
3.32533553764878 2.35067614404788 2.17365622061071
5.83737969131056 4.91746397166317 -0.0221869000739096
3.45530869172317 4.83989028457082 2.19158164379483
3.95897587304221 1.95992356391214 0.70909550943141
3.14532819152839 7.2833182990646 5.5346450573388
0.992539623497996 6.33243866971571 2.31525229586541
2.99151049612067 6.88097529303591 0.904780959151631
2.58760804747929 4.00622765108008 0.661748063780766
3.93628056799195 3.08104051246537 2.3697655687954
3.7171081300705 1.40376321632664 3.68916092903304
3.46604902140285 4.43051880165223 5.10792085347797
2.93950905931807 5.90542463096719 0.767655180518674
3.56622071077883 1.25010137561391 3.89325695060513
3.24680527363141 6.57414074512185 1.20695182206131
3.32469983212955 6.67628275710812 3.71205405558029
4.72530655818233 1.31882781758794 3.23804812728712
2.64059831255538 2.22051257763807 3.68029599043738
2.9510757379588 4.48594581019357 5.02315845049274
3.6588446427813 1.3074993130131 3.09596273460362
1.64483034572719 7.09206460710116 1.37848387333023
3.00645897247578 2.11479335567474 2.29446114320736
2.87757473366395 5.37993262071217 5.54426866404819
3.64317271628555 3.97308458733808 5.95308144478564
2.21445438231765 6.98981156879382 5.12666009941632
1.95738405715685 2.88133966283519 3.6591957142801
3.91983324872757 0.738736585626692 1.63949513386005
2.81696178514033 1.99457886752949 3.14458596855403
2.36222633844349 1.83851643948128 3.74497784962156
2.26242194913997 4.40541595152747 0.366155566362036
2.27725403120468 5.23241228130326 1.44584256236864
2.98153031272518 7.04407392299716 0.850454026360645
1.19452116198045 6.39770880708482 0.527812139512851
3.26777477883723 2.68423019701943 0.228191817902514
2.73785761324815 1.66892416835559 3.558749824258
2.52217713442358 3.31595944288836 0.220243864898963
3.31200978583487 1.97072746866688 1.87596356525504
2.96983249718648 6.94458981183831 0.652103279664734
2.43614272673268 6.18115092509853 5.39048466185824
4.34339213941441 4.21869782875978 0.787825925042008
3.26773971657173 0.710481685679965 2.90307043114195
1.11535638474545 0.848650938567522 2.42698288416522
3.2069784541412 3.13444094753328 0.576825114133885
2.91071416158358 2.0562233135538 2.45762750876107
2.06042123621259 3.26485366924577 2.994933174976
1.05882403135657 0.439100870527648 1.92487378237512
2.8037506912035 4.92911761019324 5.51891899852603
2.94276459632369 6.3119088919768 -0.179383132502668
3.69941726524701 0.233197866768765 1.89149319210271
3.86757932818559 3.37700536945761 4.91547909805915
2.73703483340641 1.92453765354622 3.35646409100932
2.76403490301679 6.59150897324186 0.904981310234849
3.66834742018973 1.53048712956818 2.62936821669773
4.13761013689487 1.70000529937858 2.20893914611974
4.52987229946797 3.50850489149012 4.72584921108879
2.45852480365796 4.70590492087488 1.72659553467962
3.92031300363844 6.8420845966947 0.793123723894319
4.14588056923148 3.37866048225387 6.082531926672
2.60239373568238 1.71086638821707 4.33872868639231
2.53225645709021 5.76958437888608 6.07546555671436
2.52452621274019 3.12032274137952 0.62443659628053
2.96736899644254 0.692566469966551 2.34540311654674
1.45447555933242 6.15915092468386 0.935479723500722
1.39978568030598 6.75332532284351 0.167262677345315
2.49336229564525 6.74471513300087 1.81681676464299
3.98456728325546 1.37407267488961 4.49267036815178
2.49401054475544 5.16422120281508 4.62475758058968
4.22491454585581 0.695696437968434 2.18862252587868
3.92817912407918 1.05953838379838 3.700919139892
2.87112286010177 0.83181990131557 3.3199260878569
2.6629496001562 4.21301144512554 0.763512038001719
2.95097122133779 4.27528615194003 3.48234954799279
3.81907812459527 3.70851174796699 6.81155154441514
3.11644399686271 1.59890987895183 3.40519731642281
3.94269674812636 0.700118947747473 2.60342619966493
2.6015571281716 1.81312681360642 4.12693750734925
3.08687401913294 6.01615713824511 0.987268016177939
4.58463647219478 6.59898324133449 -0.0299815186670059
4.04806565099944 1.92243550864038 1.93989965827688
2.30702372281883 4.77572417909299 1.69776386900362
3.56937119958299 7.30964432020181 3.99405615531572
1.97372139162074 3.82259591086447 0.498782729530004
5.65263648151107 7.03420492220038 -0.264599811763116
2.05257126849767 4.28438834017102 1.18926258883603
2.24841873208967 6.16641745309579 5.77380622804011
3.02011399875071 4.12603023494556 3.12800815326147
2.48051751606953 1.06429610631582 3.31380315281634
2.33171154184844 1.72861102954572 3.40978188432134
2.70366601908236 4.41338079976874 2.75561746735863
3.42112246611776 3.62553931134295 2.7958678881622
3.48844356075661 6.11391901004359 0.466394943845136
1.98285274333285 2.85601980071799 3.18039496605934
2.41028590543192 6.91506330605138 2.66758481287043
2.70477489618096 7.0969625224439 0.140676636852074
2.25533138030055 6.74046828410226 4.44513417721699
4.05377904936802 2.55762425731836 1.0277070163056
2.7399263917033 4.48788753866301 3.63911762693538
1.79531994836128 2.91323034003346 2.83603952859952
4.43842943920219 4.19116021442477 -0.811390794090496
2.29895206356702 2.68869729953254 3.08399840942191
3.18632614486999 0.310971348357323 2.50023718236759
4.21883921918271 6.99640165163701 0.894119002971386
2.3717763284661 6.49562429775229 5.5889800967549
2.85189516636441 0.0182220370659962 1.78143123583701
0.162845267604611 7.20144468579968 2.50343988362678
2.87315365739261 0.756788209581413 2.38592600218258
4.20647864198282 6.63660551201888 -0.500104289644973
2.9764339785401 0.301800601621103 2.26506991980913
2.47940283699492 4.56837588516964 0.878773039346091
3.81793282695108 1.10265415377029 3.98550352013008
1.81971268035557 3.88876483079242 2.82431598943354
4.2089450918369 2.78204344133597 1.86719918623121
4.46339088719305 5.51095914271611 5.11954995480263
4.5599323449232 1.24508702269721 3.1208560934248
2.79933676819673 6.01228458347166 2.37079514971111
2.05587825124047 2.16179940748266 4.18597059577497
2.76266765201962 5.02851988347951 5.30885393808821
2.67956059149729 1.97054838382381 3.76096169540298
2.07257245200453 3.20874604671342 2.18033389505701
3.26887046000438 3.75206929830602 3.26533197469919
3.39476620053041 2.2461201613179 0.85737130637847
2.45917829770705 3.26000037673793 1.22436141988528
2.74405798497497 4.4411716867958 3.04854774622454
2.67095892208868 1.31335350020601 3.51871392484438
3.37888911604188 3.19012412296825 0.452614081889226
3.43238378918426 3.69491156104095 2.88379749306398
2.65423857432117 7.28143873874057 0.0996886204540339
3.25011215827942 1.53938289073016 3.31353829052704
3.30571365523415 2.41168617012201 1.12455577861397
1.99069388052051 5.53180119351407 1.5468365982888
3.00085580755814 2.42491432674919 1.37348954813145
2.69101612326376 4.58285715329547 2.46067371931542
4.35416744527718 6.57049705464196 -0.358835509854849
2.17474906611332 1.50001755591644 2.52063799242903
1.2299899978577 4.90238052684303 3.60690214415501
3.28013726040444 4.92828056011926 3.60360035487543
0.680828063313877 1.37253159344291 1.35460218161168
3.43282863052478 5.69063300279011 -0.130511116170615
2.78268597464257 3.83426955207697 0.898702962799412
4.40189562524577 2.75112054803889 2.17059291865499
2.48224282537366 7.04204917844948 -0.118580785391753
2.24415510294328 5.00789453800281 0.903056383843911
3.13639626846671 4.4476999939776 4.89267843307031
3.71441908094979 1.71009812192257 2.6991124974808
2.23068739283637 2.69084188212428 3.53718379865766
2.93182530548592 3.35612768958687 0.0197201346098994
3.0519616343196 2.07704208625087 2.75948463860797
3.68986098259715 3.76682330444366 5.00560082400786
4.36901748166854 7.47671970176954 5.29522605094283
3.22342716639089 6.27706656191199 1.10221914266522
2.87859541886909 6.94691804123891 -0.286864999025494
3.09317058582884 4.26204773438457 6.06172849111623
4.25173692396688 2.99161818089189 4.06511936368508
1.93764833425143 3.97511206497318 1.30661095332319
2.58453789184628 0.54357085089488 1.93734430991042
3.83140271605651 5.6561610381836 3.01545339431714
1.34127022079913 1.08541521641196 2.81303913583154
3.56105924163959 5.17311821763666 1.10858859340561
2.41271845761035 2.89419963732953 1.93372669549977
2.74670833849117 0.29888073932747 2.07631242925942
2.99967034838395 1.71029602423287 2.85246819633422
3.09557018661809 3.31351465043039 0.368855051802607
3.22374250796158 0.543933255534752 2.27207049928652
0.595328300067772 3.0134371745716 2.6368481770311
3.53377450165501 4.36056065343364 4.84717034862831
3.09416343509119 2.90333005961185 0.570632744866967
2.95416553150754 5.35983792035992 4.78295981230979
2.82384399457165 1.28332987563039 3.30295802640521
2.96652217436918 5.60305771616015 3.34426693940146
3.1884773097696 0.293836333043908 1.66712438390408
3.10687297775693 6.13048055108092 1.45898276674615
2.6862066681791 7.31780275720803 0.916357447328321
3.57023033538798 4.67574614270932 2.80298596198986
3.412619614339 3.30516647690331 0.923436005671503
3.21769627951958 5.04067811152581 4.53134952467876
2.62944872899705 4.68919836892948 3.17567997146954
4.14305014237681 6.29486216632857 3.75192530436364
3.51287818712364 3.2426798995031 1.11202586866244
2.67826144084264 0.827787276545572 2.64677220572647
3.83861985388063 7.30361315106254 0.145011931822813
1.72658072331257 4.8211516457568 0.968273676134131
2.66373065623428 6.77582029913819 1.03581776047119
3.38321607710377 3.95018930209111 5.01826543184792
2.57587957263631 0.00455255225110918 1.85775622226309
3.51171221871105 4.00934639444827 5.42878942045247
3.3674593664808 0.460767907056948 1.49613440106657
2.88127596958224 7.27324804085892 0.404164304301209
3.17677586701038 3.10187179926922 -0.0458554976531709
3.102087064045 5.28138173648173 2.60811530755619
2.20785081733254 1.00777577376345 3.11901929455141
1.88800348466509 2.29994969965986 3.12902556296875
1.92341344597465 6.100827252846 2.58963369934991
2.3739135481841 1.80220262342135 3.49965563102298
4.43826884021156 7.31418648978327 5.70978446598485
2.06967934627381 2.76478888289918 3.11593687549926
2.44104614158826 5.74421942093802 5.76182912683925
4.43187624132123 3.1008374837415 6.14435869958279
2.48744484846512 3.62599350046946 0.271809933990863
2.13387345573046 4.216948050893 -0.0273855290210115
2.39644865183651 6.98148419880016 1.11817427105509
1.89994044639974 1.82352214241232 3.3957231560893
3.50302221147191 5.67596146249014 0.757650607696526
3.60715451745151 2.67159096027203 1.75241217786856
2.43501610598623 3.52058584110213 1.18352607758755
3.89986834209783 4.14994902220543 4.38220053127994
2.00779514337406 4.0143333750931 1.19917455722777
3.35560260800547 0.340900179659448 2.07204275513964
2.80384885670685 1.15685751538749 2.7375409352586
3.62507928986794 2.01653207105256 1.33513018956803
3.41376464772148 5.85906093922047 0.766122736169236
2.34051339257016 4.19299904929433 0.872324942043325
2.07299671890923 6.308718030408 5.63379750926413
2.14590548025232 2.49574415560572 4.10712196989755
3.7832200760809 3.20262021921291 2.96083507405426
2.48349305549011 1.0054590998638 2.62597498826357
3.26031627533864 6.46469318306773 0.800985494927791
4.21792952845753 5.38483703251603 5.76889919232493
2.70083995105187 0.647270255521117 1.87684747824696
1.66173687912138 4.1108051058571 2.51982294966697
3.26624651085814 2.03314316732114 2.51080571053098
2.08435003099578 0.597215955896345 1.45077576453269
2.51457876134014 1.34162687503317 3.13415455827173
4.23896163712357 3.41185463750482 5.79538848129356
2.06989711112391 2.49764699484779 4.85104084965943
3.34477361202987 2.32919549832872 0.908773396816175
3.69506491445099 2.47824182761243 0.965237336513037
3.36186435391446 6.00990717038518 0.0562174954537679
3.41252513945905 1.8784940757825 3.42700622400083
3.89986146279856 4.59353956518142 -0.106624812215549
2.46278432111874 4.08542770536134 1.55337238700765
2.65098945060516 0.0703137273948533 1.2212061618878
3.90350431929386 5.55259044387447 2.04436278760237
0.992712363156285 3.7760645892795 2.37383696433457
3.90448498248571 2.80246033990035 1.37457903335841
4.49585875305753 7.13835031412249 6.97896781776981
1.11309590566936 2.19782446619342 2.4220234467105
4.24573102919863 5.8011868775588 5.07079807586411
1.53903054711986 1.13385172449215 2.21405367125597
3.71844381248674 6.54501566255289 5.8809441625754
2.69837155936104 1.07669028869192 2.99993182653696
2.75251065005793 4.99599595524868 5.39957049669291
3.10206330039184 1.09063559252584 2.81635744715111
2.25363722525291 1.606942904538 3.09843442746494
2.28186361069902 2.200198901667 3.93997660392874
3.70961636271296 6.95171999078158 5.20483396307756
3.40968001215797 5.47707234457012 0.484214795249379
3.17138605699403 6.17124417118781 0.617272827990847
3.51541765222108 0.858785885139305 2.37681334724201
3.24547394543929 6.64394640093363 1.26403361822668
0.668436307241988 4.50611498969859 3.05170628677858
3.17186340041671 2.6088569189127 0.999235928118445
1.14007002951455 1.03251404092002 2.99126421283464
2.24638745066774 1.02928597820317 3.08932699249151
3.73098297348969 5.18830967498596 0.945591749016148
3.55285006032696 3.7282246519858 5.314229378298
3.13005944009101 0.117628800914042 2.08870149308477
2.72872403340333 1.51301166691597 3.78665912620187
3.02040526967253 5.906742427215 0.144772000335429
3.25937957258342 0.566140742619491 2.90185186414882
5.08167016671332 1.83683208474783 0.222188671221081
3.31939404641449 2.36858933189146 1.39379608796663
4.39040530355283 4.21089606908074 0.483300482277186
1.49685001533586 2.34995643368124 3.73385255488551
1.51324443582311 4.50663175631886 1.67623549629206
3.5385517765948 1.85324574723316 2.25981642457238
2.8497058186316 4.00773344351213 1.34219201289086
2.51670573710637 0.142041714019919 2.52784499819729
3.70977714545892 0.891335506092529 2.51542666333834
2.39158575734821 0.664012596416748 2.75767723295285
2.34236757072723 6.47070350870341 5.00098717710093
1.04983058257687 3.97072798254157 3.92154833790539
1.39564980010958 1.95031310758035 3.08621955853456
0.78866730405667 3.83116608146552 2.28623100777224
4.18655273095387 6.2824258348418 3.59153845354536
1.96727460333227 1.60540594198971 3.06068930476655
3.47569958532263 0.013927080335292 1.79941619862343
2.34747909230173 1.7229074879315 3.67713659734601
1.84797192469453 4.77584782091983 0.982858034263149
2.09197041902889 1.9155410727562 3.48951639287751
4.923435044619 2.5290168290214 3.14819362055392
1.17800069961925 3.91426643169426 3.77707696396548
3.42698648702017 3.95141458739697 5.04658370552478
2.92421782518389 5.4188853832071 4.9374641981065
2.72475290838018 5.27617524361672 5.09034068354075
3.19467729979039 3.36379062821097 0.500045464971917
1.8444533099915 5.99492222404079 1.26744781097555
3.2964245957296 0.0911676450190146 2.08311623665668
2.01722243821443 1.40641297425869 3.69491875128613
2.18226039260689 2.30943197048204 3.5595413433187
2.80617454382241 2.28029139563465 2.53878183732748
2.72304583084716 0.545669189607219 2.89438676432295
1.8405057074547 4.44510443563282 0.819261486530172
4.27628941357307 1.44327840250649 2.3646854646564
1.99084408513692 2.3816866258312 4.43103890634355
1.94788805177999 2.03237942431632 4.35288368162212
3.10347771627577 7.37278779520934 4.52041776268312
1.51301211488662 4.12279362451138 1.79311147954208
1.74049186544308 0.317593521060233 2.07967262863966
3.54200724108576 4.38828346213016 5.41682708212599
1.37421775180311 5.76994027236651 1.31852282511074
4.61019844497662 1.53356977412389 1.51105436525613
3.76426852188739 2.7351419849034 0.492639122873326
1.07757578578346 4.4198303307473 3.93803130228653
1.91091409425143 0.397542305074672 1.64963725788173
1.3702274468463 4.55693904722266 3.79250845799007
4.91878985663795 5.17928131280834 6.30299890464945
2.17710893921716 4.95475448104571 0.33142645206586
2.03164332508568 4.48371664143854 0.030191967621343
5.38960121821091 4.99597377289336 -0.0790957142648437
3.4854138659244 5.29642811839463 -0.14218630193483
4.70859746896969 1.96477697501518 0.549099690250716
3.92312693464735 4.76394261714946 -0.362649316565637
2.22437396512329 3.08632448982488 3.49777858916916
5.17236749166127 1.67019300697353 0.629346215342081
3.32006922420083 5.57957224048824 -0.450367946723646
2.80297670227643 2.7475227988317 0.928863470107352
1.06961266840953 4.25450497629538 3.59784106660423
2.79153129505507 0.817986906057599 2.7577507148115
3.2395377266041 4.39386005742819 4.89672676867433
4.51910797869306 3.47432512400716 4.99940373551117
2.80227900233684 2.17208346469226 3.86090648723212
3.47713642993805 3.2570437109775 1.56718836419986
4.90216060442046 0.566876793918843 3.16359341441618
2.73830806994885 2.74847338196291 1.89676085785808
3.07127199816367 4.79668533275844 6.27932670687353
2.54669148476908 4.18009427822283 0.231909207095977
4.44267257668897 2.52713754234544 1.42213834015759
3.08837472098892 0.0703685246142971 1.68994126152366
2.14220631766682 7.18533771595979 4.75902012740287
4.01445501173589 7.00315752661625 -1.1969083843273
4.26754347135618 0.246183357956293 1.14005253229804
2.26661078018284 1.7941447573779 2.98109386903302
3.04941944682872 4.51268824950102 5.55650482133808
3.05004825903264 6.71912614531801 0.705641495202851
3.09149326033802 3.55613325418881 0.233850611766148
2.2758587818327 2.16812198149545 3.05415261832275
2.68712028267004 0.859896324852188 2.44007045695932
3.64796431639432 5.26792618003237 0.0717670398555365
4.09529417574685 5.6528844010625 6.09550598354841
2.57519012336654 1.14206837015543 3.57441216818716
2.72007653970183 2.81804395325827 0.86097453463131
3.67211510693267 7.0715405602188 5.03864752139437
3.10952794530339 3.87621769052366 2.37845155030257
3.54805878025117 5.09812188720824 -0.154749174465842
1.64827851202038 4.56551242877858 1.46610582730913
1.34282024517337 0.32520481693849 1.74385131499079
2.02330531399687 5.41212019476375 1.34752196581103
2.28836311502237 1.78878958126109 4.13729116019927
1.59260448381513 6.12495528979201 -0.039360180904962
2.0620608212126 4.03573484338358 0.477245219954875
3.89433049590148 4.52346272939275 0.38604402725431
3.81503662911491 5.99821799968228 5.08040048934424
3.88471759933639 1.31611346813236 2.53110905345922
2.63479800640488 5.92859287530725 5.53822345325817
3.45344131062679 6.78536211119378 5.58372423533372
2.84987985663564 0.846775560753522 2.11894786539415
4.33601318108285 5.96790155779179 4.59166215724607
3.48551142156161 6.1910866283644 1.64257601720974
2.44587530257226 3.97812129735132 1.33095223994359
1.49383064258727 7.25072638096558 1.18853800194249
2.94144205908708 0.492627130726055 3.23172421571292
4.45016783473458 5.88470433509605 2.68711988464489
4.24769585422012 0.26222543133294 2.43247232536979
3.61618069029709 6.55210820846014 5.55849959049729
3.45008142738749 4.41824181682597 5.05409126778505
2.05575572983552 4.68479215835005 0.801071776664454
2.73653307857248 5.46297610374841 5.7379446557029
3.90766143615878 6.61066965958712 5.09524858819277
3.58543440210122 5.11713814259188 0.401219796565822
4.97096555582126 3.49968287888764 -0.09330420617471
2.97872730936768 2.92534369966392 0.384096147942877
5.10085991352871 1.76498872206016 0.0788069464019843
1.7102656635234 3.65640788403904 3.46482705612266
3.18872078282393 3.6116117803822 0.977968556194331
4.37927359444117 6.44311737602353 -0.33227365481463
2.31799695507973 1.57631590669214 3.02146878727891
3.98520578375239 5.91511792002932 6.55295116125932
2.09006947939368 4.39402074954094 0.208264406174846
4.28339455826464 2.81877059627575 3.32737812787232
2.55356211308267 6.96469347063341 0.719578616943143
2.86941819948333 0.875335974849624 2.3446122672278
3.28098810892884 6.1644317130039 0.50054152126527
4.34221633104908 1.16601014137801 3.79724836682148
3.12025174635664 2.31783569857793 1.58981073422811
2.41033282591834 2.62052655774361 2.05505397283116
2.75534600962988 5.62789084089245 5.38290795864653
1.21549936591661 0.871235514681731 3.24496283919052
2.61130210511618 0.318841021644737 1.57918859777067
2.73545048702207 0.658571798731711 2.45449995508138
2.8551348439329 4.99418215147459 6.22276544922761
4.9841250770215 6.45339150866213 6.39950590223707
3.9605180818089 5.90763220797808 5.64377222735899
2.42704310459721 6.49770658552447 5.02248641761717
1.68625225904677 5.44130111980296 1.4255406926407
1.6648383383982 2.92648621268616 3.11930668260237
4.77031416193759 0.651411578634658 3.09430072640806
0.980194545052869 4.88035621997724 2.73975730551684
4.47017821005055 6.26817469890767 0.0558478184632899
2.6196508746066 5.90038698737107 5.17138854781511
0.882884098883751 4.69421430102229 4.81719326772228
2.85810030529888 6.58000869663239 -0.176321201412566
3.29801036562884 1.74378903480535 3.21794872890865
2.62614020669254 7.34906533606643 -0.45692289630913
2.2656510083299 0.598339339710865 3.02271685602625
0.272019952476265 6.02688570734808 1.86380675503763
2.50178101749362 1.00856963706156 1.46010753502979
3.92106080590872 4.88801737924019 0.361346004142464
1.99551143345801 1.29072512199839 3.2885163654532
5.13335684965591 4.71195468379969 5.54815961384365
4.24433655137882 2.82696218953285 1.62439576507721
2.79872544574243 4.97508656704531 6.12200843293161
2.1740703767287 4.66278695208721 0.472909637671606
4.9363687087299 3.2842311298686 3.94518626244963
2.27377401724202 1.26062315013257 3.44348507485982
3.33854168664554 0.126881291545026 2.6924893812838
2.41648828902224 7.00543231029859 1.99111035672801
3.36302160619203 2.73220158701597 -0.103499711747846
2.65699784095294 6.9861227600046 -0.391854799129776
4.4264057847165 6.58171531075026 -0.0564134614967947
3.09712699375558 1.08966344201384 3.41843319045684
2.63798642895129 5.71343090388528 4.41551362412232
3.60240199396746 2.54015435875169 -0.207344427675867
3.55194789209725 5.50150831452147 0.472032720972405
1.63402267206031 4.91907866156012 0.842406872651411
2.4770993531462 4.98716357754984 3.09673853508423
3.98056482664568 4.01994815189038 4.40505330682772
2.0960173456244 7.40033002843202 6.39792601764904
1.95823413482561 3.69186898161708 0.84409313605701
3.79729383011725 6.42561279251428 5.19392724719441
1.68118809390007 2.20690050068673 2.81853682879225
2.57625913652141 0.558503214999247 2.54664375736263
4.89648082776047 0.525409077889106 2.08020752073084
2.24602891921178 2.35588196357109 4.2540170325633
3.25840831438065 1.54653142208843 3.62148137413463
1.10614869739242 7.46159821735317 1.20275513718441
1.38530057580186 1.75447785539795 2.35743067478726
0.939480309829648 1.81535894077295 1.56432867357227
2.93606274775882 2.93525582191436 0.659309357096715
1.16097774391256 2.42739720450653 3.1833502590896
2.20075037089942 3.82859873295222 0.301938402803371
3.93836671131572 3.42209643569643 5.64612402842157
1.53493835652527 5.58210914487892 0.215289602371679
3.29986264875803 7.11936381639346 5.58926156676654
2.84720039804303 2.05714482974402 3.15089937169769
3.87244784145087 2.57324230762088 1.20116284591613
3.52798580638143 5.31764889655721 0.443402106182516
2.68621961352754 6.96548561063733 0.49491610320543
3.24001371028267 1.12297324997292 3.9014016242549
4.21786232644668 0.901443518630932 3.24201218719622
3.85169389668993 3.50371989008288 5.52541888940355
3.50310317084493 5.72425355611456 -0.911525291703682
3.00692166481067 1.25577368084388 3.36070946673509
5.2207445554594 4.24519714750114 4.28869181000307
2.95299856952003 2.0829236892017 3.95039907258235
3.93901543721606 4.49577448958782 0.310975295397156
1.59978255536242 7.05432004664563 1.2346639640769
2.98670496045017 5.76095240433836 0.80032075617966
2.46529477924016 4.04774824497349 0.170153103064371
5.38140671338389 6.77480631384328 -0.129947945768478
2.68578145620326 2.522463557724 1.20760956167339
3.11720730454604 3.9380999789366 3.05073368867487
3.44106513745716 2.27625540009777 0.482817162136129
2.9599450520472 0.0314530271039919 2.5662102068331
4.10246631919515 3.53314774427353 5.79152570772618
6.19212988108517 5.35596488740921 5.97236304268646
4.63485344301298 2.11568072600581 -0.588271319558584
3.06989105570035 4.31022067734023 5.55892621070464
3.48806857180729 6.67913578655506 6.51993699095341
2.95318738008138 3.27680839889428 0.0152795472519104
2.13817358386739 3.73138868340917 0.917481709341743
4.65420170949243 7.27987108615912 5.68765792316307
3.1717674961903 0.504647395490507 1.86261546306501
3.38897270708034 1.30901290832406 3.92153716646249
2.41408759470236 4.22628705720767 0.0167535471584196
5.33679488346241 2.76647426048064 5.70813398316592
2.35498223580414 5.17349800462269 2.39481960341084
1.96887828153961 0.0127481247254915 1.66262721231835
4.27246954658607 6.94087273636851 -0.502037894019575
3.0944652344869 2.281571868703 1.15094111733285
3.9461692973281 6.92354588765487 -0.157353231572388
3.44840685403861 1.7725566098062 2.42484947649864
5.8144833920871 1.09364801304172 3.15690246812449
1.38911603331055 5.87889012414068 0.895494743482629
3.59154551834495 4.05204795556387 5.29835093281264
3.85424746959764 7.09938901638581 0.0227116260299121
3.39232939274964 1.33254380533941 3.6154985637411
2.59098220603023 2.10000453799033 3.73951398666954
2.83927370543947 7.40569251674057 -0.101618118525229
2.74873769972617 4.56683929110375 4.12856331661812
1.80218941876593 3.79426741503453 1.69492092245355
2.21987721787057 0.772903432908844 3.07121915222953
2.21260410270934 0.788310364414861 2.44178405997035
3.83398318719104 1.31174710830676 4.20232995165166
1.97817530883379 4.53213691952226 0.530580918927155
2.36324351735587 5.39413032872797 4.33623495362153
1.69026119442461 0.950173999541114 2.06308453761283
4.14214298519749 1.36299589283747 2.83556820122174
3.30811872313488 3.48532423450638 1.05095593523248
3.67219512986699 2.33036658945132 -0.400576492764859
2.73116436671001 5.61434781228135 4.99970783227333
4.20354562946059 1.40574359872451 2.91098086703618
2.73473192003416 3.60185612782136 -0.221604167612528
2.50327961345405 0.45444027194443 2.88296240525856
2.87478688782458 5.56528242064675 4.23066431204219
2.03030927183137 3.14356799731947 1.80790370756826
4.02111075335359 3.78662854410889 4.75406359632877
2.56350634523921 3.73626651547232 1.6260981220163
3.01853741603428 7.35666435067763 4.62732160556075
3.04975075207158 6.34882326948227 -0.763566045266456
2.37573157362403 5.22322667730891 3.13914453495992
2.5279166909893 5.62411002193257 5.40121497598764
4.56670573061358 0.167060013353699 3.20926538544127
4.71054557802235 5.4822850812123 5.13853648046347
2.9351300175279 4.29031827310484 4.16061461954573
3.29446387812244 2.45538827228077 0.539177642199009
4.40928582253986 5.24495813254913 5.81833495867637
4.01102548786696 5.00200463267709 0.264004354563875
5.18085062971346 1.01956096209224 3.96763540033338
2.68069023062608 2.76527927826287 1.93064677188311
4.03418132758648 2.42721578343686 0.651166204027017
1.91003629407042 3.19359928148847 2.30064563218203
4.78535729022057 2.67746129201378 3.56438922052198
3.20440853995162 4.25841511742149 5.28898597905321
3.21043389071529 3.2246426853637 0.66576118992454
2.20091866804061 5.31372604322572 1.83111237804179
5.0147587650161 0.53474574132796 3.41679740356151
3.02124485569511 5.87760207762412 0.853820982984709
3.95053809997199 4.22790089671589 1.40803204912285
2.69730989892587 2.62553300660436 2.0876274906026
3.86332588487057 0.432738040727327 1.80471200580137
4.69119757466795 6.41496038244017 0.520581492998579
4.31451153911842 3.40392962683373 6.49234763329266
4.02669894894824 7.17579521747204 0.568366050115408
2.53214358902905 3.97585716971479 1.29275843757756
2.75062109410416 5.96391800446874 3.10014057727812
4.54264346736623 3.663355332114 2.81105866716141
3.33299367063576 2.22559664865023 1.35217797378794
2.07121485264963 0.694660979775855 1.22678564799865
1.56435231352744 3.55074369915164 3.14890221547865
3.44606418201016 0.552929535820985 1.99297108449422
1.61044371797913 6.63245893358239 0.575635382203812
3.98709177460354 5.9185031312317 5.94016358463012
3.7883382631365 0.831194038009534 3.02106691894491
3.95250671577147 5.73861069144013 5.59831795722513
5.46595872242798 3.40687161344995 0.0991257542703177
2.17802756784689 5.16504911031665 0.576145849550576
1.79000664597524 2.82481664032961 3.87108034826714
4.09355279012909 4.88032483242715 0.939751891270546
3.52903594722124 1.38472674098523 4.04001553178927
3.07363030174256 7.18594498276227 4.97261591495725
4.28459002863734 3.7242866433353 3.71567516480297
3.89064415524917 2.36430470899789 0.282215886114903
3.01069308103897 2.80242257811527 0.706911424127735
1.66453946486977 6.42661952039296 0.317881379209504
3.70249004011281 6.71713419526298 5.78578747096911
4.13744823762546 2.44669598553618 0.500096448603627
3.95667955148206 2.02759306496028 0.931912820863042
2.50051419177319 4.90148243750134 2.51587665445254
1.9674085404081 0.751802516541519 1.77509995209213
2.9189757647852 5.14107222527768 6.00380049440659
2.24479738400376 3.60710068222273 0.955624082104972
3.87165335730355 5.22404440476751 -0.447932409354289
5.19848879135701 7.00945836610625 1.02797784798119
4.33211840154397 1.54083463844931 2.10638813020156
2.09650440902624 2.43463390260402 4.39153551896211
4.27829546093028 2.57882854610612 -0.27871644075419
3.82222838555638 1.79992295229597 2.80190199779268
3.41992809235924 0.612149325404693 2.66300632217143
2.72367484832049 3.22734192684609 0.776365068696527
2.78199260041397 2.74916526800032 0.483754503389917
3.42364264869057 0.682878561894214 2.42557347666665
1.57399811551092 7.00900699172095 1.23325378346175
3.5681677698578 4.82012950397045 0.862267264919096
1.60992495680098 1.7836062641883 2.92671980486006
2.80203832479523 3.70055396622809 1.24236036789632
1.94194634791854 4.87073794045768 -0.546869230712666
3.96968718608103 3.85668009740204 5.08198014605723
3.58376910727975 6.69019527235076 6.24654936593355
3.56438767617965 4.55756825371244 2.94090466808715
4.37609871233648 6.98964762967315 0.296095991003648
2.76222076125128 5.59331610083787 5.192126813671
2.76084165946972 6.2265406418816 1.91090710874471
3.13946411483465 6.24949931033674 0.374567994038544
3.72937616582824 4.6977284464248 0.95754246899743
3.90771366985822 5.03220834843315 -0.0774977945268095
5.29888646421052 6.5298196733352 6.02083720039497
4.14895868224748 7.32829664979002 0.714876844358062
2.86576490439343 0.209729128065571 2.31133848560643
3.56420174743744 0.635491952707427 2.08426452017596
3.37923531166585 6.04181137547025 0.4807031964656
3.01381484383049 6.52811724003363 0.817309218526219
3.03452720667083 7.42712751102063 4.48924074343109
0.808748479252254 3.87151634762517 4.03716066743808
2.0214020262234 4.7709160436314 -0.0146372939057232
3.25341005744305 2.31160212159498 0.828198897340299
3.0820422427289 2.9234594455983 1.06976774616491
4.11361366195902 3.24505332417198 4.50704075875131
3.7183943193455 5.04603302523745 -0.423167252432272
3.2165274706037 6.03502567337444 0.952329774898652
1.74732658637907 2.56035716226433 3.9999200351113
2.98339174915424 1.21779396129261 3.05263218529577
3.52272598248557 5.09876955248069 -0.248067620462608
0.289256640647465 7.39690212749935 2.55248092145368
4.12783134080373 0.186456671787769 2.28553347405656
3.70554656590831 2.86165416074007 0.926527212896938
1.17012127016574 1.45325393973769 2.34117917799905
3.12528402467922 7.47785648821842 5.66017954674984
2.6670796920468 6.31730006478824 1.7971937025349
3.45932579294598 2.84472641514381 0.273158529937937
1.09267391178247 6.46721676440618 2.00035390199238
2.4779291640815 0.0279078110090349 2.00945677426463
4.14702591536793 6.72418643852727 -0.228080974620226
2.77274536905448 2.94452632080253 0.89112834832147
3.22155626453939 2.36425380111326 0.953360355850431
2.75979635314047 0.59692964367434 1.89884320562179
0.00331366499838248 2.55890814853628 1.42889545444371
2.02171661269564 2.41873491888668 4.07588521405863
3.91081304756033 3.43115475859898 4.78130263807463
2.51058125070397 0.519265538970741 2.32573408385456
3.21287098411173 2.79102288779288 -0.572791508825517
2.72523332325958 1.5516098305001 3.25864769023111
2.47187075394955 3.65642044659579 0.749143562068731
1.56922586041137 3.77262817798538 4.24561354376003
1.92781925154144 5.23033196793695 -0.582015480206563
2.07623046147814 0.769499606050816 2.6962420128561
1.58861095887566 3.99713479177988 3.08385071025238
3.08752007316443 0.413402505567706 2.41901129367775
2.63814464937959 6.78686478558647 0.127986632171704
3.16351425047001 2.53603598692458 0.983562026046866
2.17412045730633 0.76257568503839 2.0669699503924
2.6552442195536 0.802800100441844 2.28083718136332
3.76200929233209 1.39043943045604 4.32326827744359
3.67467682635624 4.3413584207035 5.94473095906087
2.41478133851382 2.04294388002303 3.2818039882841
2.68360884031271 1.58413017852381 3.53763659693714
3.77165888045417 0.171063235218853 2.89917000637543
3.68298741299764 3.51020201740208 4.13193211833937
3.44496260450013 5.04213736031792 0.68187258203797
2.68802822125894 5.71076173600232 4.93059088313254
3.8308783447029 4.71113639560948 0.522644023188313
3.46710706513769 6.82757784747494 5.81491390027733
4.03958576458935 3.15914247869908 4.74923191702334
2.34964943107284 5.0589694727334 2.1273094117929
3.09178923868909 3.77504425524626 1.85027675551778
3.03559446168005 3.27621979405282 0.688951884943989
3.5477885464672 2.98879158055483 -0.00119939546697279
5.29719733873143 4.62616312925111 5.94226706170903
2.44980379641443 2.59530700419471 3.22832315172031
2.37793292614694 0.243596336485114 2.12685360092773
2.89302021742466 6.58378996475548 0.120327891701815
1.74115626963958 0.652971898851918 1.84992242574218
2.85690669859387 4.34532559861259 3.46005489989736
4.79916544313716 6.95130985909566 6.93651016034277
2.84643629059981 1.32163383597534 3.6965449650141
2.85465149557312 5.61137665653564 4.69416219344756
3.27615171082339 3.37607589844566 0.131342955967133
5.46318287998955 4.03523896460776 3.43703575438877
3.77838465114648 4.24240226634249 5.20652923019844
3.12811416066964 1.41178994932249 4.35264324169789
2.70881573770785 7.35670764494068 0.409882179220889
4.50066457457001 4.24222142597434 0.633128586559646
3.20739593692829 2.21082014710565 2.12046531285603
3.86252604981872 6.32680630116747 5.89975813454612
1.17839334517594 5.93846587567295 1.97390612198744
2.41461986459261 2.56700950202474 3.29146618284279
3.77372098025354 1.75550192680845 2.53064010714192
3.48051387738932 3.14302150783387 0.511881895379959
2.4218655575666 6.17538889295732 5.93069912074493
2.44937625345515 1.99035145952529 4.69268555705003
3.37509097171737 7.42147485750591 5.38811416602378
3.4469255640574 0.108047762235072 2.54121038372192
3.05551778393794 4.67288748024292 5.4319480026291
3.63820000192158 1.9268065333836 1.94053513564077
2.87443015160651 4.44215365319983 4.46086187180791
3.02521156520226 5.04228373339414 4.77311482557677
2.80487010123047 5.01427868729417 5.67574861548353
5.08445575191137 6.58586949823251 6.84809527304936
3.34312964679759 1.86516958550012 3.42956983457127
2.83205147014978 1.27320807329649 2.83547785348644
1.66291916837226 0.363477895113473 1.83374921890962
2.991810995541 3.49109242343246 0.380118967566539
4.10013520193679 6.90064691863172 0.303516457740099
1.78957135265614 7.45768862160734 6.03572132492298
3.46249534987813 1.46060892401053 3.49409830972401
1.49833043500556 0.952094527015594 2.36013967519169
3.40249945140336 0.0444360942142792 1.97498059936842
1.20194532580611 6.11259906437264 1.65478413636681
4.18351360836067 0.533462825457799 2.95831176177618
4.23555215827945 5.65864205103227 6.25774608752554
3.45871396824849 1.86478192078644 2.44639413373442
3.91020936492226 6.46638932368462 6.09331256340111
3.38979296947999 5.11948364618592 0.709910717520279
2.10604437931666 0.401593049881068 2.81952441910208
3.76078951098376 1.66629605070094 3.42438957292594
3.53995459125254 4.22776145401734 5.00246459971206
3.52555998110788 3.8546497724111 5.42727257870625
4.00578857743366 5.1767781599365 0.663170433795733
2.30666737304265 5.4183156510191 4.41302468426765
4.51170966477322 0.921565861675796 4.46987616532026
1.40238982001008 3.26967906089906 4.4429792895592
3.18267222048669 2.62580748701534 0.430267223479795
2.37175548919697 3.21102745350938 1.67794938269394
3.77325877870448 2.09615181326366 1.06564843290354
3.09763620534079 6.5068467459064 0.322563669474967
4.35753292485536 6.22720190673247 0.7291114438431
3.85441857513173 6.8790896148818 2.20118576364155
2.95492885583792 2.34629403952611 2.54453389004039
1.99010577370219 6.9701173594975 4.71344532508128
3.51181645563334 1.978398569354 2.13780214606043
3.43441575811626 1.16722527590334 3.80710703959198
1.13361658060775 4.2070282829336 3.5856101243659
1.09947750447743 2.98069778169268 2.72632840648504
3.43587657494948 6.24643518705374 1.16212999743133
3.44019634983506 5.66430881623517 0.048702011931651
4.9199318079795 5.33979164846463 3.29802500243704
3.43654732592205 4.39850835927178 6.05275832135553
3.16578482363315 1.44582806498218 3.57697832106488
2.36573528072644 5.57888225761898 5.4697187826559
3.33224746095051 4.82959704046074 3.59423413553417
2.47738275929599 4.22732318769755 0.462658604236855
1.64124885708569 2.40551287023985 4.15909958964366
3.09107544787947 5.33721589902376 2.54590548582841
2.68514603677088 4.27594218555735 1.93082891452873
4.07430101090315 0.0084139942088779 2.68303386959594
2.03472796302803 1.73802590494983 3.17885132185387
4.08502007287477 5.15581694254591 0.940969896734991
3.49046665098067 6.72495575886123 6.82326341778893
1.67044716181938 2.37552006412696 3.87838237683176
1.41256377482289 6.34193366682496 1.00347899835657
3.79390533759223 4.69346955660112 0.445904456457482
2.11087101416388 3.89952627187605 -0.068264108955461
0.456465570196982 1.37658612681261 1.77697958509312
2.52825711297673 2.26723417339285 3.95563271926448
2.56048838561101 5.7110513457314 5.33623492680123
1.88389459369298 2.13882621877384 3.52003971842884
2.98369470365301 6.23186837014572 0.141803048621118
3.58659667713816 0.885447736022059 2.35051301098663
4.40332549600997 5.45366219249036 6.38525230918318
2.82505594047015 3.03975697581589 0.222433330271399
3.55281643099634 3.97043567533829 5.25280029043514
2.08874613074778 4.94866124188356 0.286744252866092
3.51745492644 3.17564714963796 0.508955159809328
2.24196493898429 3.25968375781551 1.10254923699438
3.452486146827 1.83007852184635 2.3996403178551
2.31717180319734 2.3463159383628 2.95999481520027
3.1801501986268 7.10206507617094 5.49253947350512
1.80804393705006 2.93546098920496 4.45790987270389
3.41631759545706 7.23358679191425 5.689616482024
2.28103370425078 2.25505789757705 3.23915491986149
3.79226390373323 1.70245646335133 2.95353468050995
3.94210981280932 1.86967830444681 1.74439310523822
4.29394995519945 4.29924421402946 0.571081010311776
3.3100540427279 1.93886631884501 2.86498761288784
2.06473137569676 2.48477246315769 2.87304895031014
1.28925921182891 4.22083207157397 3.79104494387542
2.5905894585428 0.354456866620271 2.93300921168458
3.30516019027295 3.76779337948534 3.89969830648063
3.65041004855201 7.40322339781219 -0.32733656060804
1.45729072870984 2.60362195019459 2.98214463569146
3.80167118085571 0.464135603148731 1.42100316034375
3.9156851407514 4.65378061895628 0.0540245887515429
1.51886899292591 0.283648024371172 2.69894773585236
3.27699956321819 2.39388485804488 1.14421310217428
3.73442751853982 5.22804986363926 0.404620321614383
2.90491002631689 6.57408890859821 0.768229261534299
2.34774805679374 1.78601504460462 4.03590814410181
3.62587045497876 6.57251625274644 6.37544927173015
3.30765813607851 6.79033142767103 5.33106244747276
1.82646774633496 3.65154436642874 2.00047429744029
4.20692260287454 2.65640595593242 0.774384290020301
3.98686026230951 4.86371154063096 -0.356968875676491
1.19532194878956 0.737978963587622 1.32154543007874
4.15490153654728 3.44491483583746 5.0641878025894
2.74854627874473 6.9602028766601 0.0283918207290184
1.23774747947791 0.91649390289843 2.88575135925233
5.29304980483497 3.60692457365629 -0.965016568453614
3.2491814897649 4.03803948936314 5.45371692080519
3.73741038061896 4.10449650357894 5.47294992560322
2.57161347580083 2.45807048630192 2.81173384188092
1.7252144176856 1.66196072999638 3.24914233202006
2.9854363127003 4.93696426191196 5.50132978253366
2.97692273863485 6.49894091131358 0.0716943095107735
2.32548207681677 0.445667575921655 1.90475723364349
2.34260517774624 6.20251804018679 5.17088096938604
1.84231934618055 5.7405737547579 0.934443518063804
1.96275069056661 0.238936919133899 2.04602340804013
4.30825522005794 6.19960576593464 0.888536702289263
3.14603461275696 1.81952811937107 3.44945327677575
3.38124843440657 1.5693122183039 3.60173873914845
3.52123994567441 6.21444750826353 3.4866688240078
1.23969050741591 0.758968978547141 2.95237188919708
2.62135330683534 2.48964542364622 3.18975312423593
4.74993830101064 7.27915918718483 5.64532392161481
2.97456846854256 7.16505025875898 1.98766729473252
0.665163445598754 3.79786288504524 1.75567807746263
3.03965047450043 3.22113218833873 -0.339869781997993
3.06255926421312 3.66679257500776 1.14899914398367
2.83033269977941 4.17158597301063 1.63673932180761
2.73454888935331 7.46863468022295 0.714768527978423
3.43576468425441 5.42359319357606 -0.458721270245132
2.80969667105665 6.02377681832046 1.23477890363485
3.40342831253491 1.59380885136293 3.86272861090414
2.55185150226034 5.63127757078707 4.95057696745755
2.00773264865749 2.12210295345994 4.41646704786127
1.81633980365971 0.011197531120084 1.47711110818177
3.60116796575226 5.34829696178817 -0.383229990347771
3.46800708814035 7.0029117554528 5.73793273599491
4.67778263919802 4.71216985677761 3.40242117072009
3.24934906012077 4.68986717427902 5.32364895227725
1.40272638561874 0.871038936397333 3.28843897944085
2.6346678634822 0.0233138109837894 2.25543714896525
2.68628289359058 1.29828153967791 3.11048317215183
4.73283327267085 0.729888903982326 4.34241212062936
3.21241645026328 5.15237348436782 2.86566677048652
1.62426374984271 4.67401635797199 1.52048696893591
3.05863300216207 5.05475909353038 6.45160713299327
2.04680630414838 6.12525929131014 2.41267358463819
3.68271194440457 5.99465783496379 4.07341327359737
5.09740212970047 3.80227477171764 -0.340570448973451
4.47482941296837 6.42542403894297 0.438475101886799
2.49112026005159 6.17185752408149 4.84299901625375
3.83668368386863 7.42732511704237 0.545516554397904
3.17230257468718 3.8502499026169 4.00934253113905
1.33896759665385 2.09533037455036 3.34045666265428
2.32987107863874 5.02048190537589 0.695030168852043
1.16187511690768 1.62042665646435 2.09952964614806
2.54821370466038 7.4547774288949 -0.0791530106546934
5.61077916599717 2.23716291610027 3.61112202168659
4.53399650421787 7.03082171951654 4.87453033946074
1.27167053051985 4.64845053319079 3.85426001318883
2.14827771211375 5.89694105997838 4.40271855205393
3.32847619050104 1.88514462961131 3.5513014240201
3.58720728811717 1.51164144951632 3.32551198985543
3.33216953128476 4.44496240377398 5.44501053458462
3.27710560922472 3.98031309701384 3.97154278318444
4.39161161440246 1.41393163964703 2.70812726634102
1.45754287468922 6.63606805557799 0.866482464391479
3.20886205622382 6.84478753368713 3.4010107236334
2.93047778499374 4.37605047275921 4.24900237251414
2.07408962960975 4.55997230292218 0.646539759210001
4.23732612512255 6.77755829830325 -0.162354232734084
4.36949029954669 5.33171895011544 5.06321558649753
3.25167835361184 5.41471819915286 0.541744410370447
2.37162542451017 2.16812491088595 4.09418338432974
3.88986155055344 4.17392379015092 3.62525497902762
2.98159869789047 0.433119033897775 2.58592795463768
1.62842904997504 0.523238794814622 1.69702623630893
3.17846956050251 7.05049958299009 5.39821589816586
3.39886555700924 3.08918026627699 0.288304171872051
3.61603726366514 5.58934010326714 -1.01991054574526
3.16520147332622 1.48631851892483 3.82529530449918
2.08522374027739 3.16702507204269 2.93694411335747
4.47682941970786 3.39383858920879 5.43832237224898
2.01308410953137 4.53023918756806 1.50561920846663
2.01436921899122 6.49071821306685 4.8641998836327
1.86154591034865 5.85011839381307 0.38771794501824
5.65130324140425 3.67181558504677 0.886183405020619
2.90256051643675 3.03659108130361 0.300529859212105
1.87830706368381 0.149989334348677 2.78294814460782
1.47406693684384 1.82486470362263 3.08755268964104
3.11847028715008 2.48396487309228 1.16538394084689
2.53087006441521 6.3687634598729 4.14010152931722
3.245668487298 6.520141214404 0.829920479377182
4.96017058955801 7.16597322206619 6.01116228791124
2.60901629459343 2.18631343262277 3.05271219506678
4.2429540346226 2.9369529123888 4.46441117492451
3.93367869632543 6.48715905378279 5.18148381617229
3.22940361607022 3.07686871211936 0.486099238363644
3.99034334831556 0.805438188312859 2.73806685703535
3.79439518707549 6.51584405003569 5.31459932947763
4.56047606455605 5.86407394099679 0.859988764773223
3.49607887035287 1.1481500633805 3.86038915626469
4.62064518907064 0.597553202382707 2.47554085033034
2.5900587677942 0.356713250101252 1.42095129829985
2.51763503181667 6.95722749411789 2.06919304831034
3.46110384291774 4.86463267957918 1.55582835219247
2.76053715010038 1.98715269504189 3.63549313927106
2.94950680331029 0.413586972950449 1.6774533583313
3.65900941388154 0.397996806415887 0.972309228374167
0.930987720114979 1.34695437047904 2.15177929207894
3.66873489988533 4.24197055357533 4.9849841969267
2.61394638760373 6.21002708927628 3.4990383245071
2.85059036923162 1.65074242402544 3.90301352691423
2.37644951666346 2.42204203406647 3.08516878855424
2.76517082362691 5.96714041888296 3.56369689463328
3.1248829180003 6.45877496211063 -0.538585570455257
2.89289701095861 5.61500830849702 3.41294479432681
3.54398402739668 2.19021880182839 0.41335824776515
3.37596355303153 7.36722361200719 6.53612269567392
3.99071520187687 4.00279270389665 4.61278904281726
2.91541228479683 3.63381722062901 0.863424187655297
3.95556744197529 7.35986591232216 0.0736548281065779
3.08463720298835 7.3581347936052 4.95556502379715
3.30283018991957 2.27496717780263 1.15322859219096
2.85678453649407 2.30946524289504 1.63203395362565
2.36041629803747 4.88982764491756 0.728801663788005
3.56001587076982 6.93431554775757 5.97532795141
3.50807413668408 6.37046518768 4.31280664571472
4.06910539384689 3.56730758993566 5.18267776361265
3.79012791149772 2.87042133055032 1.02177889519351
3.75238269570207 2.5570100181225 0.789826404716356
2.13758120028655 2.69311308661447 3.00328564539178
3.53725815101446 5.04641372108167 0.762976071738019
0.892699048597804 2.11591466887292 2.25258149521377
2.21797867519607 1.54486901034475 3.75714859307356
1.03549529891343 1.31307234659068 0.937412439707364
0.717567373803144 3.5356762909458 3.0833604483737
3.0088117015179 6.74934786358389 0.323331469029074
2.2200177724452 6.10138286293162 6.55663610048234
3.18234151266545 7.01544977827531 4.21941584508184
3.11374306661208 1.89935332181502 3.62582708044283
3.93207340048408 2.98170384069531 2.00453401710535
2.68453578984898 4.26395168979094 1.10816707503231
2.25223660204246 6.16987210089618 5.12064127297321
2.63848601724087 3.30062091682437 0.936226572339496
4.33810902931096 0.995954715155691 3.97666908540725
2.22691338691461 4.08026279894565 1.16202454100353
3.67019098707266 6.66518842657375 6.24973282914357
3.15866196828002 6.20986700790457 0.179242572483648
2.14536523021434 6.42060196853312 5.80342196816434
2.36639191079609 2.87863877834093 2.07307438765713
2.41762674436721 1.91947522088133 3.1252929469245
3.09347952271335 1.00621190905552 2.4372258230627
1.81943491885745 1.5377963676099 3.34068822701795
1.5779992792999 1.87646217027063 2.20974190236532
2.90285706852658 1.18097015023888 3.38594662379626
5.13209629289326 3.53972413001551 0.445602295657904
1.08273668409872 2.75364764004586 3.55189300556777
1.69232544323199 1.03342706767341 2.96357931160262
2.94710278705072 1.31257774380965 3.04868831947387
3.35797373571269 5.86950836965143 0.184381692900951
3.19827648599311 6.60213321222164 -0.213418206183255
2.91035150755854 1.75442121766283 3.39246263838394
2.1710003056807 5.86422988883375 4.61145473236607
3.33875069401209 1.25943918568452 3.45911787643516
5.27640430826795 4.5363455102536 6.51854966039971
5.30257020757419 6.11603238074633 6.17750333350659
3.36792980164724 6.28756029297083 -0.130650438494299
1.92546257782384 3.2449327026329 2.63916099737251
2.89518830656933 7.31360403626936 1.12151823302095
3.71902862958273 2.74788932885728 0.753369258051365
1.72426000423556 6.92746960423655 2.54353161042858
3.5057808656412 0.0091403194381785 2.59959204099181
2.49549889298798 7.35305719713886 0.245477445288361
3.35807223059236 5.5533105653444 0.597670979141475
4.7354234824231 3.00620767434628 5.28120900895019
3.04735688475544 3.37774738231447 -0.0595702113792839
4.14321225654659 3.76379451996378 4.81104225886759
4.25207771404507 1.39029602322408 2.72488096945966
2.5082105407219 2.89889967383258 1.8541849576396
4.02192931997604 7.28635057415938 0.324158664066998
2.25396025899289 3.37074165381514 1.50092097830184
4.17125253299267 2.49871493912319 0.488118145016179
2.72532119366374 0.259501446704509 3.15830548885267
2.79516028786606 2.58501029685854 2.18199872918947
3.91289679275132 3.13244440371755 3.13993775193616
0.549233284975499 2.24301257838734 2.58045209544476
4.58413113581977 5.21883644944615 6.64442434939923
2.03413139412606 7.1006670713386 5.75333446914182
5.2622798302488 6.16508386712309 6.27508561524869
3.7054422109021 1.76455585299252 2.79007582136092
1.31348980213008 6.33302329603846 2.47350001342509
4.74753511137762 3.726542128484 -0.211862272263757
2.56069898915606 4.18289447096285 1.23203150759613
3.34103477704602 0.81946617802168 3.19104795717514
3.35119460889169 6.38309549188281 0.64263693085781
3.39221700649752 5.125588105656 0.661377259327423
2.99502813366834 3.9869684103642 1.95120457351516
3.15696133522299 1.69306959899499 4.04067636701173
1.39758405805592 2.64797352152364 3.54787840168058
2.27151141034886 6.89504757596936 5.70265171811113
0.349022169254509 7.26522963131819 2.98745095820752
3.25309239368303 3.13573630352562 -0.0435582470308169
3.22891687307907 5.63469151937097 0.590802484843141
1.54415677657489 1.44745369587286 3.67082598617135
3.14452419221923 6.7458420425057 0.917251944154414
3.08715992717095 3.57847815459408 1.51227970966783
3.2305561480806 0.221953581803414 1.80602385861407
3.4882077310388 3.37115091252019 2.46046339580403
1.21125228993356 1.50522436371903 2.2944721733129
0.539490820348264 0.229110198370485 3.35084685040129
2.8216127568499 4.627612776835 4.44040634890569
4.27069264256514 7.40515254668371 4.7079702472018
2.12286468928495 6.77733715827734 5.42320143790355
3.32707285280968 0.38333129505824 2.35017442228503
3.29311112738985 4.12831988118891 6.08360424680217
3.00065712736041 1.93544594608753 2.53202190872514
0.801719029475787 4.52540207159685 2.4133216334839
2.01785713824442 4.86981531584913 0.483577841153032
3.21626437079057 7.06141513985528 5.26723859467508
2.81597456581328 5.65805968463811 4.27370825751989
1.81798505411067 0.484755168928161 2.11302454576407
2.63921479106664 2.55036436350231 2.59142334266084
3.80367210616382 6.74064810176839 5.64161759680242
3.43787917284293 0.465188353525041 2.04353539402843
4.11289267493903 2.36044483622594 0.491331100952236
4.61961546714161 3.38943119827862 4.76127901867727
1.8999413156926 2.54075882760303 3.41635186690863
3.69343766573948 6.84596612496969 6.15539055941603
2.52001185579209 6.83253349691561 0.805392184545842
6.16900765222543 2.78968020621379 1.20623175058401
3.26442324620058 1.15119737656591 3.28192559969216
3.3703638405085 5.70305616793097 0.55223795056042
3.64067968934235 2.45160906284404 -0.208368452123013
4.51840929372209 2.45245040651845 1.22953360310745
2.2687417317333 6.61752991569165 5.10854165504335
4.00115361570915 6.05884539290647 5.82442260931279
1.48114125174401 5.25453614505388 0.347607915759883
2.80389468032953 0.152272913663202 1.92934969809878
1.12940981466545 6.01321698012102 2.08909643649984
4.26031398734349 3.48107018548341 5.33361267693962
0.761772316427975 4.35018472079666 3.30953186013171
3.59636392751955 4.85336224292594 1.75502139810155
1.48794060181061 5.09699539443928 1.75700323816898
3.22333235222775 6.48610798569733 0.500273982683653
3.29952737710387 6.00881197392998 0.324426100948767
4.01092617766167 5.24146215726259 1.0593544523424
2.35867827403206 1.49608899067217 3.40499878506128
4.93607677750798 1.71972641228023 0.616214622923772
5.18539842991711 0.560277128116191 3.53401551756384
1.39634912076549 5.03720110368472 1.72993858756895
3.10453543920758 4.90146886165718 5.41827655289728
3.58307748652608 6.37066404134613 5.66200405472911
3.05210242639302 0.909101709091598 3.06826777987507
4.10293029895157 3.44958930703367 6.13593596067626
1.67583952230612 0.396091610255064 2.49920102555756
0.842400723493014 6.43624598725735 2.9323605101174
4.01431341102661 6.81853952259916 0.45686532740785
1.82445791674193 6.50601062858734 1.59226373749072
4.45666603333284 7.31407924209587 7.13590249781268
2.83610694593655 1.57144726444324 3.26332420952183
3.31793610710335 4.86387021211563 4.34609006233378
2.81150122584248 5.90380398062451 2.3712464431249
2.97764792460797 4.3867546251319 4.43379093301371
4.9810595484582 0.11394258951362 1.48522653162477
1.95749195435409 2.27336032443415 3.52082847687639
4.27629293845541 0.061469157821521 3.15618881625315
2.90300770890486 5.57244719406166 3.22458507349251
3.34209978764938 5.40525117848815 0.0615835017383594
1.02744445384317 5.58404556443624 2.94902781549185
2.33054781402032 6.95813343151756 2.83209684030384
2.29637941408841 2.30003189545573 3.66699165205197
3.52249695643109 5.1408469266504 0.203747670910848
2.04707880977864 7.23873070217977 6.30107002462061
2.71202914915342 4.30530201777565 1.713580340019
1.62143612002508 1.67867900780289 2.44372589888013
2.09482816581428 1.48651620656501 3.62030061982528
2.44065321334941 2.67556817452519 3.80625664471123
2.22128300834603 6.74441748036173 5.87575249026271
3.15200947309298 6.84387303282807 2.22893036515318
3.3548314628615 0.363526376842779 2.01870806567776
2.07797022051492 6.85710247995602 5.26482627399298
2.53254692594918 1.22300006045013 2.43314051092123
2.76499081850917 0.575376884312023 2.20503888181271
2.03959267842612 5.32355229740985 0.638169170974891
3.68570906577199 3.74193696139564 5.99866216347136
2.27132438507468 5.23328875959084 2.17731412829496
3.12451956712157 3.25940355679127 0.344632445249975
4.33175588108351 1.85544745432878 0.915369238455762
2.98182509963751 1.89784390281856 4.09514471860644
0.558361599764106 0.0402768734987635 1.73840135361793
3.9835425743836 0.382426406904203 2.43235474848544
2.21503793639245 3.87458848418578 0.770273208639409
3.44199518219156 0.802075927325316 2.74592391071655
3.13637982814927 2.14157527836718 2.7078666366524
2.11317055769045 5.53926966171925 1.85249482913682
2.12039068413469 6.59074588031892 5.658690492307
2.33167061235523 4.47492833508223 0.688266208848526
3.21881053601705 5.75370649776587 -0.188788341839818
0.983050316707542 3.48501009386933 2.96272539894739
3.39337473815902 4.92572094877979 1.55296900571422
1.98074102498864 4.16760728377375 0.37393588221489
3.19338772388073 7.1646481655977 5.3269309100865
4.01502337615358 1.89392143653244 0.815104598235814
1.68661166121107 5.64022287078385 0.622421811548147
4.11890255434756 7.40956288986763 0.0194446682021727
2.35219631301345 5.79677490122884 5.52833578598204
1.92369593929468 1.40367278765017 3.48384409388576
4.34757829608232 7.04714807267981 0.290623419042461
3.53406239781179 3.73053135029801 5.09295068579831
3.334299599323 3.75266666780209 3.12445818950677
4.08571165491179 4.27245221849522 0.126719199293046
1.80536973549951 3.33940759627751 3.81349449318865
1.79711778119708 5.54409473170823 -0.00915582477093324
2.52747470674452 0.541687303795077 1.64954007691334
2.70610126911711 7.20810040552377 -0.434288399829433
1.54606674521701 6.44746969759588 0.0967678410541354
2.3549289545978 3.57639980444473 0.4085972551649
1.98428995460039 1.13920189601982 3.03201083047605
2.62577880929326 1.08937384229353 3.49298001973579
4.39190251422475 1.9990234169953 0.561845960339666
1.99341921289629 4.57983862256781 0.526183372784929
1.98669375144845 7.46961768032451 6.89072139899038
5.07816702292396 6.57851827946884 5.84796926106745
1.75137359659745 6.79747672040064 1.9949656431558
3.24468061924616 0.910727603921527 3.59921210154252
0.796893676007236 3.62738282146449 2.22699640944823
3.42013444443141 2.56685977962195 1.21349540276473
2.70585791259557 3.99813513665602 0.875074637477964
5.25832359935838 5.51365694553307 0.336273686013562
2.94167800415217 5.60468277783434 3.54917484888697
2.79229979936706 4.46694082658046 3.93333385066084
1.49444152187096 0.294563001748063 1.984215353682
1.90045275442334 0.761286014417509 2.01245976602837
4.71416147179615 1.50286395059864 2.35331484354584
1.96501040971061 5.05229132865901 0.0794746693364772
3.1949132813296 1.58919854181803 4.03465221476881
3.32661634148327 5.66808307093239 -0.124484141008434
3.40196658810848 5.12412822905178 0.656091789350677
3.50448108182271 0.498696463270464 1.65104278621709
3.99140285231799 5.27285143135022 -0.469775290900956
4.57554169852894 3.1774878846405 6.22871246984414
4.9469967441998 1.42896369351417 1.47779606944542
1.77379133718312 0.728981896083381 1.91123288385335
2.39372326107667 0.383355494860093 2.14797911545032
3.00287219002386 1.98647977202752 3.13343072946463
2.30677496475277 6.28604724367219 4.91461520036259
2.48927466128466 4.22391779976691 0.63757866822773
3.32678668594192 5.70191745621867 0.41796791445497
3.27434770056777 5.73266101528421 0.379144734121815
4.17411625903441 0.330747672308384 2.71216990546198
3.65055878241539 2.65590315992521 0.636407132889205
3.52130636085121 7.34178823873748 6.04838270157531
2.70583370502675 4.22954364017961 0.763722700932849
3.96283829850014 6.65218931404673 2.35699846377875
1.80876883708852 3.42240438946704 2.67029286792905
2.29850687947947 7.37749469444092 1.94480466099065
3.03707564886745 5.41811368428174 4.50270277323569
3.8965675186152 4.14334773780873 4.78310563998137
4.53247453253888 2.9853537024516 4.31594645622913
1.93368003064482 2.88375612332554 3.40168320502774
1.9937030905042 3.93869240869042 1.81635202259757
3.16474349243097 6.19778146170976 0.116344541221049
3.16595088260789 0.495390032171088 2.5168720133324
2.89502386635129 0.912367363984862 2.69874326630629
1.73184259566943 4.42790634482235 1.05056942099866
2.75715379389826 0.791283316940947 2.47581205293411
3.88258406802685 3.564239130088 5.99594261603281
2.12327756027544 7.12681834222716 5.27151689536089
3.15183694826847 2.71690414011459 1.04961781592041
4.46034812404319 5.14386124350818 4.76465484917484
3.82362598662947 0.459870757944541 2.19400355995374
2.2093523240588 3.58603539334127 0.652698992262879
3.60255140891164 2.26865156023567 0.0948668107088991
3.54387765477541 4.97062196001153 0.715057497861267
2.97606936604475 0.240120279476828 2.36522016133388
4.47779194594853 6.13039720875823 1.15460297209201
1.17292924913627 6.73418257896838 0.799768857043956
4.16978523688323 5.45772216847345 6.03723912810225
2.5055307910858 3.3705042294874 0.289253690401279
3.11046266413354 2.17351503465565 1.57796757334718
3.04919879157706 6.75552333336756 -0.0605083692662319
3.13635192250638 4.67329683095851 5.76209202679698
4.12222408345296 6.19927669994411 5.63514194025536
3.38151735105056 6.17438881112745 1.12999348622817
1.51481901678528 3.98695528297721 3.71256229904118
3.87891426440981 7.29171339304004 0.196077764046502
2.83682245923766 5.99887986534127 1.20084498445397
2.96265569116068 6.71636793855809 -0.376169803370105
3.86919039504582 5.93254288946555 5.9408532086891
2.70893814176248 4.41857305284286 2.69180246864383
2.84483233944141 2.63136899957428 1.69657905849608
2.1753185335355 7.44517269011446 4.26854062034714
3.2013605720936 1.11632906356934 2.77121852866966
4.53268142456464 5.00199581288385 6.21389577142284
3.0230407652823 1.53827112693161 3.82830922640147
4.09761925775437 4.58498815104295 0.567364648724977
2.98705347806415 6.83675587302272 0.382627822698507
3.7193207885344 2.98481940016628 0.803021647569638
2.15859817866971 2.08352515643367 4.46048283917789
2.30125719210766 7.07150886739915 3.39680920072419
2.09475622306379 5.75973941949934 2.68262616636037
3.69501425466991 6.11261714900238 5.99707530621835
1.78927568981503 6.19493674324107 -0.0468548798772787
2.57028300991859 7.15697730824142 -0.0423041903533912
1.05159028560053 7.24922606485782 1.67704198954218
2.09241604439702 0.17490486202106 3.57807266316856
2.06705120075164 1.89314848413168 3.50494873426251
3.98297068206555 4.896038282146 -0.0935299576828766
3.42115609164625 3.96522314196336 5.62805637412909
2.92404505973318 1.73628245626124 3.1194454171877
3.33054852436816 4.49354692631729 5.34578085169777
3.55700668259268 6.35056934246922 5.63920233720288
3.47295873559519 5.96389765557107 1.90275346952118
3.0385286769962 7.3264412466743 5.37998035766577
3.44512723064298 5.86185091540123 0.657512298866232
4.446050146854 4.46907193056966 0.607687951145645
1.83855861683008 0.206278372345309 2.85127482596646
3.77906841953601 4.63357191925797 0.862051644953931
4.10652862540351 7.12654856170998 -0.210455069393224
4.63183978245236 0.359432073593864 1.47508964617187
2.38345040774938 4.19981519277363 0.330386603124657
4.18029087502983 5.29838859246008 4.99406425253139
4.08018579836556 5.17657668648575 1.44828490690951
3.33181870464646 3.44724283871171 1.80945330550617
2.4129938739968 4.17897561840508 0.677108788216981
3.14459580009769 5.48435160099793 0.635985745210013
3.49661012489432 6.91625684442682 5.85631946920748
2.66764293115936 6.30244974445614 2.04258434720107
3.00348789797161 6.18534468717543 0.600316489383419
4.04483509107257 6.88566645978147 0.247013946814544
2.73061302739303 0.399934664186471 2.07618467117325
2.60695139064378 5.92186169662108 5.52915453114618
2.39972274023619 1.15168273240555 2.78972246189686
2.17918756614112 7.07688175427214 5.15028008880562
4.13334433724797 4.27045800715156 0.5546861964568
1.78950578527635 4.95756149782807 0.3748344733225
3.35401561154095 6.62627046845898 4.94128889014063
4.85198037769024 4.9159936693593 5.64722119411773
3.95125888585719 4.27778668813507 1.7305545773517
3.3648961324715 3.30120949018162 0.149310745164872
3.75222470603735 1.35455269568757 3.12223127573774
2.89410783338567 3.88857288421343 1.1090595285889
3.56259756263754 4.25250174479243 4.97240151724371
3.46948988424744 1.80433923624947 2.42858550364687
2.54086443430991 2.97241401271208 1.90627983194325
4.9042547752429 1.71893418039021 -0.0732420320822241
2.741941806667 2.72379592297327 1.36463041529074
3.67917407819825 5.92486720521326 3.59951389799575
3.40322650937817 0.259528361454852 2.70579289171937
3.45033027224034 7.21888343239156 5.70686200935593
3.29758399117473 3.14118863811104 -0.427084292019406
4.11827256657291 2.72758978445064 1.7984441598655
3.47159644004786 4.32549905170924 5.20446002974525
3.07158487909007 5.77491114410721 -0.422729333244879
4.25205501720997 5.34446940302393 4.8954467872957
2.73063578406189 4.7982595671807 4.40059491083332
0.876183317577109 4.83558068947531 3.26593975085957
4.76437847646785 7.39177083672989 5.96070981088726
2.91249282948379 2.7156846235571 0.900414823655301
3.15069786269168 4.74105333212614 5.15516925528431
2.85723155002038 4.16398449649357 1.5225846949369
2.52741593234751 7.25459554613769 0.124439294752521
3.299209615718 3.01098544452841 -0.160266250371824
3.12289702453277 3.39629335075641 0.170429056310869
1.21026896766293 3.54316849059083 2.91856896897433
3.74278735193498 2.87350604357429 0.799167618528399
3.08681448245134 1.57446261296847 2.30234339924314
3.15426854680185 7.10106404397332 4.88018147191765
4.16465391317073 2.95542764376999 4.14438834490469
3.81226979471512 2.69763018445409 0.133468390177169
3.27936454455305 5.32521479491905 1.22839908417168
2.68356731682732 1.51486052163999 4.73289304523642
4.54258253987257 6.92204501303249 2.29755889212364
5.53840795305643 0.331319191770514 2.40893846611319
3.7042057288356 6.41389092179606 5.45126568019951
1.65108745658839 7.4621575124746 3.17444357281745
2.14517126643462 1.08393128339351 2.79909312443103
2.85601192722791 2.73891538378896 1.47742249425096
6.06756187881978 0.311614210458691 2.37303824038883
2.99069633910156 1.47898537251186 3.3001851558356
2.32829430800697 2.32129465109069 3.55798327889701
2.80303225058572 2.56141782070564 1.29021752544078
4.18408018891244 5.2061752839458 3.40251036499924
3.95889275776072 6.57534607301093 3.25957976414581
3.01529826255514 1.02049887846436 3.17114574525239
3.86408324437903 2.95382166944332 2.27255625046862
4.10824011042175 6.66453806372522 0.0492076700661588
2.74755664494673 6.15940118534203 1.79487773877861
3.03424362134599 3.22515593507677 1.06328489641497
2.77969772470459 6.70335057351505 -0.00334191254148884
2.63985513441101 5.93257600591205 5.92004527121143
1.64791593169271 4.15545645070024 1.70115600045669
3.44577137886005 0.157495134516933 2.43557166338194
2.31365404103748 2.02415217964319 3.32512293445624
2.05431219053431 4.57952327006377 0.217808468258702
3.96490278202638 0.586426386844386 3.15700264471564
3.46611090863232 7.39800835680263 5.31101123135198
3.62407976878042 0.829644555300721 2.79753416369004
3.6267890215705 3.88389331052911 5.43378804870793
2.53016859205447 3.69891240875524 1.06051307893905
4.32780576066853 5.59075147978886 5.79536056211249
1.83702465761954 3.97426267349005 1.03301640952788
1.98926913447743 6.11548392260417 2.06950042187011
3.59919984273513 6.39530255523302 6.47928966201573
1.8606267145063 0.375082921632348 2.66494052638256
2.21251202260903 0.118808080942738 1.73343762320918
3.02030057751413 0.0646144804480677 1.65959027685259
4.08057494969738 0.0834904394967584 2.67818689007032
3.49939937417466 4.42433955235285 5.83817672358137
4.27392222916566 3.78466699614814 3.37788980347705
2.79093299933643 7.18965694981913 0.258166687252386
3.15964621638965 3.34411921153291 1.43001019506127
2.21871056773761 3.52653147152167 1.10236295892356
2.67717878143532 5.22722463449379 4.40670279395654
2.93924077710874 3.13176379262716 1.27847401174101
1.93664499958932 0.508471971695483 1.29465009183057
4.83015471436878 1.05057730934897 3.78204771548255
0.827936334255746 3.43800163320251 2.57024486991052
3.44689212725704 5.8900384259442 1.29342863197623
2.94312024150729 4.04972582830233 2.60961318072036
4.00439829787184 0.930345829642722 2.96378804042879
2.74713682294054 1.5384969579712 4.12846074664141
3.13811555907116 3.37530667222046 0.801493280591335
2.32792633805096 3.02843124182164 1.13322714370525
2.92696274297532 5.34628455834082 5.43628553418747
2.86890930899552 0.514860036890782 2.10667841350461
4.83390528684855 2.815954734313 5.66872069569245
2.59138273241762 7.14456181555303 -0.168248254432557
3.55603821515245 6.05273331158235 2.58675500885167
3.53953359097965 2.34780549284802 0.311524663088484
2.76431441494672 4.28212454744971 1.87682884057979
3.73536495727568 0.00589378293689613 2.98238924247084
3.51489855305632 5.29342676128757 0.360992273565511
2.61975039343528 7.46199760598315 0.241103751508698
2.22735309272485 1.40259842345792 2.87839264426418
1.94200997321707 1.75845046256651 3.07342831745993
2.83840497108553 0.503662668879009 2.23100135879717
2.45906421162687 7.21401640811306 -0.0658030518366559
4.49428168944494 5.48919506732008 5.78701792647699
4.1522820566597 5.72756428114853 6.01695513369867
3.58227263819957 4.74298537318879 1.88942832958888
2.6048799159831 6.29279221559018 3.97421918617604
3.13615162896633 2.75176127871864 0.418433804509579
1.203174428626 2.1564688711946 2.24252123302104
3.31298361128671 4.05912911684169 5.37374781456819
2.91178748287079 0.0103902759689998 3.44198045870072
4.16151743764827 4.37127061341816 -0.595741226982933
4.43132008293646 1.17792323245962 4.01584241643986
2.02393295641794 6.45765711024634 4.2166587428335
2.41261717998146 5.08017760380158 2.37045384623026
3.18852654273482 6.23148141661929 0.521550762399629
2.80752380858583 5.6742516321744 5.03177812981205
1.99747031046437 0.90851226032706 1.77656148530531
2.32481696983945 4.07891825022254 0.141542380475326
3.08256438254567 1.87225606480705 2.08302022355897
3.64837713248126 7.22487681880935 2.57892111568612
3.22172941445955 4.62260197919491 5.39436327118768
2.73212765173774 3.58400543903383 0.10622741421663
3.04780119235813 5.64801083974566 2.09809453191242
2.378947668646 0.786382961743754 2.37287414110226
2.81178170650292 1.18141959177873 3.22221302318835
2.40213060376914 0.688580679325901 1.86260593038124
2.32622597094765 3.54351888321529 -0.00631283314160269
2.57349629896235 0.594990555749056 1.30706022020663
4.98653307051944 6.00471569027278 0.314819113351575
2.17292323735511 6.19168898889518 4.99506500439836
4.21799822000818 6.28107218707173 2.13638182922717
2.90779379461178 0.0727550457231461 2.54497908100295
3.89701130056913 2.06111293199161 1.11011605426052
2.20477871793427 6.72981442088722 6.31377929243348
3.95556651022555 1.46411557158948 2.85204838856734
2.68910738688766 2.70212690906261 1.56008997082861
3.27862164047618 3.43828984250598 0.999618235965559
3.18227764268169 2.35293999192847 1.21967182898258
3.03563121957848 1.97888186298448 4.08176453431186
2.93822909909802 5.29035252230383 5.99953339476199
4.94472684735797 6.68260955124488 5.87210004909583
4.11256457081608 4.11392935752408 1.44583742124911
3.12367774588281 7.30387658261713 5.91232749794902
3.07540688902983 1.37197633500976 3.84569282121003
2.58410740845012 3.99769591779193 0.510104963451046
3.77044761823125 4.7644315395663 0.377406181898711
3.24458558413431 4.5002880985568 6.31080650585239
3.18767454650842 5.90878575167945 -0.305675845358436
3.65984820494065 3.11420885797275 2.04790527672748
3.96723608813651 6.34046119917081 6.00112336519835
2.96920655257956 7.36108959687999 2.32740128177758
2.43421307152307 7.39404059827334 0.204737854887598
3.14368636529295 6.28570784551418 -0.0524991812483303
3.54591676701954 0.534562746443894 2.34852586592402
3.68293599603494 1.88579314146223 2.03059817969523
2.31404654884403 6.67428777718908 4.93622567111279
2.56432697578445 2.37778747972678 2.81356637396115
2.92401797554714 3.85866899805843 1.56616978469852
3.85177137752662 7.44234148648249 -0.17002095825421
2.68682450231828 6.52838361819109 0.463048711753726
4.52631371895987 2.31193570518069 0.21253870052993
3.74388470014604 0.635853851665425 3.21653734696596
4.44935362251145 4.87659124425289 3.00012377970498
3.15765391830913 2.52137862103116 0.729950317540978
3.91809461040679 4.1340848114148 4.01895303893181
5.2211231338545 2.30026717038486 3.1963096196169
3.33594751303511 5.38629849310102 0.130808805080395
3.320687593782 6.49178190629271 1.65604302867799
1.26005118597106 0.944024611471535 1.39109597215799
3.14341167279975 7.09189072834457 5.70119405182796
4.56098914333327 5.80483191570408 2.04166548254689
3.85373815172787 5.78278357406735 4.23444836103948
3.99926182353803 2.68343342724929 0.760707768357626
3.19999477823704 0.0793496923900427 2.66791252924365
2.46635482916363 1.02112756321254 2.08671595630249
2.41129997544985 2.90815611451567 2.26236634135058
3.16139716174137 7.35788148457561 5.35263309891117
2.00073075481864 5.62867311717996 0.655206109676718
1.86501126059798 0.540802069841053 1.92727568507332
3.33109149540128 4.99717329229535 2.1880150336612
2.63086681473948 5.90146329406673 5.60316434435807
2.28262405381502 5.93074056278692 5.73453195778833
3.46313427424581 5.48107219998507 -0.526946883518166
4.06294009657615 3.42811158398502 5.83836606498061
1.39402488824529 0.0920559473015059 2.01753050656288
3.88932085943023 2.38705096206335 0.313455361669456
1.53172505577176 4.23285164311644 2.80142411995992
2.70889067492245 7.27267145115298 0.423690838105863
2.8853645404327 3.42013522057598 0.816485852468244
1.09655302906488 5.16751765649272 3.58185636328236
4.91331175089969 1.59401604416084 1.23087238833405
3.0013551945207 6.13760137729881 0.52527826583896
3.42842567737649 7.25565419023721 5.6284417528681
1.3525472787746 4.3987593055286 2.76794121949501
2.29911752764054 2.06206022135577 3.99059002090373
2.22798095012453 4.10303090803864 0.254920765643727
2.63800533809471 2.10228738808868 3.20977136817092
2.07895226243737 4.40090899640578 0.0740374965926609
2.24319096893081 4.89775163657629 0.946812439207127
5.56205224617843 5.12387765132306 0.455996546028765
3.94458952886599 0.955874773262513 3.7603772273881
4.30344036652271 7.06489161047153 0.257598481485082
4.68300897756353 5.74426080100999 0.205945416574834
3.82235494700698 1.40378302839743 3.47486040656084
1.85282626126458 2.62095814442621 3.09056277891808
3.5103258357374 3.99316145982114 4.83992048325514
3.15680619721022 5.13815657239211 4.67768130551067
3.48092434439419 2.18138647369304 1.08764018696445
2.92536831334442 4.10277426272288 1.85496651093878
3.06916587910558 3.22470682132109 0.645484086440536
3.02085548377191 6.77330799390236 0.361464006696829
3.79462371450529 1.01351592893439 3.43641501811041
2.32718537260195 5.86883377023667 5.33590850353859
2.30313611997073 5.01761416036459 1.13166062929918
2.36534066196823 2.60084793886497 2.40580923128725
2.38038172662154 4.2324757230874 0.846369458009068
2.80571672456802 3.83650027889974 0.944525134945048
3.04433834905063 5.03294566038586 5.66104501460548
3.95670208987344 1.06318430235759 2.73851419337902
3.95598168100616 1.04634491128439 3.39615748812914
3.19100936008321 6.65202304966464 1.18231206276225
3.50733922906441 2.25762468881541 1.37007925508925
3.2617364905593 6.39878922337679 0.58265029624662
1.97254421637515 2.16347513470123 3.81757852384286
2.06308576721787 0.850231591928567 2.02437119416835
2.19962189896324 2.55911640527365 3.60076738458223
4.69338851213049 4.70374369969293 3.10841006485995
4.48386743919584 5.64457624271746 4.65651934631762
3.60805344516224 7.24391333573722 3.25586994518163
2.9416657682593 3.38031977439203 0.25560650026427
2.81838650772453 6.74928038903628 0.12986363078137
2.6839286978299 0.804413880962363 3.42157824615102
3.53630561980453 6.00004481579821 1.45895883011336
0.599190482693806 0.838906182557301 2.36382664321275
3.03358405931803 3.5555471611178 0.440618901672459
1.62465846358542 1.61791033738314 2.73858681138273
2.2697275320865 3.93020065025667 0.450826805878452
3.42603920796329 4.61792974054526 3.6450857780782
2.04752541704166 6.30646443744732 4.78624581577414
3.05953469153231 5.63976001338968 0.911940634577338
2.8028350866987 5.51822560418726 5.53637480304313
4.39661331188679 4.15928609045309 -0.810404497976493
2.20680580161348 2.0303499751561 3.79946124828458
2.58838560965607 6.87554727431707 -0.622529077839366
2.75014923321603 7.45063312638486 0.292697817995938
2.77198385869895 5.09511909371276 6.00704741247046
3.98501653942455 6.84481186510855 0.0574712338388834
1.72965471580017 3.22466601961406 4.60808702871445
3.36703026918347 4.72411666683897 4.93222012702758
4.24683660041633 5.42762667051196 5.5252524653657
3.87437657020856 0.325337064243186 2.899407879255
2.83951197992734 3.47244432496485 0.230465436917869
3.02738292282034 5.56029551191965 2.3341469350345
2.60248610512361 3.80572377531104 0.537030291814816
4.28842488481245 2.90605589994226 3.21635627094286
4.10830824179921 3.85791267881011 4.46549166943715
2.42575724356551 6.90740560090355 2.34111020308283
1.23622751044141 1.69409263080342 2.79953885541786
2.54728864076053 1.11527715337845 2.0887005832554
2.16731192019036 1.28911373318385 2.99148190446316
3.9961356004861 0.701473492237707 3.35942585511847
5.50852973643429 0.822063490294737 4.45208187965928
4.32680616817101 3.93955445604346 1.73555839264945
3.91092123410579 5.41683091438478 0.425570679053668
1.70452371091701 6.30101249529396 1.64175990662285
2.55461472768126 0.0904902462664809 1.66144130973258
4.29388326290232 3.35341276216862 5.12357033066997
2.72489722877698 0.88170025407621 1.77876220777364
2.50238534787843 7.3579920844331 0.694645574783977
3.01377927694706 1.72824743115242 3.99616978123947
2.65634903692267 3.04383406803377 0.222697960473394
2.22642358068389 2.72361623462931 2.99402075433135
3.05558083919284 3.26321690535669 1.07107728935
1.97111319677741 5.30569422482463 0.750711548426706
1.07226041166838 6.43753254168038 2.05313833422605
3.94620804400326 2.54760014459748 0.825372161889401
1.37010403792019 5.1952385402242 0.798583788016303
3.96892875807222 3.36043586631965 5.51944538190079
6.27396080538535 6.95552561507104 5.90868522687234
3.29165307270348 0.623347785401551 2.16340539327379
3.11900110828127 0.383511299524399 2.12509311862042
1.57016573571763 4.51379806689753 1.18895195176541
2.34837115767428 6.07527140165074 5.0849077394475
2.70266697425598 3.78802525952102 -0.00438145918396948
1.71087724158407 5.77827335452886 0.328524002947231
4.4055426839883 1.43351207478803 3.22627260445336
4.89384702025605 4.46124484482424 2.90884244878565
2.82194978844317 5.9996190445807 1.78935411698321
3.43122058028974 7.03376021363602 5.11507153800117
4.3504743936929 4.65258254271952 0.30784979967184
4.87847944295884 0.259883695574237 2.75535927406498
4.20039812371366 5.64657946250432 5.25540392312543
3.19531886624347 0.945129863991014 2.85330036165269
4.0789501326093 2.74405015171949 1.13460540880241
2.8929137376776 6.92358369746598 -0.0988278989326254
1.72585133355494 0.97665285030786 2.84493088679906
4.32122617790902 5.16783878525454 5.85772735157889
2.70819061256749 7.45084701129642 0.699012121011992
3.14519197626874 4.06625727085636 4.73094916437127
2.83099605874489 0.122528758687478 2.38589502965551
1.60643010225846 3.20565855677989 3.42222394929245
2.58301012098559 2.91937654800882 1.18667382642287
1.92345802262324 5.92143996060228 1.56862917523017
2.17131818532367 2.08236128932553 3.85101747394347
2.6080824343984 0.44503339992526 2.48953878994689
2.40192051470094 5.86561586129379 5.52523576729301
1.49092922163123 2.68434237207315 3.68073061150564
3.9782027314593 6.41628866470659 5.06612092588353
3.92008777798887 1.05446138517139 4.3646938309771
2.68489787004668 5.22067795405319 5.05383728077361
1.33105272584264 3.6448569816403 3.17186467076912
2.10774933691159 2.97706459613913 3.66724106357959
1.1937051940757 4.28086622316353 3.62141326475176
3.05557032932228 2.31029348736225 2.39433515490983
4.49199867335933 4.3065844869718 0.377180650175921
2.86245815255666 3.14442648659125 0.302040710759025
0.856185933126178 3.4724553101874 2.59374880354836
3.29600651294762 5.58609233573584 -0.794207231280755
3.01687844879026 3.13374052844457 0.0335777057670579
2.25835680536938 4.67599539454467 0.969936152891283
3.05821800914571 2.10024740912564 2.91988121747133
0.863198658506197 2.46961975131631 2.86532900753941
1.27128817151592 3.40092102989234 3.85604871091419
3.84077193679128 0.930954113029538 3.44951492654999
4.37469067365549 1.44012401151933 3.10617295816117
3.47708928488608 1.13115003182768 4.13992255232162
1.52924238881577 0.235579157335718 2.19195225147913
2.09001129410305 3.56885960791198 0.971666580901262
3.12285666973437 3.82618018191348 1.79053029994792
3.0679228051321 3.23112419538957 0.890364188194146
4.36435032791007 2.9449077130603 4.28196181671887
1.90862929971547 5.16057521820091 0.931390304791418
1.59690524444943 4.34097760401362 1.37195542933652
4.34399739732343 0.0623020140128183 3.17528352819803
3.0062179161539 2.79788371982347 0.0597151028037781
1.85510955580567 7.37035633895317 5.79265027382383
2.86752688077526 6.74639785757237 0.123973210715973
2.3214144629265 1.46693241384208 3.85454748080138
1.0470287716267 2.92747991579662 3.15792922387855
1.83503106636477 2.43894620897294 3.1478194379471
2.68346759431594 4.83523756161278 5.22466895161147
3.30026978194818 6.72736522250806 4.590168850092
2.32413802503047 7.34258626042576 0.655134808143377
2.60951870501593 4.11003533283463 1.40315798883971
0.816457096740212 4.12684215791687 4.08476458120641
3.11442653443034 0.378426703565051 2.18273899729267
1.72123084809183 5.82126073117288 0.0827303216331594
2.73655352992048 1.04584382594174 2.20831286571684
2.47864234082081 2.5049645534819 4.08121215109066
4.08793169217924 3.74954155404747 5.00772520885443
2.9094416629371 1.73182822715999 4.31601363498713
1.1693097140073 1.99151951026633 1.7477596552309
2.49162315254586 2.20320380842076 3.56730299748258
2.72091190115967 1.24346061776265 3.28842216111387
3.96338523320441 6.67081600117071 2.14172365275461
3.78530568778446 3.04340643800859 1.64251531551846
4.35956364017448 1.85904035139289 1.26847608846521
2.91452699377695 4.735880685998 5.08235148183931
0.657970211718833 5.55030021261754 4.32603817722046
4.50292743547372 1.20765876967161 2.71200032555349
4.14795529530931 6.01132432484205 5.72300377406867
3.09381065196446 0.556735409232314 2.99120946662232
2.50829730880854 1.64262146574801 3.92681350286966
3.65982731224056 5.61592517655876 0.229446787384469
3.32486225958303 4.6488069765231 4.45413797635878
2.25293443434649 2.60481955151246 2.85187349810766
5.05470618664292 2.3026683684951 1.58966980103848
2.76973157038949 1.57381074995536 3.88958103634681
2.26310987537078 4.78141484051379 1.6946934717917
2.41891593023385 0.2692576854272 2.23691611947413
1.30482492178948 4.00052494730788 3.73984773725579
4.23888387236238 0.666994200029275 2.97548517328194
4.49487584275021 3.80602393264535 -0.215378808410851
3.51052340417005 3.82248837631846 5.65788897626311
4.34773498592534 5.27201019349373 6.53675135996763
2.8812738010669 1.76076524534909 4.00818870535282
1.82490805080413 5.51439067397841 0.404094696140392
3.95799447519406 6.61628983373908 3.18000307425936
3.05467347373198 4.89549170546279 5.47911719332233
3.26466102704827 3.49396212462146 0.901022110329284
3.5650099300381 0.0294947605822617 1.8620610246101
2.13766088878454 5.68270994820922 2.72126155564292
2.74630492617917 0.363982201716554 1.95336701701151
5.39195666849607 5.86392276127609 3.86084732646885
2.51362004819726 5.70168742907585 5.28206677080479
3.73964856729709 6.66384776103778 6.09224468561129
3.14955851895836 2.07305013543744 2.09591498946158
1.74688161807409 5.99226040022151 1.16155873170662
3.78097332371991 4.73549579530769 -0.014689574772122
2.02450134560423 3.73582544495299 1.74156695494122
4.58279928510936 1.09357237630913 3.57174766978091
2.07900467596583 5.91081304805339 3.15279896463458
2.81982060194945 1.38600216530976 3.99070528476914
2.49057389654174 4.13039456038228 0.991224283757688
4.22727618430927 1.86620478607678 0.0669246788506952
3.643950485247 0.0391868306210155 2.30199603038
3.2521184568448 0.360207505378639 2.57871696592879
3.26667647286546 4.78978647188895 5.45479645441458
4.80224619726733 6.74557415585037 6.38163737952566
2.10702557692922 4.76293893530768 0.232609096633018
3.98922640106554 1.01684511959292 3.11338562559907
2.08988687768593 5.71687800156212 2.23201794987341
2.08375287415819 6.24748457454256 5.06728779806831
3.95185949942232 4.74545972270653 0.302737809798092
2.81342045126382 4.73296832905112 4.88473250496312
3.28847964187405 2.3948243078614 2.0590556702062
4.0409885813664 6.53086678500901 2.33288331072339
2.08445336608377 4.99284379053954 0.164574710669431
3.4307823833863 2.83711061457735 0.546952356618702
2.37085130716572 0.812913182965576 3.1043785887736
3.27642944021079 5.40174339595765 -0.11671453581636
2.23058114219964 5.27408590970504 1.62615945212405
3.22736352893767 0.926038668110629 3.23378493296652
5.6691512689172 0.0171870081444627 2.07565509184024
2.5549421444965 5.43905769244557 5.69817220884152
1.4172612287385 6.28680389394692 0.765375883179118
4.19698033886467 1.68130847370154 2.09427693525348
3.47217341955345 0.612485102296911 1.51535485765775
3.11128071235584 4.43462621590361 3.81204202517083
3.78098335099346 1.76277184685988 2.74769614667875
2.16421616246871 2.60415514143579 2.61199862616945
3.03463543732668 5.99134007781603 0.338293419216476
4.79630317311913 0.125590338211498 1.74756449698196
3.11055101038478 6.10826027906758 0.412463237807831
2.55370028685781 3.38561364543436 0.528667621191672
2.97644728072716 5.78536053906848 0.98078260351909
3.08500791575052 3.67404833950446 1.60015116796144
3.17164386477199 3.72200849720331 2.24578701699171
2.90475384797259 0.61212368399594 2.74856986955985
2.21740557620792 4.80793799376112 0.0254802374382332
5.57725179193936 2.74723265241315 5.62881277135374
1.98201284519734 4.28105026797684 1.06829668968653
3.35585949711355 2.42246844685073 1.3614458219659
1.67611123373475 0.756117622725626 0.973042635957849
1.960135510464 6.94125868407861 5.02444313014534
0.733627443279742 6.03151188526235 3.15261433929262
0.779044400469746 6.40637650736796 3.30223489717328
4.119525211193 5.37367247560488 5.35520060456594
3.22058433249256 2.72937556047304 -0.0957329205060438
2.77868611803086 7.10027184105783 0.36364891421518
3.91848706773211 7.44536270500184 0.111098915963412
2.73523624409018 4.23101345175993 1.3575847467784
3.03111435117961 6.48428435463917 0.222453675449307
2.476045659292 1.61775695910364 3.4925708932424
2.73958231465006 4.27746766239705 1.93127265607126
2.74621264829035 0.992741306298355 2.31931879192078
2.42320272581407 1.8985827672046 3.58809172006756
4.03485621758371 3.61397323622503 6.09164144534921
3.29772375378535 0.0271161000568014 2.64704177008136
3.07964144199545 6.69923991082625 -0.134839004831566
3.41489567804638 2.20212479345891 0.979433539862904
3.55509074880883 0.11669787919945 1.8560740405885
1.80497769461318 1.8704085065574 2.9812065192664
4.14444690919206 7.31494301145159 0.255851554038912
2.147750439499 1.72177122563301 3.40873481212549
2.33664929898171 2.52987488662125 4.14058673706673
1.55880044352562 4.35777407404619 2.49385908732635
1.47220628509997 5.92202298770895 0.558664001212428
3.70503468950278 0.420095057258823 2.28478240928564
5.35469994658223 3.97077047962908 0.453769265022168
2.85866314638449 0.16077326749765 1.97001733045312
4.30026637648103 1.23467271462122 4.2075504599194
4.42146729394707 0.920737155410228 3.61122257147321
3.04932471687333 5.23000691832614 4.6172288978791
4.8506095805107 6.57341274833374 5.00558366175195
3.7005284783609 6.37559554032413 6.24959898755387
3.62500099706807 0.238809287223721 1.75469560209538
2.79850663519253 0.119203713423874 2.73558859942508
4.08915991998584 2.49352909110581 0.134738232115935
3.12564667914237 0.0690832391532314 1.87589238452288
1.56652382994926 1.46350440134855 2.91910035343771
2.53736411603328 5.63643558530254 5.62822557716006
4.10488302959803 7.16855778385488 0.749982223797915
2.79161708847658 1.82670511521511 3.82838770478408
2.32878690679931 1.71364147278631 3.16921407994537
2.45632793761158 0.453485430412247 1.97082312029684
1.58602019292538 6.42603035004913 0.943295975475525
2.91328952701311 6.95747084764424 -0.463515266671032
3.93709551914781 1.60430126835727 2.56534731690151
3.89883623358322 3.14346136106402 2.36957554836662
2.59676456433741 1.34775376057778 3.40162139874349
3.10234711810032 1.53201716760172 4.28468871995505
3.27584618017802 4.48008036711452 4.59040133860317
3.99794143548045 5.49547729830898 4.17951794501803
1.5362340265579 1.99149816042623 2.10987065696253
1.87035175095717 3.62359359301992 2.12476938858197
2.88367094720284 4.14653584853435 1.91778969925152
3.09683736841158 1.22656863941527 3.3122152517281
2.74842857468106 2.36506397556445 2.54019602018231
3.43002647596104 6.32700695216511 2.85956117559931
4.17256474233467 0.441557301702288 2.31635010066415
1.72125099415005 4.48839323260953 1.45599262862052
2.26548207540046 5.62996014632164 5.3980834712462
3.63542253328907 2.16097523083454 1.02050754232974
1.51224001412905 5.92394329903375 0.737843405224956
4.4252383291542 4.31858796672715 0.0641785467832633
2.16618366747071 6.8420861793391 5.2309007657762
3.62604640407046 0.588434064516715 2.55981780673206
1.84348286184716 4.68828875886302 1.19029304560559
3.35187555782351 4.9146784727126 2.82177933567134
2.09033801449878 0.01575005972159 1.25036575549942
2.74606117708022 2.04614079428968 2.74510312085953
1.87108258329256 4.09807792475373 0.416012810888647
2.67564779240995 2.90955705927848 1.50128951895336
3.31944907451564 3.5998679999603 2.37768315663375
4.74680327691438 6.85689560206568 5.65582767548861
1.72065654213453 1.64770386932589 2.36634056334915
1.38976599459642 5.43520661986351 2.07474380430178
2.20490438956149 5.08236311338189 1.24493379450915
1.23419947239629 0.831525767854739 2.81684645868466
2.92184585742655 3.1577367701923 0.668984830585283
2.01024355008261 2.42397145622257 3.17764415678302
3.18802432504709 1.03218538383237 3.50085661550918
1.97118181606545 5.87935965430277 2.31714683595238
2.69203194861818 2.7173805749067 1.35183184329782
2.53857297113783 4.09892160658712 0.345153305348978
2.59372539254936 6.92866224553753 0.525375967975041
2.94606361716379 3.32275186999795 0.370462019251899
2.39940656956036 3.74892640459209 0.95465745677964
1.40095372910049 3.0979886992404 3.58770719292184
3.00276595476689 2.93097241802994 1.09267253330511
3.32965036524747 7.31407083027905 5.43036999050829
2.95107381575663 3.40606724109949 1.13340517938297
5.01855559314623 3.01432630916739 6.13802820397195
1.63627705935057 4.55419580581396 1.72404734346951
3.17425702555525 2.37313895740009 1.27361413848602
3.58721998499711 4.74672978513141 1.24101002962948
3.00904154252012 7.08984432621012 0.765776824712757
3.84258063129076 3.72241555199905 5.57504350723198
3.30635399130611 0.973638834075631 2.95918975416182
3.63052013742961 3.3681465164282 2.75676061208993
3.42663516582538 6.56003409664481 4.602362741813
4.73904512220657 5.71622151716442 0.260390482886564
3.28201942047484 5.63826391119806 -0.122043037270863
1.9367846146436 1.5600723195866 3.47237618403394
3.13254013757955 0.34098132128008 2.7182268444414
2.94160243841331 1.64523880917866 3.81856864879301
3.67409014856189 0.0843803832554899 3.22857263557995
4.50104698549921 7.43106930091588 5.7573175100769
2.04565902831706 1.13534663014422 2.99125519941499
3.39314572067943 0.5083018043479 2.38017045018812
3.58745840990433 3.98983183335976 5.2488032312816
2.40907081053014 5.22452805913897 4.44141602884927
2.3368856491185 1.84753408497707 3.75273342609807
1.73976865969066 0.268633891117303 2.008149025597
2.77402178744731 3.79582423238659 -0.0329962417164523
1.73597226434301 5.36805143371672 0.862104385334155
2.95138084842836 7.49498103484678 4.58098725023188
2.02408016927619 6.74265766454437 5.59069336721817
3.06408088852543 4.6445252997922 5.89371561501252
2.43327089933655 3.32104247529508 1.03698214705689
3.59755121213028 5.24633119969948 -0.929533904859599
5.69388137718525 2.4538017320037 5.32720737649731
3.7197055357999 7.33592296276871 0.361665921086615
3.46345017504624 3.82342455099988 5.08253588770398
4.34467564222408 4.06255704071564 0.675396993910852
4.6775808993726 2.59890123505331 2.77322014177166
2.92167546500575 6.45773774949864 -0.51578992781044
1.85149472461563 5.75518150174604 1.30270644857898
3.68395187565359 3.87051556496386 5.73582614507771
3.11528087727214 4.87218273397189 5.66795263753573
2.21599353292855 5.46874395176115 4.09050193853401
3.58892433935499 4.44726571252028 4.93781826766108
1.12077239499007 5.85688507470336 3.3228512379669
2.52015549568591 5.07450277694078 4.61742740873816
2.87436162985398 4.92572495033356 5.38834186347475
1.44350794530027 7.37086002482929 0.911609851730647
0.965607570542111 4.29489581651749 3.97531485988984
3.30701656420841 3.11254704110784 -0.0114697981899936
2.49373243490547 2.14638224175672 4.213957108752
6.39042304930541 6.479323247901 5.5185505301659
1.55459194768515 5.50299297835681 -0.22481413459568
3.74545620701885 5.36694083158851 -0.143517728613554
3.21051565275343 7.04456125446854 5.70423438292771
1.79413420179472 2.5507892092836 3.51049325064421
3.11750711227862 2.61504595108097 0.630053696609204
4.00864225364969 0.404806959123443 2.95693278687588
2.31010530220289 1.77956017112875 3.86056659350522
3.11606005436255 5.73195132369231 0.240068735051139
4.4557196300065 4.83074076126674 1.91033740460583
3.99464259386396 1.34839208319791 4.167071511271
2.83821907626912 6.11219078726884 0.357695731041705
3.6727190947864 0.246075894377054 2.43154332749461
1.4587512268765 6.69627169816839 0.0150734079099013
1.67908350222204 2.25551951927753 3.06129702483172
4.24176549634276 3.1987436614407 4.90278738648185
2.6112551760681 0.611239529061445 1.75690460589385
4.95003938834344 2.02211248188892 0.716268146071335
3.30015938944163 7.09084563172039 6.22716127742341
2.17598987100717 3.68772495932177 1.28103975069273
1.92546265410099 7.05760541250022 5.32580978840775
3.55637682793334 0.370805624050258 2.64678279158074
3.16208941678535 1.95901492529181 3.329290988858
5.34949408668362 0.454033207905585 1.98076838365687
1.89483166525826 5.22105208637041 0.81593807795506
2.37242780780482 0.782424670789511 2.46908293488023
3.10508419885277 5.81235537107898 -0.0751522532063787
2.41754707212847 4.68314004808476 0.810495615850898
4.65820200171755 2.37995380335977 1.32408649703529
3.17823634133945 7.32584813824527 7.22080964161557
2.0387074410035 3.65400001883101 1.53574357065779
3.13887013358833 4.97724132231249 4.94232931650897
3.1527847819706 2.8453511371563 -0.405003645059308
3.72472870432238 5.80114851181427 2.3156400778047
2.23969036873816 1.58106224901982 2.93844515211217
5.01551313141859 0.791215805053039 2.69014912757715
1.85894291870755 7.15583335367606 5.94522269769975
4.61750966729479 2.24956078949267 0.454555106461783
0.876974432885102 6.59297203772574 3.93689781984595
2.8552211659715 4.08617082699009 1.46918331045518
1.35689097100805 0.86717521611228 2.980471276863
3.1724817566034 2.35813904419396 2.65000943659166
2.54011645310795 5.67824491905596 5.11679690406147
1.47245152167479 1.39221927670006 2.68212020590668
0.773007063010181 2.63694902853722 2.87523446700728
1.78022924061901 6.27082961697461 1.02145092327646
4.34997546277463 6.75066543882413 0.24956162497189
2.23166366864034 4.18897697662126 -0.175443827053399
3.03295396856257 3.24561744008264 -0.057236702138672
3.18374540332371 3.40984510481631 0.379013205028634
4.40544971102717 6.2872360621459 -0.487961113132624
3.28127170767446 4.80758754201835 4.94859968151797
4.47924820913391 0.555766687642774 2.45247511223558
0.264022985593413 6.15720359794137 2.50609846215165
3.18853183973254 7.28677181500263 6.20027344553133
4.02107074191312 1.49060041509594 3.77433186565951
2.56243560658948 7.38179076525593 0.4867220481707
3.72245464186626 4.22118363177557 5.33249877642556
4.65140527310537 3.95469895174068 0.199057344115269
3.99880779637515 3.47616178396424 6.26546131041864
2.17168667334974 5.27845310783385 1.6361319672654
2.88218037983464 2.81065837051488 0.522927396886137
3.69169603119507 7.05059043975848 4.04063743896391
3.65675575282092 4.87485704235674 0.107040984910222
4.11542837101104 2.82344923737702 2.77849001195373
4.05525896740379 1.46894331429628 3.31244530371954
3.70271748032584 0.335412604241033 2.14426653227657
3.18437403577947 0.532383519334969 2.41480139991035
2.98124694377937 4.61695591523972 4.8043525404514
3.36214050329981 0.684541222380979 2.2815605316023
4.83143940886418 6.76795763200619 6.48888262240704
3.72093840891981 1.70485394171252 2.53026278498167
2.91627067249131 3.94750407474525 1.47647821256518
1.6697717122655 4.40121959030679 1.24311558976605
4.2557638379024 2.11625720728573 -0.127272751354693
3.48166333109466 0.273163010469715 2.34172860047392
4.78518692790687 1.62696955607163 1.49723857352143
4.54171544506292 3.25037297756835 6.1134222237357
4.28914770612878 3.6255263247771 5.08248527538893
2.18045583972893 3.47405881882699 0.506397447535765
2.95024670223387 2.67943887171291 1.08216697380487
3.81360749228284 3.62419599586384 4.87915511348782
2.35099076735128 2.41891530213482 3.01871374167858
3.33301874620867 0.543896762272278 2.89545590718036
1.2401276165296 5.64112241548114 2.26936575888627
4.59128683242983 4.9318637372212 5.62308024391012
1.51313062535394 0.290255365635714 1.23108818227598
3.17654041829514 3.2418017872443 0.424820431176943
1.6282353401373 0.626958661445569 2.87203825277357
3.70009600363226 5.78881348717262 1.66610462804682
3.63721603085408 4.13677526932302 5.21926866092713
1.10269189094757 2.61645032128652 2.74718512525203
3.51089803506111 1.82371964269232 1.78870438191067
1.44182185631886 5.95554903734635 0.873677892963857
2.94596664687458 7.47153685620893 3.59055734831916
1.44943091878119 0.291035340052613 3.04247310635547
3.61022077246069 4.02951340675015 5.52225989853767
1.74659688877713 7.34262149734185 5.39897052330064
2.82315814301141 6.18439135847642 0.250098128588064
4.65168974375607 4.32433867237472 0.48314487066451
4.53558032792498 2.86613279000881 4.19337271323987
4.24601795736253 3.79941450618827 3.87234898844649
5.88560727185354 6.8739353768034 -0.244303226928295
2.57092500066533 0.454447661799059 2.35208086064914
2.16611862093993 2.61836356912966 2.65326696309705
1.09330093454103 0.309822334480436 2.91770141709765
3.74754817436455 5.00982077549576 -0.680056781648116
2.47941551514049 3.52681619855338 0.35801680767982
3.18682893522126 1.61516796234118 3.63367031679136
2.37255802995202 1.90234255311914 3.06958060801023
3.44295996092157 2.93534303169811 0.679875581969982
3.54265468666785 5.02293125270166 0.389461374159461
3.8429886586228 0.870490686743203 2.95191644040948
4.64886254616565 4.62314887701849 1.73491509087316
2.77712152640032 7.03327856547112 0.30540936461334
4.0121188092306 3.44110868981022 5.3810456324398
3.58017864768118 7.3451385204127 3.5719176765846
3.87365129560019 6.61741662783541 6.3824137282713
1.11577452354806 5.30343695070339 3.60691954255664
4.11759512420732 4.77675864595923 0.265684901223189
3.1466773180831 2.72850140478652 -0.730650702748316
1.3061294342712 5.08365576226687 3.07936137202585
2.08800420021073 7.37040145359738 5.37364977264895
3.00474457027404 1.49652291609015 3.48589634261957
2.27895401990833 3.03514717054513 2.2074650640809
4.56065999265398 4.04617581686687 -0.143483147102513
4.39207744749175 3.38055995817575 5.5134242259496
3.22533953950595 4.48256119124554 5.4238894785219
4.16251537607761 2.73242322661515 2.12471074371954
5.48950683216167 2.84716288249795 4.11437392243775
2.82106622632306 5.47172820465618 4.31763759813476
3.21237628204046 0.00945540826225066 2.48319709271016
4.83344404022962 7.38589375291022 5.22402186874043
2.51124276401552 3.7758877643816 -0.719185076795468
2.12058148600851 0.905348888802155 2.2634454616772
2.7814612964275 2.35209122435052 2.23916143997069
4.85385873672622 1.02785847253422 4.03324852393277
2.7446016004285 3.52216245973419 1.03955082045784
0.946832044331802 5.74203252459134 3.52759492802985
1.15751866466406 6.46023603736923 0.27325459518233
4.46749381813395 1.40997613128706 2.57709680835038
0.982744430759312 6.67239473376428 1.62624853489892
3.17655973607804 4.25074802998697 4.74546143598514
3.73539429393133 2.23548040092158 0.609403701535868
3.63710792302005 5.13855267329294 0.588346538638008
2.53722847173303 4.75669123142665 2.07628168438402
4.85539543586668 7.19271742481573 6.13701297262916
3.25146813968281 6.82552022459205 5.36457911301545
3.962482104067 2.19791422990005 0.0331421480547104
3.96766702669168 5.17540135946318 0.57668319561392
2.69803199097907 4.27821864554545 2.34092991267138
3.95124741128659 2.76017477204495 0.286598009814126
3.49219315478389 3.7593802245976 6.12048536440592
3.61026973480692 1.82824311621789 2.56309139403361
4.47536684435853 3.9934891961534 0.318201992854776
2.29485309399183 0.202816351375233 1.59960323904547
2.99063531355303 1.23407235581284 4.27849847539097
3.53378731130326 7.27391334044423 5.52139175734387
3.42306241413804 1.90228692948112 2.2757692939042
5.26094668069096 5.1951808826655 -0.23851055098457
2.43954702070856 1.5721839686458 2.58557872702588
4.23568384656851 1.45328158930249 3.05669848497385
2.53930964026357 1.81656208563011 4.10605881889799
3.78037260070783 2.8373894752695 -0.337421180407729
3.19428232607265 2.63049625319166 0.81780338253048
4.45798151603447 1.43868593851043 3.52678353318637
1.75465792339243 0.076181166977614 2.06796938679432
3.42243219344006 2.69720910214297 -0.499198228132804
1.69340213325619 6.9075988514544 1.07436804952344
3.04625308251495 5.56207768763154 1.38841674383246
3.32856875718355 0.828178224220514 2.75671327444487
2.23683329018679 5.29039333952488 1.59623632645971
1.53502044110357 1.06089243215684 1.8510403689752
3.88217489342163 1.30684693444372 3.74462831304148
2.15582918705874 6.12890263343779 5.29823550538038
4.94960088797145 5.16208667838483 5.79170829047125
2.11237282082229 5.2252513741109 0.580679207306846
2.92510254778994 3.16570138548496 1.02069117386734
2.0809265934876 5.64791424619751 1.32074712598709
1.92507944709483 0.697927327119364 2.91545628766156
4.09151264807249 6.68151170085694 0.0611604927134793
1.68562759908811 4.74652651186805 1.4669291852272
1.89924566591088 7.15075350753215 6.05593590693222
3.08626829960785 1.32310592248038 3.47119292945054
2.11315080213685 3.66617175434068 0.768829239440242
1.91659421353542 5.58969339106489 0.671525814145035
3.8550962054605 7.08545384249949 -0.619302513914805
3.01670164512123 0.779228279060436 2.44156126925793
0.110807074726048 4.20222274623821 2.701520022683
4.0142608014234 5.26174834972888 0.193236842597564
1.61594892196622 1.48671473181361 2.8506570461224
0.880647086473103 3.84348250779539 2.96671562394814
4.11646909415592 2.46851515631384 0.393758476449282
3.72200001593404 2.30761925092266 0.67938633777349
2.07315032399418 1.40371582951577 2.30992935378288
3.54331607995864 3.96833542148883 5.36639256038026
3.44798622084231 3.95592912355612 4.93873212071987
3.79538327501244 3.62688272380174 6.27167371728901
1.98514592626164 3.47934832452229 2.87436487682536
3.08328320284315 1.56918298812006 4.12708998691109
3.98250353159018 3.34243766012119 5.1876903231555
2.08127648361967 4.70373968619401 -0.00450719841196945
3.0655463391673 4.03081968855461 2.29264741389509
1.91303810232628 0.0995149069426873 2.16640448112675
1.53151398758741 5.87276760540783 -0.147563627211983
4.03229527099258 0.295814070654126 2.03899444276582
5.06924257895916 0.28548651753311 2.58938317170233
3.36700154694314 1.21062151295596 3.50217039075628
3.59730288392321 6.63945044353152 5.60100647677487
3.89778229001926 5.4758650406792 2.2625219337567
2.41733331885026 5.93741448768919 5.10549065723927
2.54991193536747 3.60071055290458 0.824730366464219
3.07757228995887 6.56111023408672 1.01616497650189
3.6436993837495 3.36659454736916 3.4905581867922
2.20406854987688 0.435236338777277 2.42335775262812
2.24010281927922 3.04245659925541 3.15725588542411
5.26044076440585 1.50727166251432 1.14129069067223
2.88643020576561 1.65245936974888 3.36967886834096
4.52214519590766 0.439360824505061 1.61568904860758
3.2386657044359 5.67223586483092 -0.20560477505407
3.84450494959082 2.15557926844407 0.947221260365361
2.49094548640452 1.00226083604777 2.38439869261981
3.1721337187379 4.74612659195493 4.55506205303221
2.36438644499426 1.44945575290009 3.60336434236542
2.82096219791069 1.39491845431082 3.69266332526143
2.84140608648242 1.22470262143388 3.88178946136527
2.92687670295603 1.31972594430882 3.26100721278886
4.12397248220742 4.6274052619106 0.655167909997911
2.7770553016787 6.68534812456445 0.203641656973903
2.82381211793879 6.98326667727025 -0.450691124541466
2.55275742777375 4.50325893671233 1.63944884872933
3.2114277610129 0.0269732823590489 2.051371725243
1.55451452700166 4.15777656356116 2.51916773904404
3.76196883319568 3.51088427954367 4.80340763189376
3.36305973302439 0.98826616610829 4.04985503117544
1.39770439617079 3.801718907292 3.89389206340269
4.16137315461215 2.20193904251738 -0.42029827245213
2.76731293398697 7.33760910185652 -0.297526607778998
3.18582732082684 4.15840885446227 5.47182843448269
4.21806159934501 2.53804390833521 0.76568748502918
2.51195504258067 4.32620433912755 0.378598736545192
5.16488412786661 1.59284914514747 1.34554826150509
4.24925749294866 7.2442214377851 0.355196818291914
1.3352469206386 6.10581022376113 0.234680723633662
4.26307223978415 7.44674298826034 6.0317876550187
1.07887901426528 4.25693625677659 4.08773690814265
4.06189074381021 0.696959843296699 2.48850535278227
3.10142933473582 5.6405648617034 1.58169973990525
1.90004584314567 4.72329505385411 0.474106406924597
3.00142957294559 1.73165858267893 3.43361196199423
2.24071098589942 5.40379039782861 3.21681115733049
2.13539357600066 1.76507966025786 3.55862792606434
3.96224070002282 4.33166925934975 0.738538173947617
2.60809541899729 3.91789406031721 0.210355052221889
2.12381397705202 2.49590063548369 3.68591412818001
3.51566361020695 3.80515123348141 5.25577224988065
3.43971630863419 3.84177391642004 5.01555081791608
3.06248580584118 0.926997091635059 2.78396793395623
3.21180037594319 7.4621197326043 6.08665115408763
5.36407523059105 3.87812402139406 1.02691603904235
4.9527187926154 2.27015768820855 0.738073204282762
1.89246032525003 0.563716915687326 2.18233695135647
3.15738515847376 3.34528792879501 0.535422035855651
3.49387847173614 7.13958647645364 5.87551568461969
3.8993872412438 6.07324558699799 5.7642143515116
2.39561403837434 5.5202173462742 5.91885673489086
3.4014485349393 4.39574790494846 5.0011401589861
3.82473400104183 2.66977413660035 0.511801089723589
2.29021249971903 2.08924671810371 3.5514712137149
1.67523837716182 1.70947122980806 3.34907207343617
3.06670577838241 3.757254361537 0.939501847082046
3.35189408694801 1.16326850360262 3.31867609636767
4.00571191423738 7.11222242292996 0.0535379148171109
3.05173039818397 6.41423999035814 -0.157528706372814
2.97295214283467 6.84159172617552 0.239175275343888
2.4379249179913 6.82407886406449 2.65060935975686
2.97531455328802 6.65103324219728 0.177726226507949
2.51740923861824 1.47498373901956 3.39708655622648
2.64793532564758 1.01704141024352 2.60823567831121
4.58937018353095 3.10355607009314 4.82988727452466
3.11655602840641 4.1238294408782 3.77757521740173
2.35601783642355 2.54475132257517 2.95360946899481
4.31612755779354 5.92024272975211 5.81036568593744
3.12076691053303 0.390718620498217 2.789359392867
3.11532164726376 5.64049945948982 0.904772335036693
2.03378774128913 5.16707977485623 1.14884267905243
2.57692259926991 1.20276668657604 3.44040170171325
4.85682052242994 6.30362067987868 -0.109325089227141
2.5285589873559 2.63155737916345 3.17150775464028
1.71136282017122 3.11723092316858 3.58589363698931
2.38662366719931 4.89202111824357 2.2070677518259
4.12533857847751 0.273131229708247 2.30241960437287
4.2553884745943 3.10038049316245 5.69615141675506
4.29934798381198 7.04930666422451 -0.660243979873163
5.33613512164797 3.62671332519224 -0.302512800022807
2.49533838060322 7.49532828270025 -0.349956059117032
2.82285107688292 3.60318733758781 -0.621082168790921
1.39085011857649 3.21146387551397 3.75754832349213
2.26709209881269 1.66448733275853 4.03294381985374
2.30081909814769 7.03367277684827 3.14586469482244
3.82183767878751 1.67022423474271 4.16712749880489
3.35741107220965 2.04915873479563 2.56875407220069
3.33282656610263 1.10337305688437 2.97627243529126
1.98847800128955 0.88185938519082 2.49421250685848
2.37482291781414 3.66142209554496 0.255339099905618
2.40117725768588 4.11425278442374 0.47065591916966
4.50974592983554 2.89158306245435 5.37986437531536
2.33744673038216 0.867170670248158 2.40448384463392
4.10408953616307 1.05790441740132 3.57743648810967
2.38968243206658 3.18792686770713 1.93836285401745
3.27258227686764 5.63995212324504 -0.515195826908816
2.16045272155351 2.93169354424202 2.32773088904137
1.56170963451198 2.20277282275826 3.20742694631164
2.89726411215896 5.97262435380255 1.11882462365436
2.18729516534303 0.314853818140425 2.48965678678222
4.17701935200835 0.227621572400963 2.79579371630151
3.56261865177853 1.29560285565813 3.7388037263037
2.56139972438904 3.86527391039226 0.888805888419397
3.25132142215397 1.31674656740236 4.04303782611198
2.8293454947018 1.71681279265383 3.66627783693769
3.55554101179231 3.40128884325441 3.04508036331205
0.991120865319628 0.664719375493625 1.2824253724295
0.586054087293086 1.04909937110679 1.44127518471643
2.65327970819464 1.8673712207584 3.64487307025037
2.46729611188849 6.92763396355367 1.05127143989069
1.79652462686828 7.22459533270368 4.79604938918379
2.19584110226617 3.03374326494753 2.74809093702922
2.10683614687152 4.65375362250218 0.241848591039996
1.45214262433196 5.41642254003108 1.63797143104809
3.37519117944704 4.6382144240687 5.58681020923803
2.13060839964191 3.0003066195863 2.3056012683376
3.15986622574527 0.711912351259349 2.74037726275472
3.20641246786807 3.60465756391627 1.82177861284529
3.82842706777269 2.63115197717041 0.337990691546118
2.02630628232784 0.792347907024922 1.89173322409247
2.91767025224728 5.3786290506249 4.9939965095957
2.1320843661151 6.51391669462258 5.84868449105019
4.22319134139478 6.78893694430032 0.146751566552493
3.56564995898556 3.40800366688924 3.40296051443389
4.16173351618245 3.90257614188714 4.74374475592894
3.95491980517348 1.65100499227248 3.43477723767157
2.65880084086411 5.81323597101808 4.98846910933489
2.0121331213514 5.97583361474436 2.12967032395895
4.12676245879325 6.14512915355479 6.17304340542725
1.68979878371962 3.97409764928543 2.07973827184385
2.7928078344564 1.60545843786956 4.73694939680756
3.79510981621292 0.6085377889456 2.55124877340028
2.19986711311965 3.71102068173856 -0.0730218932370237
1.17191576224345 0.123296080382381 2.39705847423322
1.8731955643725 4.85139675420787 -0.0148184272820408
3.44478504789985 4.34187267264904 6.10402426554884
1.50378031644037 5.42103338812125 0.284599413510041
2.48103751649058 6.13253493247135 5.52672484352242
3.37218337088385 7.12798565110392 5.72544472250168
3.05707445156975 6.13651611594819 -0.364927891776834
2.70856468226107 2.63021604702104 1.78112923627209
4.37861949423245 1.35689591052516 3.35626799553442
3.44411466781797 1.64721833231425 3.32474853014604
2.45221614296599 3.7516569089042 0.216729833661721
3.1980949669917 1.69153004181453 4.42564949073915
3.73315224931888 3.0571395412949 1.50041144782942
4.02132173502901 0.698983510116402 2.05731690878892
4.02638259277343 7.46921804762955 -1.56526986524648
2.43830191202239 5.36945806210044 5.03454977884588
2.35110763823543 4.04578141551954 0.796579738790484
4.393690772408 0.749283900952221 3.73030055799338
3.26978910399853 4.51469038898758 5.64299508902467
2.72895220335433 5.78128953532442 4.987582899361
1.52496881996571 6.87123970775702 0.366517518115201
4.35253507039693 5.87346826970407 4.6402204578397
3.4192206681654 2.00609849079795 1.81869201353006
2.71957805136192 4.74459538997555 4.9482019848184
3.67721733288749 2.67841637263082 0.602487643011932
3.41460397655274 1.78208611568515 2.25340448215786
4.6457838095882 5.83513992681295 -0.0883829946932176
3.45408097342385 2.22213797899494 0.471919133924124
2.13989909056918 1.65176023571524 3.68811887887686
3.99538059598912 6.54221500079901 4.2591680615771
2.9090098779171 2.16343413690327 2.31884653566718
2.32434445413404 5.99117301854813 5.52950370130992
1.88034926806611 4.35600132443161 0.808504514702259
3.65440924019595 6.23003036013856 5.67033787741429
2.86449231098973 5.95269592798182 1.03301643698818
3.89600053559209 6.8712498863958 0.65628342335205
3.64926830038573 1.35941122582462 3.57110549276307
2.02929428135465 1.93871631112938 3.27455721467984
2.64280248951337 3.76285508610673 0.950589637377962
2.46042383676918 2.85410643622718 3.13571759548325
2.19583113621339 5.57901200314897 2.49183227890136
4.14331453226563 3.09065781708214 4.3261210002003
2.79109799451886 4.31830830559318 3.36578371868685
3.80831188393228 5.34402538334811 0.598518566480078
3.01710433535395 7.15926767024189 1.28467559031779
4.73291140821116 2.12447238920812 1.10555691233028
3.50653170838374 2.72785844560018 0.190412317455515
2.03245078644372 3.94316928767521 0.979001341444806
2.35515348355701 3.25461262848086 0.98923655702182
1.47851140686863 7.11576636451303 0.592053325406444
3.54530703929887 4.47043138150063 5.45461069351385
3.16096281229295 3.54457046423797 -0.0166873208879212
2.76045432451219 2.46630869769124 2.98462605441464
4.14680122457983 4.16124791300209 0.686687637320039
4.572127474088 5.2641793352152 6.46905858115356
2.26260083048181 0.621751905899896 2.02165882388308
1.91913773333343 5.39687052938703 0.272934909500597
4.49983894892583 6.40466368451037 -0.333905849785535
4.36934478651763 1.05685837960833 4.53215952303387
4.2101356323108 3.51653072898011 6.28104893361847
2.96488357333795 2.90156621030227 0.601079928567462
2.79965046094996 6.69736769392918 -0.0656819917233906
2.63122701014329 1.06699199188237 1.61715967651894
3.09962267100088 4.00316490957683 2.88849562842903
3.94184598782505 1.62996047628076 2.43408683962609
2.11510527927182 4.88818018018563 0.274553060594673
4.80371800718641 4.03570996600566 0.107480498561203
1.06473427557195 3.37258518921493 3.91901870461447
3.13614936522285 7.2008928538373 5.39619599180841
2.76402709981458 5.70819011656664 5.34594536404367
3.46102218291059 3.44878043898357 2.65779108860121
3.44085958275455 3.4856686793973 2.74156457482275
3.43837085618795 3.6746559080695 3.48731610213835
4.4515069136349 6.26476344203957 0.709483365745202
2.51599974364455 0.528658742215884 2.64454154787033
4.02648160903442 3.90801574342943 5.68534002308962
1.70482138262048 5.68181272270384 0.299220838188648
1.50587039298319 7.47122944149716 0.830026162665332
3.54444021198754 4.58943356437393 4.18890957912736
4.19351327144829 5.90876645915271 5.78814546464444
2.92699558190403 4.20496583506999 3.91277374437054
2.80569122792836 7.32808616516078 0.0973153308083097
1.84098497045989 3.20635830425778 4.10554736939182
3.21487111997513 3.53572797215046 1.45348448922214
3.7059908885596 7.07611417965053 3.29934669487338
3.91997601411876 1.36761743382002 3.96020076188876
3.53209313859337 1.67799356623115 3.99183963266368
2.30885561161319 2.29973801515221 3.62405895468738
2.39067516947418 2.42093863169716 3.59432594775652
2.40206904752623 7.13920045113004 0.844082616255136
2.67275336110337 5.19169552155428 5.6008886000467
3.30958598275369 1.2320316248643 3.52714416563426
2.82033004830271 4.75117221528386 4.97060646824549
2.31826139816617 2.93224776748072 2.53149254867938
4.48746740459348 0.230675676574791 2.85667416734752
3.5361777316138 0.601885980919642 2.59731719786482
3.11578468534034 0.943013824610111 3.0492535571659
3.46759824940637 3.31823152920616 1.14901349454603
4.43335418849963 7.0051982796769 0.305234010644353
2.92383688118283 5.76733322233434 2.47587046985373
4.38784863510841 3.40779457195859 6.05250617253153
3.19180858334243 2.49527664186683 0.137212326720282
2.12513007677211 4.96739446696331 0.133324143025742
0.381119948085519 5.70115341718501 3.29128821038699
2.46329060332307 0.344420151148219 2.15508582330888
3.88424266959687 5.20183412097629 0.938204509176936
3.23958014249032 6.0623674819902 0.26926706243502
4.29197887172753 3.58336506210762 5.67284360330031
4.44765211197954 2.28650920679633 1.13876443913253
2.32968497721558 3.92773161866808 -0.0185320170127317
2.60928084735256 6.85001435477136 -0.156633038862169
1.81147965906414 1.40271231277071 2.17828341467271
3.69767229089897 0.842453360388531 2.94548100635873
2.74787332256859 5.15775034864591 4.79858047057438
2.87037551838738 6.03560159937563 0.252505495200464
4.27078632912254 1.8635653305199 0.938367016823953
2.77661436456758 3.08287109827819 1.3488295887891
2.43842871738065 2.78955744763941 1.88181244206054
0.902246984252753 2.74734506946433 3.92969906177058
2.44350424788113 3.36993451563363 0.567501137610784
2.69680665589277 7.10078554787746 -0.229420813225122
3.1230995442803 0.328549030085644 1.93771196349175
3.06426600117142 4.90368202526904 4.65503509348906
0.66440643446903 2.86216048324944 2.09027924487659
3.43611027975007 4.98453238886211 1.76321170572655
5.21946312735249 3.38396055014392 1.37583547863294
4.69518188103527 4.5874669830504 1.88750961879118
3.76688372577375 1.80094742204268 1.79047171261506
3.46744252693381 4.28748117437004 6.10119620546572
3.86143577790554 7.43060700728703 -0.0974447848429568
3.61023216199388 2.28950805820913 0.20488916904675
2.32759600319716 6.2562142319946 5.51415863206229
1.62087682964638 0.709826364579003 1.76608034776195
4.22478727574258 2.64356454722969 0.695553827950072
1.85759613441894 1.26064612926644 3.21973150919056
2.86560717398416 2.13172176547673 3.49269925475497
4.58535107388936 5.32823961464137 4.6705108682441
1.61659233705524 7.22782014155622 1.61225273635813
1.35067658582645 6.84197414775247 1.35660401516942
3.85068449125717 5.52827977369478 0.827779347803865
4.01349955376782 2.00129283486199 1.55681197888491
2.87970850736417 1.06052940444595 2.15307180161377
1.74328272678268 3.94992249940596 2.16035655698553
4.16559621849955 0.67026185740337 2.92716771531657
3.80025154083565 5.6518965409254 1.55011174349779
3.70004661025903 0.602206099253698 2.41880512247097
3.56980005116878 5.42934420097537 0.18443823253011
3.88216121329503 5.07438118283148 -0.404773151180445
3.01985833279267 0.23695206631221 1.91269680324077
3.58315174350299 1.0583655112799 3.37816167972225
2.47725284221075 6.83220953852955 0.954060112032307
1.72653407087537 0.376389226780294 2.30077119432699
0.963368060394539 1.12146413743171 1.76804783504266
3.62273087280005 3.08795939990467 0.733215268174192
2.7591924540239 1.19770820358244 2.71042372523771
3.25664762341897 7.44601726843766 5.95981390557431
3.19181343265143 6.19419109381587 0.635299510594855
1.76713145570647 1.83078732717321 3.27968821531294
2.78222360567851 6.09801526727464 2.04233168243252
3.72094266145928 1.8146495268489 1.63262589721376
4.53865575867457 5.29267324286022 5.59072961405538
3.22100230842957 1.09893841911711 2.39279897795328
5.38649388255227 5.88054239695342 4.09534809286336
3.75300990455221 0.712330869922427 2.23726191842993
2.57806427387083 1.64073241001047 3.91250335341881
3.09742983443156 5.11493484117196 5.12854580312603
3.02277819403458 0.258011950916908 2.06212463622956
3.39073425096428 4.99942103663876 1.30788997876343
3.59470711841771 2.48984848257813 1.2556409535105
3.87713569951232 0.793862199502417 2.40562149620133
2.04965007205158 4.73476206971898 0.0596873146887421
0.711401675307384 5.54431947380657 3.42797273473554
3.90111553284615 3.34604788763222 4.03239488878462
1.6588829832296 6.25328633755787 0.44817343171841
3.6771881076885 4.80045480355035 -0.0156329861731341
3.43898246207935 3.16996601532447 0.167393604822446
2.24468800474891 3.28113440171115 1.10766228607815
2.19084549414182 6.68231664589467 5.52285750213384
3.53018849441612 1.92810070443769 2.30953216149642
4.13901990415399 3.24886408981189 5.56960802135615
4.77253975529063 0.853273333349861 4.31698719598928
2.63085750573607 3.08340784777804 0.837875343738574
1.79805182534034 6.1986828675878 0.940975108742098
3.48161061700891 6.97995600006299 5.9102173237639
2.22621030663434 2.9739251746588 1.7482161113883
3.0958608178423 1.66879852837425 4.71754286096053
3.29350217549402 1.90948150099726 3.53280019702499
4.5871780033497 4.34289704534457 -0.941165481872082
1.32375708635523 4.54544015347014 3.77359341699182
3.68341223074447 6.88210300587832 5.88542746202829
1.60401363241929 3.37091065081595 3.15176130330337
3.80409232962725 4.9786071559317 0.686880205143541
3.13697426326182 2.84812981897497 0.352729668381768
3.50004273494294 0.875073599642743 3.30771542994176
3.10960724321979 2.18777447043474 3.38850963345991
2.62417805991661 0.540268135111436 1.97403462268285
3.66690020821017 0.964726539440058 3.18515551145258
4.17636857424164 5.4583093466518 5.54469146127868
1.78332262888669 3.48204418715155 3.15498935546998
3.52781929458052 4.69945370872486 3.68453968416545
3.43654922886936 3.29003976933701 1.25922766721331
2.1353691666455 5.89763262973851 3.29547793074421
2.68120820651886 0.20999939584631 1.62010707643821
3.83968933063985 2.82522538903575 0.869829361978634
3.66166248446651 0.647103443022958 2.22043136393998
2.71579028323542 0.536132764002979 2.54379009644461
3.32225029171098 4.24144557161172 5.72901900711476
3.61440256029793 4.05379684697104 3.88052970323742
2.39384247678454 5.09981315401721 2.67933962552031
3.28687739371217 2.42003090091202 1.8521055687292
3.42169720835661 5.78673237221699 -0.141410892637997
2.97888412416206 5.58750087847548 1.8399898990925
4.09294442815016 4.48106423576957 0.338271274954603
3.54732611529815 6.7865158935945 5.11348683393827
0.672020377901171 5.93480355770694 3.20531406294689
3.8975775386705 0.0342158992490411 2.45690824116323
2.22671534728586 2.41993536150575 4.07141774367342
2.62925820913501 4.88959616251633 4.44005201943193
2.65884603401493 3.83191478232593 0.798013643383099
2.78121363443714 0.992194535830261 3.1232693060509
3.73561896386077 5.22478836839155 0.279008101026883
0.988960786867971 2.66786441546966 2.39252343940726
3.52906630902499 3.02209575366983 1.11191237490313
2.30414248751179 6.98737705222145 4.50483557923732
1.76216603602805 2.94027358821655 3.09304945949153
2.26119153489634 0.297641808252307 2.37856082645891
1.52358322079661 6.27422757998677 0.109828752840203
2.68887843180962 4.0872997284376 0.854519298587863
3.42954116464893 3.1943378566609 0.801120962929787
2.29809480255778 5.05509107840135 2.00666200365912
4.05613223757553 6.90459244615613 -0.0278325677427198
5.2390752607764 2.53659735776479 5.35632785874973
2.72313271562432 0.932084134921879 2.83898177971513
2.29145683814895 1.84566213880233 2.47976035606935
4.01657728347057 7.15134453796945 -0.277088706437658
2.30940497558058 1.53542644747635 3.12759885035413
2.30387881083218 5.70640586218347 5.33931989980893
2.74272785314261 5.28304203157571 5.73660794590631
0.0698740014550085 1.99029453559803 1.74665661235001
5.13676153356896 6.22693254241235 5.4519477064297
3.06777114599483 4.03407196750596 3.0390843507459
1.43107997015621 4.68960482399987 1.65309851766572
2.01583631295659 1.5013251922724 2.96494767809577
3.3928700856704 5.37452969036802 -0.311304018285295
2.08211408261913 5.16979284161406 0.191987283173058
1.10228728601302 1.82092885662293 2.53421099197916
1.20620461291636 6.46296063112471 0.128428889028863
4.8322632643411 6.92600090131838 5.93787719441589
2.25476156718953 0.0578230367880845 1.21714452959811
3.3342264565178 1.74527538741987 2.383288165061
3.20284474829993 6.10437865466694 -0.413996807318527
4.89969388591044 0.6879737023313 3.16251847779946
1.8680985148259 0.948515300337691 2.55213845571731
4.70110578182765 4.74386451291941 4.67057158223227
2.75089161039748 3.21307306120754 0.101212003774587
2.2140252186348 4.00706385437624 -0.313115926679445
3.42544843956515 5.68553673152686 -0.0692524028801693
2.00035761538514 1.85884513947734 3.68791091217947
6.30063685592505 3.23979795328 -0.503461407483785
3.76281325401007 7.429895811801 -0.663575223740494
2.09498849428355 3.02117793767168 2.26945048936749
1.30793848447834 3.86715698086137 3.94347035055054
3.41078201971393 6.48465965873259 4.1500600794017
3.30646368362133 6.65623601109274 3.30599738230156
1.57631515878741 3.05913896753538 3.45724521161879
3.23407846244346 1.80800128645664 3.48939687328129
2.4174937331074 6.08973282301298 5.29454055753033
2.81588801869991 1.33903387375558 2.82036745435438
3.72843693216497 4.41233115212719 3.53547626005863
2.86609138567485 6.72120345779811 -0.249900829652484
4.40040420490126 7.0877805267825 0.947793569594278
2.66982976391986 3.25199439146255 0.0780310857086225
1.77907784668148 3.41781408621564 2.79853345324415
5.57786043432383 6.17594755986365 6.45995802844818
1.36588193715815 2.33075547360366 3.30165987622317
1.40381504142118 4.77404046861988 3.19102152534248
3.45975182708637 4.84106771941116 2.64160950089146
3.24887105392005 3.37600745770473 0.00642457278804376
4.95554893877156 5.51913357939045 -0.10402764719082
2.79346707642219 7.18687789485566 0.698429241969126
1.41463563367173 1.03244070657709 0.940058228245366
3.54911545478451 5.01107820989977 -0.32468414628299
3.75214147073402 2.96166080919769 1.7688921195232
2.53901032039927 7.30772023125567 0.462866628224236
5.03069603103783 3.18482524925575 3.33102393332431
3.77738706764829 5.26184156111998 0.337673980882895
2.21685704074508 6.70164924658949 4.71192019695453
2.92994496756991 0.600465656374706 1.27031435400744
2.74491268138602 6.23210191895204 0.964661285600377
2.33491665503027 7.19211399616195 2.42547808886675
3.63566233456532 0.105045660545718 2.09199626364434
2.80726573125653 2.5383595130989 2.29811893847904
2.03618831384058 2.6609890962361 3.86502415128207
3.26416347130942 7.4514393539147 5.48417840169397
2.46889748457627 7.11228895756628 1.00022348057223
3.80479696160733 4.45266914986182 1.74909664115518
4.5983475978968 3.88852849310698 1.0987573106985
3.02482601118718 6.44217515485892 -0.586282200382901
1.82257266605972 4.79270315632739 0.982319961528316
3.55437661370196 1.07171543299297 3.46677755607576
4.28363595889261 0.0299785247986613 1.51408100602522
4.78693120771597 0.460467545507122 2.94009443316376
4.63781338214348 5.88086452917003 0.860112849480456
2.01450677281525 2.98122526159366 3.46401001302002
2.68745492385119 4.72281241660395 4.22795779424697
3.80208249504377 3.88657705755611 5.54413180140731
4.01495432743042 6.76028031014916 0.0819383500736688
3.99082747026697 4.460866254749 0.551550342936789
3.4174983152258 0.0382055621847215 2.0235528027057
1.81601504960362 0.651928597753163 2.65472461473346
0.238266538971684 3.9362780989639 1.82828791456119
5.07807250505075 3.13528388513347 4.44803734285029
4.45488512805713 7.07704631917689 4.57184236838432
3.39541706089055 6.09186473123891 -0.0845808340881963
3.08781261624507 1.8079122993069 3.33692760495086
2.93110109830649 7.04494493883502 0.565942843666533
2.23429195673597 3.41997775591782 2.160372450304
1.23782554599076 6.15624717622615 2.06898397470069
2.9552707818594 7.14328060235421 0.635011555970733
1.00268214985297 2.55398503173989 2.35386734707422
3.64567529114344 6.63345656951497 6.16710512872157
1.18953362320432 1.750412403635 2.50805338250813
2.82678240869235 4.54193522256086 4.58787865854855
1.96420729137839 6.47250759077115 4.03492878677457
3.4523631233055 5.71428641076651 0.531183464231925
3.76069602769889 1.47969636841125 4.19470705137728
1.56979070343178 4.36503548242354 1.24842768400272
3.23796163226555 2.39084219807791 1.59224961696558
1.74795475875541 2.0519578000455 4.3828370970972
2.5133487710536 4.4151439911189 0.615406353874105
3.38975715251155 2.15185437752449 1.844261484571
3.53920051828376 4.4590526371383 5.29931895445428
1.86131862372654 2.9386471962208 3.85830224643738
1.97238764576528 0.543537948357145 1.38786717494074
4.16669822650889 0.832088803392283 3.44706077837317
3.34175280073587 1.09251189593627 4.78845907811013
4.2784598680012 4.19790524550093 0.251178679502182
2.02220650714678 3.33432249630317 2.71309084077322
4.4009522727281 1.96834442815973 1.1644344210977
2.7246260347675 0.592029625274454 2.55282783937503
1.68156429422264 4.63104027630028 1.48389877055809
1.5520451001936 0.717013966440126 1.92936575123481
4.04292660362317 5.80354384152048 5.58557055160307
3.06142216417757 7.4583664812205 6.23877434918707
3.51261179264194 4.00611731765596 5.45740706264912
1.47172909847745 5.70761656016229 0.495324326392807
3.33913051495424 3.27547314259692 0.57432805013609
2.4840816125551 0.21971463445742 1.54632644749943
2.63330844709184 5.62403372015091 5.6363620467468
2.72501988426968 1.65469126085418 4.5943523418029
3.79714294316786 6.70224959484515 4.72845629594696
2.51995732510406 7.23309440073206 0.0604122069304003
1.83910413510769 0.0781735132205181 1.92522525682472
3.37037482249622 4.81218366422693 3.83843287938757
2.70128401660512 3.6254479285381 0.224941630306483
2.90958836839728 6.02857078045965 0.557924482019772
1.97447836215969 0.330926761746954 3.12430125188771
4.19855269118581 7.18894461684188 0.274528554043168
0.940377416462655 3.67814177965749 2.41990933095488
3.8924912959423 7.37151604720191 -0.0245981775319694
3.99115051744958 3.43417218812475 6.06474814654643
3.36426744834603 2.8205929755774 -0.012763989717516
2.65296075790885 4.72669827710715 4.37031757847191
1.03912802715026 5.36554345082596 3.48471344248939
2.14239891470069 4.69410215858014 -0.370832226529259
2.59357917025199 3.85795502690207 -0.0528013539807671
3.04706309470221 1.34710970048241 2.91690301024157
4.26839321224257 3.5936283550532 5.33703762865664
1.30329699818871 5.17607851265012 2.67518605604192
3.28605583150237 2.7170886510223 0.469244611208255
1.44722722104646 4.83810601559779 2.41884956508266
4.43153841236668 6.98074917060676 0.797363951890098
2.7397733581826 3.20714999866248 0.572597864505343
3.49697219120159 0.915497542306936 3.18669667074906
2.44981913594088 2.08882795896255 4.09068161552104
2.44343514391653 3.20993340336773 2.03514562758198
3.63470226392462 4.45459488082959 3.71558790289554
2.86311259328579 2.561271129044 1.79429099706329
3.06779759097831 1.21463719179865 2.87548039367123
3.34967823948718 2.49257838962883 0.404534427912507
2.24942743906241 2.66124040922922 4.14171976359524
2.12659870788027 4.58938626830218 0.571906566199349
3.12992225749385 5.2616972927576 2.81448453360235
4.17123236985751 6.96204060258139 0.121487465013578
3.76970263430241 7.01204654756214 1.64370487090033
1.22286676908317 4.42991238409986 3.17635349226581
1.45269749603575 3.21032517172194 3.10979777927503
4.64192197121142 6.68000656051614 0.0370427485744186
4.14497366120032 0.563780502682688 2.15295503863172
3.76709267548895 0.356164266308054 1.71542198483561
4.58674000130088 6.91174578852605 5.0903985244118
2.20918445286121 1.69147013455527 3.56404581150127
3.96218029503478 2.36653011209274 -0.228065608386018
3.04709701389235 2.99211730705095 1.65373435836664
3.23363351172287 0.823792418133033 2.37302542456461
2.20146448488959 6.85795211455181 5.58476101241025
5.97917438340394 7.28418206996587 6.01939665603639
2.06039384381392 3.5597804059673 1.91315684871774
2.97162269503761 3.87991026221881 1.05298120811323
2.77492606272596 5.49337087064044 4.63610680981492
2.73306953369861 6.19928531794626 2.03738481235222
3.34771857454681 4.13585488117187 5.1820516179115
1.76824085887741 4.44892569265932 0.75220061283717
2.09123575751694 0.556948243346806 2.70813068133178
3.53230988726482 4.17668798788478 5.41958477816608
2.74646373311696 2.5837702544006 2.16701480891685
3.73601520096954 5.34239713635389 0.352375167224932
3.27373294980394 6.23610576187121 -0.6287764508089
1.32561455160266 3.25011811957691 4.51447994381506
3.93343464393717 0.109987439386154 1.82422196474033
4.52422962035579 4.88498058525555 4.54773421021342
2.01889364960512 2.89410249125911 3.32279662251523
3.55992638346405 2.66879728732877 0.791544971160642
3.77237380178321 2.82948581440409 -0.396416385159382
3.17594897505271 3.89734353881891 3.06464892929101
3.7050891253693 2.28794634232139 1.52259000388932
4.11528208963898 2.38524567411108 0.952009101877219
3.60060550931589 3.13033987404864 1.04608230813372
1.09527565651621 6.23771117981869 2.22075283307589
2.85326787343355 2.82657127423807 0.179594375008206
3.2127209054116 1.43961763996388 4.4249185021355
2.12730123283153 5.74800853202404 3.64605737883835
2.57621982918449 7.05932146095845 0.506154438002797
2.74264906501979 4.8256987477753 5.10080262551737
3.5267228903998 5.97724084584788 0.510622317513424
3.22611409633157 6.22237897422911 0.803800752828586
3.61661734680387 2.49777441738121 0.831155190137768
4.17137549084611 5.60192195699985 5.88277046534204
1.98539204715348 1.48437393760688 3.73362341101399
4.1625400313827 1.70868317625033 2.32681109507981
2.34091467870984 5.31568521451646 4.08094789557654
3.53945682035952 4.11368638200429 5.17164871880355
3.56651981924669 6.09265632759058 2.06441464121134
3.35646506162896 2.86553702450112 0.562128459044089
1.44018808528797 7.44467154121026 -0.490372658625307
2.28763997693816 2.78413400793559 2.42387695176752
3.56623710357473 6.81418983057956 5.96733225358744
1.97791849088113 3.66720525666985 2.07619142651851
3.01256429475036 6.90943560946407 0.657537859258047
4.70526582941447 6.81598717613117 5.95083642422456
3.77876225201795 2.49969493386719 1.31589665813924
2.13675804550333 6.3312410493376 5.66129455717373
4.78472932152294 4.94440486988828 5.38657697881211
2.54908336580961 4.67720129948998 2.36979424368062
3.43801229419141 2.89402810999551 0.771159248109509
2.70797378643398 7.36226942793553 -0.463395291130855
3.55097551194235 4.71118488504856 1.24791420352459
3.66248244376692 6.82551842115667 6.41527938859761
3.36928251919514 0.214652617065964 2.30746119014423
0.890159468075027 0.341197582997144 2.31200702097964
3.07827480824062 4.70307374588749 5.65112094802169
3.59516836054717 3.83664675835872 5.38563717086822
2.00401465946911 0.834196235842902 1.51745989501262
2.25010918229066 6.44349803348884 5.0220310422567
3.1111716465496 0.17780175146743 2.56553971937839
3.41610504423374 2.89763638550759 0.309261916645145
4.62713037329564 3.5149739602665 3.28663868171825
1.39438113300727 0.0723712161575527 1.26542110621375
2.79888779708059 3.03339996483134 1.13808905458248
4.77792880947741 0.0501882964333271 2.63394626863819
5.13608587227122 0.752112733028603 2.85542725949855
3.69369371060252 6.81701188003543 6.2579170401024
2.68607168231798 0.0347546704123989 2.96376858113233
1.51933301295324 5.1724571180702 1.17982411664134
3.08860829835959 6.73475120016978 0.502863208336168
4.86186390207482 6.89404094017216 5.69422129215787
2.37316967017904 4.50021094435606 0.253723965459711
3.26247386760157 7.23869555402564 6.01352145803862
4.52353365846724 2.60740774180208 2.02169225794236
2.13240769974456 2.20564392513862 4.14275812043607
4.16598917888686 5.01824004175475 -0.0606110215486473
2.8590969677791 4.47300036177927 4.52410526891085
2.4361183934963 7.33112976209373 0.203152270453774
4.01181664462185 4.92376072829065 0.527899489600023
1.76983570836728 3.33857411568904 3.70495773779897
3.78109975241347 2.95122005195567 0.729546363787217
2.88881455939243 0.963364823279899 2.70430077214362
3.14995294675514 4.36344345698915 5.06427512705177
1.96714894520162 2.08554337729616 3.52440611071112
2.56899781721781 2.37828015708055 3.82480116284445
2.07095542602144 5.5790776004438 1.66228441048606
2.16702786730184 2.37719095607817 3.8266327822891
1.63480932930792 0.39909575627697 1.97434377689131
2.5368991549249 6.71635909036587 1.17717524868736
2.27024070291865 3.36831262016768 0.35482422152723
3.0123920841765 3.28958476079192 0.51902978599114
1.5783402768608 0.00948514196434402 1.65178735869889
4.25026367214831 7.21559022343279 0.0541103786025823
4.01700759656133 3.30037208990724 4.82861511207463
3.42828374867008 5.51307844770896 0.0508186482560162
3.54948435889266 3.0492453784803 0.709107327888293
5.26018515935159 2.97390912373227 5.55891074588553
2.036410072332 4.68025029651589 0.546647973230169
2.84720482389638 1.67644878363969 3.50831380555836
3.12858280119354 6.07630119589164 0.32840353767507
4.05981753018543 6.05980000052098 6.28321055065498
2.82952976809359 0.295449655416016 1.83550744905262
2.52016625682165 3.31789437575285 1.03545629900306
3.29179906619942 6.65986953818971 3.94364805763632
1.81192616278481 1.7752591995945 2.65712267182062
4.88306175521256 1.77238526992977 1.31978973553437
1.86347963775274 1.11332244123448 2.34279941743225
4.63573510565906 6.93242276127823 5.9390536454836
4.13152154315163 7.27059134164036 0.269461851357031
3.08469441288795 1.07906212902212 3.28518742271467
3.54820163099242 2.23338186117152 1.02382732678266
2.31746511058088 4.97544864136111 2.19065821285591
4.78500391590125 0.319755662071213 2.85563012082252
2.30801899479585 2.65228987962589 3.2764849147716
0.379255233805333 4.42523439080842 2.2944176791389
4.75013519999502 5.33588114144654 5.86433049389472
3.31177883496864 1.52619165269755 3.42702921561195
2.21067721043421 5.44162164541168 2.82288716424967
1.80398502417675 4.87541410127396 0.223136555541173
1.4520174433915 0.683048052458491 2.05539056863365
0.772351343087118 5.7470246741569 4.1711871603778
3.46131564410375 6.77537683248001 5.87065318166485
3.65669739247486 6.43471847595876 4.89754783963791
3.7518264647517 7.2542681039069 -0.455436348416796
2.39362735288424 0.320521861364539 2.69476910726802
1.75379058076255 3.28939522223326 3.80461995198372
3.15478165736038 3.93683439159567 3.4360792279033
1.61382698309359 2.0751720491054 3.26601523153503
3.21425406448877 3.33953847395717 0.548227188660545
2.88203440851867 3.94597476956932 1.60008172153926
1.7353193362495 4.81169658921352 0.53779217904314
2.179827052792 3.06976412499856 1.92805085976548
4.70569187826301 0.111312091433452 1.83106622460251
1.51179675579435 7.02780425486166 0.4820007763979
3.59647334399348 5.85035941731609 1.48255190488
3.82571203700418 5.74683666913815 3.8964479794023
2.87737897582587 5.22779508969337 4.61617362779953
3.06103261921998 4.60526331750404 5.29524795920982
4.07687027604585 5.05710141100343 -0.21230622191279
2.50323331786125 0.288039290078689 2.61013871246316
0.583323028796048 3.4527350909825 2.93425028885415
3.13072663218466 7.22273074544489 6.14535491751697
1.47615809347438 1.7041518268177 3.27376144104233
3.54404771300697 2.5190422271721 0.871746170229918
4.29824689678191 4.49627404731758 0.381598913305119
2.11325948181116 4.80818722232331 0.384439259938617
1.8772203709917 3.14829662438755 3.46917993693621
2.27476477218025 6.74997071392981 5.55408343436785
2.21046272445487 5.21488678233483 1.76778439484886
2.75311070540276 5.93461463901415 3.2421625820704
3.18929412817794 4.90509495338507 4.90488208342852
2.47687187474355 0.88668746158585 2.98135228023026
2.33330734133107 1.9278254774828 3.50884716385972
3.67428650542937 0.737774535648068 3.64293060705803
3.01019279032366 4.36076424764787 5.17097974870531
4.3315138936661 0.693528011188184 2.58665294326586
2.58034625182081 4.1627916978961 0.171440696183815
3.37726716594153 2.43062195317741 0.0952307026171969
2.10556201964451 4.21968547869669 1.14945789396677
2.80981083644644 3.05886537486322 -0.291921685697536
2.94224423943693 4.79115399939207 5.66950910338778
3.51228287618428 1.98174710203658 1.84375874084782
3.5069991547843 3.52278964904857 3.31628543007562
2.1853265958972 0.396417880123809 2.44292380288339
2.1942320376318 5.35880455890176 2.03880975164453
3.18089607783843 2.557507405797 0.938148189328655
4.49036364600166 3.18257332293409 5.87379119609169
1.43182393706642 1.1716085871744 0.853436312286834
4.11607767427166 7.43302291004662 -0.0830561666743815
3.45282876299258 2.39718466967947 0.726217726918654
2.94654408614768 1.50794125460329 4.75272113955521
2.10595548628798 7.02372662210115 5.36043204217444
3.22036385304156 3.62043267113576 1.28324383989347
2.43534162218582 2.13009018910227 3.59937514722717
4.53698697766272 5.58119746198533 5.13420298994834
3.83845502073675 1.1750223786107 2.9123575556699
5.5570226488377 3.57334484037258 0.0120781245555795
1.90770563858536 6.90398370093777 5.2754289099121
2.95838860041419 5.77298063173696 1.15649195426001
1.81863084970767 6.65467967701657 2.85387573897273
3.73641900185015 5.55558697454657 -0.655667091855102
4.2996419809439 2.26895938094671 0.389125224122102
3.54961821812677 6.46212739407228 6.13929629411039
4.81651468419287 1.23956405458222 4.47956163986303
3.10153720724004 1.02246770159328 3.39113811569073
1.08474267374 1.19391441557556 2.42528001575082
2.91563666337091 1.95203104118737 2.9666996579491
2.9772433324619 5.76076053655564 0.901750829028874
2.96734089754535 6.71582016079461 0.682208781929317
4.57212322707268 2.0407986269297 0.63622543160962
1.59126399214004 1.17366295280263 1.94010542630666
3.1417622884066 4.1024602585975 3.87970990571201
3.1582817860734 2.10395577234527 2.79067812892925
3.17857844194621 0.814616042445387 3.1622954288575
2.80753312602842 7.09948550310404 -0.361118652197723
2.80658177934326 3.99364166000017 1.18377593992017
2.87667335104882 5.5254077139177 3.93455578914935
2.46688167903971 4.13760455952687 0.629348099543074
4.54499496260589 0.626401621095154 2.74396769069009
3.50837585042038 5.84912495673229 -0.468821435980951
2.22717584269758 0.665142437266915 2.31818030549468
0.668737541496697 3.54533282985119 3.04538895619953
2.69526727743122 4.43930347462823 1.93698788160608
2.24948692949227 4.27222133728082 0.0995830293915634
2.10767515524099 0.465819392468516 0.862008724420924
3.91111948448305 4.5676312316414 -0.203356982115902
3.5629275291912 1.03315868281513 3.07290046655063
2.69508188036807 4.72546717498869 3.52141486955555
4.59101379778563 1.46045803061007 3.51763645827932
1.83942239058862 4.92486632702496 0.295760964981132
1.68645656096128 2.10074687905737 3.94290804611453
3.43632667229461 0.492906544225294 1.2316791323702
4.12883068468059 3.6069576819042 5.42110481536888
2.97229668201093 2.34716113295637 1.92226641645508
1.95007289378515 2.03676901504613 2.80231590154308
3.16840914482943 5.02550942163223 4.97712791971371
4.83847797862893 4.54635587416943 4.51656526470167
1.44697789180152 2.35163039711989 3.15100141730037
3.7682969631498 0.62986718217882 2.11174677507942
2.70525507328522 4.27872354104285 2.30106074150617
4.87741743610503 4.97169351091126 6.13665981865461
1.47543328122428 6.17147503581492 0.460177104170858
2.37158054265818 5.03978991377702 1.49119395260679
4.56810541865628 0.985511934664435 4.3083875069606
2.95086781701796 6.55496031765588 -0.246074782621023
3.55036224894789 1.0909424467739 3.25809779247475
3.94926990598629 5.46319239405521 2.27359122484195
2.9436683382358 4.45522746790297 4.7055904914258
2.40439495293969 3.55328345913336 0.441827684993029
4.35309306230171 5.36285370097053 5.82909857219633
2.78866676262987 5.74257724286919 4.61354145701757
4.23977819301976 0.00179731993933263 2.69829510958817
3.16374301484781 6.65499738061691 1.01547490686585
3.94675441956088 2.76421720155201 1.71170746249761
3.35388884055315 1.40320419471399 3.90051762687808
3.18436860997275 5.35102502490589 1.35704200942022
1.60540282450611 6.91744141293717 0.59451162274199
3.39819192884223 5.96246002498759 0.284050777689606
3.8775192838311 3.04091812000988 1.58877768791326
2.98131826878754 2.4317734189415 1.3604451935818
4.60804897503109 5.32530825770201 5.424910692957
4.67712954007067 5.85483467041575 -0.467308445123913
2.5617871504008 1.16753345646611 2.52368348641176
2.69092191621381 1.40881857032471 3.30778431223354
4.59132985996185 1.93372986112077 0.253845977781639
1.56489995978416 5.06384800772455 1.02638248630309
1.0271401348355 4.91830471409969 4.08795246102446
2.73589239509416 2.35897796104422 2.67100240638477
1.55291511151322 1.74424067646739 2.53387470679069
3.39057516618934 1.1892541973738 3.99100526765328
3.26843634455874 1.48213174224484 3.6557343018905
3.07706538597835 5.4280845094315 1.460398566879
5.05875490298526 0.862588306833401 4.27685586493959
4.24568305642612 1.9818458459511 -0.0182247771896127
3.56000186830734 4.16643377051808 5.60217035414642
3.22979634144575 0.953947895103119 2.82724865379112
1.7334158699923 6.44544848578383 0.757056431364191
2.88271946360771 3.97067932573964 1.52211286781641
3.30465841579516 0.235582532647526 3.33115103221273
3.36569141870838 0.510997010227705 1.95523724565852
2.51458822227315 3.10102531423427 1.61806486577633
3.28930538468828 1.45661658282064 4.19459537192448
2.25942384547931 5.40592121740032 2.68281642374171
1.94461142167044 7.05840629304683 4.49363101059176
4.00346046507752 7.09814587165992 0.678306450359004
3.52134250893101 3.13293984807809 1.40903146126022
2.59625142843354 2.24912007106071 3.19360610512018
0.335115283739936 6.66755546661658 1.73797347720212
3.8555291606642 4.56813385765113 0.759029745078273
1.59963272194719 5.82377710087362 0.273128575023277
3.65569971560137 3.02234926934569 0.932220613648953
2.12871841108744 2.17254378381716 3.89827507664708
2.00274409930904 5.53778821263016 0.676460010589941
1.26014555130733 5.96380377629638 1.96003653450176
4.37219861674749 0.59084728212275 3.00857996385567
1.75181806484914 1.34272851573421 2.15473417841265
1.36869073196101 6.45400065059944 0.3908994709891
4.90121345778277 2.81341044347042 5.52827154746012
2.76738627704101 6.33968183209888 0.0678746496538054
2.9837935950173 0.342482991926911 2.1787206101883
2.07513093653526 2.22331992449454 3.59794867530499
3.1236482525085 4.34038720693259 4.43813716762674
3.9955694477043 0.380403998681708 1.87467815387282
3.17831112012095 0.271299383123847 2.32106066615554
3.10240216917949 7.38557173183904 6.30346702092582
2.81157264424608 6.05856812545509 1.97262560277253
2.81064305398103 7.49320754443126 0.217569254867489
2.18493670875504 2.77603848946933 2.41460136901129
4.37535807518553 4.66425797461358 0.0203193910276856
2.28193442067767 6.78622389292722 5.27187257801973
1.91737221103978 0.82892657947057 2.71828151696309
4.46722322773455 1.5959857755356 2.37816621407902
1.89681236682391 5.08181867647973 0.574844041195565
3.03334313727559 5.98665972515537 -0.285993537266442
3.0661665720343 0.00127397862843903 2.176217325731
2.64637572972853 6.30262331647653 2.32974385265262
5.59435035811931 3.37377432628102 0.451333627784753
3.24105815708383 6.3087322796128 -0.379287755039072
5.24792268592963 6.8321227848458 3.62946136573573
4.25407674006399 5.02771232955198 1.20260810910995
4.69424631832652 2.58485774030734 2.30999569514183
3.86597930312542 4.19415309411518 3.7834827700965
1.51310615711265 1.90093036080221 3.41191093373123
2.94274197317498 3.3211460152881 0.157832656351236
3.43206369675181 3.42720021126592 0.770780392619074
5.0499413105024 3.00241189417069 5.38602995886465
2.79100849118593 6.0531497256827 1.75803554018443
0.68675948919501 3.01671196816983 2.55841806094076
3.02898091586509 2.79372471844873 0.654213531780727
4.04785386837349 3.72093602002375 5.85478952463668
3.84081592712084 3.52861966267883 4.87347773679637
2.14967380275916 3.49086641719154 1.81861671224336
4.19916031400479 2.02397937874567 0.948712935536891
4.84966181930425 5.45117153585475 2.46118918714764
3.85674585260548 3.44904236798392 5.40933028865071
0.792094052549514 6.07268953576275 3.46149339742322
2.18080935755493 2.65902838674336 4.13728710536869
2.64510250341273 2.19448738700478 3.92885204431462
3.8033269629339 0.388333782503436 2.39078404556267
3.19318909627186 1.94397166359281 3.63241293182613
4.0154967626269 1.42403602263053 3.91822852563667
4.53608503722453 0.273999100638095 1.93839623621566
3.4422252072135 6.22359002932526 1.17155665909586
4.08890256403316 2.61278441734463 0.79389829205628
2.81712323027067 7.36080010366799 -0.542391238510978
2.61208884909455 0.156445149255505 1.16249077050113
4.01026901130029 7.25656340157987 0.369262324054992
3.30427479996678 6.44548375311149 1.31488025817494
2.88590320098041 2.2207627274267 2.71691881761613
2.59805093618335 2.61644862730367 2.07103692682431
4.96954658868538 0.991436386550704 3.39103818116351
2.25845484271558 5.93572161020596 5.70960448268829
1.52442556835519 2.02137661698754 2.68783239329483
4.32955362417121 7.00833839945981 0.140698150150078
2.61997876855 5.55815334035192 7.34690068077971
4.46088348717993 3.28039093827461 5.44043351754274
2.07016849692415 1.35349788317147 3.8900610158975
2.86485061380026 2.77350920275688 0.496729441033216
2.53119280527596 4.50573243241292 1.77248244562641
1.34264556956129 1.58264250968198 3.03233296103899
2.8668119177156 0.0936059246438301 3.13277144291153
2.62636551170949 3.42904635963152 0.635727806385547
2.57561723737515 5.68580842982098 5.57007372530134
1.23878483604807 2.3673945184198 2.97727671480705
0.791958967428452 5.29710052485148 3.77877728219087
5.09480145587746 5.88715529308905 0.246448276736726
1.12186585870558 4.99386051680257 3.27683181059162
2.22277742747185 4.95246322738921 0.604452668792933
2.49132219178098 3.23199370920414 0.08673461448146
2.28631124692243 0.438345241610376 2.26177806811145
4.13349701636994 2.77543969230144 1.35983100547862
1.15786026249994 2.47128472008193 2.9579441802848
2.96678161986406 4.49403302807371 5.45523277505365
2.89353634793999 5.46809138008819 3.98136553561673
1.7689823575094 6.04489233951042 0.0209292523225044
2.25547549584892 0.497928395763301 2.07633444601929
3.0584024934399 3.55841915453013 0.911722156850119
2.5897084336036 6.96411786458025 1.34250131140499
2.62106876290379 7.10240185692001 -0.983941044421477
0.896485255266271 6.87955799217171 3.15014753268285
2.77080570681709 3.47061778308743 0.301278833271976
2.3786871115325 5.59244168290643 4.3006784465278
2.45654839528892 5.79488042320971 5.19618995963452
2.4814494242586 6.7519707614188 2.71847543207991
2.5334784740685 6.80191263682046 0.760974007821679
1.99074541545887 4.59657962358895 0.606736822725634
3.33057949898225 3.84377262894992 4.33321140289438
1.56661014543904 0.461051507371969 1.93032516493422
3.62623064935617 4.69886365429898 1.02595635341016
3.10176556124584 3.97022917940176 3.19499054972196
2.49680967879134 1.01106417899698 2.05376534027831
2.92556564621806 5.6262033881348 3.0764953831735
2.0344107076567 2.79464489884958 3.83491027595829
3.94195173099086 5.72368798933194 5.68229670967957
3.40862192147722 6.65396216766631 5.78809204025658
2.15888934188712 1.02028369230421 1.99542451901877
2.81133240442909 2.66373416119111 0.506448378747838
3.08371772190814 3.59395816517008 0.897908987659309
2.12598789502801 4.27927131843626 0.67563907797538
3.24004630416233 4.71933929670348 5.82149332656105
3.56221479148993 4.30939939605929 4.54171421131626
0.90586597369601 0.97039401891996 2.34945961348089
4.68066553011709 2.46819705167531 1.21949809070288
2.54933815839804 1.15791132449411 2.84870354789678
2.14865539328623 1.11000213594056 2.07649147938854
3.17484788003842 2.75824860455945 0.962153628754051
2.97114502797025 7.05681213534308 0.276716537227071
2.02830458427547 7.02716492045662 6.32314570258276
3.5060273678716 1.34685628086582 3.58690048863855
2.91378153912581 4.73347899943056 6.00015500769528
3.12260012364477 2.16467746234566 2.02793691826521
2.88456711199697 1.89046165138224 2.98523581701781
5.66608298662064 1.79848373872145 0.268297250751561
4.67074466445244 1.47875898025498 2.28062856321086
1.24751045245717 6.05235015158047 0.666579198775596
3.0591968888871 0.471096169020645 2.31504509064489
3.31558461400929 2.41882964486628 0.75084530473014
3.08837536482257 2.94020404334344 0.773558469830637
4.14103419604532 4.67359020678096 0.0637854482255198
1.76760226988402 3.09493376287329 3.26482818826681
4.08713541568068 2.67979647717011 1.64239451140655
3.58244964057288 3.47172177412559 3.14124884049747
2.67511287918497 4.35499501502632 2.08436688576091
2.53407670373753 0.587244506585003 1.72864946441713
2.59999304878551 5.40531230586329 5.02373835903702
3.54612177310612 0.263671132728874 2.84954043385864
2.20869636774543 7.05820663524032 4.69713329960879
4.07538102734962 1.34206131829179 3.71352663910198
3.5457359882375 6.40239417183933 5.1055520627925
2.14868964406509 2.58772645000623 3.06206066290569
1.97650075435462 5.05231021622791 0.182208109641449
2.92389473816524 7.40622954805832 2.63668718949344
3.55034065060902 3.30835975494146 1.42581946472005
3.40469482229102 3.10649578121538 0.502738411817091
3.15889361448047 0.145730168083353 2.34886376390971
2.25997332674664 0.884166879408169 2.75244312622055
2.75748824018835 1.43784531750598 3.2000828640592
3.38696129733076 7.36666806221857 5.9424728299226
3.31180638041625 2.78383829084894 0.167512528787687
3.04966864832758 1.06941717790726 2.92709018570235
1.94382507236621 5.73174279733636 0.827451303720712
2.01147077023685 1.58672106463488 2.13050102368034
3.10390170876555 5.89594857385941 -0.307609045406694
2.17173315326527 1.61863411436541 3.93773161693507
2.64302619541077 4.83948630886272 4.32737852582199
3.62775085741034 2.8203948884579 0.787611104871981
2.72730020026282 6.38866333974496 -0.0532158406905371
3.0306446591184 0.776837375555128 3.34254450605586
3.91664608682732 3.26794233628413 3.50469546723028
2.67873268635054 0.235725412901052 2.65028473770104
2.07638736386401 4.30533457810786 1.39141847764255
2.33951588859875 2.04404071911991 3.22837904962388
2.82584901673865 7.46310360859014 -0.0033757332126465
2.53505287936286 2.16847071081354 4.00128173641275
1.24656608830615 4.13140163028423 3.56037085105408
2.74731216619037 5.12483888251729 5.72509710327691
2.72687043892148 3.51915058687478 1.09176567460409
3.3801867599013 3.28156357060075 0.606332688758813
1.91602290688776 3.06550105679973 2.68951925835846
4.62253631860334 5.12389854310008 5.5093366975887
2.05691324311498 0.747025813350142 2.52262453009788
3.56122093514428 4.14168563802127 5.47626783948484
2.98888485792785 1.63616901700836 4.04878572709175
3.7793092437309 2.41976859340283 -0.368555495099761
4.79190735052694 1.60024730068841 1.20549931711303
2.37592495561982 2.29409435869241 3.08164904438047
3.38261962533527 6.55625735016571 4.89709289528365
2.21102484949739 3.18417566890782 1.23012110829461
3.23569999037249 4.94627520743109 4.75891301942606
1.85294121587914 2.96614896350454 3.0946437613648
2.57572959810973 5.92266115036919 5.2002577360272
2.75826029723454 3.63137538491473 1.69424392104144
3.44235602458026 4.88232055664115 1.7484746584347
4.22093827806556 1.29960019833764 3.68662477276832
3.16800467492596 7.41534989526191 6.57117596990756
3.29470150819727 6.89778717031847 5.3390463725104
3.75966726974829 1.87119506284369 2.23235820187279
2.73586173589124 2.53691901296007 2.92262086144879
3.83769125245384 4.09669435668919 5.75503812793581
2.49201383296535 3.81946543265308 0.299992526328972
6.25776350880317 0.15360283489561 2.17430959380126
3.98011285763374 0.874902226607303 2.64395349020363
1.63272420085056 0.518736497833783 2.84793395073774
2.47690258911047 5.91353628629394 5.76784064600142
2.34761595046193 4.3669339513333 0.832632705144117
1.64650318674106 2.71722578404146 3.51421146296159
1.4151542643656 4.10111334333219 4.04787591656122
4.97633380946004 4.54384864957256 5.16471252906594
2.03108317591433 3.2579704189923 2.81181138312639
2.87433348213511 6.45599777825129 0.384436890270844
3.61866885468146 3.66074480453889 5.9514264793376
3.30887124980765 5.50022158093831 0.718777542526954
3.31642650947152 3.18828723304178 0.285552976550462
2.55199132819498 4.80593571519292 2.23472819395348
3.26564802168621 0.279524031825837 2.76132601799001
2.70088723785742 6.54891912928271 0.36430623073344
2.94920906760844 1.35515293344248 3.2770381960592
2.70428889908784 1.82369975529432 2.99324564849154
2.11793707055772 2.83602098040425 3.4353028645916
1.77287319597109 3.52151568568096 3.60887250197869
3.33478687870249 4.8662044311684 4.42716857376233
2.91420662840226 2.41477890264798 1.70830092253477
2.92239572805159 4.02294795828644 1.93536871594684
3.00193103221855 6.29790275082829 -0.151177601522957
4.21953089539969 2.05192182066937 0.495046551931221
4.40991961180606 6.29165651633995 -0.304014649009716
2.46250987021693 0.934548592793921 2.46893043556952
0.280576181769901 0.499230130040225 3.61692053239129
2.11685164748758 6.01940953751821 5.28034913652069
0.139305552715382 2.37790272374782 2.13373963057265
3.0655112987945 1.53638661081593 4.73109962935052
2.57699891051538 5.00037088435148 4.69169176809096
2.88746908565936 2.6815446209171 1.81405015495474
2.99622821745819 2.87888421322385 0.550055445845199
4.46672835522355 3.69731507709444 3.1595916040495
3.8352659057198 4.08278507153092 4.70039126111906
2.94752717169172 6.76165554269322 0.531939019401913
2.81958724729615 1.83418174131925 3.22662528609768
3.08008363046789 5.96702841399543 1.13526322229057
2.17577447028167 0.278027877284126 2.44628174541965
3.4092766345266 0.694913421824556 1.56194208015037
3.41326506421517 3.02272816874518 0.0784624663027824
3.08338088827816 1.4782724251508 3.20400638367259
3.40837994777377 2.16228517665172 2.01466489119259
2.50141716635437 2.95288669434721 1.98349584388906
1.17065751704189 0.506650349405559 2.41959729132143
3.47328596306991 3.66921381714787 4.76425097286823
4.91318969299984 2.55488445162035 4.33456187918601
3.45004169276743 3.37280736851473 0.083697905594841
1.73588962036684 6.14106756508114 0.736734971771407
2.28769646661835 2.72484337810282 3.02216927813541
3.42889395075447 1.0677958230211 3.61428325091054
4.29143870860883 5.15801567698904 5.12311234853824
2.62423118705266 2.39714461694445 3.44706627855291
1.79905381025164 7.21560525190321 4.07217502642676
2.86781345226919 6.58880624188429 -0.850208969442301
2.38517861690331 5.59217764195457 5.56212901836231
1.89781362286921 1.07581147205456 2.31302485722362
2.75751397153031 5.00099987443399 5.84765796320007
3.87487054847776 3.7176757803705 5.8591394934638
3.93788389735276 0.0281588874053043 1.96861295840945
3.33975570247075 4.3017196933794 6.08263265197975
2.62432003344134 5.27049114294664 5.69678472563944
3.2188145352408 3.84737884066581 3.50189746578685
3.80644693137364 5.81299851306462 4.2166112826982
2.36197061611228 3.92561137177399 -0.424279273221882
2.78849131922664 5.63633547856703 5.70517105627436
3.70282391629699 4.41902563493644 3.4739547201428
3.34759561763495 4.35504046518799 6.28123274801369
2.65636939462105 4.24845495472367 1.04399106977445
3.04562264554242 1.8171454747842 3.51196964400109
2.58909411631821 6.66431680223851 1.02882716316836
0.346324492471516 7.41484714919625 3.12065725445374
3.84484645023099 5.6320490863415 2.50960967278587
3.44791067658913 1.2997843267481 3.57706399007732
4.31929926707455 0.766369728840131 3.75437645748459
3.76658865402038 1.07224901417227 3.90886769273522
1.92274440136571 0.728747985771886 2.14122104691166
3.80552812404364 6.84041752043167 4.56031275121719
4.46868316792846 1.27270094131098 4.20090023847028
4.37857729651008 0.441264947610218 2.05306482352657
2.34372868585468 1.46774529566196 3.89860520850219
1.56463903066927 5.43967619270541 -0.71416920841981
3.057157348393 6.21722293845237 0.434786227884973
1.7629774751484 6.2668834273629 0.954634357214141
1.77809343692743 1.64630535887902 3.77050447339352
2.14665853455391 1.09749249747432 2.74741747784579
0.975340728409397 3.95132584061038 3.33753576448435
2.0406406388949 3.03364000374174 3.23146950923287
2.89645747143163 4.67043914641907 5.76241336646575
2.42262393859364 7.36050873166377 0.625110374932532
4.23142784593814 3.04979148552982 3.86606953850642
2.11327559992915 2.06276005152414 3.95882176907431
2.67994310449924 1.50411261895192 3.49151377679656
2.37170674741909 2.55617708406864 3.13076750219954
0.491612509579904 1.88954085801805 1.88865827042476
4.01101339550848 1.58669306985422 2.77033122665376
3.60570731983403 5.29179170652024 0.0664031178770171
1.07723110807101 6.97864769513993 1.60133487299625
3.34280622227497 0.660080462262054 3.40847460355496
2.47479539407497 3.24401517476857 1.61194416267535
1.91214781122963 1.88504773858495 3.78798211134265
3.83969464913677 2.22819668838504 0.914106758129448
2.82829236293437 7.42164347142507 -0.0931658825055571
2.93928999857831 4.86158199692002 5.54810180285704
2.91936160141722 5.94190431199812 0.215868536715408
4.27645369188772 5.52612280014149 5.51920974769452
2.20485576153627 6.3202862287609 5.6686946563276
1.57916883143951 3.972715453339 2.40985530183709
4.86158302008747 0.0814260500107489 2.57211135932708
3.18447997013319 7.05479887183371 5.67688319671364
1.52684103655727 3.79897910020628 4.53088434762968
1.74318147903933 4.26562351440897 1.75797216903223
4.86972325427104 2.08577829999728 0.312370115604531
3.22382348891345 6.91291625501036 4.83791183193301
3.35392852124094 2.3374688647442 1.15432238819819
3.62308928332409 0.236302370554384 2.74679557754009
2.78848541438652 3.22753944085131 1.07290787514094
2.02981221974618 2.36198780769276 3.83850800943027
3.43218751401435 0.290201112272422 1.43983035552905
2.93712330425431 5.72002890803194 2.44611193195369
1.56603599171598 0.555642170499019 0.993272008943588
4.35198250502778 0.500657460964233 1.66860300517246
1.33072311723497 7.46761714310051 -0.06836957749252
3.19211419824562 4.49490839515357 5.5657984408689
2.81337908786454 5.38611072876183 6.10769892677321
3.82753745216318 1.90546222878864 1.16494760420134
3.89908980341929 0.113087493665987 2.05302798833727
2.61884054843787 1.65724403369715 2.97271028181315
3.98245602658405 2.60385850028534 -0.542426676488368
3.93427932932862 6.7653016803585 1.35900850357097
3.48346769438316 2.38180756722964 0.943957994354355
2.28571253730818 4.76220993392208 1.22547570176152
2.20998327499098 3.89266621886639 1.02241389220031
4.05535558562009 6.88187978969964 -0.636438317946999
2.78590649272175 7.38956882242492 0.252539311001941
3.22811777902518 0.211615793840942 1.91477337971586
1.20060070442225 5.60176625680551 3.50378570986892
3.20605622852743 7.48368061751963 5.59668908514034
2.33096907718976 1.116673733616 3.04193537034411
3.92300147127523 4.44157846791644 -0.188501620231009
3.8096319081174 0.984889999705985 3.63418069703207
2.72845683348417 4.97131327397966 5.2282999187035
2.60254142276173 0.340438088388423 1.67701562485559
3.37162729580382 2.1517837339196 1.49916541098984
3.19420369290688 2.21406530304424 2.71294289651946
2.75810952317175 0.667741817141827 2.47321140802297
3.4906229746889 6.19052039920493 2.43139237636357
4.05007261013204 1.08736818245887 3.26610060176793
4.42441497099937 0.00818340293578945 1.90504205303321
3.53590622401816 2.74646912258184 0.789942832117516
3.78930358288073 0.836950200478565 1.84236960770978
2.44699474616809 1.65360211233285 4.02025451161775
3.74236998129706 6.53421144934988 5.61125388029567
2.24418714633528 0.565213462755377 2.51018545029058
3.10989952434713 0.441231352770746 2.32709730377527
2.86417896252666 1.92030131303077 3.10437785136165
3.72161664337742 4.73490338197692 -0.0476935796374106
2.98398670524501 0.676423550632779 2.54814047700125
4.69402412800913 3.13503263692889 5.80801406938865
1.23181001041228 6.07054948460909 1.02026074346955
2.57515086165041 5.22396573059994 4.8837839858575
3.13486198205106 5.90657321949114 0.827263775554573
4.79065301736927 0.170983653730102 2.69051895995643
3.28892728347697 2.01337046419459 2.89173043174997
3.98022791039315 5.00224570764615 -0.973442273339452
1.55380538997739 1.21343477230451 2.80099064936764
3.51420388698204 4.8456310820932 0.868695893851778
3.31157834895267 4.86429656599613 4.19777420902638
3.04880035167638 0.797551659077843 2.17926655912077
1.9145964723032 5.97793543473417 2.26367540388547
3.59395802176576 2.73301165533505 -0.15041417509876
2.09044118192801 6.60596025539706 5.78380591883196
3.86609996980186 3.25775256377054 4.12253012671907
2.45319506468808 0.595306306614073 2.51036780140107
4.1431179931541 2.66989236428725 2.17181681847971
4.94278315186407 0.260780449083591 2.42520897676932
4.53214510955377 7.37326505244817 5.95588106924884
3.66539285977045 0.213396505514964 1.7205557900157
3.85050418722427 7.24574920850436 0.0129814789007414
3.57464317880101 3.80098860627386 5.40504757337825
2.95949020756608 2.8625252734253 1.35821915747378
2.88979180000235 2.41012897608511 2.59563956512084
2.2324189747972 2.8087056054685 2.97796879630323
2.51483154510795 0.434131395500101 1.43230163809861
1.8347364293157 4.92093680366076 0.406811503598726
5.20269553383467 4.62703698395715 6.50559009965578
3.03091163958122 6.68214133435293 -0.736536510309926
2.42506160246273 6.4972037413037 4.1681005194255
2.11785255639876 6.3664433451226 5.13399289865296
2.70499128733086 6.21688884311052 2.70368622315294
1.64444012191383 3.78241832719343 3.4429721195807
2.7565107490227 7.28715480751044 -0.714339688744733
4.32038014878508 5.49217298212322 6.48632570169856
2.15376232581211 6.23299339563284 5.03309056355455
4.47137558702075 1.99737661851503 0.0263598733614752
4.60188483717187 6.91985456287036 5.15089708965333
2.5587773838101 2.64306533417519 1.99993411082467
3.09422692009758 1.80693867404604 3.5164657082429
3.87477801565629 1.20812014722433 3.58390229215638
3.465139133516 0.721210457440057 2.49661973533984
1.44764577916759 6.95141722391995 0.568741909882806
2.2667002253616 7.28383020857834 3.09201206444948
3.03606440222398 0.852483106350362 2.78338558796918
4.64730151631476 0.307398010511356 2.47495589767568
0.853835090695385 4.59626069552943 3.90185479345825
2.71525655807713 6.2593598720866 1.43650664948352
1.82478570729029 4.22624697113911 0.596371544996275
3.99647286135977 4.54035917985127 -0.0817067106840128
4.4865745290151 0.0164157808443086 2.09908179460018
4.1923831924834 5.9540365287467 5.84803707893154
1.80706298309718 3.25477314244985 3.86734129086856
3.01035187628682 5.16458674752245 5.68525476271271
3.23836539510389 0.138091766880848 1.47174946721261
3.6016281093708 0.136878765644814 2.47686765948369
2.77305878921658 6.40080955278171 1.18662996912248
3.35515966194155 2.46135185867299 -0.100574966202133
2.46451623420272 0.526007439781789 1.62757557642433
3.12154658288764 5.76780658744787 0.0552613310973141
2.42958495811261 4.66615090185646 1.4503885941984
3.27220518033729 6.04585399535078 -0.497636320231729
3.1514953547687 7.27916847605631 5.22297053904182
2.84418078123789 2.50711566174774 1.98812604763278
3.3710053730832 7.495079833979 5.91807401967838
3.13341895570307 0.510208654571805 3.05469328512662
4.97675336298431 5.72294914619003 0.775399606317124
2.49107652019357 7.14249434506441 0.425401221095645
3.69191641921229 1.97204377464429 1.31109944385991
3.04185730426575 2.17407452014744 2.9952949314078
3.45308024861879 2.26967307450357 0.482273078588229
2.71745639675398 1.73785379535378 3.17155814337525
3.34403395160214 6.93581481828012 5.56117550953369
3.0579077692636 2.6465522269318 1.48330121911887
1.93762627713523 6.78700533088423 4.67244326034998
2.92400699879952 1.68908241416343 3.21894848178207
3.66108625798135 5.41765301095332 0.247274282170694
2.89680576472926 0.866223198650244 2.44221373493816
3.01289844649523 3.99485851158829 1.30157670479624
3.5662081112802 6.75434107600288 6.10814514069147
3.86324646963978 1.86646424469649 2.15735732729234
3.67043591821225 3.27070387517763 3.26899301594267
2.28253420934534 4.4262483265029 0.66391118702754
2.1081685401733 7.19379396255824 5.70913927261879
4.0068055978471 0.716134495176529 3.69088951924257
3.098530790728 2.74824828133472 1.3305866743762
1.48155973207634 7.1109411457316 1.04594932600876
1.98072426440835 2.21358915534967 4.10629661262882
1.90495804783895 7.13729400722848 5.82689014235603
2.99322497911895 1.06541635335605 3.1179399696049
2.82433886793864 2.55061627539622 1.88626830121217
0.717871448476112 3.28931810011105 3.28203120191569
3.09054665673222 2.17309882509484 2.97498646650201
3.42886528774821 7.40720219591768 5.11160224339286
3.32894000366027 5.34047501339264 0.982335186891359
4.19490352043489 5.68257567374834 5.33586430717427
3.41290536327826 3.44329719972508 1.44892021203126
1.64284635547126 3.31256627587426 3.16265378452751
2.91635049908438 0.558288204927456 3.55006649010959
1.16823906129581 2.08812692658281 2.95616923167039
4.10737511265697 4.25071216977479 0.631105702038497
3.8004257538353 7.2186018755493 0.512672916553462
3.41131712453343 1.57167678970958 3.44381764226227
1.24245314373797 0.502139114132048 2.42213762695455
2.96654881310632 3.61579702424914 0.850706195237178
2.64472191154379 2.95894823740087 0.699651283629594
3.60799291773675 3.88679933081172 6.01816740651816
2.78606327524236 5.53274458397471 4.99399841211687
4.52841462716552 0.301957634773486 2.57256118105714
3.22827205555972 3.27235361678378 0.418557327830697
1.86149271303916 3.60263314089832 1.93086604466206
3.01202115385447 0.808212830052463 3.12424306626127
2.94541218429418 4.20322997981148 3.89362844994508
2.01398316709233 3.64137880413373 2.4385853599493
4.06746137071433 1.24553125465713 3.42773256730364
3.8413663956252 6.86245103401894 2.78072971393507
2.74257899208864 5.56583923353848 6.50170620391885
2.17666385297781 5.49266820497973 1.52099984350274
2.89298466454664 2.51288012539382 1.07092449792821
2.66057505085201 1.28628328490046 4.04389070698277
0.976044740721276 7.42286564067545 1.61826570700624
3.39701696727184 2.34291069229112 1.71122466670465
0.664128596836615 3.97972157255515 2.69096985441646
3.11380346626596 5.072311939298 5.29098989284296
3.53210334652839 5.80243159828995 0.538145358603448
4.09944020417229 3.80421135087758 4.59212311108222
3.34249678165467 4.15695039422986 5.72217757897593
2.84030884219545 6.87672669058868 0.230424234804856
4.50069271346931 1.06874733364984 4.68143653449028
3.80702388084875 6.77716531727698 5.42077088247008
3.51193390549173 2.94144259630199 0.196665234023395
4.1318309195019 6.66689366806636 0.0423393940431727
3.45488527398792 7.25973122477299 5.61277712068172
2.52048401156076 0.32253211876745 2.00037203695005
2.9736536040941 5.54422912801495 2.42974258236707
3.6075797343074 0.784877827238062 2.2205974605248
1.76685601673538 3.17556105904804 3.57391314116231
4.15717609187013 1.85271124947056 2.33714244328091
3.22999223674877 4.17576034506841 4.38337625039505
3.53965670854076 3.06990154041568 0.161474515700538
4.01000847474706 5.78246908427209 5.3201649373176
1.80544054791508 5.77096275135202 0.976012252403853
3.07681191838366 0.442612565554041 2.4150996305936
3.13496725175332 1.15531989544225 4.19909434314354
2.45016366379363 0.1802780958913 2.77197636933965
1.82522970964301 4.27804780243325 0.449807890647342
2.84289157674259 3.28425984789729 0.193175112645805
1.18368339305289 6.47089100558414 2.12428758398539
4.06889058861235 4.50418419083178 0.0906409454326418
2.40983880865198 4.30267363514413 0.857189520118953
4.35374864065259 1.05978151072165 3.94215886331134
1.85665468883242 2.60197754317108 3.52732715705283
2.84149608848866 4.09755588551015 1.19325951509431
3.51235572141308 1.3797933555123 4.19595233401103
4.75636289577802 4.9190526757873 6.01821514989048
3.28153007498476 2.98486459850452 -0.176252794820697
1.59957887177551 1.64288574227607 3.51650971856345
3.63038958240087 1.35481422453807 4.30420641392465
1.35427831291247 0.492742476258578 1.93104011616514
4.41727932303112 6.49699063733403 0.987550107775718
3.06035154229544 0.439962566764359 2.48664036609105
1.37953116720189 1.62454666122406 2.02956000950672
3.00984701635537 1.51055799100893 3.84512842893984
3.17972561069143 4.78139131052086 5.06880430819114
2.81407748477179 6.2367316490731 0.880848786775405
3.82519660346743 4.91721332011749 -0.483051111187798
3.71139588949386 2.52331272553929 0.543956686047608
3.30794299105327 5.24273915704656 0.683943091254141
3.83998989950732 4.88183496787451 0.0809047867491705
4.12157946275361 1.23886289606096 2.55346090075951
2.94839917559075 3.48625770412174 0.233220890267061
3.73907816520483 0.882567885580065 3.14447514975498
2.84054579249708 2.21293718086235 3.06978559317649
2.98995444372921 0.0202382061039286 1.89127285811522
2.80522325625869 1.75265299265484 3.21213448097251
3.64477793929448 5.88776066579914 0.908462859933197
2.76368645044034 5.18271971442571 6.42067196024715
2.35960789768126 0.638759100684343 3.32973053720945
0.700433041336262 1.28981198002368 2.67498780416304
1.90056021208785 5.51937881582639 0.42892951594485
2.56374243753239 5.16995645947547 4.4026703828888
2.65399504342525 5.94830240646101 4.24720445561765
3.24368386100708 6.96111051181608 5.33109769990703
2.53992414412599 3.73998146930097 0.56874337881328
3.08104880605204 2.21499738569718 3.09595315479401
1.92086039630129 2.35840497840662 3.07253115614655
1.31861890819966 7.1744180930416 0.223830278622839
2.47666009257121 2.9395473848191 2.16071452449722
3.85819298874487 6.50643171710611 5.44898163117661
3.49797428545311 1.85489528251752 3.1600334464786
2.50188467589401 1.65994717502067 3.0270129743703
3.95712647571405 0.838999376837749 3.37918431543609
1.58412805087331 6.92842055064105 0.0550536620627305
3.43047089376278 5.81128987304462 0.312367058351884
3.15790091504561 3.29676760605328 0.000890545510736362
3.58917453309537 1.95593007017184 1.18831797570186
3.77018577651365 5.7891465969788 4.14592742820502
3.35724728541697 3.6697045133878 2.81028729792071
3.00654864190328 5.8910575575929 0.806492894820016
3.6808657182332 2.2587938913531 0.888932949353673
4.15135989398278 4.34992375086008 -0.29567540082003
2.60077440236818 7.0844940785878 0.0932270550330804
3.21625416515356 5.7199190806571 0.0997508434989577
2.97942858812951 5.34136434078287 4.10470055259674
3.13827011294884 0.2861112747967 1.26107107455113
2.04609632358045 7.43913316164411 6.0003826055445
5.71084227020948 7.24012092659119 4.68100624381015
3.37188020590406 5.18344787803635 0.535206393012434
2.62320957505984 2.46516722725132 1.66999389795555
2.48510439188709 5.02879019016696 3.6399430161799
4.4692531906171 5.34490248955548 5.89684905476451
1.96229760454255 5.01269405039162 0.752290413411103
3.86467513487864 5.32404540552049 0.904138852346928
2.09048737164816 4.92175893217531 0.510226821817893
2.71583197808267 3.26206433011853 -0.347765168633601
3.63096141238034 7.42434013477833 -1.00060843461884
3.66454189937938 4.33425138477514 5.11960149167294
2.67400340655042 0.670297297504161 2.66414849325974
3.12405980401936 5.44277795220808 1.84012771255499
1.73478008301705 4.85525894786666 0.340495025610408
2.20926053436102 2.19653618986019 4.02884954605538
3.04538242551296 3.5263694432918 1.28534526994609
2.07504996658119 5.14509889677609 0.273809003544678
1.89688371542046 4.07558608566591 1.35631496899855
2.17220965038748 1.02629267022291 2.01451891622474
3.44843578962626 4.47726055036421 4.31404827110722
2.7296912572466 6.35371082197646 0.647871422646203
4.75029334007496 6.03862431196075 0.269319294486259
2.57646873794946 5.06713708281213 4.55610221338847
2.94995070747862 3.34246312000194 0.17296378743554
3.41248416243916 2.45488760456207 0.241287035412366
1.18611804554208 1.92988823953962 2.46731394030887
2.21839367136621 4.22931096803461 0.49849590224249
3.40948495617605 2.64806926150293 0.156277059053842
2.03672296087469 4.27149485398424 0.431381313532549
2.97421929701099 5.94011626339676 -0.352592942621781
1.65178155405666 6.43180865907534 0.804954122019053
2.9553447784279 2.51678206557476 2.36421934735162
2.62307296451782 4.47740053641815 1.1424355466146
2.09977868694574 4.76653128899421 -0.676863114818611
3.56030054059466 1.46486146087911 3.96723176377168
3.12066474600389 5.03974702237802 4.91481128606117
3.50502250607359 3.16954341066561 1.40109464044968
3.97947096225323 5.65564948256135 5.13374727371088
2.73236487258133 6.65124956126207 0.210198967225381
3.02410766695935 0.141440867561025 2.65573586947621
4.06794178566132 2.97265237050815 2.17819942020063
3.2645433784994 1.83214672297571 4.52756551822658
4.44253797909303 4.94514217228129 3.38725100871803
3.23254968660395 5.79613357183421 0.568630214114637
2.62330679763306 6.87708901976204 0.971081347665033
3.56986730193203 4.25551577349904 4.22046313108477
0.720602878122395 1.4493851700169 2.31626141762035
2.55342958515465 6.8719639663544 0.879399509500227
2.92444415741442 7.10815692949571 0.399963048867523
3.02543590203822 4.81789674278446 5.6190986949883
1.2761983898142 6.7912564952897 0.880258578003663
3.53086700851835 0.175410913409955 1.62467379510222
2.34580566593664 2.16570764675311 3.91208805544785
2.03317469574056 1.84248686522205 2.93444542567748
1.4776421789337 5.87272844077083 0.474740083632084
2.15243137478168 2.86394910228635 3.43203227700228
1.50819680221266 5.25398478938168 1.68023421799598
2.70994929567222 1.98196137441209 3.00742032113677
3.05545811383018 5.50337415213009 1.81482808265907
2.13607703195762 4.53899176798967 0.77579203303559
2.03498834308748 0.534736452536849 2.66530805580956
4.05516999563143 0.349532293825607 1.63143500310039
1.97226611907801 6.79682146509856 4.5564052952593
3.46445866382904 4.67205699786759 3.5414897322087
2.7773230659406 2.96559927459575 0.770684442842305
4.629240478066 2.20318819415585 0.650717206532235
3.77046890527723 6.85121336216928 4.81901051570812
2.79346024041779 6.89454486533658 -0.0946292990545412
4.12453142959104 4.75807374413345 0.0667791924932511
3.34576017545596 3.90207151449728 4.40191388654684
2.51510246393347 6.82038085211077 2.35600363895631
3.5836921162801 1.4716498692278 3.43970057653802
3.03115424400851 5.40901885912037 2.97146666375699
3.23339491297705 4.59841074129818 4.61949978181745
1.96228335181851 5.49278100589281 0.733011424336075
3.2134898237379 2.14844845016288 1.98445293706662
3.00898677311355 5.16613576957436 5.25543609679629
3.16441768142449 5.31546553728184 0.994649243900991
1.31543120018516 0.266800169284842 2.12721766161565
2.74187878954953 4.942874479991 5.20824114535028
2.80887413738564 5.25250571398116 5.16004199446387
3.31080008415547 0.432054229896816 2.44089663152438
3.16322177845689 0.581395091710016 2.27019745437945
3.33323402367781 0.437297394377058 2.63273052392742
2.62730803770107 0.820932591877765 2.50572048062949
3.72815686193743 6.70231220280032 5.53089460151354
3.48302691021627 0.351673153054958 1.99596984609685
3.49097019305853 2.3262813013216 0.531055983779092
2.9310655249864 1.27748788012721 4.43713660399905
2.50674280887777 2.87243669220335 1.91006170245791
4.70783606870088 3.93953418540241 1.09169154309778
0.599411264111456 0.792114923637415 2.64214694390474
3.60218251154218 1.60363592667895 3.16938168404797
1.79791176178856 1.97593612002451 3.87260527743349
2.27085141295468 1.89347171310743 2.85226547034056
2.09041263435972 0.702497223593337 2.92326885575183
2.34865390886194 3.5448346411869 0.362912466557866
3.05443659141196 1.41066898223489 3.75519167749362
2.91357323226388 5.89252006804831 0.122139559512482
2.51017214470131 4.85482223545859 3.33677859552083
2.21704337322872 5.35558323633291 2.02601102556439
3.63861079480279 5.12157668622501 0.381675576590465
3.01149708331531 2.47876725719824 1.65481794386625
2.68688414777749 7.41008947866964 -0.586911495952231
3.04947425214629 0.988900215871952 4.22249615037949
3.04237638370884 5.42446946239774 3.91257987299903
3.84130456181259 0.543371145448711 1.61229278340241
3.95682356808579 6.06094404446117 5.93502348197523
2.03488744323557 4.9022035185711 -0.107429657447997
4.71521966410775 0.811772462565864 2.8506536776149
4.52934214889466 2.10333279105846 0.871172958072553
1.5176835611913 3.62432020263967 4.47744139428116
3.13002289607495 1.63783284675348 3.75148996282267
2.76963318000267 5.59185490632869 5.36594102606491
3.64557562038886 4.1871676631715 4.10444560312762
3.20397736307263 0.0168329573013235 2.84503139213047
3.51963435162887 3.8260187780029 5.56315760021293
1.87322542005915 6.14811399733362 0.50707921490807
3.2811674985483 4.34394577336776 5.55054334701762
2.25561418929826 4.47722381815279 0.608318830519576
4.22586834329645 3.83187785504163 3.63126571557039
3.66172332943573 6.51543664083205 6.66007493088243
3.92292968199798 6.15542801228619 5.66672669162205
3.06941880417184 1.95549294523921 2.78723381170875
3.13451811088223 4.09541931458924 4.09899993768209
3.51595687151185 5.83227033953073 0.729281891901299
1.21793370388721 1.01617057836181 2.22996767599744
1.9334969696208 2.92282592547392 2.98906558788683
5.13421369794959 1.71074531547894 0.59854438108395
2.35492538802651 3.39468184609742 0.856203068316266
3.81217626797606 5.04665606935449 -0.415004286606406
2.60373493781732 4.76608984736208 3.38480549334101
4.17456488046283 4.50472715487987 0.24258041330482
3.77266986476611 4.04626419731556 5.91790729238923
2.2862327779575 5.11530863421812 1.6360761332717
2.68197512374928 4.47152257265763 2.1694248412665
2.705857566949 4.43574588528644 2.21514669727846
2.35072983384229 3.76065396555498 0.658218836681295
5.11728343378445 3.75889291137313 0.850890102633289
2.87889699700154 1.49529980216783 2.83661913360393
2.00195949761201 6.37680360371008 4.24351034178403
3.5097377287635 2.01179361187742 1.34526395078319
2.4124942189018 6.96220398791154 2.14650618839052
2.00094765624304 1.43038138569405 3.34991563001267
3.34673176029768 7.47441647579093 5.53956450977838
4.34629081337173 6.88999114409207 0.624135026988897
3.75622340236504 5.55802287118126 -0.400576461899798
2.58341449892201 1.95761494525394 4.11303448512843
2.19078141904914 5.87970059461692 4.04792078495201
3.34622716869194 7.141594326047 5.57387152271015
2.87614536292635 4.82761263309136 6.18556697854861
3.45149091829595 6.20391671339057 1.57483523643115
3.91451757389921 3.25158019976139 4.60055330263985
5.19198806000218 5.64292162820456 0.605170707080801
4.86440517292236 4.12402004387243 0.609252127117284
4.29742766567051 0.367435133928202 2.08146310885276
2.4575987596647 7.26724829113666 -0.319871600012383
4.80567723689036 1.96916407436272 0.241339469792322
1.78774916181455 3.05528168410532 3.64976168359556
2.69421953673896 2.17155925900814 3.94204989517178
2.60816287867383 4.95621921370232 4.63993164105931
4.01975288649907 2.0946246390584 -0.366260746307641
2.65113958025768 6.3627888077461 2.34380901676413
1.76327576607908 2.89257431504691 3.94659761532888
1.8721928319241 2.61379222586612 3.76960781559873
3.91482546482102 7.16197315760786 0.385517021049001
3.68640533155829 7.27693032003231 0.701005369417145
1.85746885927831 4.35406739797465 1.77179946801301
3.46598187310292 1.91242714909195 1.54380790211641
3.31512574072916 6.02269545800857 -0.148719279460218
0.266459693686635 0.911604975837886 2.24344230507777
2.0944808886391 5.3119078695421 0.343294801512912
3.12886287134054 4.17892267963975 4.79022666577363
2.68416413819998 2.47595738539272 3.095937484714
1.73772608901019 3.16950321966685 4.16220590804372
3.17785190456041 6.93776333246697 3.90304506437519
0.524995111045 0.310244551720269 3.11699986112472
2.51461219745559 0.234779354964389 1.70158113333307
1.88344670670513 4.06111332951726 1.26337776562574
2.85962400393143 1.30514386344016 3.05544320091815
3.05977522026217 3.29228894491599 0.945268399879723
1.91887697236912 1.13553244531461 2.72834379483887
2.38204995268476 5.39417402222369 4.04045246601049
3.64383171508882 6.86789468364959 6.6913406405039
1.94167873167889 0.153811844825158 3.07384137395922
3.16656152699219 2.84805880578904 0.839091536138126
2.87071954812657 0.361787675728858 3.34925815093545
2.94204177518911 6.72738328097373 0.863663515070913
2.78024276991186 0.80537777587654 2.47483744502815
2.55282721349532 6.66703133723553 1.33417186974685
3.45080251104882 3.40068848375828 0.791924628778257
3.42916545121357 2.94088042119653 0.92919709447439
3.8561948084653 0.276991050044623 2.77400961648585
2.75805280508995 7.04412832427157 -0.888517659963565
4.65913012213911 3.0421021118535 5.4969723702791
3.00309683302602 1.96909077647904 3.31333533287066
2.34149170201128 6.70932827946502 4.41855280177779
2.16562045079217 2.35866076674736 3.85624743329741
1.53517340154218 5.52694786294677 -0.186676621086815
1.75846213578379 0.0198927718876911 3.39424536909845
3.1290550987716 6.47250943551622 1.08556566010211
3.19914971300072 6.75379215488424 2.68037913695896
3.7415395013819 1.51987632501349 3.17984076289261
2.50912989355526 5.46313407818145 5.75983763304474
4.44186348543649 4.7035554470019 -0.103031761447706
2.36802485063351 2.3083751235922 3.82201591360898
2.58440372700455 0.549010053314535 2.81941813519291
2.85420853753568 4.04112426754137 0.987820848123353
2.47309378011739 1.45135270701528 3.43154238921849
1.65471603147833 7.49681826371244 4.6653032774513
3.35089731108871 6.89599306982271 6.46511475208809
4.29375786232977 4.98362403094992 1.59243095905565
1.07409532118519 2.90047942348187 4.1135910459072
3.32739182169223 2.82288690151809 0.478818246178273
2.71609962433497 4.05863136111804 0.00299655047020531
2.65079746799003 0.496803198193743 2.73327901655849
3.22815291252987 1.30490884301729 4.60524478003185
3.16837635597686 2.01641191720501 2.32161360426538
1.78998632657186 1.0834609738666 2.52587626094047
5.27242007893079 5.84905971950728 0.387773616175937
3.83084550665111 5.4329774857405 0.62355782577747
3.27460097136848 5.36135574668401 -0.0613082155802295
2.11028048656442 1.39731508380128 2.62605872026754
4.13422866005314 6.61236737273268 -0.668646340809351
1.62515933682266 3.26491112834447 3.50781009250068
3.37410865626634 2.9367899134308 1.06246231468735
1.5365791420405 6.23947765589773 -0.180057069776637
2.25781326922319 1.64532183680094 3.43275662267199
3.29221767255958 2.03104905630882 2.53183440621711
4.60765020313123 5.45053948488889 5.49703190898177
2.45320412576286 0.00372442384994098 1.87509249375384
3.08066805224737 4.24851319485167 4.36572570952417
3.94033823564637 2.1643304598772 1.11696719826579
3.49708429984043 3.09865514535821 1.47412141881081
4.29375186565909 3.406563770651 5.92244067375472
3.75081202521937 3.18318387262452 2.56090250796685
2.05014449168982 4.9182474499776 0.953119839833217
3.63903018435831 4.31578300177437 6.06405055169556
3.06374305053053 0.472256963872205 1.88653449154257
3.49798279538259 4.89641995564779 0.461937885446106
1.47506115274051 6.16499195930288 0.117942489640154
1.97649114430142 5.8530856566873 1.6690599436235
2.02643448960229 6.7112296643806 6.20161479042645
3.32878441911089 2.85860831036901 -0.588946905357188
4.81188609619942 1.98668444979103 0.0523587361860003
1.26820583903114 7.30954043830028 -0.477607963240781
1.03803556252201 6.82985498631876 1.9361862496553
3.8281332714394 5.90196893486861 6.59750216642054
1.20740943915205 4.818632305259 3.3781948185296
3.40714633111685 3.64535541286058 4.03701990971314
2.36176116997852 7.48537925780526 1.14371328011044
3.24863471697053 7.04575726894968 5.51381209948043
2.83210046691685 5.3209959309221 6.10653296595757
2.82876263497105 3.78195668091376 0.456617055632619
4.56570076120772 4.21778249429566 -0.110414637878359
3.91170336593012 3.21906444007547 4.07702240471355
3.7459996141678 2.71643605084236 0.100969784116196
2.39207692395417 6.21088346114175 5.75080729949746
2.18109649520408 0.601278671245779 3.37220460431842
4.52712147641406 3.27095412288467 5.65749022076077
3.81384755315769 7.12015224531843 -0.257691630718613
2.87008769305708 0.837628548411803 3.6110250768123
2.84228799736672 2.72828988942863 1.62073283721743
4.00134538936651 6.74114261995326 0.670238169648487
4.47201272794287 4.92939201045206 5.13676849633416
3.32199332756348 0.320240672385541 1.9001668441816
2.19657916832452 3.42747670476071 0.64124178096298
4.71431395931974 3.19724717042137 5.1131285727665
3.18334940458615 3.74500893648578 2.78300170996603
1.57037351735813 0.291618122619608 1.74158505163246
5.11768103307833 5.61127521058214 0.221005960471057
2.35091241494558 4.64054600677548 0.690377721780976
1.4398442078305 2.49043787884592 3.31783589798827
2.63078349642489 2.83793156312567 0.199792746658432
2.32535945081513 5.18540844349097 2.16058169303524
5.49976360987648 7.18345280476768 -0.318874487204921
4.32609221587817 6.51502101498357 -0.0559577081560052
2.67486913204961 0.35988247282512 2.30785299761246
2.87772727489436 1.68317364542158 3.43557662255295
2.33092679484446 3.04639727580129 1.90024353598582
1.68867310148988 1.65844718634798 2.04345743693667
1.37847435961717 3.1719096113324 3.51016479401725
1.93942956864845 3.9646483349047 1.136615377964
2.4621827723068 3.59473448074724 0.383296023362633
2.32744884299169 5.62165594590911 5.33484636953736
1.99032885464016 3.89348528316333 0.581687411582823
5.6886730617251 6.80577494068556 -0.975959183944559
3.17960651969669 0.830891596622083 2.76181172058736
4.92582760875299 3.32585714851339 2.60776358504644
3.33577544551922 4.56317291256422 4.31000190427228
1.61030506241049 3.4343766702639 4.25407011408125
2.26519106466707 2.5774424018274 3.12128873784812
3.96523107299373 3.67310068567561 5.61575537062093
2.30423668809876 2.25872619035529 3.93549095649825
2.62896833646113 2.33789484989598 3.51794088486007
2.56556624136063 3.47182594976337 0.788482844727993
4.45989415889438 6.37199513015661 0.140534903861598
2.04498185048586 3.56393957360898 2.31648957343638
1.6376783740315 4.68916877184633 2.1515401639896
3.64232530719086 1.83429797999297 1.81168081675808
3.9928614428288 6.2938481611272 6.09158548084655
2.45990720885912 0.214339852816114 2.37180044979845
2.8485333654822 2.31637524683125 3.29837663669496
2.42491891768103 1.91560866125548 3.10959189536376
3.06582026515322 4.98108897921032 5.08491297790125
0.890138060511108 5.60673189622481 5.25793598957515
0.127417271923971 1.91952090817649 0.996007790934495
1.99111182861703 5.35180500522666 0.416598893992997
3.86367860763071 0.159009161634429 1.7543007927468
3.29178227769757 0.304497506984309 2.89096397961208
2.15301872327099 7.24738606150338 5.17785678120198
3.70868837021119 2.12704076030895 1.40607001902258
3.00254486706808 2.7919829389888 0.908450519485319
2.65856483615613 2.2266960839371 3.8612211479493
2.04622239563274 5.63205240952171 1.25526681724685
2.72574866086543 4.47802255620092 3.38258136663389
2.72249856686658 3.82821455005481 0.274846530521797
2.09940540806925 0.02831324094584 2.43436719997311
2.30572511538833 3.80722599270016 1.19761238858538
2.47605587756318 6.22254591373192 5.34426035931822
1.44788393832927 7.29796711583569 0.83183472297395
4.24607153415943 1.75026435565207 1.51789041899175
0.472603953599952 3.79381403026303 2.79112561216852
3.42227221711057 2.82362413990199 0.285421311871405
3.05334112597036 0.863452727303656 2.2911863292719
3.16322390632926 0.822656998998397 1.92465443230755
1.68399360316657 0.10116338579485 2.24555109887921
2.23335626370048 4.52679753616504 0.659342106301614
3.47215636762732 0.053747970378506 2.18851481146624
3.07236036753131 7.34394643809896 4.64622741516258
3.1802007931506 3.80864963384868 3.22805058675109
2.60667873326922 2.25896204937379 3.10229039588012
4.41632823629988 5.69839063596972 5.85121458736839
3.93008129428896 4.65618488981694 -0.407507732920262
3.20482520212259 4.18551337019246 5.38495504288849
3.08759473706807 1.13970590153616 2.78213444605948
2.75083172480489 3.50385729471517 0.195820236002736
2.14742393114557 3.81475256088577 1.59179531607262
3.32725553201391 6.76402858340231 5.25080531033107
4.28698820482973 1.63912848379729 1.50749570850956
2.24004112618412 7.16264132284816 4.77792093380857
3.65241198191571 6.70653131495311 6.72518247663703
3.23174230516827 5.91706954003157 0.0176255262573945
4.50585149264607 3.34402642369826 5.68649779554773
3.92441506098165 3.71643793633846 6.20086008659636
1.98259642129263 1.79805802573723 3.42670982038058
3.05460785277327 4.58962355022843 5.83310033599588
2.50371998185159 5.09491081223757 4.33957168739784
0.424594148388144 0.00182288202432179 1.98927171979648
4.45873717298551 4.54129362658366 -0.243862272849737
3.04361249887633 7.31831939226806 5.10366400685356
2.54795921231053 7.05084950753652 0.111707210568654
0.57136399691823 6.06390725646392 2.85203851430672
4.51751790688875 5.19945607409467 5.57978998853928
2.26172914078968 7.47457500234687 1.10308638694768
4.46546893070807 2.03257343734684 0.34753490573514
4.52873398102135 5.5653738042132 5.81919361595593
1.77461708889043 7.13661420190676 4.43149499594901
2.77359284936522 1.94644885831476 3.95912751098565
2.08670732026819 4.62948264111701 0.658989546876889
2.78268951738178 6.90189051709933 0.409592508431371
2.94328969303706 2.35401606349262 2.68955696181529
1.4276654719265 4.57766715485064 2.34716540421372
2.94352107920285 5.83384986323711 1.11089005664127
2.77722166515284 2.31480586266864 1.80996102354577
3.13321994931747 2.78503917777863 0.609297647726864
3.83946501306984 6.08984770281525 5.12943942318289
2.93007650556204 3.68218079499299 0.262281433507793
3.9836612617792 3.58001335938662 5.49017667464784
3.68059962423322 7.19794645435623 1.64565275929527
4.59616854052219 5.51350979838241 5.73285660180716
1.28479044629783 6.09274121825939 0.929851760741992
2.92145204206492 4.44266919236011 4.42398555773638
4.06141406817905 0.694752268930817 3.20406935010152
3.01292225895378 4.41815831653081 5.38594259069181
3.10985982417217 2.26547224673246 2.14176679827699
3.94455284674384 5.29465411528872 0.376028669117923
2.80058561875078 4.74118181191629 4.88444484257501
3.11376626154592 6.08446327538258 -0.439750255757197
1.7653854189596 1.59312680327513 2.73954513614793
4.0468154860373 2.09140224590063 0.289078222905212
2.22080742113591 0.0843380852283264 2.78852482774236
2.43049907549436 5.46112728717768 5.5273599884484
1.73264928385072 3.74829049490882 2.63564600686111
3.20343564838471 0.667985176794535 2.84582542031897
3.0622710045652 4.65531478576248 5.68196433064053
2.83956633318833 1.22568467766825 3.7347014656796
1.74426633386253 1.18368571874369 2.00791532157129
4.18760847234955 2.92911001258058 3.20593738597044
2.49492449883491 5.95027588315033 6.48266545863918
3.163312050656 4.86567161036558 5.13896564084748
1.54520441988801 2.19097144031799 3.1533835794492
3.06760690647306 4.1815089271275 4.40110931991064
1.5629639455638 5.79413846229168 0.941767710187168
3.33353718811529 3.273405667957 -0.0609385286681492
3.52876090788612 3.83642483038025 5.20964377917246
2.24633309706897 6.36668874250634 5.40164448452068
4.37331335234078 2.56657196885894 0.716526186301724
1.40673747464359 2.95577367450805 3.90978477072935
3.73647574124007 0.847420567704731 2.76440787403019
2.10395136197752 2.20173537400171 2.80931663958102
3.62919793033556 6.28990694535476 5.71542789756288
1.81589054022061 2.39750039156367 4.71591241222493
3.60854817500457 5.66536503335999 -0.613522988642537
4.99113278969566 0.156978665276048 2.92994875159101
4.10421683894474 6.59744467832735 -0.0582580626019687
1.81518678392841 0.38095911916337 1.27665449321023
4.41895754440046 4.46396596834887 -0.788790648758547
3.13730850582825 0.431822085866969 2.07286019701266
3.02150281669219 1.83901848249727 4.32780810832145
2.61978753636159 6.27938587948864 3.35595066101605
2.94775433898197 2.16683615004686 3.40387638314898
4.39110712624673 3.29108908007717 5.13124214324319
2.85447662856415 3.8505148591938 1.27827309758833
3.08537323552606 1.63714788190836 3.60173826611934
3.60240273561219 1.24584982859624 4.11248472113416
3.67702088547895 3.58987340727501 5.72470116443429
5.91119713828834 1.63697579562864 0.6478554339211
3.9779771144874 0.858913271112795 2.88855470009049
3.06144311420981 0.299308614330936 2.79651358754986
3.34509470213589 1.30452988143758 3.51702618851383
3.73153748924987 3.91441356200477 5.72376712581182
2.22902396280898 5.62778505396074 4.49546763929625
1.94186041689249 3.9425824528361 1.7463831419438
3.11989817077142 2.38349921653684 1.65442907722821
4.85539828429204 6.24338183837919 -0.0169025720088527
2.03964448945902 6.45317593152508 3.47343267650815
2.68187532201445 0.0737406154604239 2.02025683769196
3.56601414226284 6.2150440783918 4.62750104295076
4.01959750331022 3.94316513494578 4.36331037602272
3.61614157236212 5.42996582854862 0.257201866584674
2.36956528583089 3.99986808919636 0.149831277476207
3.65017142045584 4.35515554611877 4.79645416206041
2.07933732438046 7.40879679829568 5.59999217944048
3.55020071405015 6.72986846171906 5.37047301958828
3.12936214412002 0.487477556060109 1.71556895930966
1.7487111689425 4.91275772684226 0.297287239534613
3.78582691777832 2.16979365594757 0.566936470061757
2.88195407624123 4.25077285357614 2.39882562612708
4.972852279137 6.81251457433605 6.05292063862372
2.55715220529003 6.31391050347503 4.51044766993812
3.4173725223406 5.91052264410568 0.48058424363038
5.12161934113283 2.67183339989661 6.124054257797
5.19656338760425 5.0941647141266 2.51394556380445
3.27556440402534 4.88527271834914 4.22144494434427
3.61480638497062 0.810273413935835 2.78058369564209
3.40854887142564 0.893682651328477 2.99085031229821
2.76314326420718 5.79302949056771 4.70455098212751
2.57282817610615 0.953135178919477 3.08849914014409
3.73917898869374 1.03173605376255 4.82572635564266
4.82301649764853 3.39790464879422 3.0319726826795
3.79769608068462 4.26529632999478 5.37820037386835
4.8236492645025 0.985932774540412 3.30697179181424
2.8257146806952 0.114922609008181 2.2470766814957
3.34586502689811 1.92464955484938 2.28832426015539
4.48722865090486 2.37251359875973 0.547007024001083
2.81827132159316 3.11888019017751 1.40753145563426
3.10331602083051 0.905519354938896 2.91609191243376
2.67451021837267 5.40097946914773 6.26644874563503
2.00655241869139 2.38005054395846 3.15799108972064
4.4375726983187 7.07718527369903 2.35809325922782
2.77576956606987 1.10759084694326 2.67991454075089
3.34051430705082 0.31165592709567 1.78890269638026
2.65427022446639 1.43114407203562 4.28081155082186
1.69553123301259 3.2572332651306 2.61262884980886
1.84260746330591 7.38326243614693 5.06202293469782
2.92600510205447 5.8632981988854 0.690784120345959
3.27132695356047 3.80951286819022 4.34542680520071
4.00682220184896 5.56654758433868 4.73204505467444
2.7819596121141 0.80268812028718 2.70521147911008
2.29143329901624 0.919956503264448 3.61203307179751
3.2276737750166 0.452224069039191 2.36428276061857
2.2569170801907 1.02773440391004 2.13396101795687
3.76722455025293 1.12746523860498 3.35719259781394
2.91541869162248 4.54994696434537 4.89168100953286
5.11314642190528 6.67784731605197 6.37523260073641
3.38241474510015 0.737419621031036 2.81088052906769
1.82282302960033 7.49777161260315 5.24292157681891
3.21310796531615 5.90267056683563 -0.46970516598677
2.23230074451356 2.93729958994046 2.216135911357
2.84677260017457 6.348847823362 -0.186842616453062
4.63468341619726 1.80027275657819 1.56082096837196
4.53168227534234 1.95431754796014 0.837722228938879
2.22715106338567 0.333653550961865 2.26414841021211
2.63291320504527 0.656312784909498 1.89586670404102
2.69016300661745 6.94217015407464 -0.61789054285334
3.46075442764499 3.72755726939902 5.58639147394347
1.94235395340655 1.06692620009864 2.7020476503272
0.494874191210233 3.56527188950042 2.14105641682772
3.0409326075476 6.00382143674401 0.95399391464242
2.51061715474331 6.78997803916024 1.95464986413329
3.85519395948254 2.99592449318023 1.15553506470928
2.36484942981212 2.66586402250314 3.34200273697877
4.16918162120598 6.780613618875 -0.869621062414187
4.44700371075976 2.27646184393409 0.0169826244741267
1.88739872269374 1.23747652867675 3.34538013753658
0.698928720016541 3.00770741108188 3.07236926125084
3.46224345368716 3.49182655957836 3.18433389809357
3.25922419392045 7.08988600528444 6.51399125233334
4.21087572568611 0.244294352441656 2.62848833515645
2.09794203175558 1.10910354251664 2.9725263816619
3.75353173358639 3.96994944276504 5.84363561819043
3.95782877478236 3.4713300514658 5.32562720833851
2.16371526386279 2.49676443328567 3.64980472476141
3.10563842960566 7.04323098216655 4.23244787043262
3.64800079491381 2.2562838709202 0.924592004639291
2.53820356012502 7.40970906456423 0.672993626327141
3.4858227428499 0.334838861277426 2.03750425172739
2.88690351876081 6.07380608177347 -0.411165064824647
4.43476293064526 2.41084416134586 0.413558854099288
3.45819699117984 6.58438079512391 4.93359057384738
2.22130033548306 3.10301023118607 2.46379298157449
2.27430933795395 1.02532583262635 1.75629121963012
3.23167606110229 1.04810887144513 3.08191651684697
2.76016749518809 0.934158330901071 2.81537132492902
3.002961383363 5.08315180744232 5.35489061930685
3.36802347867126 7.12640117403275 4.95268115251307
3.75105047552207 6.25842658981811 5.54310266180747
2.41600212838649 4.32865950642059 -0.00173457562989809
1.13793322729022 6.76471038697874 2.10223138036093
2.16521538195551 4.73757227682854 0.771683323482967
2.60514914904949 4.74860073406203 4.49628304721287
4.89065877281358 0.406130079120845 1.91321285957383
3.24455604874204 7.30968480781207 5.99675496222239
3.63384949735748 2.28982168015601 0.484188920321383
4.68502550389552 6.64448186095949 1.98589898636607
2.82402791744282 1.69636943424836 3.69309152149998
4.34419083550195 4.2859174227758 0.320913210601164
2.99745147550105 5.75382800706199 1.14825020139531
2.01590159671251 1.79796658440503 3.73474154351677
1.62941549240087 7.17508320230589 1.14787137324181
3.58628903031962 0.688770585541669 3.30098534452873
4.67410242071522 3.32441151842498 5.67158945697338
1.84735622722059 4.05130144686614 0.962448133072304
3.66429727017304 5.15832102826812 -0.362738491163147
1.90535222202916 5.23203972024619 0.816174303916748
3.66648408189494 0.570135349392002 2.28667958388569
5.00083304664604 6.62337493588671 6.72276415042183
4.20690497357478 3.58162394623423 5.74642238021069
3.10645976853226 6.22284324769483 -1.15469695731573
2.58091778840357 1.29073516214487 2.85563353931619
4.26477580697318 6.77509086782903 -0.388780323354789
2.85403828229376 4.0488568525888 0.278525351294995
0.918948717344288 1.10350578381453 2.33756527755729
2.7693895053163 3.7328399265212 -0.185138114498201
5.4050958038599 2.735585590117 5.59785167416004
2.37945037124611 4.82444195249324 0.47230180390419
3.1370578911634 1.64975985071663 4.76012165357787
3.27847132687216 6.12654210113812 0.926575547835263
4.47688453223879 3.56489207580786 4.96733769655489
4.07435294024578 2.360059824599 0.531370320212145
3.26901232487584 1.72370040980255 2.36593783745123
4.12966650115293 1.63206787187664 1.8437787938012
2.09536079967363 4.87199243003413 0.971528930075332
2.38519478508933 5.941268357666 5.18442060776544
2.68197059206992 5.85733733547444 4.73853287058596
1.22048491832592 2.64035971168984 2.51259600794293
2.32157994692949 6.59084601696549 4.90220190787817
1.96270313438163 7.29610277380993 5.33877578198812
3.47595637010089 2.3663411187453 0.676581871379608
3.42960466207653 3.02294580501723 0.324107854395514
3.72753429285773 0.43825869172478 2.01998953951531
1.32459398662729 1.23597692874209 2.19368193225132
5.02939729207784 6.04430682426423 -0.431824001746673
2.51868032897685 6.59171914740845 1.88847098163683
4.36323294533185 1.46753528479864 3.45434533626147
2.2460847571508 2.48305240509534 4.38931288678808
2.41171624385002 5.42648325664569 5.01072040659516
3.6717495400998 3.06653283979772 1.67299562818042
3.1960078881843 5.18269399368841 2.39200143882403
2.39576581454021 4.01833226618425 0.534136488258853
2.73525628209947 2.23398464527715 3.29610909551266
3.99396189132168 3.67121804028312 6.18278132597588
2.96786578860525 4.44025450207988 4.55988031908274
2.83839667293575 4.26678921297727 2.33653899296959
3.03436810898189 0.131699841848274 2.05081954173482
2.19797089997451 3.84338529300288 0.517559028583385
2.06601544901777 1.54590455103188 2.40389139440619
1.45464966474197 6.27384404700551 0.320578749497126
4.25309411719904 0.652391369129543 3.47083773081493
2.11036609287462 2.47540279130327 3.95998195241982
5.02264374734578 7.41565212020888 1.02146239669318
4.2462877376974 1.54574176647106 2.43271689640856
2.10540695237336 6.86412224147919 4.98217826580799
2.64288773278261 6.06446945895235 4.96025955144802
0.837563613197791 4.15916546471165 2.72908649571871
2.85523504096695 5.38273799315057 5.20582448040005
2.18006952394189 3.11875514369014 1.8874320284259
1.37005223906453 2.51895858945916 2.87306082128594
3.54768403641793 0.0836017365439243 1.0852322677492
2.80274093918564 4.11569271292115 1.27336669249037
3.2358468857811 0.436013305238376 2.18269676539359
2.74858491680211 2.83016396916039 0.883314801101728
3.11867120527447 6.34366268320637 -1.04426497087548
0.694112020178634 3.73822604405314 2.22180830150794
2.24374169093281 6.31741932340212 6.6110819408222
5.26112439491673 0.443978564012675 1.54613697622026
2.74320474946651 4.46897266196013 3.50574572700414
2.86695464990925 1.21242048881789 3.32346054486361
2.29449438730173 0.540281876542678 2.04257042365594
2.58667624527431 1.2379060543351 2.45137745719749
2.74851999327668 1.97915848748724 3.7272045859336
2.28667123566438 2.53543245011903 3.28889033441367
2.95384975407765 1.02139986454143 3.26153311616561
3.17689591609374 7.38313494987276 5.19499635419776
1.45602697622423 3.92015829445949 3.08581841686197
2.2556730909718 5.81856505559804 6.591524145852
2.27058414446624 1.33747970393141 2.61345505196915
3.75182060181284 6.04897311900959 5.75145516760176
3.13149516167163 2.59920086347245 0.791069768521156
3.00792603730949 0.594871015722734 2.70305096847073
3.53611922350951 7.26717587854853 5.45871713280254
2.62682207632765 7.29615996294703 0.678331009036422
3.82383484671955 1.7696357669511 2.08298609435726
3.81569453332775 0.682538476527258 2.7379618085995
2.28733638557303 2.26661060666239 3.97482861546483
4.07202716029781 3.18893091303024 3.81307954386183
1.81874582068203 1.74481018193517 3.44335684397213
2.51195238729777 6.28759925344707 4.34899118042777
1.90434064389996 0.977966117729762 2.97748859553048
1.69404171466955 6.01760000218339 1.40422173005376
2.14770345382407 0.157742177397666 2.19743052661564
4.02756743283699 2.2449810138594 1.00025973353931
3.88148090992761 0.451350522916439 1.95086430952511
2.61150545188923 1.29138285506279 2.7284126904111
1.91380061844283 6.59829978497768 3.86441116643822
4.0306964779135 3.04798152891337 2.91622039112923
4.22685820657875 0.214132955301211 2.13833686411954
2.67190713698529 5.01395834336632 5.29977417908631
6.26398354735366 0.235434382233229 2.31297021733656
3.05804845302424 6.94032858172011 -0.21310941920838
3.29365122090875 5.82167777915375 -0.665922869982402
3.30637550286772 7.22480172131458 5.9179693586519
3.13565817483145 4.6751415436559 6.01490124818077
2.40320918767601 1.30194002291401 2.26362187034727
2.17771084686896 2.4260254458655 3.88125110458048
2.3193875212014 7.0493226234163 4.28316919732615
3.05066104674211 6.76696935559099 0.278164897920818
2.88035526106043 1.50038189586512 5.0527630763446
3.07193515650449 4.91502620725658 5.72302168560784
3.02103415600512 5.1884170269417 5.17147582291749
4.81423029071028 4.64037139687349 5.1308149608468
3.0565538153743 0.41825124519208 2.91191320184459
2.38069574417062 5.14325008767038 3.86511386140501
2.54700851899846 3.53807171665997 0.373126634654085
3.2743683506994 3.89029704347999 3.12050518397806
2.28213920497665 3.90027777773536 0.542094933916979
3.86478369659951 5.80659207653706 6.01026908359736
3.01337875937623 5.12656377467068 5.52153720384817
3.32358523554016 3.08077939430246 0.955518318660751
1.9669650839905 3.74314200155823 1.40091190586297
1.91986714391077 3.66570960738848 2.29694234464138
3.81924953832613 0.521961554548551 2.71581915300153
4.53468785911296 0.698852478203937 2.32254425410301
4.135313935575 1.26863967865702 3.22737357223356
4.02659141491862 3.70210644689826 5.801027459563
1.5426950799856 5.51176690447809 0.449283931710158
2.68786308677932 0.746798974113824 3.09492357901236
3.69811966811452 5.44069389816537 0.348880418176715
3.6896601787223 4.22115143364188 4.79325386804013
2.93918729703079 3.54153707383676 0.21174783104968
2.37095988780995 6.5936760484883 4.70312666828986
2.63297504944746 3.20144156085382 0.716875558539565
3.71228808151974 6.58749128092233 6.78679535689128
4.25844771338441 7.48160085284988 5.64141465902313
3.51179570500134 2.50542131715466 0.600529216355848
3.67428817933447 0.485951248935181 1.84305714419778
3.61202943645762 1.7210635229987 2.33161906983078
2.9818117252301 5.52911503319428 3.06113042993516
2.02128291297445 4.16149891833838 0.463442802593058
4.57520787097854 2.75156198500451 3.86160366951372
2.56593045440417 4.73426296422099 2.29777432305104
3.30277346766855 2.93101867261537 0.0569455385284698
4.26687556316654 0.759321720297094 2.63673100386587
2.37469667257961 3.58280868886289 0.778718142859968
3.04659863519558 5.32921972219814 3.18483103946057
3.29531769863841 4.89454502327186 4.12509816234995
3.35122678075744 3.2403430342147 0.170611462817314
2.57616084501358 4.57587982716788 2.40573798830533
3.84369123441016 0.331506358141786 2.81006666931821
3.83561828959499 5.96967591280887 4.52090431769657
3.07379742677088 0.340668180939751 1.61406771148975
3.5558043591372 0.374135954173346 3.04713753308102
1.6172629470518 6.81001167168151 0.973599749414303
2.20325223730391 0.951736276019065 2.47318127569194
4.30944359965677 4.77310735789695 0.476613820507051
3.27884841235998 3.83593136172925 4.01566319912743
3.35458662853962 2.4088741965789 0.528619864615129
2.44436731499419 0.674700330235868 1.81850681729595
1.08836084081225 3.75306228287572 3.17493807265592
0.963075687397672 0.618652407099003 1.47674448672701
2.27736201521216 0.639369028950926 2.03406432634173
4.55636417962792 5.21542815838702 5.12412232579075
3.51085853153832 4.39030538838843 5.39981767593336
1.96674517754752 6.44865317017755 3.69019783556826
3.59734342865359 6.20954779483563 4.21374561429769
2.17344172985549 6.47561016727871 5.63178273698431
1.62658061021415 4.96288868094259 1.66167821614938
2.68920428079745 3.65941511238921 1.03266762516092
4.15888400452056 7.24663093353758 -0.889056408050641
2.51795470496813 2.48450718541319 2.73830509157966
3.30241263863914 3.292419313047 -0.323450504480699
3.42379863500217 2.5747199077957 0.603500188277977
3.08038472416774 7.17172476943044 4.6259561743938
1.75645358908764 6.0383690240805 1.19173899928547
3.7079805633227 3.95834056417931 4.74334299651393
1.05981376986227 2.64817770530828 2.38572333239909
2.71745086136186 3.48737310700607 0.641691736008907
3.548783794227 1.7388983272658 3.23647660451269
2.88765263852958 3.93228751177647 0.969712553609943
3.74729259282065 7.00580780617513 3.5174735831436
4.42079965959538 1.67322537684063 1.60136807695742
4.27344068100213 3.09881643567383 5.37242643067459
3.79639185854784 2.12764115593107 -0.177259767785472
3.31064545392191 2.40821447561704 1.25108099655674
3.99369101009696 6.16150199814318 6.02548235268268
2.87799888298273 4.96850165156268 5.17759110578716
2.30104579491562 2.64552237087112 2.58442954738687
2.30488215321955 1.95699789010618 3.71365425481768
2.85741020629694 4.02370616558771 2.04446863435974
3.68061491464101 4.26532948910644 4.18235892743386
4.01490447346573 3.26899418119751 5.40444632941372
1.30251793479431 4.22287880941296 3.6504549498276
4.31209275874299 3.02560463590615 5.33729195961105
3.42282974259639 6.37544177223442 2.32715211837352
3.40773977917413 0.24906750212204 1.92595958636304
2.5734247251531 3.09333584377934 0.677343636336475
2.32049623452266 4.41966731861395 -0.231790379405544
2.37166101531973 0.869389869566997 1.46536684612624
3.17095701299157 3.8319352968394 2.81116570061991
1.6081185769847 2.76866072617018 3.98394231285909
3.46055915906392 4.76629414067098 2.64939067951424
4.35814166089809 5.01426507133361 3.18992628165108
2.66585320263635 1.88386230508709 2.81325772517955
1.94284461556083 0.862233571364479 2.31081244997627
3.89713429106651 1.35559023734794 3.27236261731288
3.14129189385619 0.211113584781659 2.08320985281132
3.25652082859459 4.45967018961691 6.2120653207002
3.38796796846129 0.0817446867432281 1.63587583909816
2.33452933573338 6.63142277180701 6.10429911741818
2.79905580996506 5.74100210443625 4.65749817066251
2.57203786408556 2.79588946858149 2.80022725447427
3.30528400144231 5.76478711203619 0.693194359752113
2.23514204026046 6.74808637784647 5.22174850732546
2.21065666405392 5.24060025654983 0.975323880939222
3.01170263418985 4.80618222663855 6.18475041746283
2.93909512499767 4.93053007604337 5.63628610980081
2.92395848922833 3.43992591660982 0.409232830924835
2.9462109945165 0.856508203942724 2.61070646613678
2.57252640463716 5.78843485783744 5.32873160348269
3.14386328323844 5.36657963077953 1.16269803197843
2.27789873479674 5.46482185191809 2.59625687651075
4.10717393118971 5.72870426379292 6.14856665422082
4.34219732515977 3.09296695959116 5.02174071324395
3.46233711213596 5.90900735103566 1.04260624733234
3.36310195130389 7.29263983918858 5.38644209360922
2.50689789228079 6.39074926864676 5.21414141046866
3.97001224121597 2.79933776058194 0.344113986791351
3.53468112196337 5.21103001220826 0.24987263758819
2.79383539261444 3.30146542343869 0.34337745129865
2.85258692562712 6.13686773261867 0.823777931432056
2.52715174564166 2.57491669437185 2.71440727497399
3.71667667107286 4.78711577560874 -0.0764625577112689
3.54296977204386 4.89131432033003 1.40126456818733
2.81726798601305 6.75611283926696 -0.173755317888726
2.64856499303911 0.175958568621136 2.54906778937755
0.899415580709079 1.53118948851132 2.26926977679684
4.08569599558562 4.04526451533325 2.8981999732259
3.79300666659517 2.81076563809225 0.427253420997725
2.94415909015537 6.91266289370764 -0.377171349612716
3.9148139719253 0.97039395726756 3.31363094406905
4.19051926167247 1.68739514802285 1.78224522039046
2.41373454552233 2.10991423889092 4.15121518802924
3.43112586333611 1.58305415748835 3.83692153589952
2.93172822896442 6.80505984182954 -0.435501435453381
2.05950650658491 6.92150866798948 5.61091824877305
3.23350507035951 2.06072545848342 2.88779042774982
3.55946032637585 1.14690426113558 3.33061364774634
4.33401002828323 5.24757840328132 5.8014786403436
2.96765875407279 1.13852972819974 3.64357024395999
3.18645458941661 0.599190725486795 2.61161551315589
2.87606161599518 4.92304192432706 4.70962424787202
2.28658975064772 0.832387846536181 2.13811233790895
4.67431550511933 2.14678897857155 1.03347585133648
3.36982123542843 4.17273797275169 5.11702483870898
4.0044011793748 1.10690463660659 2.41778020408449
2.20009982290561 0.784000015996995 2.67177634922138
3.00521923857141 2.55910079031548 2.11547968847835
2.80274146138061 1.60556450196246 3.79041232160725
2.44605256364497 2.54517952947926 2.17450211593091
4.51489882664474 3.88797717455819 1.01999025619694
3.48911815394273 6.55804431160861 6.33231922885087
1.59147541930882 2.86679570412249 3.7033000638314
2.90657917459845 0.595125232520351 2.39930877331614
1.25777226071318 2.02745879701064 2.45770597574008
3.29806689859345 2.2846437078904 1.41850713248123
2.23208471912723 2.4845917381412 3.83182828541885
2.40157772457637 4.07058759568474 0.0358144989666485
4.56325789249339 3.99677399561397 0.744347882246661
2.75606030514105 1.65437293785913 4.02719262699261
3.55541657309809 3.75503629262792 4.85491738232611
3.3903296480705 5.58075358693978 -0.187272750891483
1.6964493391122 0.860412069470008 2.21721322249247
2.4216484765582 6.03540352657103 5.52861718633452
3.62996602542395 4.8994005312865 0.0749136010368305
3.6536285639496 5.41511736228557 0.317206664857933
4.15040915001257 5.44379740487613 5.45532879565196
3.354363704819 5.01758946214071 2.4340737180992
2.64197520245216 2.72247562473484 2.14271142512988
2.61528017331108 3.93340735656172 -0.298310359493154
1.99909925244156 3.37939246740421 2.2133952867235
2.96315577093152 2.6429205432662 1.88433505245551
2.80921731749716 3.08144343052939 0.25556853706881
3.23837803512982 5.25165683604105 1.4686725329126
3.8523079090257 1.92669940086292 0.978561995579917
4.47915643595808 6.67133276086972 -0.0868708452802895
1.69322775628614 3.11666119885473 3.21328334393597
2.84527189665702 3.94368093853463 0.538882462309102
3.44566558972237 2.56798734791917 0.255121051602716
1.59055762470085 6.04395026428665 0.0995670257168288
2.36291923936393 1.3944609989185 3.08593010157539
2.31573123738933 6.29347000402465 5.86380602483037
3.11659661311659 3.06038756388039 0.635281649026297
1.3074635795892 1.08522227573819 2.48045719992581
1.71271620611838 1.8416859699466 3.37469681348815
1.33975485577688 4.64220248624389 3.08792017197031
3.65908173512681 2.7052882040146 0.0839295218292029
3.916872494881 3.77369287019124 5.56407017360456
4.35723535161176 4.97067204643265 2.90641691210203
2.49900390842609 0.353623887280613 2.62913064765374
2.86055608108585 4.10308075866056 1.77709995264931
2.24597025415203 2.05538267034939 2.70598511830435
4.93940689755635 5.52631551760678 0.633717845419364
3.55012885348899 4.5932980459468 4.29268051761324
0.996791530500738 4.06413618132657 2.98081288041864
3.10190498149681 2.05762643036779 2.73863800760618
3.50776756712719 3.85495628838132 5.38481947930298
3.01478908287008 2.11400701900712 3.21500797907661
2.89081565245525 0.0449756902244989 2.25003103071179
1.89571464757334 1.53801797605209 3.42133591061456
4.07912092573335 4.69290861755862 0.938407959747682
4.47264721399725 1.04081022182115 3.88763099729874
3.73570379413226 2.94280607117468 0.665112405942738
4.37103885910651 4.09501295779375 -0.150034662073352
2.38053042764164 3.49969123969897 1.33071230816282
3.57006850141551 5.9997806840859 1.52112750723318
1.19023523488791 7.39805234067771 0.90253511268042
2.18456792910577 2.25688100976711 2.64508114336699
3.17967462188172 3.76455574638459 1.86170433131076
2.08985500777782 3.18736514434152 2.24702402864924
2.64232177322061 6.53552446402028 0.0274747143441059
2.43218961573353 4.26446766057179 -0.39619608007908
1.17660947697695 0.469382742836375 2.30554469290697
0.042219776982976 1.97325143595575 2.05440140525374
3.3559997072228 4.71168295277387 4.47649136678091
3.47682449652357 0.490099634320059 1.69494054481776
2.56581559531109 6.96021668869218 0.777148383040599
2.35722555597797 5.70401347771934 5.87066624208626
3.26239512079881 2.48337792012293 1.142415636483
3.12474113837731 2.83979871648742 0.0890963851355294
3.15401165202286 1.29237957545494 2.93678862996292
1.68677806473596 4.40890967832804 1.66608389971321
1.62836187690949 5.80799860389349 0.519488879792626
4.51547357734776 7.22210582648929 6.9556124782025
2.0759089800643 0.342946927907342 2.879644699416
3.27901320146676 3.80032245576784 3.91872830952478
3.58944927773684 5.43196149232709 0.222038515921712
3.16601846015782 1.35781638463193 3.7688017925912
3.15017577550345 5.22481791836121 3.28187703912565
2.15976274717108 2.35383532392927 3.99574148138189
2.72678664983131 2.45292807466414 3.20234240245666
4.69476112567185 4.85459196036791 6.12583571361483
3.22171499620767 5.56909252380928 -0.261008318867131
1.13437610292324 0.0361613360652715 2.08587855571321
4.45340424211675 0.313897719799754 1.59820412309981
2.82775268321452 6.4771501797456 0.062539877603571
3.72020273241713 1.60435764748763 3.45012301850488
2.73563601256292 4.10339717569106 -0.122449838795896
1.81691563780461 6.38017649981226 2.6106422350158
2.48631691249773 4.17891619127356 0.597933783471636
0.907807444260504 3.94234021553186 3.97470784711246
3.70679862780602 1.97940065189664 1.58423391772092
3.68665497688315 0.896105405002804 3.02491167467528
3.82110786895841 2.31072419716488 0.357787653995557
2.19855454453714 6.56631527057738 5.2926360130892
3.21205367196933 7.11544014477419 6.22461362844662
2.01971197130262 4.50602755170088 -0.236575158078026
4.02095565019599 1.93165781120804 2.15345909881482
3.45175269824833 4.27974377504296 5.08134164699002
4.11538919384187 4.49769891186154 -0.189871050458565
3.29382964963171 3.94084670720448 3.75405961711689
1.18546663929106 0.244070475042802 2.67453389683685
3.05224839427943 1.37421637461865 3.8003008031985
1.53225122850337 2.55636408499271 3.55545008526273
4.40139641262087 1.45006159996569 3.17677891653884
2.38822617145505 6.48857321391087 4.69968525140804
4.39165382660813 5.85412300518005 4.4698872756579
2.00561753395964 0.107156635347611 2.64487882926455
1.48190188255696 5.34038893997356 0.88154933564344
2.30388132247032 6.33897627803541 6.48505981123228
1.34808089000089 0.409897260578033 1.73069242200433
0.0656671859349265 0.552552359138037 2.10069156033847
1.89892710768625 0.0377822118382536 2.022728368481
5.49087930326748 2.03303660538542 0.528897201492184
2.93537403427889 5.60874872656993 3.246108578256
1.63622678167697 3.78864947863569 3.52565117253629
4.1665423399578 1.66770182609497 2.21079516056679
2.47794558699871 7.11244914703266 -0.0230864370236977
2.35719834445185 1.31567776181842 2.24045014129671
2.9438585725382 3.48731284943245 -0.27823075307055
2.91893175155253 5.47904518325374 4.5094073027788
3.52364742942575 2.77744021528262 0.38249136545104
3.66784485851393 0.22590184092654 2.60500115149435
4.06988163224008 0.0830994016586928 1.6173585218048
0.720550393692524 5.85759125577586 3.90732433157473
4.14820767952006 2.35548723989108 -0.11226016613629
3.85185326755983 4.0808586018858 4.62274456230326
0.479509759252193 0.426973580305127 2.13523986108141
2.81258049527591 2.23895476574131 3.55548567950569
3.72881733548411 6.62985329161994 6.41032110593105
3.99239656388752 3.74477634193686 5.67465600620383
4.18786627588064 5.04037122751811 0.722497647913716
3.16840950835379 3.52871819451556 0.992086825364102
3.85081379752171 0.507138242359712 2.63232070668008
5.28675482364036 5.03303171043954 1.75875585901488
2.79411535399056 6.40754277531467 0.791660983745477
1.31409201989276 3.21564013536879 2.66644379153204
1.6637202059761 2.48099936206308 3.39928862855667
3.16066250478707 1.68045565311764 3.37836822348106
3.61451663397088 2.35514984551168 1.0366213033371
2.61919755477369 3.94552666169692 -0.0615709881690139
2.52295130103614 5.51020296310014 6.03053393786486
1.04927880299113 6.31905085287422 2.16924527663304
3.75487407177915 7.13539779516453 0.715340953222019
2.93765908079979 6.1431449699865 -0.357393766188349
3.40223277876001 5.39743369787497 -0.153286585444661
2.39964413792467 2.45841958890074 3.13301553018205
3.502215935234 6.38522996655179 5.89234511701853
3.06501616135479 1.28474981174059 3.05590571364107
3.81060245859721 5.87546383128819 4.45195294238419
3.39269549395111 0.75715965817165 2.56735311993084
4.94932221685126 0.341474071435471 2.73040543019034
2.99735114956413 3.33140141908556 0.379597080003641
4.27423872836892 2.89653589659637 3.60504216952828
2.42746146367177 4.86759002351427 1.73488587331275
3.76836162193631 3.37354924999853 3.96672751298228
3.42068823528875 7.02541738309632 6.69716197068252
3.78001587742815 1.19673321370577 3.57810630755771
2.32561087898317 0.961368823365915 3.01659710984323
4.71860556481294 6.1780659566483 -0.00633132585139382
3.06485588336989 5.68551783770803 -0.319538262373364
2.28535454224756 2.89654187215759 3.04929305932532
3.42906333119112 1.16184740180924 3.21791499121687
3.17360133060625 3.62586462787336 0.658639863312411
3.18124168378748 5.48642023439276 0.81237761104413
3.13930737943159 5.84838865404984 -0.460428602222733
3.65883203321792 5.64277428156815 -0.298710328143736
1.85048467365787 0.287586597225428 1.75661779555553
2.93819807353319 5.63532801757045 3.03683742685702
2.92584396825836 4.03702940086833 2.22192012066104
2.23044679780468 4.59903920163865 0.297011905914854
3.2579669022031 6.08572312253618 0.486864618698951
3.26929458534004 3.66091761719025 1.90936891184362
3.42910775559011 5.27596282773784 0.437394403882777
1.39819919261791 6.22084207290125 0.660582104789091
3.08505515732803 5.12952519862208 6.04313590075625
3.18807621865114 3.76855477189061 1.76264458033998
2.58949483825486 0.22391739984198 1.94887597382966
2.27207829097597 2.23823631473174 3.12047802153502
2.62016592260605 1.93340076624846 2.99684340370428
4.13179956680603 2.63926064406493 1.49434397365051
3.11936960724355 0.618881102038437 2.67647253031647
2.39187038471368 3.69560750839342 0.94834955583683
3.51076278209121 3.0706914056944 0.989126662979772
1.5234826010496 4.05573825484316 3.48121743534516
2.04597553105845 7.05794687920797 5.08435223143533
2.89648656329042 1.47345505622439 2.97568374220565
2.3297218656922 1.92866375004814 3.56770608273065
4.00479892863741 5.91969038727868 6.63477020852293
2.85725288103225 0.367226076007084 2.96103379122678
0.925784180159784 7.2463061143641 1.73427151651981
2.67886455169011 5.28693115724161 6.05266641420883
2.60548960736976 6.71656322224703 0.906858740885096
3.49924661258434 5.68243824942273 -1.09903076097939
1.90088087158989 0.974358651169077 2.84668834281503
3.45416429642487 4.51848900675219 6.08063869121118
2.2619999220534 0.289554935378739 1.79353513874996
4.26661668349095 5.97184739942633 6.8335715329299
3.24894794198528 4.78938317879307 5.43659067095585
3.86301034156543 4.54150344741722 0.532859161947487
4.02709035393888 7.15525832875897 0.115863467676316
3.04023213614597 3.11023155173551 0.131176223044121
2.92623245290309 3.7793986741637 0.611754286387693
3.99864972495376 6.4862533736061 4.63523216410576
3.47026744755836 0.862343515390971 2.63653373189639
3.68015209202913 3.13579028297007 1.50872101985472
4.88130764104448 5.81603151008338 -0.0987736828096904
4.29783309997768 2.40314120296861 0.430914004847115
3.34369922278308 5.61812951719558 -0.225094967224637
1.45784856522528 0.28893705069396 1.71849447803016
3.70924500319146 7.0728954135356 3.84873014079829
3.56044945312855 5.06026344537721 -0.323718930997306
2.18901891214807 2.41544285089685 3.56388355891377
4.89260620274781 2.4915429238992 2.76558070809995
2.28621692246357 2.4369968845213 2.64474430504644
3.64158836266195 5.31469520136412 0.67634806064833
2.04324978964179 1.66832200953277 4.02284567168202
3.57464567271196 6.47378817810759 5.74506557999535
4.45836661543986 1.46799784094783 2.69402348527819
2.86028982216772 2.24194616182976 2.93746548331156
3.10375423787124 1.21063496705387 3.89001669728568
2.38275550706911 0.940723940757674 2.67868125522735
3.41048614077026 3.61260096923829 3.91694671256607
2.84669430792806 0.469192782098203 2.26093601439139
2.64712789248744 6.18705219799192 2.5230318363793
4.66648646621674 1.74000124359728 0.0740843172996605
2.11970146683627 3.50885145378211 1.38294636727809
4.16612647494848 3.10914942791744 4.55138987220874
2.64341394359357 2.47998615301025 3.60877057329957
3.02713749604616 4.76775204316585 6.17327601580295
2.70089057166549 4.95122970831208 5.84324064530227
3.12175743570751 0.543914201070166 2.19116274292273
1.77499498093092 3.41333049883907 3.94904150104682
3.18876987522149 3.25076691403858 1.26883649448867
3.24356567191727 2.77963015088519 0.142051863249796
3.42308645003406 6.68951469144039 6.17284581880193
3.36020988963626 2.0456928038706 2.54776363060213
4.85048268490297 1.3037827970402 1.77222663440576
2.0152762308972 2.83903270904544 3.34811296270117
2.60031770205632 1.75945564600733 4.28559115241948
2.26933073339007 2.6944328692136 3.06908122128668
3.45363814589985 4.65470162002662 4.57472938796928
2.85996039749198 1.25740573384321 2.8082402854724
2.49287941346619 4.00353625115397 0.0453045440978446
2.66842605950321 4.38430155642792 2.73226616138855
4.62524522135339 4.15741574549027 -0.639120416362085
1.03898916805018 6.71371777214359 1.79941792293569
4.57141069476056 5.14807615849776 6.54902413863216
1.8293752359176 4.01330897903717 1.98524466944132
3.24202222824478 3.84680505507989 4.29930167132189
5.11729819426329 2.20394896218514 1.50201491020827
3.29093181873606 7.12261618533259 6.29325534192792
3.63780723205687 2.99815679919691 1.07875840901042
1.37402736779683 6.57379288893531 0.0869133907092164
2.0191943972544 6.69045167312201 5.523997286626
4.47633088413082 5.74546142862606 6.05664741586475
2.87111007583135 2.99444720770739 0.869564486538999
3.2241223351812 3.11487765617536 0.893057994565693
2.49984815936616 4.91218585767664 2.59135498318543
2.84644211404342 4.02655224964939 1.38017093926529
2.55198857742762 5.79650689847316 5.91874532885758
1.89809123267261 5.96498121964119 0.94713715336713
3.21823081172513 2.27802061505586 2.2123373391392
2.82229944003524 3.09568437418063 0.400994049010348
3.11470218595453 3.15715417068382 1.02797302787683
3.59159064068943 1.6542083478043 3.48098302212618
3.0262546402288 0.950892848108029 2.88793957017672
3.87221184189844 1.69019087912387 2.75586248421316
4.76823751929009 1.56620057737555 0.739017896713477
2.24386531431319 5.67232447035984 4.66972012042853
3.55412535548664 1.4769229601402 2.73756708436226
3.44218008104953 5.68261607141672 0.241665332415754
3.12537075444025 4.67822310588914 5.91978935555496
2.93659579425578 6.98702772514138 0.489057987052913
3.61911776995503 4.07455011894156 5.01420325155513
2.5423785879026 4.51677635162804 1.58662131342671
2.20013823654628 0.828058288849797 2.50146499279061
3.31732527921006 1.48953941790142 3.37593823363172
3.20146697932943 3.0543305116916 1.39003232513082
4.60418274876292 7.3022324413454 6.42151150695246
1.63876656290101 0.0177658875447362 2.6208931971669
2.93927535078582 4.80963942848233 4.63494917924328
4.17205646819431 4.0252797882975 1.54212063046332
1.76312550361825 4.54552114695337 1.7096233575988
2.68334594502802 7.38343750979327 -0.560876106839065
2.94707951710541 5.7836462329866 0.468489937497517
2.87631863012622 0.671301649259052 2.91186119861089
2.11048645909563 4.59008902192109 -0.371548297842748
1.91853857816927 3.72598170722816 2.49710758706451
2.63349977473867 4.42244455643393 2.37490246391484
2.23428350431898 5.42585639341224 3.22709043326617
2.39601802945414 6.36511867097802 5.75347030494641
2.09137976432497 3.79584880555385 1.1582925102055
3.30159718967306 4.20212251531395 5.00620363144752
3.48040026822283 4.44969112789752 5.49859576786528
3.82860994650143 4.21852083689159 3.49490194742208
1.76163593951657 2.32869622524536 2.7881189033379
4.31631704836945 1.04974213684561 3.50089761589329
3.4120538389297 2.56546213392479 0.163963437429156
3.03612656152268 5.32277151107592 4.63242007982819
3.11294465306816 2.23683211389027 2.93925418547558
1.85165515227257 0.601985279525938 2.17830897669515
2.97045191926335 5.53128963765325 3.3107059288214
3.64212724366221 4.91363211475921 -0.350411837884801
3.93438673946724 4.49274778958303 0.433224690265625
2.64125236969404 3.88232687722532 0.165277488047042
1.19736366860853 0.704180168030338 3.00858309909456
3.92415985796028 5.60469979180936 3.30968927577463
3.16774585624233 3.62642151060438 0.927252713856674
2.26531237190314 0.307077361318008 1.65879048803266
2.11660527819841 4.35100106943952 0.255672020103584
2.39253864646529 3.20932401841066 1.38473317529659
2.67160666388388 1.52343114688485 3.4957410481493
3.6103200760794 6.0315306794767 4.27512440432647
1.58472979971152 4.10285724503914 2.12063428582359
4.23516341054551 0.972331945608615 4.87759495691177
3.18365981074306 6.91130807606193 4.32108370268313
4.09073844074402 6.69203168316992 0.155995705105709
4.06360574816174 5.73782740053951 5.76529073187163
3.66992044069668 0.608957843514745 2.36510422344809
4.45172072064661 4.66052247174275 0.534801655300276
3.11657768240883 2.73832238710619 1.22846646645143
1.00217534568481 4.92372609468062 3.15281019622758
2.28018582320444 5.50642861994212 4.16483708994538
2.49911167882535 5.75802764349203 4.85534823441478
4.31774826436194 0.0970097521778888 1.2233716420357
3.80860932294876 6.38331509407675 5.47407568366699
3.6527900582076 2.23999179949254 0.724070051633935
3.49553807465032 0.839921445821495 2.77605913451803
3.15823536528398 5.28785072647997 3.01199576290411
3.22845643040718 2.44032216421364 1.85841834499625
2.73462792979103 5.19462565177879 5.66353133121145
3.94310430138103 6.07706317147227 5.21395010742534
2.30870568083109 6.31467390933372 5.46830522397742
0.862102953051348 4.43544026890225 3.91915253160973
2.34205551169509 6.34018098500689 5.90113520129976
3.84909070837819 4.35686902523767 2.33594557932518
2.93607523684887 7.33776976426484 1.14914386903783
4.46932782561779 3.45564371385972 5.17426815012484
4.50552911983888 6.92448437392822 1.75660895671154
3.98539534670907 5.35997313339814 1.6498850973628
2.62162904695623 3.15378906054574 -0.196927651318824
4.47243342155642 4.86715310103383 2.19994489684304
2.75763714028519 5.01730712936963 5.77704307893589
3.39986846515384 3.73151825564155 3.82762541532618
1.95907477514329 2.65094525977297 4.07457272871772
2.84638703384751 5.84445238333461 2.53123253339013
2.79212443756653 1.17065021547849 3.06721739449217
2.63170856125289 4.59911193357436 3.20065880560609
4.67418333874438 5.7096257498319 2.16701463744598
3.51509282888182 5.32582499099491 -0.149595144498548
2.78855730128841 2.52817893663305 1.72679375164472
0.8915427093785 0.944919397818771 1.47323521505749
3.9496388933129 2.35037511556092 0.0646066037124353
1.59822737919748 6.29462653431017 -0.0987884488625745
2.13951509838807 1.69594497178135 2.80983295306623
2.75050207041715 5.88954214881642 4.68887353065059
1.16059570249036 4.87985404393296 3.12490112969168
2.66878794983068 2.59517820067096 2.47585854207044
2.12538063740119 2.95924270885175 2.579453649895
3.95245344194258 7.05516901705518 -0.521978441872852
3.15399310361829 7.47744381788651 6.08792301329769
3.3321148477926 7.32706161965198 6.35570601533716
3.48324410402211 1.3255126038133 3.87681970073865
3.22028434530118 2.35646542516719 1.37734319958224
4.53949206184564 6.55665024386189 0.0873908219574529
0.516146920210688 2.91044330654505 1.32016535558225
3.68802645323795 4.89330466211431 -0.396757482007823
1.62801145579171 1.00170781652484 1.79816555118507
4.77195527399883 0.793203312176452 2.99439183601582
5.21710950841952 1.16024731624669 2.961069535829
3.13562603359782 3.96208265824893 3.15930429267709
3.82479714635783 6.6457255839287 5.1720308171167
2.51048002640371 4.08802262060156 0.0224371918208455
3.92456011401674 7.49847603071752 -0.509458769919434
4.21070688510363 2.27499113003743 0.596677396598503
2.93664612368248 3.04661298587669 0.1852778265951
2.19131544718659 6.18383678213255 4.76471129661456
2.09867335726726 2.52423315949144 3.3404844863392
3.5016823668404 2.83758290044804 -0.199600529188787
2.84246847274948 4.17226801792662 1.7323455975226
2.56059587902428 5.87678052388937 5.20635510644823
1.87973638895785 6.64628234760581 3.6297070018803
1.63777450192286 3.63321394145257 4.00025370627467
0.908966698365107 7.39302395914248 3.2120078383809
4.98548573497603 1.96143318147381 0.294385726109845
1.67197530611615 2.53331406086353 3.4189073885908
3.02857213034815 1.77843715854866 4.12445820252184
3.60148783883962 5.39103091958779 0.184631729787523
0.39579103953842 0.526840571334015 2.39674566089906
3.15968286272989 2.93214267408065 -0.146121937753139
1.81203398333675 0.285727675658956 2.22772996302879
1.99431534456594 6.31917171231431 3.9790811146923
4.09569474486246 4.7563256860435 1.35505831895527
1.3652855380505 6.40558795921296 0.890111761972573
3.26366183222206 4.93849738861485 3.21114279616291
2.2897312975055 3.98694725457446 0.0295882932251557
3.6348371828933 6.97860283566205 6.04660855346676
4.83356459723578 4.09785638546013 0.0333003395973938
2.47305622190528 3.33025887426311 0.80196555281532
1.61117374963142 7.42759561130083 2.06960192973706
4.27245846122205 4.92082550074538 0.479326280473775
3.83905622476827 1.35414802809572 3.87696796257624
4.47495094453297 4.6398330281276 0.202705883833984
2.81170996494328 3.56090151492938 -0.0194190113947131
2.48367880688503 3.36761878987328 0.241206239349726
3.69064697198041 0.606641418143369 2.37796124235777
3.82139426461603 0.0228020564123534 1.77002125134752
2.48724682993131 3.23605746658704 0.846204297886865
3.23419255678231 1.98025010713165 2.84069757360099
1.77086189383897 3.33912021636033 3.95779744445603
4.53832966351141 3.74452405607714 1.42517134277553
2.08459217504012 7.05204599223565 4.69480020762033
3.85767902014728 6.59795906021287 5.17199112166253
2.62713802716376 3.7771519771814 0.793750804775569
2.60121690411113 2.66177837242585 2.05426815923359
3.87266378308144 3.3674046223309 5.02091582266425
2.59419088635345 0.665861221692751 2.77406989489909
3.59367690854154 5.02842038078325 -0.901793251416671
1.91598661437788 3.94682532675604 1.51492890148912
0.862887085140119 4.13158643504692 4.51529001708703
3.91937741684561 3.48051885173443 5.23825286391877
2.48304859470181 4.58572890248708 1.86904838621308
3.24822718956255 5.56368275085037 -0.326292639858166
3.49362886767177 4.11299227219587 5.6245913937951
3.52577049814392 4.03258263667031 6.27493019867963
3.40373399268908 2.5923340988599 0.674846815319933
3.4564300530554 1.30659907237492 3.55607160322001
3.22744766542742 0.7429491386151 2.52453440250911
3.76415033075177 5.65881867493995 1.35289530868987
3.70975465705898 2.19045173720225 0.216523579800349
3.62543359740567 3.17580178996294 1.64906545899136
3.84530943470729 1.82688933497424 2.29777780126445
2.0391444675381 0.531605785917952 3.40478149345306
3.89212992221371 2.05030500992383 0.574459509339347
2.85524450081544 1.10444099481893 2.37376624257526
2.7871993582353 1.92288157774205 3.9785921061105
2.33863034361555 7.34540397492587 0.847209006052482
2.37570762903025 5.89473142558797 6.04158111646026
2.14919907845616 3.51983436064384 1.13295561032658
3.36748034466498 2.44884041007485 0.409592922369667
3.66302255722101 0.189514580380573 1.15385222756023
3.85365921598206 3.4302000924792 5.75257334361827
2.9037003701309 6.76668081541792 0.419820694034982
2.76715817875723 2.35451264896063 2.3042244624358
2.00171844747106 2.11080650437209 3.53721460917046
3.9833856294988 1.63230081862991 1.77106653301449
5.10949853544747 6.18522867777319 5.04063736808656
4.62231158066504 6.69356748630747 -0.0294165545408888
3.57384872549732 6.24280138427835 3.78460138256459
4.77217108237507 1.42560893403436 1.99404147253804
4.32082766614947 4.5432456222393 -0.40334486638987
3.77302444580876 6.21967729449714 5.67117001799856
3.09388119014823 0.306041665576581 1.85191403397573
1.97573785842222 4.48166070987152 0.778795603921825
2.20382197321802 0.890599324786759 2.34498643352084
4.13110643697077 0.248653327109695 1.34807423294898
2.5918392615713 1.03235051829519 2.50550559128997
1.98492916261857 4.21189708136248 0.581915561763185
3.79452720986754 1.28800819373985 3.92230074962961
4.52168230469978 4.77338729772654 1.40804683743043
3.99790453393884 7.12716245812871 0.168915003061551
2.74164236323333 6.95015407456864 -0.512170232370575
2.87737942821573 5.85815162188624 1.83104219964094
4.44865525440727 5.85888789799527 3.92506195313093
3.05376135595424 6.24669627204014 -0.0619075506380049
1.76659512424201 0.818261609156176 2.71100463780511
3.59469604669516 6.19755513877871 6.00986453473811
2.33601237396222 1.31394567285125 3.44144524626464
3.47375832658367 6.65042892767337 5.58518646641315
3.09967012629121 5.09384180066458 5.34395610172153
2.47492646341342 6.07274710101033 5.67300167272123
2.40339198429295 3.20146070355892 1.08355623639903
4.80002593782238 0.739877257407339 2.94223326772855
3.70247627411331 4.95577856084768 -0.0644870097820606
4.43992649986908 4.67944413721248 0.688019471668523
2.17369434540278 5.6350098784213 2.61953411953597
1.90921493324886 7.0681831837546 4.73928932723058
4.02013309483337 1.8673010278616 1.74005646385529
1.2482936947872 6.02598654911036 1.49548813181879
4.07891825880463 3.48685331391529 5.73003515372295
3.23755609366185 0.918380746340786 3.43741447520858
1.43967590211479 3.04515731519794 3.81704428833791
1.62027831825275 3.57363663681042 2.30723723176184
3.89118354059396 1.620296565973 2.66390105621603
3.30488772762321 1.36753055162319 3.63183245203692
1.62919832751455 4.85444956661119 0.626968356691229
3.29767931513875 0.127732040189283 1.64789225977856
3.31420906544486 6.71728267397055 4.80202458238933
3.23514208516079 0.457434133199003 2.23086420269868
1.69428381380177 4.32083354048582 1.34020196050544
4.04280704405808 3.65363990343855 5.51081309477427
2.20813880509814 1.44598816473133 4.17355133759637
4.1452616284083 2.10014653619912 1.06489978218963
1.59984517350018 3.43614463040424 3.13158830446326
3.52152960963054 4.6686404457718 3.25743438044339
3.2010841972037 0.860519777748078 2.98112656560979
2.70234285886229 0.058828381718401 1.80631127480001
0.442099910367225 4.12943098582113 2.39165446634279
4.13194771388287 5.8360919664983 5.76546949101998
1.82325522726671 6.26611343920616 1.66979445341428
3.08362017502397 6.48945520354411 -0.0564514848898979
2.03810922091236 5.3234398995056 0.435848125068821
2.7314540590855 7.41131300673888 0.0674326016330646
3.88166540217024 5.37543568198795 0.233383095235334
1.87389565905284 3.01975673299704 2.87666395554677
4.39924582056863 6.13281437363807 0.681887928659441
4.02377647996783 4.46840950585007 0.056769030084159
4.98876423766418 5.65116333899736 0.0594616616144743
3.26010625833422 0.414797108130563 2.46337099045117
2.71399707916601 6.09566342839867 3.3751492789571
4.1857276502398 2.34177156368439 -0.21732563210204
4.18189321118164 6.0314820886813 5.00501269676609
3.50599689907345 5.99756317429979 0.247949482071506
2.73215215128037 7.28370832749984 -0.249752761963049
3.21224386701349 3.28506977904162 0.562285657648889
2.65649208681062 0.90979217595399 2.8861802936722
1.64314461401063 4.18701469127736 2.22473727405859
4.20232660594735 5.71132327196856 5.53629863008068
1.38651423073092 4.42107577969624 3.99747166527704
1.06618699563927 3.93782138816763 4.04533823740336
4.15948707623161 3.63207239597059 4.98565431222531
2.48811875724949 2.65347911604427 2.43844034602055
2.9037137944872 0.664249280772481 2.66456498733052
4.31075164639375 0.0812361315220924 2.38588104428269
2.81315184502086 6.88671286972416 -0.273396694435609
4.11146214843767 6.28043631850406 5.13746373757177
3.33397632349067 2.89535467306666 1.33538346952246
2.9481142041797 4.39013470604784 4.69896213564821
2.90663588059904 5.0289038343948 5.38829146473989
1.85553301551689 5.42680431876684 0.176308049930135
1.75895378955743 6.68532760259371 1.88902352558116
1.71518031253504 7.13130567827892 3.13877914939403
3.90281196725579 3.92804642691043 5.4221331110244
3.16794660319825 0.180681899249393 2.77871586926611
4.96207057034397 4.64463497735356 5.44323928191529
3.23954177914794 2.35722515918642 1.11648123128398
3.38273072794607 2.79218261088289 -0.33240716605011
1.70798092780405 3.35830400911504 3.25419777213587
4.56870395137267 1.60335172037893 1.57054389484371
3.62816770993406 2.02946400189801 0.904022688657065
3.36726160975369 4.09080345445184 5.51968295066647
3.94695640783588 4.47572554465129 0.0472225489177747
3.21548549619552 3.29632458597882 0.923830430165109
3.80579386831374 5.04677098182004 -0.0475232734057564
2.90277656264674 1.66992352079965 3.89569807582728
3.55778037826956 3.71597431808722 5.45960607801895
3.10470236037309 1.58989255532407 3.42606599528186
3.62496022225942 5.3691102113342 0.717290106343267
1.45571269990803 1.33586463700562 2.12640687525101
0.912578691327893 7.00687470586142 2.88001412673605
2.58799227272682 4.79648831610115 3.6329339635589
3.86210419179565 7.24854816130523 -0.190288554475576
4.81152864839233 2.03348749403373 0.0878370046875053
2.00306309539313 5.43201696741435 1.06922593715918
4.17150914788802 4.59413971500206 -0.139710665576234
2.63509820242239 2.88673675948607 1.26664282442903
1.83842410412683 1.81758074793129 3.06735132299205
2.34131800268288 7.19925166703409 2.56579407454894
3.94557829960992 5.2005917418998 -0.211092810631989
3.84158837823678 3.75175465540399 5.23222961606776
2.19580675607553 6.35778033191949 5.71927539633462
1.91914584836993 6.90800640166321 4.89158834325143
3.93839958677451 5.41882816726249 1.40353979113558
2.59286095078112 5.76276438558135 5.34968700674877
0.913196891605221 1.60526292408315 3.09076735190113
3.22357684204979 2.06134040033745 2.23329541320974
4.10122171023217 2.72137319639495 1.06935160693862
1.67589853381375 1.73621694210394 2.68201067840633
3.12749951382036 2.44096854253032 1.0683035573192
3.68134483443532 5.88783006978176 1.68934547158372
3.12719574831965 3.83255858704362 2.36661676925817
2.37580562327219 7.26012080820486 0.413513704646686
2.62289925271718 5.12063282221558 6.15400244404792
3.21821171146589 5.12744659491382 3.10419223263474
1.95508681638187 4.05135948375819 0.903168619573236
4.55591520201786 3.56618214567866 3.15639345929085
3.36352819442921 0.683905565341411 2.46280876428831
3.08054858620886 1.21907959011003 3.97901251298973
3.33304712265752 4.78017959770114 3.69086395405055
3.98162098280968 5.09258672076307 0.0630339561677402
2.50179657234885 5.29888615354299 5.18843770730075
4.26511826811418 5.81384812721986 6.22483020093192
2.91720105427197 2.70484651928027 -0.3357078258304
3.18369460414115 2.39178092056164 1.59511424476566
3.48182118726228 1.1335233092935 4.36607990183368
2.12942914576379 4.95858422936267 1.12261690059667
4.1464442112509 6.93629170362065 1.18965044139183
1.11387222680874 6.50521387728851 1.33913785385671
4.06199347102851 0.828292323571842 3.15811787924479
3.43941787732442 2.9929948546763 -0.0988623506266167
2.24391506253842 7.30835914873531 3.77665670631713
3.16670651065741 7.33778752512557 5.48292793309609
3.06931007858349 2.19884944458513 1.82389075081113
2.19175148832693 2.62506487840633 3.33797826979248
1.94700785242699 1.80254924068102 3.08723938206336
3.10217506622607 4.49605982590615 4.5502777765197
1.32316970190673 0.565246497505679 1.86671702262393
4.54272787424171 1.30948457565611 3.52744765060741
3.34003530615947 0.37345790222722 2.12338876902951
2.42929607329017 2.24620272837341 3.34160025922451
2.52097236734749 6.03619332793434 4.8578048544467
3.06638190774498 1.52361228445211 3.58920802453821
2.4654496221648 4.37966181407394 0.813183885970695
1.87205421560023 4.90977576268662 0.262219277155302
2.99786873621341 4.23228318806253 4.54620413467817
3.24968713570636 1.30442655972234 4.02524186059071
2.53687891954367 3.22252344891062 1.4054548767132
2.43283313465518 6.54470595665287 4.94859303476636
3.99971575842507 2.525607780174 -0.222901657680808
3.269042300167 2.19430728117641 2.09249773744223
1.52576849369846 5.81779231186028 0.605104996800351
3.37504885257038 0.498728198066264 2.48486990084365
1.91101371283223 2.33352354692666 3.29841541948068
2.58210023025995 6.40620081627021 2.38339656217288
2.89831097171925 3.75356774331261 0.792524876982189
2.41052517412865 0.726443243782985 2.91901398588153
2.24144998488786 4.67574941106024 0.283552019101716
2.62681576762879 0.379691884826419 2.59979229344104
3.5265518917714 0.253376761116327 2.39365266495553
3.1154143783935 6.96462208496494 2.94512249888801
2.08518048456006 2.52553061116361 3.05014140135154
2.98417965869536 3.50661288077986 0.353372501655304
1.62573701234784 1.29921047798194 2.11767991864168
2.14436482771625 1.1040536843602 2.15265606992772
2.24461736451174 2.23300802354078 3.92901728184179
1.13794415199467 2.53273916936581 2.58219826720971
0.699029986686332 4.15676978807399 2.51831501515193
3.48441859675432 3.36995419917589 2.26910199307973
1.70305077548368 0.489915525671281 2.48617806390051
3.73634482069517 0.0784771113481266 2.26864194118349
2.124111262423 3.36698162170437 1.03869986446277
1.15690115314243 1.15091030509157 3.11886897143514
3.63332394877916 6.95830673716807 5.46261745358479
3.67912237300445 0.646123250219265 3.28430605314043
3.50370501984407 3.33587425987534 2.18605081740023
2.870694107385 2.19378567054719 2.67225901846531
3.15791856701809 4.8847929219029 5.83228627355809
2.6696335804979 2.27600074795317 2.25942160957736
4.42992196038713 6.11959530684689 0.0564626512333178
2.10814315077825 4.02680766155481 0.969074145478938
3.2384234419005 6.18486811712464 0.748919597356521
1.67790012660469 2.26153569125633 4.39210082950718
0.344953636703419 3.9632503184378 2.49372675997041
3.60762761653981 5.35098509570806 0.121855805188049
4.34952691054808 6.81378241251582 -0.406065540159559
2.29640964706714 0.577401582063839 1.35991471656796
1.94227040532125 0.35561983302491 2.57825000395432
3.61718220962332 5.9815921228192 2.59145808640762
3.55566098101896 1.29237768284356 3.44655099067139
1.82834738537974 7.29907957898083 5.73035544492939
4.03757539477287 6.23619786020976 6.65257340395346
2.53107702189852 3.8305438156489 0.80145323091279
2.79652590598664 0.982481205463169 1.77486602519264
4.12548602743715 7.23961457720263 -0.284732160119083
4.12446433232794 4.03005316834647 2.30648142206611
4.55189646877257 7.23541074068616 5.40911880853009
2.48258884353575 5.19643835141734 4.97335749647117
2.79537995872391 7.20453369794029 0.200656741318474
2.27522388703348 3.77363091728329 1.09422922882227
3.40540639405919 3.48295546230959 1.36640657762592
2.83296202190939 7.02388587360597 0.403840418690562
3.59550898051582 2.21064562812014 1.18227020392102
2.89377172526307 3.24774636648745 0.19181901643221
3.053953647963 0.962253087365123 2.76137816674343
4.13629588807244 3.28298250745522 4.88704472737626
1.68014931360252 7.49351883323964 3.77818500925533
3.6589031546936 6.95631271345942 5.77862488154514
2.62354324853832 0.621225679941911 2.01077742486056
4.0257578801176 0.935708020035308 3.94683776415331
3.72752822540621 6.89385269847156 5.31803635154973
2.92927027311373 4.68626825213682 5.84597558586565
2.6555098367602 2.68660452650658 1.75286297645586
1.61689599450519 2.35796201632957 3.02649161007565
3.11997940458488 6.85733031963676 2.09327768355377
2.57407882834427 7.0481281791727 -0.489156929637274
2.89302496691551 7.31827287073366 1.28776463339282
1.16420835050862 0.308338819218682 1.50615325744706
2.47110917476766 2.52166874858575 1.77845837316771
4.32500934599104 5.25068761520303 4.73795140561354
2.11784322599548 4.2433352640683 0.176016924079094
2.11921913416138 1.91424616054757 3.04606368411904
3.067638969441 1.76875973958852 3.21677279174703
2.86851505834714 1.40056738163531 4.01182545395
1.49567129842354 6.95311551400504 0.00945476842079152
1.63329936657308 5.60093485853234 -0.0133673644804326
2.06584687380325 6.21333953958994 4.79962905043996
2.40491152973105 0.301966012673387 2.41081716309963
2.67563346654223 5.01229314621805 4.46283698772322
4.09834409378035 4.46272550437193 -0.512096162612629
1.74212007178942 6.10460683376964 1.22393615395479
3.85990055187983 3.99228815151578 6.5426307999944
2.97102030182881 4.82641964540833 5.32353548804879
2.65243498277412 3.51863104714526 0.468099715985891
2.17462477929109 3.3791621444169 1.2329575062627
2.24171507843764 0.0690326535740207 2.16342195277135
2.93755411782297 2.51465090186843 1.72628662150399
3.11116211953925 0.427202537135432 2.34702616377028
2.25016237537012 5.54296344830261 3.68058844730415
1.43908135768238 2.84846173001281 3.72527106506067
2.12231291468367 2.28508534893435 3.4828366946379
3.37020890190205 1.55105833200756 3.31049231701122
3.10585834299714 3.45481321632916 -0.00247134262832815
4.39961484039272 1.54558209067577 2.01411571031043
2.96789033562917 1.53127141636263 3.02276467615197
3.65769656442555 7.20181261077577 2.44981940201877
3.4932146956717 6.33315691670453 3.61565971435622
2.86040077807372 4.82246417632173 6.18814537488152
3.05250512407271 1.60056377318176 4.18846401314411
4.31454138856153 2.29809305693405 0.981870161915535
3.23323536956989 7.22985651264781 4.99061891535622
3.1897114098392 3.07473423481507 0.581319199500577
3.98360321796666 5.09477280319701 0.350799895433955
3.18822378251378 1.66684074571587 2.84883766165947
1.72855488389994 0.284407835497659 1.89638306128133
2.89334761388692 4.97152955194764 5.37714036639068
2.89209964348531 3.80484129865975 1.24395553868846
3.33466222142677 0.239305305082274 1.91474843487827
3.89166156038406 0.655124908567095 2.53031109960685
1.0472385549468 1.98164485631301 2.11331970388982
2.36942782326655 0.754008382266607 3.41728120098663
3.41365392650465 6.81439784353504 5.38386204121028
3.9595301909755 0.546037093301952 3.44275040422426
1.60679576942911 3.93530663254463 2.44798846566951
2.87842932051882 6.28333194051527 1.2073752703331
3.4172615346895 3.31047190868562 0.185928649093762
1.94553093338599 4.19931630685473 1.319569600042
4.39389421353456 6.49511053715459 0.919736286395637
2.30453842992422 0.468580767212609 2.67108076361721
2.64222436231212 2.58086489633333 2.02303236636817
3.83509028434206 2.21957893804798 0.231470698906263
2.05509765233744 5.51610322252521 1.7216010963231
2.8776388122211 7.02235883911817 0.738634803097916
3.98788766071898 0.660978771007161 2.78664373303571
1.5611120004847 4.14245887940435 2.58420681794432
3.81200544501294 1.02550738429629 4.0148674188675
4.01455630328544 0.0447452268663255 1.8266644600662
1.50083644492508 1.65747071939915 2.60473615448298
3.16444271920219 1.97603907317981 2.31742399947642
3.7251230014217 4.90855628351823 0.324005852587894
2.78389758228363 0.325704249497815 3.04939696051826
1.85060488000317 3.95329428970812 1.38162559431178
3.51693668539542 5.8096609303361 -0.232977335134683
2.52931825185964 5.31069257334896 5.7153282826443
5.09956892946883 4.16638349187032 0.870481960679397
2.78108098322801 6.15418649344173 0.344851061923543
3.18010509207065 6.04686684252126 -0.443322936964572
2.95026385698789 5.35932112500498 5.51240596230568
2.11156575461263 2.2782782372825 4.27510577238035
1.94653131878261 6.68591266780392 5.33818516344267
3.2321902554873 4.96692614961496 4.25464819851963
2.6511885748024 6.74085786228969 1.66031946256115
3.50819556667535 0.102728482390686 2.86137487200502
2.84646043657519 2.95353238314696 0.68927159694643
3.58712935336071 5.21275026938035 -0.471747906549037
0.120716358047425 2.9670825051286 2.4493205024836
3.00191416155918 3.48544026155477 0.225883200923331
3.35287407226251 5.32400423203661 0.661710730510356
2.66836266432379 6.21427748164629 1.87883579055179
1.64428403038993 0.415737475336029 1.9147711517957
1.92214403040228 5.2508439560014 0.528909597736835
5.1295122243638 1.90144716790037 0.353023359914067
1.77800914233169 4.99706005831041 0.522013839089874
1.97700348813128 2.06811117238315 3.67367468138326
4.05697916754512 4.8252896071469 -0.300451673062449
1.92231827960296 2.98074981469101 3.72098394788959
2.79363303008997 3.87243382334282 0.851410335019098
3.89999352202653 3.21425389249949 3.91517867727542
3.49327832121011 2.24734086363171 1.23978137270693
0.937120507887785 6.05911590519339 3.70175379708037
1.90221611612425 1.30110716209686 2.67660501953242
0.183467799530292 4.76952501056647 2.56156740179155
1.92803457128597 0.493283098742626 2.30113252225523
1.28952360571644 5.72144961081544 0.94983068847746
1.44336295007106 7.07414607606826 -0.184790402894473
5.01330951593406 3.05242868833157 5.56818673570219
3.57797508725497 0.456299762731668 1.93128113472552
3.12517244127281 3.84625589073533 3.00498507326528
3.12192090084931 1.41116597418291 3.28415762122044
2.19770039932378 4.22027824047497 -0.0413837014046915
1.44770119803803 5.77504052481035 1.36767709651084
2.31631131271693 4.4594421867563 -0.220451977695838
2.18114509820557 2.61240342975988 3.5885168870603
2.89565753086529 0.98400321119249 2.79906805457181
3.53848040206991 3.48971688199162 3.83990367677811
4.28151595812334 5.16736203694161 3.88570371049804
2.67633438166291 4.05863257540833 0.338891967371791
3.45892144990982 6.38967715586335 3.98189234299395
3.09087959752591 2.45552925502674 1.34919637437956
3.0252725754141 2.32175861996028 2.25442198002204
3.3647985361935 1.52836276575798 3.17698274829629
4.65250156892832 1.15032613670424 3.39737268926505
4.51175689794358 3.37304546465769 4.89027960805733
3.40113112643254 7.08586019235834 5.28978199379009
5.37283233921014 5.14603218586319 0.561566329558292
3.893238353405 7.13990850001079 -0.190888688910257
3.95126542857449 5.83093154078866 5.88706934824997
1.87341490563486 1.47972134481666 2.40306828879994
2.89242037405816 6.7062535816323 -0.271405872286318
3.69634340794093 3.07774095485666 1.18531727890034
3.41122659258668 2.44442699381908 -0.645921610907822
4.5085142624226 6.23486492559247 0.739106372392997
2.64994766505955 3.3614340337208 -0.0550393173529348
4.61903112679739 1.24964799358571 3.55259211791888
2.97622445037583 2.14978171599406 2.33925768061552
3.88978232683223 2.8125093097413 0.334355701379608
3.06861726445113 1.29165398077334 4.24482484639999
3.6976039377759 1.96593576021696 1.7792022113117
1.00401593491136 1.0380956118292 1.26616039307503
3.9152304009684 7.14612999446379 0.20312880925057
2.30903404052603 7.48453359802288 1.32236138732044
2.59816755797461 2.77180080312662 1.97271657816346
4.43274815818118 2.2359076927462 0.320845117798658
1.16759259959104 0.892985285656281 1.81345317852961
3.32855045187247 1.68447180884596 3.89504414713073
2.07611190322194 4.49689185339782 0.68206378808795
3.80628957610416 4.66645399274761 0.342402367474958
4.20384822584144 3.1064365099641 4.87344345421899
2.75591435386703 6.63496420314269 0.513813715532207
1.49823829239646 3.27214493263146 3.54143496535308
2.43988413017826 6.85145175801982 2.38111422142335
1.97879012147128 6.74555115963865 4.93367040751427
4.2654729433682 0.465595926182497 1.70044031878738
3.54966950842688 1.40925898606155 3.5588255680608
2.53727361538801 4.48310221719367 1.16048548931842
3.53702093170198 7.01126468895891 5.54776402294354
3.2758159163299 2.80685953996276 -0.293015055217434
3.87128592833234 4.03502866530564 5.37742011623374
4.13354639063089 6.8656697576723 -0.0141983953215647
4.17170435856006 3.72785865030882 4.9079775583274
2.50291442621443 1.71143380989162 3.00245033119568
6.17275167647555 6.83971990935364 5.62245911275861
3.92274924791407 6.23313589806276 5.75829004191623
3.77121563705573 5.25818306086366 -0.0273103014324631
3.83993016329249 3.34404380084796 5.1624100313756
1.86174577038422 0.840316382570579 2.23811217330588
1.70135155788881 2.59653795014879 4.05091813173134
1.58525467978371 7.25601516495599 1.87219775813628
2.90459241602234 1.22779784618692 3.95520531234469
3.05101626203508 1.68044369813852 3.47344417056877
3.528813801681 2.2357922833729 1.42196219228038
3.30946293015942 2.237350839278 0.843803356415367
2.65329515338171 4.8228053553105 4.21931025776547
5.19529819237713 4.67388913647836 5.8037840400863
3.64043291345766 1.55646287558451 2.42821064335631
3.24831197664851 5.83838863511037 0.326391247925984
3.03446171435752 2.73317275302373 0.108146897295518
2.2197347158409 6.62323089445831 5.00517171348676
4.61815062126508 2.70253133400309 2.99412742694273
4.43247477959802 5.99767501863739 2.25778441671075
3.99908183815757 1.80799672236566 2.55026771754562
2.98048006064057 5.42253887386405 3.85675461319696
0.88666657750117 3.00756625484753 1.98134210689572
3.70332012054096 1.94639083550218 1.60598517916658
4.28826087372741 5.72285160847632 6.18274916634142
2.47987898897149 7.05496125330425 0.774036752481344
1.43548453372315 0.474322476796565 2.92472647707724
4.16558936280391 4.29432053557735 -0.422107763101899
2.70527333534361 1.93634579185274 3.71203127720208
2.92705729913916 1.54573162252746 3.62036229554102
2.05545982008984 6.65324787658287 5.43212721575892
4.2170482669797 2.99877057551745 4.85268279363853
1.8099139886666 5.69413010401977 0.464978904698389
3.472568557399 1.92045912747336 1.53527317480485
3.93072520540368 3.74831334426668 5.88738555594993
3.03062209670823 0.221153362630933 2.50944041526851
3.98237197322004 3.48861420575166 6.19473629355204
4.68868532745883 0.682375517859577 2.39940606947597
3.03236440248085 6.58048056501867 -0.0487428453781591
0.750546181024038 5.10201301037249 3.84027570544061
4.76701119098494 5.44633456401159 4.88199023087553
3.78622966255937 1.22206785188962 3.12029831130707
3.45182351891169 4.19129998373039 5.69738240620114
2.60937257469975 6.73593045942596 -0.425038336757742
3.54048264245123 6.81159094973491 5.05691993901436
4.19782237741071 1.97002787485993 0.789936603373708
2.4907400321613 5.24060575112855 5.6632546927449
2.97073027914893 7.38255739104387 3.33348203299981
4.28793371558205 1.69705540709098 1.84721334111254
4.59189766730727 5.41184118070729 6.30708619453797
2.14313019154806 4.46454283758578 -0.478346353400517
2.96370469647063 4.16925465355814 4.09044353246661
1.33855978397233 1.35745446251997 3.09451462492288
3.29717100557159 4.74977606919841 5.01328837539868
3.8558459284912 3.49277285291252 5.14684166226561
4.88901263820816 0.965388265444401 3.72779824706281
3.58685975319222 6.45921083021236 5.79913201015424
2.50800217246883 3.13344293154729 0.295626881061972
4.9887237185899 3.88419411583713 0.537017852390185
3.85139747035298 4.89500560081938 0.0585250897232141
4.10764206422575 2.76648190066967 1.15900441903416
2.70624998382474 2.43429404161374 2.9571516366632
3.0611081351057 3.20635019156084 0.0533564494307766
2.782484302918 7.3610621565549 -0.207956056658472
3.16237159606402 6.81392003564272 1.54482920022041
3.43044460215396 2.15537897484642 1.32425393236312
4.26270249770873 4.41834354345279 -0.132470425020774
2.70148376349071 3.24372158867957 1.51598280010522
3.16805952344652 5.64892438402023 0.761721561407121
3.21760891429076 2.09245106376453 2.64223612939993
4.97674691727963 1.83428243039427 -0.0432861122584647
3.94277820036077 2.02741753177538 0.801603514491798
4.00873272039151 5.13640825013105 0.212894310979284
1.70991585699371 3.56134094818664 2.89410653010624
2.07089304317382 0.955516588824009 3.10314822101902
3.90860236226933 6.15079675141368 6.59505795725427
3.57188963147525 3.18829336025648 0.829388902005049
3.1667011948585 1.57153444552826 3.01903424483591
3.03925356240587 0.144634012120866 1.93888383285399
3.01981722400146 1.89155005116407 4.42131584782639
4.43258020244299 0.33373333130122 2.03200925740879
2.88949467217915 4.24296199914127 2.96549905851647
4.89065958998074 1.859186920787 -0.415360868356368
4.25212207246577 1.69628163918301 2.93261416790198
1.85147312336197 7.00602200718378 5.04682150022078
2.22273286241727 5.04240543475215 0.0764256039943556
4.56180992297061 6.19630019983679 0.612440986794673
3.41214568553196 5.2253377482453 -0.924966803977643
3.11682841808367 5.45566544203514 0.932010873169998
3.16927360995648 5.78488719389527 0.163691802491949
3.17336969062144 1.13143248785522 4.20848329294639
3.86753357733828 1.34161819828185 4.08799135606487
4.83845894072052 7.43067484201991 3.05125439809982
3.79365229287499 4.59561922651966 0.219719872205472
3.84280849890725 6.11921437065823 5.30151236485987
3.71297951187802 4.31069210275751 5.11690412931585
2.76562611093097 2.65243965712895 1.19966409380551
3.69399059872385 5.6613826745343 -0.216793491275945
4.38990093332648 2.70267465142544 1.94527675389589
3.14902193624106 6.94152409977348 3.52199167318448
3.78893124624334 2.98138737167738 0.556431838714399
3.63245154402563 1.65859529426107 2.70184186003233
3.88304027173764 4.97615651946898 -0.661640381628716
4.28525810639496 6.25334501944509 0.105516343897339
3.44916056385691 2.69980883452245 0.225067252135087
3.15404126090293 0.931269641277703 3.35819071988578
4.5119151960024 3.68504570114959 2.37570814695609
2.58882892327996 4.42295018582967 2.17031343322858
1.10889027115785 0.137591941440014 1.2674611736518
3.57307695503477 0.930137369964367 1.74307396176378
1.31416619632398 4.18734859516425 3.17023782302078
4.07904771869663 0.974656627989225 2.95201309215107
3.3217582393563 2.52642553856145 1.40163373934765
1.23319613986578 6.98083169180322 0.219439996323031
0.693281047786928 2.95218272356088 3.00483012824724
3.08123134747471 2.0414511223712 2.40245682936116
4.42900514290026 4.61129959310012 0.593538327172675
3.37932834993965 7.39149336308977 5.97411590725114
3.82780055850024 1.14811395064361 3.56730810270553
3.88618678445741 5.16671060702205 0.732394186859749
2.748843810159 1.91836220528778 3.95282243287472
1.60415551564899 3.39089821621749 3.84710501678179
3.35359794181785 5.48006383703793 0.103060975630235
2.29292316320312 3.16669333395186 1.67216973209761
3.21622303666207 5.75700137751323 0.0344595680541664
2.12777479847925 0.621136735776792 2.80276697912122
3.6179075886024 2.3075028852685 0.841773674370007
2.7624937005085 6.6998769035647 0.181174109077461
4.23932802819412 4.84246339976943 0.958289483690886
2.96716055318965 6.62992744366338 0.535581729525977
2.73523389441785 5.02806600091156 4.9788901018633
3.05784900358226 0.669008916506641 1.58287635433661
3.76749498699698 2.61530143991356 0.660665116156435
1.50029883925513 2.90422379788511 4.1023521520415
5.04998056897263 2.37957692224139 2.17453303479509
3.31990626272789 5.95229148038033 -0.17404320868148
3.3150104072379 0.81397780604525 2.86310037168342
3.8229414210153 4.042876785049 6.07432802116817
4.70830455695135 6.55272440101392 0.659576855010076
4.61364127399114 4.42064213647727 -0.119653813834645
1.25353258313826 3.05633070448091 3.97606043346524
4.00413475834038 6.05260463701616 5.88089644159426
2.43741448673257 2.72448945244421 1.88059510399012
3.0665892607409 2.335130788005 1.80362164244032
2.36867300471481 4.17527765077431 -0.989674722184149
2.59351576358813 2.38269417715406 2.98187401591782
3.63778744197699 1.31235133884823 4.0349206890594
3.61200803214363 3.36166201401657 2.84969504294714
2.02850343666793 6.71409766210787 5.19391320185227
1.15352328847092 0.335039870972182 2.08487161960854
1.75193360538997 2.93018849850355 3.8368408715629
2.12678591910366 3.09469236325729 2.29466805496789
1.89655689604998 3.46755097480613 2.78796060268643
2.23332384951626 0.902246675805591 1.58679380179855
1.23719430539935 5.81287461498699 0.957190052749434
2.86385012136966 0.338921638827844 2.21231371709524
4.44577903680098 4.02802609900761 0.273866930812317
3.27456660968068 4.50903433174609 5.82592381062558
2.78638720948671 0.432110549083382 1.86704928085955
1.94720494066905 1.55025510632827 2.99098555748951
3.15344966787463 1.28995993735111 2.57026419410329
3.025105283743 4.97800217513393 6.09542902661696
2.94959706023513 2.91555867508294 0.822885265395311
3.47699232946795 2.79428099955758 0.960831389975129
2.76663391848916 0.960101447011074 3.07464927941705
2.40613448016366 4.56273253923294 0.73959073853728
2.05953870907622 0.779593027323266 2.16338577107287
3.67911133169844 7.2313081596041 0.853836830843203
3.4426320805732 3.13339132283578 1.29067298052475
1.1922694450924 4.85932604434431 3.61050916001703
2.37818026952707 1.11163643092448 2.00722702806293
2.63000133061009 7.06127001929317 0.715282186048154
1.92391386753184 5.50889436590702 0.447626370108436
3.67173834806242 0.41948802135503 2.59428191333318
3.56538075849324 7.02922708331134 5.98002156347175
2.9948329625638 2.32423831534188 2.13317742470863
4.04010432822762 7.26366052858604 0.676379587588861
2.32511554006951 5.00659247831271 0.941067669534964
3.54233172042308 6.97228824782196 6.52116618039998
1.77227771012623 2.4011176254868 3.55144550988155
4.04749629824848 6.22380759175277 5.09066338059104
2.9749203268967 1.65987257197188 3.84404249002925
1.95427932917029 0.354532581893911 2.50148534789551
2.22287277661477 1.71327627244517 2.9276340116682
1.38979361806355 2.17615693676046 2.96196120643691
3.21836352435529 6.17643160578972 -0.957297123434853
2.7467629850338 5.68869231350207 4.80886995606755
2.30685012015728 1.06605206249092 2.82371702836884
3.37580533206503 2.4778114817547 0.402995952282628
3.44041256594048 4.8951856193406 1.2974105037934
3.82104378773648 1.71433186574895 2.13503107945107
2.00643595680825 4.0255705270565 -0.00177518688043432
3.01338067527079 3.94264127615607 1.99518912571179
4.93308663461874 2.51994477539376 4.09849511350084
4.11710161418243 2.99088766396256 4.04744248634176
2.24469317327836 1.08012922443182 2.27438681101172
3.66573773085485 6.96320973269314 4.75361346068978
3.98486745958288 4.87347758220555 0.266800140577835
3.76763303062248 1.08125077424872 3.39345005331176
2.9275061586047 1.5217707713908 4.04397725583061
2.50933796678119 2.60079650691398 3.44098265571059
1.23277835892648 1.37522586568779 1.79461828144305
3.35457509653763 3.77311973210627 4.05244313241725
3.24837655000569 2.96210867612816 0.913297690987128
3.97993197053274 6.96114607278199 0.0185462238165242
1.47153160997927 3.81611439010096 3.34956666582071
2.02136743251897 3.22705806086512 3.52717374973319
3.10707552318962 5.11515581397346 4.73869166708814
1.96330449513335 1.76413380291046 2.82591392720108
4.64207538511509 5.68815168781988 2.54237973750819
4.28255771248659 3.96990676765257 1.74637135802682
3.29378335218612 3.23790489270325 0.666325361368114
3.85048759783213 5.56032126690291 1.37345873043924
3.37323047691642 4.2981093769141 5.42285065136572
1.98247996205611 5.65211041905923 0.553919096354778
3.94430126205868 6.07103628205979 5.7816778890862
3.24165417273985 5.42309049917856 -0.115365052107243
3.09476523283255 5.98065224752289 -0.0538740007057473
3.39984492261095 6.88332173014046 5.74274872330525
2.86929222740014 3.85927022769961 0.934971565753377
4.647368575932 2.26324561290004 0.196077235769578
5.11934164324315 0.0265696759422518 1.96624393155473
3.75603678433627 5.93369909087646 6.21464963568645
4.35613212328341 4.06413753527345 0.0444649735803893
2.9042333370734 0.822991559680961 3.33131080526068
4.23378491870839 6.28644349938489 1.02162036734215
3.56732770781939 6.78415766665266 6.31030476125193
2.73844202483825 0.286709401131014 2.10647023138109
3.18582360637301 5.82876739534116 -0.54547419232259
5.27226294609521 5.9143939426404 1.62189610685527
2.03958352582219 6.62410172706512 4.88595601611245
3.70457134248648 6.57657734254373 6.05609646068589
3.97121676695526 4.73307058726022 0.634356055065639
2.71428480297613 4.22930933462834 1.93761645266558
3.6648744318643 7.02801465533811 4.87190692089284
3.21220236650672 7.00381157218159 6.05445781331452
2.93577010303515 2.77415466276738 0.869138233154998
3.99149087773422 0.0552786204323867 0.982232381395003
3.53358607679759 1.56944092027316 4.04124854226495
3.95331940418644 1.95866100072263 1.231633947216
3.8457865856194 3.71306903066267 5.98408876369334
2.34178383661415 4.52558305153398 0.559854338524396
2.76870120182887 3.00253168983966 1.23641925752911
2.51516224196419 7.46840010958546 0.46837158384886
4.19730241437951 6.97527072749635 0.0132967769602952
2.88480407882388 1.9894071344376 3.66521178829758
2.75442713955168 2.73739403898522 1.0959600760453
3.35497271413008 2.69466176407877 0.525231645249763
0.406624604132593 4.57947391877164 2.33062970132649
2.87855269445795 3.62575153057714 0.704750262199734
4.21078060693809 1.65131679516828 2.528548653363
3.24706386367932 7.37810581785417 5.1994472641799
0.52564994967363 6.43923686728965 2.7567027498604
3.88285925012378 2.9431135933883 0.716725994601208
1.05635722663747 7.3482279393624 1.99816829716648
3.17964150070329 6.50671759886943 -0.105391171990786
3.36998549695637 3.83637144847793 5.34240436435895
2.73617446490594 5.24699108092206 5.86468068058911
3.06683225351743 5.5007504059564 0.858611652688039
4.89006342069103 4.435560390564 2.09206352228716
3.28228927679723 2.92777949818356 0.42887924023709
3.05279051970329 0.84209286349223 2.74326855221764
2.26430657522286 4.92944424487829 1.73347061237434
3.80626669849969 2.41036297654938 0.0534820652113867
1.99764940753292 7.21831057308291 5.70811036818256
4.51944507840411 6.38949713781652 0.464069811622002
2.75813876208967 5.059490691441 5.69004099818822
0.784128810583133 7.23398365563869 3.9204206790138
3.4296232976584 6.22541756689223 0.677340690105614
2.39741576102194 1.46247866795951 3.12754049562705
2.51744276335383 4.74995595038922 2.36719660570807
3.09359837224253 7.06916935930813 3.26672244942591
3.30247912129346 1.3723785007864 3.54808130974341
3.09546427906544 0.86504760657119 2.57575805323039
3.07679360847962 4.88881147395836 5.54061329857521
2.72953257665436 5.95290624377842 3.96372293753839
1.97990244080528 6.88129024019313 5.1149383207573
4.17110100459858 4.02128104460705 3.05294115089109
2.85125996718587 6.44686439414107 -0.0773849907734931
2.6674293198622 6.16881870931679 3.43140153991992
1.77984139556929 0.931507880073384 2.33390717767959
2.81535697944372 6.04701764620478 2.14891206962208
3.1981464313366 7.16323174588609 5.78648594519146
2.67958213259584 4.07092612881204 0.248919512849574
3.04465416421345 3.73605072007202 1.09809672748465
4.64812325645785 0.763885475667813 2.81718292945548
0.811572981333191 0.849239326675489 2.56074673598556
1.42085172964315 0.178443725023413 1.43188174226978
4.90105848837022 4.05431667607738 -0.571937789620264
1.92601662472383 0.962120889947153 2.88351978190966
1.28364571915916 2.94291284880478 3.43365234324249
2.77382137160923 1.29220415009604 2.52010320308652
3.84458380821716 6.94065407999667 0.509320207278656
3.16633937485635 0.628918352866553 1.60557563971049
3.93017646411249 5.32769499292803 -0.620169083237151
3.61448343202132 0.366198432914788 2.2569025384102
2.32191566926529 5.89008461169799 5.60379679692402
2.11973606237403 3.47405867641724 0.898959754322912
2.28162990878448 3.15364471219329 1.32485064133718
1.69832262589905 0.252834322295718 3.15824659718814
1.09247473676472 3.44467736627488 3.58029188454227
2.33152128968764 0.939949793367343 2.62084277934704
3.96304689587754 4.27906733592624 1.3406332637804
2.10615709888684 4.89411637993255 0.391294697164527
2.07160050850403 0.945700472433509 1.82083707827065
3.06932119336203 1.37365714050793 3.0934926427618
5.46918012347958 2.54442317682737 6.38414135014896
3.67912252520855 6.73603702749969 5.36757114121174
4.31881113943425 2.98686635282067 4.98818505222053
1.84726757367098 3.13254858549364 4.36413689016455
3.96381676912874 2.32638604574252 0.322681938485575
3.24973209159159 4.7524674584909 5.25175555004324
2.43545014304177 2.65077839891053 3.00810039948541
3.18875626835782 2.97949828744038 0.321462972766892
3.48394202677373 7.31120761352727 6.4758558447947
1.16160310911369 1.39216229489158 2.83801200826901
2.79631108294634 3.25983606629677 1.12514069419553
2.65822032334996 3.60330925170809 0.834387482134853
4.54773305661567 4.95402911106155 5.51965804882299
0.481214778785514 6.58130426893271 3.23392426236539
3.40582076199614 2.77621547550267 0.600705830561532
2.03143449548974 0.316771335682798 1.62318167343234
3.60898437892459 1.90220655371778 1.74151962617221
1.80828709806682 5.45576874226929 0.672206819380615
3.08458661266241 6.44037540360248 0.572399972873924
3.72809111647494 7.25528280378243 0.0982376384159913
3.69939683996134 2.12381314699168 1.53614453648014
3.88922669789356 3.64674542816244 5.84098922858058
2.32599010602219 3.4233357410685 1.0834777123953
2.96994789432824 6.51642733383929 -0.45507139662119
4.96330535696899 2.60756751259605 4.64663080677554
4.08528204176628 5.22246727461268 1.53669675462947
5.81630902453887 7.07197854285487 4.73743743732572
3.05130468530054 7.1435506961123 2.67474775282456
2.25967992260416 4.04772024006628 0.677350841602476
5.34732524475415 3.71415637962917 -0.452975103334487
2.44490657386017 7.08618590476599 0.783957085836266
3.67830514862646 5.15788497349534 0.512748343623688
2.43190367434855 5.42720979275999 4.59673562249573
4.90610726011773 1.52622499450011 1.5682446801723
3.00305489028157 4.72595667999788 5.46275719041576
4.07847324106846 1.90812591266954 1.86088113373497
2.71164601193438 6.15060789227575 2.63433612746187
1.92206323583798 6.01790171215443 0.881535153899186
1.06457257399344 7.04570511959578 1.47784967752739
2.43828011518463 3.11307840104479 2.21451353347391
2.92395288347543 5.07334056273007 6.0671339830707
3.12706685929208 0.843489169807751 2.29481322721782
2.70607239377601 3.58530535053745 0.745105426605657
3.04772068773247 5.07529158022408 5.2077014373694
3.73019136658566 2.0165107311923 1.56625548462737
4.76355897677761 5.27968379934277 5.43366885361732
2.4963016786192 6.51848404797651 3.86312924694759
2.09821798253343 5.24634820820242 0.868113591182157
3.13364535067376 4.47985547724663 5.30455121230138
2.82480029964315 5.03971513588162 6.55403569179137
3.24258200604446 2.95529456242074 0.218679761868157
4.93860880502614 2.96193960564088 4.86224461000885
1.7821708376485 1.85150924264209 3.13089124881596
3.13052121562743 2.31297378175991 2.58009837161141
1.86974493541098 7.12723819510756 5.14881578136573
3.87434359401135 1.6401891710394 2.21060394644259
3.16155156886431 3.57916043838766 1.43573397065692
3.10287776896821 1.96906880373157 3.48961116518781
4.1891795460255 6.42561621168878 1.36996752154855
3.67343468219689 1.48997356593451 3.56150746100459
3.96385844053956 1.21894517692999 4.54040543463789
2.23472910743615 3.52744737061696 1.35064556122743
2.88665842037597 6.43069817949757 0.417118949943622
2.97932271051107 0.36243710668221 2.20170917228241
5.53882284043265 6.13416703428132 5.29596697948077
2.34286253200224 5.73086532053392 5.58485362155535
4.07287649342679 2.78695118271488 0.33827733493767
2.88463861802594 5.69897220399077 3.53662388945236
1.3296676488754 5.70242717717025 0.867897702619452
2.82228768743363 5.4550781872676 5.07927491990465
3.40832823034486 3.05383257674533 1.4687379176171
3.0990074851882 6.3226629647701 -0.145434883396774
3.3063267414696 7.35937839988566 5.82759672759939
3.44549760723174 0.752897109229797 3.67172990022582
4.09615067195399 2.63466370209119 0.0904103043756217
5.0668458974443 4.04260914765965 -0.752082838000051
2.29741456308735 6.98887154957045 4.43945152054034
4.30707127137995 4.10988410818617 0.359055067496505
3.6177134155492 5.85390745942887 1.03133802624923
1.86232529451116 4.86471995865129 0.736459406602559
2.13360888532865 1.06600752223358 1.35125465307361
2.47754194166794 0.151037102537045 2.98383132016266
1.45402417895394 6.53050648228851 0.194385135744057
2.06746579077211 2.1198900082187 3.34370434540409
0.614133216977265 4.73018333389831 3.1464489910219
4.43097005944927 5.33074627324715 6.86681401658886
5.26110575147283 5.723891214453 -0.112379503601752
1.11838281190145 1.01338979993943 1.71030667599211
2.60308769199942 1.79326621380433 3.95269551386462
3.9195847776 5.35458728161094 0.354154458208684
2.88783587324662 3.36204140876603 0.968860023726686
1.27406285995864 0.00927304726611933 2.89735050932893
4.93120655151255 5.40647726399249 1.41090606972867
3.18187904166553 4.17678168958873 5.68706284483242
4.18668936560618 2.44553230078651 0.087488496756648
1.02676305679664 2.89551630926916 3.41386208276455
2.60050426894608 4.47603087026123 2.0292813137782
2.65932572960917 6.96684075309034 0.504297622913255
3.66671781381484 4.86506479397988 0.230883518281054
1.90399614232942 2.12678962468456 4.32325283411531
3.39736414029103 5.54659636831968 -0.441797498887996
4.54982560460271 2.96531100390384 5.69484219696402
5.08706227591623 5.28423264694233 1.26587607633431
3.47973602280228 2.97461207787789 0.502288514451185
3.71689308096556 3.02864872094584 1.11104364307988
3.68918408086129 3.13166757793108 1.78277363166954
3.11499394652944 2.92040257323306 0.123848142018262
2.23306627501873 0.553456197366199 2.10627950434577
4.57926737879824 0.685212644087578 3.90081857929955
1.95827297954899 0.673181221135024 2.61073528773831
3.33477906593712 1.05858663328219 2.42048747523383
2.80382529745214 2.60776785104512 1.22636484235822
2.63590587741409 2.72102168845751 1.08283728847292
3.95549470962552 2.38432102909229 -0.166830260892458
2.49104690402126 7.1960292296312 -0.064143600433536
2.6135890873499 0.972928894948685 2.83110609922878
2.35780999536239 5.71837114161875 4.45965101686605
1.9425545279075 6.94834232244824 5.21200975233133
3.93213677990187 7.36286862577804 0.701037664918961
3.72518691035839 5.83063163941809 1.93464815909595
2.67721260046542 7.16575090160325 0.0459327845266311
2.35690562133713 0.134746141987656 2.30038847965897
1.85174420303223 4.68969657550193 0.560734806800288
3.32030653736281 0.346673342793508 2.31460116903166
4.02678248698418 4.22113868203228 2.18494913929581
3.50061743718173 0.704920736618832 2.82904720270597
3.45269384066736 4.97481155381492 1.31445864462791
2.12878425518138 2.87801955698562 2.91233036554374
1.56110679129237 6.3859166171969 0.60266287164619
2.38134563580903 5.01894876506459 1.63344049629097
3.24445481158106 7.26064266364894 6.29673218402962
1.96180719880898 7.46483244317949 5.43548617946142
3.20520686022044 0.4780404434343 2.56794069892614
2.51466554843107 3.03484935494091 1.75122171179348
0.479652691990657 2.44216679149911 2.06823661740353
1.76092191401442 0.529672319908983 1.47652541457391
4.01268621387743 2.54142024297546 0.327843875451596
2.20105973688158 6.47993179637318 5.95629715509577
3.4136956619137 3.99022432246971 5.9071208890439
3.14463195096793 5.20204966430885 3.42324871037962
1.21352072002052 1.62025529948363 1.52158005344583
2.85016783583675 5.93382576623966 1.95862069825996
1.85036787490656 5.24381581038567 -0.335666430949459
2.12116600821529 2.70311650941891 3.64593314706457
2.9448986656375 2.5108736578445 1.48933622630188
2.01766087995019 0.162631519580561 1.76138204635671
3.97149852416131 7.11172304973565 -0.415502543342951
3.51636381612198 6.25507810848567 3.9121346255165
2.38480769163741 6.23523450594968 4.60422959069732
4.71260680486019 7.29226386894007 6.54855750019403
4.42039233072788 6.41196979715177 0.0556279921846963
1.55883880057989 5.48106129484293 0.859429926525177
4.24772032478288 1.97884606019517 0.952676803914529
0.890568118203169 3.67619145346175 2.5678428003537
3.59815122111656 1.31053539830551 4.31336760453043
4.18728377866896 5.2028824882495 2.47850792041419
1.92197904037572 3.16442799468351 3.06771455094069
3.89287605076429 0.668146973392552 2.83577768907271
1.77312192794514 4.61457696685394 0.000813646015985325
2.87525129179053 0.748292850377267 2.19687346633097
3.7063513617658 6.80381228082412 5.7483103677239
3.09237632139989 5.98834226930739 0.0908961368799304
2.45322691684851 0.793671027193773 1.98194681345595
2.28924414533696 4.71834142309663 0.460661994739358
4.62852368124466 5.20727200778068 6.12242061997433
1.94172905963525 6.90927370411522 5.30559825691495
2.40100126309603 0.224451237728715 2.60831851758817
3.0447452443666 4.34693590600113 5.39649880254059
2.81487166016906 0.205691689319485 2.29183041030944
3.41841765315602 2.14423471425935 1.74638918741802
0.98813361363333 7.07850544566498 1.57451867426809
0.772803638931738 6.54278143431598 3.58162124343713
2.00445773581227 1.55062667064873 3.83590423346635
2.17319609185242 2.61306617379043 3.85083900737217
1.88067949790633 1.96395460429416 3.94932307585086
3.66362576192014 0.845272539484268 2.16644573158203
4.26438502066528 3.08147523785446 5.88182097004678
2.54110491741773 1.96767244151266 3.45321602631366
4.37730733669124 0.134154400297245 2.01848844127851
4.61549640942844 5.50610554915626 5.41900981681246
4.48063095860121 5.05028559748492 4.9028387143654
3.89830162433446 1.68656960385199 2.75176113887934
4.28484712364053 5.10149823772618 3.78861042306376
3.74631838898947 1.98645373049467 0.821022006999139
3.04971245953089 6.80872998048152 0.0744285761323002
2.59455313430239 2.80630844741529 1.20834286725843
2.77937617813537 2.33535087304461 2.54445550727867
4.83133130339178 0.0499203443225733 2.34028026538507
2.77995158517926 0.968451468612636 2.57715935803769
2.40508479284231 2.26929905978404 3.54680581361323
3.36461424735712 7.37535235943229 5.95462462701137
3.90434109743172 7.42827043837231 -0.242413554062682
1.78374530277422 4.16028721475839 1.71018482125613
4.34580069410905 3.12104795171496 6.4336286303051
2.61497518285846 1.09373917287721 2.1412654062012
1.45744705761669 3.96611109535168 2.60657260667783
3.42642905330818 1.22594511014909 2.93721308102282
1.51417412982347 6.86522008560901 0.371302760566432
3.71535463610945 1.2236522842303 3.67476115060355
2.28036766594978 2.4438881646429 3.5892438517639
3.09818927120997 1.32125823705723 3.08373214322473
2.35712847364342 4.31484625826607 0.76149359614288
3.19555140349988 6.40265445711769 -1.02182251928369
2.50075608201546 0.355747866700068 1.88836588329224
1.81701644756404 4.23656156637683 1.74665818987273
4.37834251338291 0.634293320685236 3.7786305752243
4.42144078230676 1.1475073630799 3.38895893000861
2.40279926898632 4.00191415906117 0.267385028505613
2.46259998362117 6.11440482708102 5.50480803135612
2.3108150377856 4.96736830685765 2.06874820698665
2.6817037426854 4.6315190835173 3.67420719012513
2.96324904215713 2.81160996373193 -0.0505992151422867
3.43775622052028 6.36440852411016 4.32787362575638
1.99414304723264 2.71302349574553 3.56008346502978
1.8841755612401 4.21892406390343 1.12650087323482
3.58674792426562 5.7050427350662 0.811593677960825
3.94841476030717 1.6813784752804 2.83043622586039
3.97459759246864 1.16111314589602 3.57250149335869
2.51953816402516 1.36197743812227 3.29362177205546
2.92448436169661 3.85156437770625 0.437091099095872
5.00050177164643 6.24750111166278 1.32045194588506
0.626128338502118 4.26202127969764 2.6556861738034
2.83404294267836 0.325380871722277 1.64060920089023
2.61890332071638 2.67853455436208 1.08989866976901
3.35440135521491 4.85246825675867 3.41585264746212
1.71493282372827 3.06199297549233 3.88170547636794
2.91364599688231 7.34844464700816 2.2243443256635
3.27651961977404 0.492089491098776 2.79797068629825
3.03673983217469 5.73230741948658 0.0799228859601309
2.4170233560795 3.60354423426565 0.320093652445694
2.80870278533926 3.99138325487638 1.43807868319152
3.17638163885402 4.69547684148549 5.86251006601718
3.95210535100636 2.77944197304945 0.815767880760257
4.68092770425574 4.84386116481489 5.9254401322693
3.60810947893731 5.62317337735815 -0.3135776045895
3.16896739072987 4.97981402043714 5.33063443310823
4.61024935349889 2.42438953103354 1.00876434607208
3.99429953590728 0.632285744271666 2.75956435478438
2.39837473031632 1.72060863404199 3.07367116269215
1.93806782805113 5.72517255313943 0.467611371766621
3.64098532743292 3.59572423956032 5.02324122593835
2.47003885248556 6.43090865967521 3.52296212193264
2.40004392546211 1.47157560996864 3.74815776291121
3.59403174927529 7.05157093523594 6.05398525421113
3.89986403006989 5.3534349660395 -0.55812026297247
4.00160937396239 7.07787125028223 -0.490345538693297
1.99656685121851 2.11794513767208 4.27205741043191
1.4199489831121 7.02237231194413 1.22195252307069
2.84892933682084 0.704578917646433 3.00160999412184
2.48401737365701 0.373282235174407 2.53623905389497
3.21858595172331 2.62201452731228 1.06758739511338
4.07495898860456 7.102520996977 -0.213745005351618
1.58286709397121 6.34131156732607 1.11403766184006
2.34706798685173 1.11355301883485 2.72233781820653
4.4435184408721 0.0731960222954502 2.55873192335806
4.44198705088887 5.17217163342288 5.90826738910193
3.46878221803661 0.906271870343264 3.79863613699129
5.00083915326959 5.32938421693269 0.210728748582355
2.87382770189528 5.40872112851969 5.61750094498677
3.02919565319868 0.361152216353509 2.2288939403422
3.2545543256098 1.50566852743825 3.72407630448898
2.82844640486603 1.26229613759133 3.60150407050089
3.26433696705719 0.0164618669083882 2.6228119671601
3.42200793628959 2.71961559080681 0.116443451780551
4.30361934229438 7.38928418589908 4.88842279670056
3.54706294715821 2.05952176021785 1.68344555083284
2.9715197975044 0.109893071823429 1.41243954311276
3.69253199928494 0.453082440780589 2.74828688757704
2.71258117819762 3.71147667543793 1.00075971775988
3.11087152509554 5.57117251594352 0.880624211105565
3.54704652451609 6.72688411319995 6.16242028738548
4.06148248239571 0.736868598423481 2.93954341835052
3.4525499227511 0.92325247581223 4.21615599430111
2.67201181338982 4.54262833390926 2.74355251303038
2.31310516081421 7.48390853271251 1.13560187596336
1.36589599967965 0.0983996032565626 1.80114312096512
2.84597363658802 2.26370264675751 2.73675354190536
3.94632264573767 0.618680804962427 3.0553655277218
3.91736908469447 6.63094837506445 3.85446731345558
1.10037247792409 6.02383296587458 2.90901856027788
2.14287059337339 5.29853588812158 0.19438775045426
2.66052481111854 1.05781656184259 2.6637657577158
2.92051131804087 6.86081969789973 -0.0787093864950029
4.09179791448439 6.1593918913297 5.33553051657231
2.21635663091927 3.55079369180987 1.18594825783956
0.292943132924454 6.71575071012122 2.44246202791416
3.58933752247251 2.55952805110984 0.779110743297843
4.33095782482523 1.5015149344449 3.22889021935348
1.39056061963286 3.28252670729591 3.96116372186289
3.1263332980307 4.67958570357106 5.40693560913069
2.38083152379401 5.98675814521387 5.3627217349517
2.70627445475274 0.653826606180733 2.30635911576243
2.7235864658102 3.26623745911932 0.154607704425186
2.01601897707174 7.24317292981046 5.61918590906727
3.7517395183243 5.53821864310251 0.80307711304184
2.23432646419935 0.500612196402267 2.48579568404152
2.40248263331706 1.28086087844878 3.1865188635795
3.25164659052258 1.83107756169441 2.88584251866776
3.04134161181262 2.9998280545957 0.48910797331697
4.06356420976929 2.5678699732741 -0.215693084624402
3.8082681220899 1.51193018969574 2.86426733107609
2.63844762844338 5.57393422701886 5.00522841568638
2.62807224320992 2.00314137985278 3.18792238604303
2.92436816099387 1.16142424155736 3.52591227629233
2.98007630412774 2.04747941816574 2.96913271545832
3.24477990788186 5.67276286190369 0.127130275248258
3.01985841576237 3.35330685632048 0.755567390368317
4.01076707204936 4.95708361926698 0.455457586179712
2.69533120735206 1.48717650774403 3.68367361859199
4.21166630984692 2.51441266426899 0.197703714073378
3.74711242150574 2.24635416468783 0.958818321201668
6.17197044322798 0.0894765964321085 2.2257334063018
3.43130823382056 7.41574363835372 5.93210751685642
2.96394293774539 4.02477229216359 2.68639638008826
2.91888507388574 4.08616165414591 3.10624955181155
3.75781544347014 4.8148166796768 0.305021282521081
1.71346417123671 1.93943600092004 3.62543685813325
2.00585269361144 6.89109640369069 5.70369078944889
2.22729690388728 0.316678490503859 2.44707536789724
4.08265918255471 6.41692612173351 3.83691269560603
0.58152389080336 6.41497848144661 2.73662320493893
3.38228078312525 4.86828586345828 3.07153563795637
1.82493993337936 1.25447385977149 1.36596377713898
3.22524187018604 5.79843117167781 -0.371446975727257
1.19162387981286 6.27447415323148 0.546908799856692
5.41941079779149 0.687848960074941 3.06247458204269
2.67553797239694 7.03984163330978 -0.760061999056612
2.04420485090911 0.690111997006467 1.87665914050301
2.75230280122566 6.3609486530171 0.171413243695475
3.8503548048245 1.13027011347177 3.90072707654444
2.58197310502082 3.07011515630186 0.660579424000969
2.53488059657625 2.93000566356944 0.845665287025171
2.94863364571838 7.27062992705814 1.35460068939859
2.65153198956459 1.49836062858153 3.6732266121337
3.45547533625802 1.34956161531548 4.42822367302639
3.83427046768075 2.56513809582372 0.0716197886978793
1.74127124639498 4.19468404529393 1.36765031693376
4.03287539844587 2.84492358761433 1.99932385491157
4.65042292775288 0.81139571840251 3.25643220965111
2.81262313856614 0.118268557870146 2.1514123601044
3.51514517429355 5.43895277888899 0.625072831722799
4.76761909265844 3.74459421196415 0.0493345204155055
2.61895442269303 0.567225502868185 2.18259244258611
4.74449579562716 0.424505754157901 2.06052481545426
3.84397115720373 2.85325062467452 0.702382616589463
4.02885066989306 7.03374831689157 0.366815780096823
3.93691489457506 4.76951791207151 0.460378198422597
1.81970446663115 3.65132543958031 2.18534728878374
3.99772949691601 4.32165861398324 0.378032903565286
3.25187596299911 0.401133555703242 2.10252784829454
2.74872381296496 0.775249014985403 1.32605427278209
3.78701404077527 1.32899625193423 3.94812866506975
2.71260028433444 0.594595955103735 2.08884679324557
3.10775740437411 6.05010245361637 -0.708736818274563
3.27591257207852 3.89432824625683 4.2572811881284
2.05004749709667 4.56027735624756 0.158738201209165
3.19728283786969 5.15183773360126 3.54199106258805
4.13530043901872 4.01127889733488 2.96185457803604
3.94741692155251 1.468982101828 2.55372197623437
4.56061196017587 5.9939104761513 -0.603545468095581
3.86758668385446 1.88304709785193 0.97443440523489
4.13958729034348 2.80673323372681 1.14524238155264
4.15186178451592 3.3023716302521 5.08846741603808
3.80616291720026 0.287477800291969 2.72442509018045
2.80484691877603 2.8534921583205 1.16524659882833
4.17759951515089 0.280784090782807 1.71258479333302
2.53374561552651 1.89254474862562 4.55961287229042
4.53808544780477 6.86980142480216 1.14368815149275
1.17492699225525 0.899015644822348 1.14472202111104
3.54824869156234 6.23765807878099 4.66925641837894
3.75976966297094 3.41805395882212 5.26781356129033
4.67219007512781 2.98718090304048 5.6743272148123
4.07286108859303 1.55395047685521 2.54698044176607
3.6332829890041 3.61641111910383 5.20219235974329
3.58332257120513 7.20362029057203 4.73072927511748
2.62190053080347 6.76250956299207 0.402305421471773
3.16121535948862 4.49233988949638 5.81982729933332
2.02189725917617 5.1070537072638 0.630216023384894
2.90504818040553 7.2155631497848 0.552282172392523
5.00855787182564 4.23427756093831 1.87793700560868
4.74807256933896 0.0352487997197537 2.61811795793133
3.16779267173596 4.177242686768 4.77806168168227
3.30177499606699 4.67906494484326 5.31301982580054
2.03818321984519 5.16367945180704 1.39852609268813
3.65363005634952 5.2403933931332 -0.37860639268837
4.21760776851529 2.42667763686642 0.443350000035566
3.62947865007223 5.96403477727791 2.07068982722787
2.24410594452712 5.18620179380494 2.40505662251676
3.22202323582913 0.275590101693132 2.2800224534205
3.77171878651576 6.18406396763324 5.96491555632749
5.27246296308165 6.49777752741896 6.33321624577234
2.8858028203528 7.16647331723185 0.240053759946933
3.78955735101841 6.67305752513391 5.29521158892449
1.24199069350967 5.75798473377382 1.39166962620754
2.73050610770021 3.40787015885482 0.797117052853401
2.20059297015508 2.65060876118716 3.42985009692756
1.11976454463903 6.2084233470685 2.19813476631442
3.17560415066175 7.06707390106983 5.42250599939158
3.71408643020369 6.54177476569133 6.68885541085968
4.77397764118498 4.13644092100844 -0.856350477113712
2.94035883626339 0.186986171425756 2.28147193346327
2.53042425219164 4.13261409280218 0.589369464218683
2.98463105615401 5.38268738846212 4.9928709029717
3.96881628169241 2.9733338795545 2.52457587227422
2.74436745554612 0.728435512601222 3.13750335210602
3.59840959314912 6.14862981265871 5.2343794343145
3.16706526220374 7.23474551628523 6.63206304111736
3.68323513667788 2.67094077533174 -0.108376014530695
2.18097047179346 3.8545545908639 1.33272506663459
2.16625882825357 0.214030628753322 2.57783322563516
3.79828061980763 0.439348592960228 1.57781395071641
2.02349577734786 6.38136040692354 3.63495998822223
2.83295553361209 3.96337867229732 0.742455945867727
4.21100750084359 1.09240069933396 3.72129224870623
4.09367764083381 6.07601577294943 5.90404426701938
2.83869140370195 2.20408564497363 2.862297452765
3.13658385893489 3.29201344175629 0.0845268182312257
1.5962893277862 0.726871658225128 1.68699198025835
3.14984718980989 0.269150701708782 2.60398748762372
2.92418222029394 2.19562881960182 3.74191016356038
3.42879967427643 1.56495893705924 3.8079215711172
2.43828162278899 6.07260012514124 5.46495542380972
1.98896939289735 1.04763572827893 2.63633831724718
3.67430544021093 0.260771563692328 1.82258734736066
3.06981023084093 1.41243161699582 3.28856224903417
4.56565167814722 2.25403251378483 0.216857670654638
2.85009886456861 7.35334066846958 -0.331462843377485
2.27930623474926 1.57022629718455 3.46671197733311
2.50923593014022 6.50227549548197 4.15346892946275
3.05200934131477 3.79840637443671 0.420935481971381
1.51532916666989 6.696970092885 0.653058915557663
3.36844048945544 6.28656222741636 -0.645523078634988
4.63184410587616 5.48347706848791 5.31448827188803
4.04589604193825 5.40376439793763 3.0809791253737
4.20685987696319 4.44699198219183 -0.420911883239058
2.97402856099346 5.78813466799061 0.841607329230159
2.76087295720595 4.94910786104454 4.82907610088555
3.82315855542813 6.67772260767887 5.93724791085202
4.43445570924965 4.43828403845046 0.0411316304152516
2.31993304462526 5.85578952663726 5.05769552713951
5.53320908657995 1.49704433117507 0.906454940562191
3.4845006865937 5.62040047342146 -0.0937682592973722
2.76815464142457 6.30443917190152 0.109905329778395
3.12204887319216 0.612428305526723 2.65347896438802
2.66999518727099 5.18466304145323 5.12923220878221
3.4761582785112 6.41524956737054 5.34384534206175
1.8590776168931 3.03318207707738 3.37873168226095
2.31301093055237 5.65126833525749 4.23026840580803
2.60189598376886 3.38863852648441 2.11680916017315
2.53545516867324 2.34506556189707 2.90880368502092
1.99608721422487 5.38623556499704 -0.728715536583634
3.86214486581538 7.07883842514877 -0.424723171610012
3.29723278373253 4.62105180468849 5.20264843940653
2.73918367321019 5.33960826696975 5.03662345914151
3.82210935818391 4.20395612538666 4.54895506212823
3.46585124642056 5.1074947095121 0.568446635326088
4.93100163093379 0.809148140911677 3.80350209258997
0.421855189627704 3.63709069782419 2.71528303221647
2.73457030641228 0.729724318905075 1.72064846536103
5.32302695788148 4.35944636976063 5.33406357189461
3.14469097208681 3.9667715294127 3.6103670939298
1.78168941439056 5.89450624706994 1.01654772279503
3.32175821190351 5.07729254069971 2.21214200127332
2.19900788312727 2.29583942944164 4.33964997440668
3.13376198854983 3.17164629531684 -0.246170329884313
4.40597454648059 1.93269825110551 0.308324194519642
3.35767238850288 0.153208328301379 1.88543928793177
2.89215228259649 6.55742721685741 0.537426190206718
3.3462673945263 1.56692755805323 3.97412932498905
3.90964710789942 7.11490134148935 -0.15948226845746
2.35838687044812 4.12356787462414 0.617763135064676
3.66193518417726 3.34958378369313 3.38518502087841
3.40442512222085 0.967262375216677 3.09991788081428
2.51778178628528 1.72388095296836 3.89220016040605
3.81436119057603 4.06476137729288 5.36587712029651
3.0374442675018 2.74804758311917 0.320234455315579
2.56585459819983 5.82871074183157 5.63543745642277
1.68562571059711 6.37958675260542 1.05283445802512
2.44683315439001 4.01518835966961 0.17159776637201
3.44412701319707 1.92914350784385 2.05177337552696
2.62586518668714 0.327604978503772 1.55079751553097
4.70537114275145 6.12021322902083 0.143511908396809
3.27325912778093 7.06903354048992 5.56332937823987
3.4946475789794 2.40226984245463 0.130217538729341
4.0730641650051 4.72777622432883 -0.0895782727811006
3.58191984954717 6.8246158995284 5.83030858862625
2.43810430470261 2.86540643315212 2.47428505654153
2.69213098230941 2.45181096524229 2.8905162944519
3.13901402821944 6.28419610424082 0.563422903379462
3.52708165507759 3.76903834729945 5.48630418714426
3.29218076135857 4.98852523218984 3.08781420269758
2.99019674177836 5.59311478136732 2.51421150149373
3.94135943653483 7.4050468835645 0.629302448067998
6.17254027509734 2.63419034020301 4.12283929106528
4.5469929462942 7.01094987917113 5.96636619890228
2.96504500014347 6.47981405890217 0.134651228089584
4.20274054843341 6.75436971530717 0.0666269819449272
2.69846873384947 5.3554119688926 4.80677111124652
3.49238622225457 5.76523188400535 0.0204982796262896
3.15999930006631 4.45382528421783 5.64616617089431
1.86392772159374 4.3475516428906 1.38469752122446
2.75686672047689 2.73866665407096 2.36223297968343
3.69875059014264 4.44139286124176 3.21781078157486
3.24849731743648 7.45217350300969 5.40627287962338
5.11112982899498 7.20363170497107 0.368500321571044
3.23604615259222 7.2267412216355 5.01280024710087
3.59546974587223 4.57336045244185 2.77583905020426
2.55628326527685 4.85652752443674 2.95104192612449
3.2235766750717 2.62505270566726 0.752843543610137
3.84655831030177 6.90115609637252 2.71592616826412
4.2380519112195 6.21136170257932 2.92449161818309
2.43101890519578 0.285716278276801 1.51551253612334
2.42613203976176 2.67844618805557 1.61628088783627
3.33008283623825 3.35058750664483 0.349085091081626
2.7913910080283 4.69987331921976 5.1841483613943
1.59552031894542 2.65279086608401 3.44000455842334
2.97665921502984 0.721205453817002 2.68041559254235
3.90156152932814 2.28561486517111 0.520802574062255
2.48979420898817 6.61340179767991 2.63475796924799
3.43882889453622 2.03305991897011 1.89561042795675
4.05144747599467 6.26891284306069 6.06623152180922
3.07062796037524 0.567406482899721 2.38858184977869
2.08794066653919 0.0823408410098612 2.50025338254021
2.57717400067813 1.9363404099162 3.46435597241792
3.2768920109823 4.83079831189896 4.82777014510663
3.56256222446408 7.30401912996844 4.96602368444454
2.01668691890925 7.3160625151601 5.22029763867773
2.46951063744611 3.63906998484936 0.83233228136419
2.42247583870692 4.19404084123779 0.456519109890964
2.43919975353497 1.88021544287932 4.02243313071063
3.94662451919793 4.80269712814933 0.0380303955394123
4.26424355724391 4.90842321309376 1.023917405754
1.67744714860253 6.62812698681756 0.808685902235308
4.2519112231978 7.41693749621979 3.82398161260815
3.48903791714339 4.78765670190912 1.86335652640229
2.47176384718304 1.80403680382321 3.735866578536
4.17414050905436 7.14575557050411 0.900695632756847
3.11943014057752 6.14258912749917 0.0657109338012132
4.16842658700254 3.63454283826007 5.80197796590751
2.94137212436384 4.01755635310678 2.69590495859566
3.47186024651823 3.65862522532029 4.86690617978334
3.43094936848601 2.3304905210243 0.4696607516907
3.67776801178928 7.15379685559982 2.51123916058564
2.93553311628378 6.20167362725124 0.179997939126926
1.55907425971015 2.32976128531223 4.32366341292404
2.2985909660629 6.92278988767049 4.95877133460819
1.77560734944671 6.27884704874118 0.569374109780883
3.68913695068534 5.14318323139334 -0.583585561727696
2.4081450316039 3.96679611180358 0.286056421186116
3.1303746660145 4.32092157033072 4.92986528136481
2.48241313505648 0.677884819195961 1.96378350759392
2.01754951015135 1.68094378125499 3.07568584899287
2.87000042500267 6.62351570891981 -0.761227691646214
3.88132353010731 0.00856442859308082 1.43507846940699
3.17474786638292 6.76194916330222 1.661737466536
4.29673125483584 0.743982838142992 3.60299607023586
3.98805643173927 2.33654777459612 0.0403026357130399
5.17759631405554 2.11559030717913 0.59100771446702
3.59660099258512 4.23351811420705 4.65752395916087
4.23464767300376 0.330526698615261 2.38650545122787
4.85950328513223 4.52828510467929 4.66919121788549
3.09872361536113 3.32664451399253 0.161737998039705
1.67200571472101 2.41544653327203 3.11615162407505
2.68044653886438 4.54267076174669 3.06642999601196
3.44475726247463 3.96729059489147 5.29369201807169
1.00380171579802 0.920951019614018 1.94901054917723
3.34415279238286 3.15449587864184 0.935287402107635
3.39045683020313 1.6753794757901 4.08680182310072
2.28562861816098 5.69188025181914 5.61394319848029
2.36186592641901 1.80648760997253 3.87349701354642
3.50066600964718 2.97248268592657 0.561573179049577
3.22701668759801 3.05048013029899 -0.676920219209864
4.27113584359898 5.05092239088121 2.46881131375886
2.99916909762166 1.2615596092397 3.36945061741792
3.37176738447601 0.515309679251033 2.15646818989098
2.03097044806651 1.12370988251532 2.97861937635596
2.32751659941394 2.62912183458006 3.19613036312521
3.77625085021669 2.75167763337222 -0.318888631350928
2.05955429768906 2.17311919588815 3.47040963649002
2.48883611522013 0.187642655894089 2.30279853731935
2.02157348459137 6.02901402513896 3.30925924121543
3.36751944134182 1.9919248999857 1.70668653036755
2.96442633893587 0.998129358557812 3.58966347982727
1.05237879457931 3.53991763083692 3.02642618129304
2.66027380138084 3.123329469332 0.776429601361571
1.57403393063545 5.15171614073719 0.72604608755507
4.6851357698855 0.300706337467144 1.59747393487803
3.71138683840231 4.62288902852348 0.608279586465022
3.68645501676055 6.02607693383866 4.547561935128
1.55688682214225 3.93951789892552 2.78156918770807
2.65761043071839 1.71583967750807 3.71436299740159
1.65536639021134 6.03456707262757 -0.309539806321302
3.49382180433195 3.85234949714967 5.125638065797
2.24222487985373 3.47261364265642 1.28088762695737
1.85032404208328 4.23099028024905 0.552727158464464
2.24191459609978 3.00595676469113 2.21355099206864
2.33582939508986 1.58123651189661 3.04152957760488
2.63381242822154 1.61482616560347 3.30639000117364
2.98394957760571 1.6115043735391 4.01236666548406
0.637841754839692 5.01925294014126 1.98035250667658
3.45877596286963 6.86822144053611 5.17212117094626
1.73249761393141 5.65346544481891 0.00142653128196496
2.86118374777343 4.22177599453814 2.3707244277093
2.14539807494033 2.44695594520876 2.51199736944351
3.72003617013003 1.01597220110965 3.2078405992283
3.99831196213278 5.7198504831006 4.67228149537952
2.65221766888974 6.00212461428716 5.00007058056434
3.31756439446916 2.602571295289 0.208432180129414
2.55161545460604 4.99037376406431 4.38767001982518
5.17320792039521 5.00811768157616 4.26610859497969
2.34385577998249 3.12543955100763 0.404040601313636
3.80001479614589 5.80226985981973 4.7856049847657
3.61646556109803 0.584134606180664 1.69676197783704
0.19895842404329 3.84527522598934 2.6878457314249
4.26109772105864 7.28479193448721 1.06629727155882
2.89557077642438 2.94513640716964 1.07184757989657
2.88000210325912 1.04533245186203 2.12483635480453
3.89298861693042 6.20620342500235 6.35150767397643
2.32268752185448 4.83261700746656 0.499239284694571
1.05058102225507 4.84017270255154 4.25147444443513
3.33971444393793 5.06112485031425 2.2145678622016
2.2283960037319 6.45633566660072 5.86844658497458
3.85801769647263 0.00682875948378392 2.52000564468132
2.66365930299065 6.47756774350592 1.38493831671601
2.24169224267807 7.03797978180405 5.52719424537281
4.03013575197218 6.5530280774763 2.90733343469106
2.94119241674315 2.85304561298296 0.0655081646133541
2.71107446848243 2.45073691596613 1.85030593901462
1.71485388566961 1.52747360685117 2.32230697644681
4.35703369272026 4.95567341946033 2.30390687701663
5.4642746556771 0.471915973979457 2.74765564502005
2.44337065613634 6.00089667689519 5.80843472762844
4.06741353746179 5.25837895576894 1.58486961922046
1.14523996514821 0.252612021417428 2.45386825508601
1.8487356499072 1.97461447301588 3.96901663958453
2.68004150676192 0.355388913135815 2.18434747041527
2.90058524763914 0.357809828281332 2.20378462684375
2.10688433172003 0.164734383871377 2.34882758955899
4.54618507461805 0.636246393664932 2.80191953711934
4.73818077561217 3.59621870104355 1.91010949484798
4.35113832881885 1.11278408703394 4.00263892471188
2.50401743579228 4.27653098589575 -0.320447019739303
3.46465626195169 7.4849667292529 4.43775999539577
2.5763558165223 4.60050510314521 1.29421209791222
3.69800841436707 2.0183354006845 1.37430790274867
2.2835141132195 4.42469374698249 0.451224355585671
3.48113918917843 0.155150243329999 2.72129104321492
2.51093476928588 5.82923104186614 5.11383652896338
3.69589609614626 2.54228546050588 0.368871980750292
3.56656648445767 4.83247129844101 1.09339450570296
2.12195706172331 5.38413034736867 0.666021150724792
3.84090510472703 4.87482732202654 -0.122158609591249
0.484168403605954 5.35811201580826 2.79593197703106
2.40354042178661 5.17826656425878 3.2946738283041
2.55566696033279 7.28193039728394 -1.52696071048619
1.59515205584501 3.7301530468 4.06417857078286
1.06973526007361 4.73499085965073 2.95575237817511
2.42961053357024 7.16856333210051 0.392439458035156
2.62122830312736 1.50234834499247 4.61581881160939
1.18654890524979 5.06868188452329 3.66273809780041
3.48677067490697 7.26814439522159 5.82007748930007
1.7325573211207 0.317210135274211 2.63985546089572
4.41514046930229 1.59570956322501 2.45903276982132
1.57934314710149 0.24431535446293 1.75839130585926
3.3068009420958 7.29792906823595 5.55399438658729
2.20087058698931 5.05860485492186 0.619759495609786
4.81644270756447 1.69885874139522 1.34416956801807
3.89621770152293 7.18336073399348 0.337853219080748
3.51291053655718 4.68070363481951 3.07170178010187
1.64630460949669 0.798441536155814 1.78165475759084
2.25023394743611 5.74685000918843 5.19961755891532
2.88164707607384 1.82452256893052 3.1876093199539
3.15037101686553 2.75268661104842 1.36828192135163
3.34063659422513 5.83122534868523 0.288058772351278
1.83763549144361 1.46724734716235 2.5146494287144
3.50673892290436 1.89366822351661 2.08869644282617
2.23768526267174 4.95809761151899 1.20062373285912
3.76490847319675 5.94511217705092 5.33801003973677
1.2076782028955 7.23325210163732 1.26203551847865
2.44555111444009 7.13397271739712 0.357721902797852
4.11574669085786 5.14344079479265 0.576449161857872
4.00237141483269 6.06223959188038 6.73059973162566
2.63562476486808 0.142467502953231 2.22996499552486
3.14503899966752 2.1217871656382 2.86973162997543
3.10290909475376 2.51024998457152 1.44572615366784
2.41540982813985 2.85347718439379 2.4264701061311
3.26422564514111 0.428952933485257 2.5480436215338
2.61040599427487 5.30324455243817 5.82595463475318
3.20328019753994 3.99150823419569 3.47455227243221
2.51744870888213 7.47421688736288 0.566473264066665
2.80511477587974 6.4782470588873 0.449922067641269
3.5153837420702 2.20711235333864 1.80252834850357
3.22113572221568 5.45189415579225 0.582564876921764
3.49536151536493 2.25249934635468 0.174615830649195
2.5572948867299 1.15723030733457 2.82539651873579
4.19723958582573 0.588948549275964 2.95859651370699
1.80472277259552 2.79977694446409 4.21009189858949
3.76080564779945 5.53789238132753 -0.526138154754269
4.75899300282894 4.24529564410209 -0.975377068421968
2.0091736150801 0.300451444623048 2.66555152343298
2.60463816947073 3.42427882054101 0.462455233215029
1.80806250619251 0.900814930117202 2.15301422829529
2.47351179845237 6.24250233678692 5.30823538058648
4.31754347978781 5.69309385271688 4.70526012952928
2.30157464248437 3.66054752241682 1.33444454652733
3.41762091113001 0.492752881955287 2.51121330993652
4.02348795594807 6.01323701241268 5.93913869725073
3.84221714265527 4.85447824163826 -0.198141917600789
3.53022407848909 7.43791825298671 3.64259029374288
2.33295404465265 4.44893877477945 0.810553654607258
2.58181729731667 2.71187440061342 1.97793615369642
2.9711039537459 1.78191071126913 3.63416511558727
2.9694578982882 4.30886418816933 4.27371403683979
1.31649035563677 3.423707581035 3.17472998644063
1.60971379138068 3.29870498303536 3.27028065377899
3.23870816507942 6.07490177946021 -0.523376011676747
1.76767742585939 7.10611400023625 3.77554423447524
2.12055452942376 2.32244409205998 3.71480577525536
3.25510689641226 2.23499112074706 1.26017416474266
4.25592585272898 0.169430346197023 1.92156033362206
2.87504374299508 5.80128635063001 2.63968894829418
1.88226474093053 6.85854740823001 4.7229702256149
2.4264080497554 1.63648041978569 3.02557342755357
2.69113770591957 0.411402404462569 1.66463346553344
2.59923086703601 6.83014142814621 -0.114188410960285
3.16752120156631 5.84517323873844 -0.197638915267782
4.12175963289704 5.87960185543108 5.51568776555167
2.59058411347549 4.51931857885607 1.81846826567579
3.48596153424892 3.05524841296528 -0.258016141407799
3.74740747530759 0.817279586006539 2.39054748622855
1.91541222732705 3.40848945679365 3.22397286297677
3.23008426258964 5.45200493530035 -0.0773996474050031
3.25864797715268 4.54620977456453 5.33228990115526
2.70820319173599 7.38945429700016 1.44598059145612
1.95299183206586 5.55497356864427 0.473717199949075
4.62056223264628 2.49317625238232 0.63939128301972
0.489644515775427 3.01415522149749 2.99539107208447
3.74483345415957 0.29854215305839 2.22904653183374
5.90354864045344 2.47064401351279 6.1365511805697
1.58851298111825 0.417567679675308 2.15800740800952
2.73461957656289 6.24746677401884 2.18155197277522
2.81614301215353 5.38372182173882 4.74248066006059
3.22666842831554 5.84870416086923 0.313914064614986
2.61793430352644 3.7401708717284 0.799743349922461
1.15980799898862 4.62975327746779 3.46487844883827
2.64785583352272 2.49377703487183 2.40837260604032
2.85168849453126 6.17077299235439 0.661239738937386
3.23330525757683 7.05622386678688 5.30285314723258
3.96486425885762 6.28201236860837 5.54004475813829
1.51708495385084 7.47827582927003 0.673406959755041
4.26469422883374 5.76608444652965 5.45473728327076
4.29299832776748 6.10662449960344 2.8954308519074
1.33450684502751 2.45369198833479 2.35855913114767
2.55582743332945 0.35718989392226 2.64789671968807
3.83106288376145 2.01392069062062 1.38012170200978
4.38925578573369 3.23822006363515 5.68912416543613
2.55309478221286 2.86923006514898 1.17819268350567
1.92480032901315 4.39379960551143 0.316660077717534
1.35368722332886 2.0930780084914 3.32370379859689
2.99511914347555 0.0689335728738412 1.91557693183721
3.2963748868644 7.12516437108773 5.66151098837583
3.48095540924539 7.21090958776426 6.4570334317065
3.24505254216808 6.26986598745182 0.671928896405886
1.33736063422459 1.43738026044121 2.23799701929747
0.542949105315177 6.80968151049768 3.18302876405125
1.49650120487065 1.37075327738193 2.99281672676818
2.97781103366506 2.81030396173907 0.368306688098676
3.58040474753657 0.364051235556332 2.06733418392528
3.20164962401259 4.73737255633649 6.4454448671339
3.65255821605888 0.581095169639997 3.06147287143259
4.06594664457595 2.8456055031653 1.93400223035843
1.61760624588627 6.05663452493626 0.265458192608673
2.37856636188447 6.4017671100931 5.26762104208475
5.25976043255435 6.38849088622629 6.13191483789639
4.82189509840795 4.4131570336615 1.69315645536196
2.89973543118054 4.3977402827502 4.40923970418058
3.17357928389646 0.677936959669204 3.52823375449976
2.9842912713047 3.4000025323211 0.949864622425867
1.79472160644975 3.54558096180239 2.90608056245761
4.50339702596573 2.18841118266502 0.985188261985541
2.79847042791674 1.52232641382463 3.94715505829149
3.33951953345888 3.22622176484209 0.10879429300975
2.29649254984948 1.50649684039337 3.17747577585568
1.30770942576715 3.39733838690472 2.73371229208446
2.90394960652738 1.26225256243068 2.79384406728991
3.03121516263227 2.1227337619721 3.4616742455997
2.76395738479445 2.98482941515476 0.64900953400643
3.23232874121217 2.6486473026375 0.884117997253962
2.46785772655838 0.43088675912686 1.21077606146855
1.89937951423426 4.06673278394187 -0.064732242708107
4.54065980298634 2.96738485644662 5.94643789754622
1.52451951690139 7.07416717380472 0.223481560519387
2.11185315091659 2.8011558556026 2.94122188431409
2.98406586851963 4.66951335507367 6.57929055215971
2.0512327713915 6.72515832791246 5.59774529980329
2.42745473837397 3.70084259263746 0.985729413589769
4.13921869500831 6.18462309189828 5.85356031359855
1.83689626431596 2.48192763996704 4.65150227512553
4.31097068722946 3.05473154917047 4.25740928631589
2.3602587214814 3.86502302746797 -0.367153692397859
3.55584589490283 6.7116368370676 5.76023037178106
2.39339177845376 4.646814435182 0.108176934562381
3.27003707041189 5.31876389727776 0.68591961038563
4.19448217651018 3.43973342960703 5.45332331631008
4.41333246932253 1.25838881850854 2.61572747929839
3.13282600629919 0.499784487184163 2.04095853355585
1.76557449528879 1.20417106292176 2.8924703557011
3.58465954078894 7.44164673447176 1.57493794531228
3.62425528046282 1.00311161564197 3.48693608938586
1.99229531769876 4.5999418443464 0.122317243046416
2.81740899663853 5.3990206765317 4.80859668001713
2.96256475875725 7.39524322437001 3.38900050992541
2.9094491255393 0.668881736463481 2.15597788157599
3.98671049041818 6.07587447391295 6.17045671290582
3.04880187710779 6.31443558114701 0.371875404890084
2.47233143481821 4.6391324280949 1.44765827218835
2.28386021931792 7.44154413045654 1.47408876468839
3.23937014464966 2.95929767682927 0.49799466227067
1.38402422201116 6.91990238416902 0.134485146891161
5.26864573510713 1.14405904996433 3.30741723029464
4.18252157522788 3.79958984096187 5.61997870309785
2.83377677567428 0.0772483222284519 2.35418025024455
3.08842246876732 0.561928702206556 1.71049345872067
1.49155104976844 2.89650850584772 3.24037588222419
3.38589957817858 6.35777954093149 1.03272199015294
2.54176710418225 0.305687866248233 1.39662813129258
1.31634178014623 0.56476630211991 2.36358736685838
2.63704968857281 4.15013874098634 1.03417339760431
1.9397579986272 4.60502828191195 0.961971807764752
1.78519482891662 3.21444589912454 3.2894749223512
3.04789166634504 5.71209534128629 1.52760590232308
2.26158711004559 4.81062216634803 0.808849288017485
1.53154472682847 0.230405335698762 2.85781427402498
2.09780776836392 2.35140345754361 3.79360640795879
1.95275557512025 6.26888849346644 3.17184072074645
0.98948414667069 4.2420636383355 4.35326557141367
3.90168738036919 0.257427765114794 1.56199417455021
3.21145977176948 6.58597662496231 1.10529748161346
1.47510181419292 4.70504690197475 2.61962238448541
5.3527328078714 3.02106530364329 3.78561566367164
3.9175180838003 6.28844802572425 5.65547310894541
5.29171432949475 2.75858120413299 6.08188929215169
1.76051873283052 7.24291426960971 4.50019138264376
1.6138140263177 1.04103549476258 2.44620898514066
3.27396226110105 1.54568412348296 3.33970430542486
2.53133644196829 2.25345954508568 3.13965021013313
1.44329045452954 3.26005960317159 3.266803310007
1.75925958964146 6.72702221041605 1.69825037017513
1.3138875868492 3.30852497993626 3.28232965973912
4.96897909722126 0.579430029074653 2.19120799494946
2.48584319947593 5.11600287031099 3.78688016419054
3.68065562435438 2.82099186579213 1.32132431411534
2.07915184807445 1.35610599466481 2.72650913194359
2.63961914547602 4.65524161730431 3.53450398939896
1.63632953513093 2.0915832309276 3.34704760205906
3.51638447016951 3.1102522425268 0.318495400803157
4.17989440673235 5.68531061108834 5.38904030408061
3.23843948918461 3.4629728521632 1.09021037776413
2.15686995712479 5.60950519286022 2.01678070395714
2.23866524609716 3.67408348989701 0.385141207655726
2.78170709295536 5.17640028034087 5.873208103927
2.21335714720007 4.04501810059495 0.214766596977747
2.42177695490422 0.253275751392544 1.87535392589233
4.01526385007363 5.55008524548038 5.41381681254426
4.44246940144638 0.0507612293531308 1.68661157475519
3.95590420194941 0.748992292522313 3.04802189878119
0.857078328718137 1.45639331916713 2.91309093744774
3.909949222207 2.51777369560568 -0.689372988941264
3.24684490563215 0.0809750278912666 2.73810438425631
2.64801969971349 2.51902924819113 2.48253993188994
2.65770742937104 0.0110218118364998 2.59184451376679
2.60359853553521 7.44260855342041 -0.362531961803779
5.53583428312289 5.29122850141321 0.184624219051066
5.35463183982972 3.6873971418649 0.732555951721
3.35437214278091 1.16717482211182 3.35522454530604
4.69336865178951 2.50955380015563 2.52190665459678
4.1978984171168 2.58000367249709 0.467592888896715
2.85884686090181 4.2745273993342 2.38497751850579
4.75767958175625 1.62856680617418 1.41446455383446
4.42000440994677 6.16769196223223 1.17663400648683
3.32662279487782 4.47083775088701 5.38949375840099
3.69283987967376 1.56571015833449 3.1421737866168
4.35119187215384 0.0282865049024501 2.62244717881328
2.64975601492457 0.492602580620692 1.77216674787679
2.15604811343088 0.0879025842316246 1.92966929852892
3.37794729841677 2.63738035538304 0.335845835838455
3.34687156283515 6.04861966820294 -1.04476856011322
1.94613559606726 4.08839214519921 0.727632237814581
4.68119216885741 1.33903413960812 3.67621677738327
4.17646306595254 4.69340534730336 0.0251939651233952
2.50279155893783 0.00695433740987283 2.40095452526248
2.77091953564901 3.77545330062597 1.10556077228732
3.01186667058827 0.996321079504367 3.48993293824944
5.00116256319875 3.62897211147395 -0.936218240432246
0.856073747749614 4.06656596376222 3.69364170624809
2.2423060883713 6.91185083601767 4.68436781213401
2.94802146420029 7.43902919448422 3.35137569888406
2.9988709721989 3.04771135121417 -0.136507073435539
2.8170910667308 3.33753662360812 0.140682776742589
2.78504113834516 6.44341134591044 0.54817778411829
3.65889676925713 4.40907658706497 4.22709599543327
2.69182750546261 5.22975859704576 5.44750804074587
1.71983020389805 1.67368376498057 2.8127193301826
2.07732311456069 1.57823912051534 3.22842335331431
1.96001036609782 6.73637269833547 3.99815661576869
3.66473034267112 7.21475025667653 1.85723865152914
2.95819747145594 0.318358360381089 1.96968960252543
3.41242319054021 7.11876242031603 6.1787012488657
3.93202509310706 4.53690158305434 0.415778778207145
1.97609022489949 5.10065250859815 -0.247708248222309
2.43422745631152 3.98487833544388 0.382520227150603
2.026784153175 2.06323997170588 3.83293330172857
2.52385189670557 6.38882423003844 3.51915931763649
3.0921264052375 4.33313619286322 4.92006527399322
1.40543796379148 4.54984398609575 3.49241294126971
4.82210715852697 4.50780130647674 2.48212702157374
2.42271248936367 3.19097758238799 0.951774072711442
4.94909068570377 5.51913571169877 0.353901002397037
4.4837829235198 1.05186067782104 3.63622618692661
2.92578877887791 4.08588812505074 2.68181888616949
3.58871590139857 4.87640481659944 -0.37150016058536
3.58015738157728 3.77795860623052 5.42854660568424
2.94660626235545 5.2586557817402 5.76900170170775
2.30328152982544 7.38368989185492 2.45398111437657
2.53953809122617 0.0644218852075626 1.67890934447586
2.35263526632442 0.324359256437386 2.43607374896647
2.60337318282304 3.0708955735879 1.17862546789881
4.48621761110798 1.88223793509456 -0.112368226834943
2.90125209562505 0.380384273700662 1.34629057335545
4.14709451644115 2.87112407009092 2.11946152183764
5.83852208195231 7.13407874979622 6.32181316362684
2.48191554873031 0.434880118231903 2.22375585966492
2.7969669659979 6.56180699286604 -0.449280165188276
1.49691990039834 2.05986704953052 2.95184234981132
2.72465644691955 4.21004161446513 1.25674219225041
2.91747952064241 7.17776882272781 0.542465840882622
2.96408316271233 6.26647906262124 0.732548601266005
1.80470411897326 4.19267454529608 1.29840464718292
3.90303094764477 6.29148332215474 6.683376429098
4.31740534586577 4.25525450945128 0.331018405031769
4.01331392735174 2.94825345997122 1.44485670939587
2.8521508076496 7.38137764944011 1.08716356992787
3.31594101220172 5.43131788461438 0.435033204478279
1.30722051916331 6.91794856466626 -0.0865360903427827
3.65445962804759 4.36996205345813 4.62748522572694
4.64706389967846 2.4330451310821 1.32943044038796
3.07946331724951 2.16027473340702 2.64079229195077
2.85003690486821 5.77964498578977 2.14195634687766
3.93905666664589 1.5936226918254 2.70852881223723
2.73411720229693 1.45939242552324 2.57619861986412
4.11377397776047 4.86434279338809 -0.632134021501619
3.91535852139123 5.54710636968822 2.59354781083818
3.22746021432953 3.74946945383151 2.70891995381148
4.64990770586927 3.03249742757679 5.44517615959042
2.95624690433741 0.941599114110771 3.34223952893342
5.53457239636665 1.69472379542635 -0.105087316425993
1.02693692863394 4.55756436894552 3.5756353565592
2.95163974069589 1.90425299142757 2.98977409752932
2.56380686355533 3.41033875411098 0.392095425589236
2.81001205051157 6.206148939536 1.08234463313826
3.41106430147489 2.86671187443368 0.563455791521785
