3.99846069416132 0.365058756038359 2.56909604489517
3.44440009234017 1.11340364387947 3.38800599022163
1.34000065838523 4.40550524670379 4.81075035497826
2.87088361544168 6.26095263358411 1.269920451182
4.10818810208788 3.30884004421595 5.20517332859284
3.51733114059372 4.50699990298737 5.72632265841768
2.94682488448315 3.3667320202713 0.509190514718815
2.42686673039291 0.993281569604675 3.72385630079458
3.91820828301502 4.1003633784245 4.22044741352334
1.4081747004231 1.90083990942187 2.82056901215142
3.85509554010222 1.19158402575007 4.18694227860947
2.61280792146201 3.16309156571868 1.68229473036128
1.44485826378254 1.79071217177473 2.19212953234936
1.46552195839001 5.68822131292001 0.641193707074207
2.64619798525708 3.23606609762738 1.00581730731975
3.72136366928287 1.30269954093035 5.0372180254029
2.16410865178343 1.48910257337277 2.9602104141022
3.39253579021142 5.64033261270479 -0.557837460350977
2.92574699155821 4.52438503512362 5.19815620936813
2.36864989817085 5.84144106085822 5.26693961379726
3.49572413687548 0.269629366534708 2.30309297322691
2.83264194886551 3.46448174758259 0.124031159337149
2.51929343376824 0.678105799334883 2.24494960888332
3.10961870175038 6.32109037130286 -0.142177399331733
1.96255381460565 7.2448204315403 6.39095899941952
4.30706307678053 0.738112736516882 3.62982533894304
3.01340437196675 3.83856844216529 1.68134579431881
4.24497002496836 5.58745741502379 5.8958289587754
1.90445410628586 7.42505115321603 5.44271913911016
2.11119417106455 6.87942210682698 5.32231631805461
4.45717011670325 5.50381460222948 5.87203406134384
2.48238102973993 3.3117813326303 0.560996325378067
4.33309877742009 6.44203022187964 0.034741792315963
3.18868682374396 5.90367065199844 0.0511258303720172
3.01106649392162 6.52190988166619 -0.725134817027418
3.36569851432733 5.32431475820452 -0.172703912139898
3.61422868360892 7.38091692336987 1.1201564844895
2.18546653677277 0.23327457476953 2.06882526272114
3.04736802184985 4.20604023835281 4.23557590169277
1.10456223634187 5.93558906655357 3.04048630969025
3.41528484728939 5.13162909518518 0.301431163060911
4.50414786707639 1.71926395242362 1.33638108795726
2.54245856681841 1.37993861377248 3.00619460884249
3.59492631164714 1.52447937572497 4.0301639871659
2.17081108144714 2.59320618939801 3.32831117871884
3.08201879285019 5.8532445445428 -0.441930066185158
1.90429261946496 3.80189414892749 2.29367269176538
3.9616868528884 6.49490282782373 5.05249264024684
3.39547878339271 5.70829377215439 0.437216077417402
4.08468722674941 0.130409337727865 2.45437554708542
2.33172129813728 6.99599443557744 4.68651798911994
3.1268621767765 5.63567962008095 -0.253911372670752
1.69364889262438 7.08041558102913 2.37422920969236
4.26126459859534 0.0850933861921845 2.7756168247589
4.83049043541995 2.46339453694846 2.58573326564117
1.42811145770488 4.11450627057396 3.63706254575484
4.04240868189172 6.68234787767392 0.303712299660283
2.23205575989446 1.91751709642432 3.51694021405017
3.86514209001252 6.12607106775611 5.84745944815285
2.0231621516227 1.05624925855948 2.6540125966118
2.094824234961 3.53900131941955 1.4456682276115
3.98941726190919 2.1369185115054 0.0926188919828984
1.52066220163195 0.468605354662407 2.73003585684644
3.77386901800348 1.25706402153916 4.46109686829723
2.56573573209944 4.09694267081683 -0.123893441747302
2.76450136504906 4.73563642218711 4.66109276788796
3.92392501704681 0.0538896532514626 2.26117860110496
3.15574393625568 5.07407007407037 4.53644560393204
4.34928380072986 5.07944006176466 4.15030765117615
3.74157153327631 3.84338310397983 5.92386895010647
4.55697543169586 6.42825235265452 -0.0706665606636238
3.9321718832035 0.323701051930263 1.64760466050433
4.45449242121247 6.97339660943547 0.81430778240296
2.46278322343841 4.36515681370237 0.18131516949054
1.1471165728264 6.22077018697214 1.89316038451075
2.10247248028601 5.80307535022217 3.2602079533015
2.1885321185792 4.1283393163807 0.808753848248715
1.65595405065385 4.37137632883644 2.29005636202475
2.38725626951116 0.819902467940105 3.10469696129578
1.31617473686032 3.59978295513677 5.15621174685194
2.53830852503822 3.59413773595275 0.569789592355954
3.94938814588459 2.89007035813519 1.08651354681451
1.65336587526977 1.70226514882093 2.92257439316748
2.32431756781705 5.91545860927849 7.01306746058603
2.81341296101064 4.98618373167892 5.08517923772029
2.22474447138424 0.632250979524515 2.1531186078108
2.21716940280166 1.64805517308667 4.74732975749113
4.85687642099483 6.38763378596433 1.10861721419018
1.73418862488704 0.155805387711033 2.05708003724475
2.25098935037118 4.41887423199832 -0.44797001965949
1.98916792627614 3.6201316989344 1.4749338709722
4.45565089868455 0.505388303901825 2.85573265503556
2.29822318372496 4.6900164546376 0.063165327282797
3.47876153732186 2.90793128088219 0.504558482220711
1.98881560771978 4.99090909420502 0.646430754669038
2.99629211291836 7.22429903707318 3.2108063491645
4.1416179396318 6.06072043113601 5.44873284373908
2.87576857791086 6.35792116853161 -0.0463444138959551
2.71322916017408 5.00577138592131 5.06695296493523
2.60932654373474 0.0427834225547645 2.23014042421335
3.64125789670279 2.26861149290741 0.516182441256241
1.51330721300857 3.0354925250792 4.1358492573825
4.97160089639785 5.34797542690018 1.01818669525335
3.88176705013855 4.61794273374447 0.384547662946534
1.80121583537262 0.586975450911585 2.3558741503636
3.65998264830974 4.47492479282915 3.19614915981739
1.68961679837633 0.493028550845878 2.00697848394487
2.85663828308047 0.71876221979352 3.12805551530784
2.68263336283249 2.2207095927585 3.14524408210158
4.70684393780206 5.25855305871253 5.39058288164024
2.06191602075442 3.11245598270255 3.54453608380489
3.09488728529437 0.13899440657853 2.86428479666621
0.527028338278982 6.62188191132863 4.39483984744483
0.846918653517861 4.16538518008732 3.88395816681382
2.31423160828374 4.6314145253952 1.09379210735815
1.64304883791588 1.79383167727573 2.45898834953968
3.67001704550719 0.113385132474614 2.45420009298088
2.91481694120201 2.16284449243672 2.59319992564659
2.58027486421397 5.81397496202975 5.13556468772823
5.02084856043281 4.57719194799854 5.99078121624398
2.05377616678733 7.042739551985 4.65089375505071
2.99227069821231 2.51414201228872 1.83076896894519
1.65918165757336 5.15605753493043 1.35488991744387
2.305519230024 0.96608617622215 3.28338929157518
3.45256078032831 2.33324104116246 0.776531917354706
4.01498701984893 2.45182854325398 -0.205026763184967
1.92036273957754 5.26397625740049 0.947672814068008
1.97047107033332 2.74276623140841 4.1288996872439
4.19467842516881 5.04870905396247 0.669233956127456
2.9251822129855 3.93245550362745 2.72044200758916
2.17163796249615 1.55374955434935 3.40170660020705
3.00150939226164 0.803294400866822 2.60934617468077
4.45272817936916 4.77147968122476 0.974080586572195
1.54590523993806 4.17946713853203 2.97762655456941
2.05406919756958 1.95737257834318 3.90250134616022
3.04122119030734 6.68628235739666 -0.202860651398376
4.21544532083754 6.91474246481288 -0.265005447200433
0.905569648267557 4.22119726619174 4.25234873233576
3.04642737400104 0.332185346730546 2.47843532450639
2.73482384076568 2.12290205273206 3.67265877536747
3.27881159537114 6.969033647835 5.55119008976737
3.94261766625143 3.86062772028096 5.43796589741278
4.29310457284676 0.305493053505825 2.00363464372311
3.39801966745842 7.32829175694249 5.83668496609837
3.81850592913962 0.292040703357738 1.83960189317671
3.29558038234307 3.80100711074347 4.05389653797667
0.827973698876779 1.63013412057058 2.53506659199598
4.21550100138269 3.34295341082149 4.74148455222958
2.24089410872343 6.988473717804 5.10168134614571
3.62929432862417 5.10970719454777 -0.169356621180493
2.33620811255703 3.37095462404801 0.866739136536904
2.59788256965476 0.966570898543986 2.47445616129889
2.29976397171909 1.8603741657777 3.13910111666022
2.96799280543409 6.49940297501609 0.324170712110485
2.08386116368711 2.40132684367628 4.21477092295599
3.08070482156064 0.993626022342193 3.70792709097166
3.66039705433231 3.59648303315833 5.97940772609483
3.22221503465906 6.41992984168946 0.571180029674862
3.26103910875337 5.72669788931233 0.864398957353279
2.49210002132691 2.8643346846226 2.63587353645775
1.54434257641624 3.61149862915234 3.84733104857397
2.3240124748026 0.0814561213818035 2.52773094120363
3.72268508983611 0.733010194795088 1.91110068186222
1.06971404175234 7.07243183710355 1.15427258509351
4.39827298539092 6.55389875820907 -0.795365798504597
2.2490951058158 7.17462536644939 3.68974087020868
3.61714905523543 3.9388408117889 5.19913841530911
1.73098649362561 2.0261009148295 2.59310545503983
1.81335008936644 0.800229489313774 2.54001079418955
3.36461341592785 4.3110700493356 6.15379974185432
3.35274163786631 5.22781441135454 0.119251693764234
2.27533669747549 3.11529210484136 2.641735149714
3.34081511039381 5.14472040346216 1.05928319572096
3.36103867066597 0.120081163125177 2.65562591465898
2.98307625543964 2.64515865314844 1.04179950677955
3.05519798373583 2.74628884465137 1.3380006023615
3.41815953674244 0.565408975805661 2.84680109217901
5.43680730047501 7.42775943713832 0.356390487271951
3.98121129695242 5.89748059738141 6.26196020635362
4.24440827432657 7.28906894092022 0.736324266153313
3.91282390167776 4.51713464390266 0.610123075613033
4.08003863018769 5.14258336062521 0.997488754016263
1.98218792218014 4.88168244236559 -0.0251111200984919
4.9369192958681 5.80742757215252 -0.00345292090059381
3.74611279851514 3.75518680573323 5.8270740255433
2.34981942530786 3.5000031175312 0.212425901564405
4.0825326288384 4.27893857525345 -0.149391660129067
3.40279494481548 5.24430144118022 -0.00435533379191155
4.79640272459164 1.87993646510464 1.29682278591694
3.07361767281557 3.53524863869574 1.50819165197255
3.32258982340457 5.75205898514756 0.208817875316879
5.29041812274225 5.97867390149116 5.25197356675751
3.05501299825204 3.68436121788415 1.7186923497242
3.95532041310364 5.40538827917889 2.15594279774873
1.73198760860009 4.89783170110965 0.422118197366376
3.47732150861631 1.61064060595916 3.8778284284849
3.76065471683751 6.04429969550208 4.6995184914509
2.52742693912811 0.374574492129774 2.43871314661852
2.62224679862201 1.99770780275053 3.23302302575076
3.04013441867679 6.59025241162822 0.492070370955574
3.53970959377641 5.13296794987079 0.392014198817261
2.41128078312549 1.61430714058681 3.62399369186561
4.13532240972422 5.53436424075493 5.52961145273193
2.58539147859123 2.17615821469244 4.08488194779147
4.77678069254568 2.92931458412315 4.81584194700267
2.10640410180595 5.076957731576 0.321141228973865
2.06962942460151 1.9525012062617 3.33406586245132
1.31409309967625 3.19473233904256 3.50026229691486
2.70083469520091 1.56784272001583 3.79976550003632
3.50954592182616 0.0914614991157565 2.66726349558228
2.07946221876058 0.35244604133686 2.10021638818192
2.50456896444865 0.546281697856276 2.48155484140611
3.15944215954712 1.88221954584071 3.22968935606634
4.54227746814458 5.68124422366457 5.16797234970016
2.63932997765146 0.888837860918674 3.0266768937344
4.6428870395343 0.117613915677301 2.50668609154773
1.90871893678369 6.58240080232989 3.7407299918906
3.92402665688365 3.3186753085835 5.72414036908799
0.963577717845274 0.985517938110372 2.90936636683966
3.09765737385204 4.35059561459506 5.48407043545959
2.29812108961044 7.45395103159605 1.23336431839891
2.59450001660332 6.88123518392321 0.395447457476603
4.11963107173587 3.33241254847854 5.80389449510574
4.76941769269845 2.20481858795419 0.194665422363615
3.96566923341303 2.70457143520615 1.17991722623073
5.46284863569647 4.93123028737357 0.403035979202869
2.26254536257108 0.820679800582154 2.92580820841485
2.51156464466539 5.99810174551912 5.24591832233141
2.32771779971163 5.65223259751358 4.58217988932948
3.29400630235566 1.20861081982887 3.8797281072293
2.01008900894597 1.91411850502939 3.24430580134821
1.86146307775129 5.76272810934882 0.854736504643548
2.8228589105786 0.761939558393576 2.21860080260561
1.87121398638919 6.98835999817724 5.78263893098168
2.08267389460694 4.24370939772594 2.45666426279545e-05
3.45187782029377 4.82621413243915 2.75875795883249
2.57307180961067 5.01935305187181 4.24756945827635
1.58383005035963 3.62178634609686 3.47535427125572
3.0123857887557 6.77561504485631 -0.293772535382186
4.00465297202549 0.872228256833395 3.32009219738728
1.79507447122998 6.83912575772809 2.61623883293885
1.18183362426308 6.80703722696843 1.2207304001699
2.09466612064189 1.20418880759299 2.71021571744457
2.06630741744434 6.45112510120824 5.21652789254906
2.9602732519063 2.56586179005768 1.67970867413273
2.51761532113022 1.7804886926786 4.19387387500558
3.36599134707477 5.4262631619774 -0.377801270487556
4.59033471316487 1.08817545228742 4.04799037309814
1.89822487401531 3.34519103252461 3.73760724748128
3.20060925463211 3.84811372851023 4.27266351258273
2.80880039882055 1.47750080431471 3.65388895775249
1.76714863487683 0.750892050012521 3.36863107688981
3.31665248550652 4.98228674575655 2.96994330825674
3.07011538677134 2.641816561247 1.65010827963709
1.57881806096727 1.97313455605311 2.09277170257349
2.20023771689925 5.11449481503221 2.12716428214683
1.14409046191684 4.32243690351797 4.15033180245992
2.81262634834593 5.30203398339259 5.19306305297321
4.49957248128508 6.81486897474173 0.64549384609734
0.746545389511953 2.70307127378624 3.1073139666302
3.03421815917458 0.443826219178171 3.99644151157871
2.63112049192237 0.997355977719212 3.37565276186405
2.74920907459708 1.66658489435018 4.54382915864395
1.50621240518366 3.45680902529623 4.07640545061512
4.41875892338569 6.24823227799868 0.222878483172163
4.90199981019654 6.28428209994367 0.0515496555438733
1.74993832938195 2.32609377493136 3.80754982259821
2.78145733706949 1.35712971703746 3.13967806981952
1.47675687375916 2.85030170611063 4.35664054933057
3.31476649899364 6.37980427422438 0.21101867957892
1.17250938263261 2.15580844697512 3.39480471922729
2.48305460872269 3.46994158544816 0.866678415178571
1.86923614352644 4.28643981654728 0.35389935296183
4.54147273998119 2.87965924340164 5.8101340572218
2.4138309176437 1.39478874433966 3.99717718276515
3.53834628599024 1.68221868639031 3.92894556754931
2.94321688946306 7.36954817519455 2.3125555902535
3.07622131509644 3.85507973739624 3.02708485800031
1.91081762014329 3.11197779519584 3.61662658552152
1.69735153890951 0.862643777808858 2.56338087547367
2.51595422459956 7.27446298609112 0.887594846599517
3.49478668692402 1.49119791051414 3.58748790964463
2.05344853612539 6.95650423131741 5.77345389267355
0.433718129353196 0.0545161844324138 2.62537245280689
3.04431785772724 0.425380759921572 2.74657764399378
3.57995781523014 0.104676530257581 1.60183472247497
3.01708388719225 3.03173825040139 -0.33641845924404
3.3932950601496 5.36858776642156 0.543652425211788
4.68530568967354 3.90710272653698 0.189528223635937
5.0759058324733 4.54896878507604 5.37265974763313
1.91678289210434 7.34617296150067 5.81230635969724
3.5937172623994 2.74792108714166 0.0515945583426217
2.00510996336961 2.08916168482645 4.11521265134821
3.73667677250528 1.35926884524766 4.10464803544006
3.68404950831771 4.34606718997613 4.04396563796798
4.21503780266984 1.61474756452825 2.84038918891566
1.74737443958831 7.1579862764692 4.10383818734153
1.95616988416221 6.57230431005186 4.24921432568891
3.08711565330096 6.65879583838969 0.525555120731101
2.40176387203504 2.98887582622979 0.845121313969395
2.91297284278503 4.20022703034038 3.51931806361218
2.1155920987389 1.62756818185004 3.56030296769278
2.21317957061158 6.93952691603166 5.56186197133844
2.20314844572065 6.09550756936239 5.75848050748602
4.41141273991605 1.97077894386048 0.443845255643316
3.56698095443576 3.09937172836811 0.36442510957558
3.06894568506594 5.8902046854996 0.0877545519998258
3.29721529552231 0.647800179728933 2.46850817768381
2.59676707302304 6.24082213464571 4.85908540658123
2.66789330946703 1.12748165997668 2.48359146389982
3.92611268422937 4.45574093008533 -0.360229600095931
4.12922620470862 7.28578465277546 -0.251754566962377
2.44951418135656 3.56868744147883 1.09875859533499
3.26905522622206 5.206973408216 1.84014443233469
1.95066529159591 7.40021949353745 6.10670188212241
2.12689788561674 5.369714832294 2.23727551757441
3.76257424921969 2.89658027593929 1.13600408934559
4.64684814568992 3.29510473325759 5.19417111752495
3.53908279817158 2.40711636505126 -0.257437610351078
3.89475637491336 4.62982465764692 -0.164574103102092
2.36914548809433 1.91557850084722 5.07122575729494
1.59054469484434 0.954567273378653 3.18017906347293
2.17808390442814 0.989485326787243 3.81395743124207
3.16347682075786 4.7856691955628 5.05574432231537
4.16067408814175 1.09416357111603 3.3001643509799
2.70205969445717 3.43828925356113 0.481461084327443
2.54669147024522 4.42290969149339 1.46815194168424
2.45592971070951 2.74160036207179 2.71895928401311
2.25893443568491 6.94945550239164 5.48631864153732
1.0443877406717 6.6672851028355 2.93618838048889
3.94975914625786 3.24163205631263 4.51928933129123
1.42711575161473 4.10531705949405 4.00177402254117
1.93819969176174 6.22189059390535 2.93237491638355
2.80051350154787 4.3085370598293 3.08734986373552
3.34259691438116 3.95454274748865 4.44688401630889
1.37349190249548 1.32428473265419 2.20249682012788
1.83163807456612 4.93922823364951 0.516618124241544
3.15676381674639 6.61492814750309 -0.375966875647749
3.66744988505655 0.119509334368924 2.63865369251314
1.8080287135331 0.294737909227369 1.67297693543355
5.26219433994227 2.74113961909929 5.78694761929181
3.88365161274077 5.40792701585769 1.09664538590796
1.59299871697548 6.72432275140319 -0.467288328006654
5.07877655130825 3.22721091280629 3.8212181248556
1.36799028756501 1.5588881149478 2.96914719589727
2.74686282359641 1.77394939481254 3.7186155712836
3.93542777164786 1.69540840381682 2.52690925177713
2.29178393393785 5.09283003489589 2.27667834992048
2.47124908622908 4.52223436287254 0.867609133872818
2.88174756907178 1.10043348260624 3.07841692635539
2.05240715770661 3.18748379112167 2.82620739594026
3.69443792250581 4.37011105565357 4.2699338990494
2.55072113052321 0.333344805736218 3.02960062938963
2.46831742754431 4.40751386282352 0.186213216246009
2.68171366813695 1.65835975242645 4.63291358831116
3.68461747808334 3.67194448120589 5.6909551923772
1.16656025782414 1.58187226677636 2.27647527374703
3.1948644486166 6.29636561250694 0.509553616733181
3.3411844300377 5.89855374122576 0.0866918926003481
3.88820169006684 0.711962573039469 3.52372606044904
3.23868848424491 6.34252895651513 0.415999284308742
3.997415926148 0.855132188035681 3.09616428862431
3.14307014290495 1.76033173112099 4.12935483251776
4.59913832751177 4.38549207135117 -0.0481488701187623
3.30727409622158 3.07771068300576 0.509513694971991
2.55769503512539 6.51387058101894 3.44242958367036
2.53432336451191 5.57014977557396 5.29670495266781
2.51812844163472 5.48941423978768 5.76682870971885
3.07937971249656 0.936209477556473 3.39014619201792
3.02856365407423 5.85792747678051 0.286665078114301
2.74681126725931 0.0168860107873838 2.77468670886783
2.98802143953229 5.78607990894514 1.68561135798528
3.56797254957633 0.583414844516802 2.33178399500673
1.56053793838129 2.08638809013697 2.30619381860454
3.31765889721913 3.14956304955126 0.0255088451160198
2.79393656345272 0.459485753607855 3.19997881985786
2.67149878484572 1.6154623881766 4.3546667084574
1.84016601638049 6.07765202889344 0.871761296286837
2.32288774964112 3.05515526195845 2.19106457270655
4.3533947222775 2.14475843790484 1.36290472911618
4.75446226172686 6.09557849834456 -0.295340026661909
2.78782098004699 0.432902449117984 1.78759075334959
2.06635508508003 6.50834236352719 5.8564343215432
2.87961090334416 5.19398134952585 6.5392219040115
2.73725259209539 0.626948734003957 2.90041980294818
3.39079799289806 2.13929699754853 2.49100697507915
2.74534346887144 0.955210246463348 3.22279126353553
1.57949982762717 6.88752756241052 1.04823575676319
2.53016674388611 3.44857581779593 1.03762230733758
2.92806515961735 6.91725429300393 -0.176231454082743
4.37914707372424 0.977828070577748 4.85504723874524
2.45096436917964 2.28084011352977 3.14446736986348
3.23217886626584 2.52019250955395 0.694672324282855
2.49525943406627 3.15211147655948 1.47510956065373
4.2089955936963 7.10179959215471 0.612624872356443
2.15533347870593 6.60345797280997 6.08310374570337
3.77947954718347 1.66581703678477 2.36074896419706
3.08343439007413 5.97313513664195 -0.23472151676966
1.0871006993666 6.60363896631162 1.80191854000864
3.7960549205501 2.5745557490059 0.959881342533123
3.5309065269709 0.671978345971159 2.63430988033166
3.28166649327715 3.70430690941985 1.75711126687296
2.70830480399493 5.67308352940749 5.35465957449082
4.35261602593728 4.09143443583243 -0.0479880071225451
2.68793440458662 4.59367412929867 3.7511699972086
2.42285144343574 2.54983918862361 2.78281160683929
2.22249799707139 5.34837897206714 2.45371870768443
3.21443240766272 1.53419031709806 3.23073256448754
5.18652026706567 6.52187452487831 6.98662989686629
2.97729354334934 5.73833980796657 1.26794411864329
0.487889564941226 1.17102106964583 1.39678906132265
3.43521730064563 1.39014238001379 4.45895828152506
3.37840445885144 0.621381990509622 1.83859941677462
3.48554018573748 6.74473552743414 5.72328605436073
3.58388530592703 0.705469329731926 3.91969332533812
3.94897469057826 0.893218095126058 2.89799550469081
3.74826717821102 1.38938562049788 3.28482793305129
1.21571295326841 5.16194171569037 3.95274602242484
2.363232074957 3.63113797345224 1.46613144428562
4.12380645573749 6.61345481781294 0.446791806779542
1.87879468452227 4.7188467395739 0.480942325451831
2.49398603131963 4.58333753101508 1.55281595153307
3.43012124604729 0.683344014239106 2.7422370580099
3.59600606057772 0.219090612248705 3.05271344924019
2.23759291513915 6.61970720710894 5.18680928488746
2.84066769867866 3.28153548432918 0.889961608173203
3.70385552849056 1.17184927960904 4.52958225333184
3.39071268648314 1.13167176010395 2.97287662767082
2.43034865527237 3.93476870452391 0.10923522499009
3.62260517134383 5.96817179719889 3.47329006313502
3.03671332588064 7.21516533871431 3.66442316859582
3.15352034561129 0.462855524416377 2.87380762332552
2.42716136421804 3.77472627666476 0.252050294060703
1.82095207204088 4.5184695282385 0.524946611103103
3.63913069954437 0.602800776121003 3.29753529684037
4.62456222336286 1.86465004692401 0.888216818503453
1.99705384104838 5.56925376492066 1.61970401882145
2.3862669391175 2.59975215571112 3.05299364092165
0.391539986357111 5.86614470676265 2.14681893296678
3.08768364572632 0.509242801336049 2.86794200267862
4.21152586875513 4.99759579786702 -0.229175562405456
3.94235856997714 1.23027958540254 4.46157249862553
3.35559891963352 6.80945580973671 5.35372629288318
2.46444607906998 2.20252359923979 4.45197686304108
2.59732710765284 4.74289474316506 3.89202436494064
3.40417149500831 3.29774381315128 1.2620835257221
0.976986205761813 0.831214314032809 2.56907571036576
2.411590768557 5.37113307531239 4.17749111535194
3.04003294358291 0.906073770577968 3.02216860325596
3.90340491623476 2.00969803695778 1.86789819979819
3.51358362050009 3.81915605368552 5.34983658692316
1.36110149389278 0.20201113023595 2.68600258196956
1.34999884707498 4.66137120293788 3.72429969066369
1.00235342204493 4.04273718842547 4.2786082793619
2.96773658591947 7.47319118169524 5.0932778781705
3.36459066266446 4.57380732779371 6.72446876534866
3.94329182229062 3.71230629776857 5.62703185572233
2.09771506818147 6.70599583189651 5.71169408030059
3.54776404621684 7.21037472770387 5.51818702576475
3.37468295852878 5.57179250114611 0.8560474778022
3.23447153784252 3.05568475366429 0.805616456588078
2.87872381565811 0.784678825690017 2.91756781530747
2.14344339718686 2.22386082222854 4.80932614615707
3.16841425850805 4.50679921973148 5.70181511532522
1.53479036901336 4.3640722481245 2.51183016375924
3.56496685866876 3.08389967887231 1.39182954517523
0.930778199053685 2.93812081932214 2.79106160277388
4.00945333899874 6.38973499149534 5.38201652902456
3.76081448463931 0.431819634827701 3.89452088109554
1.10980201295085 0.710354526182345 2.11669034466936
4.83689322291955 6.19881459684951 0.311898243839449
2.83774838431129 2.65555142329181 1.33057603052529
1.79704119284245 1.43727791327868 3.63592914484686
2.40921021845906 4.24401547156095 0.623970616248548
3.57189994177649 2.76590672741714 0.0437855343083756
4.6862333935188 7.35513096140377 6.49154891761611
3.284492488798 5.09740500469941 2.96802200131846
2.59549078447351 5.38365477302746 6.47682954931185
3.02393740703886 5.44917320683813 3.76872711448542
1.77529629373114 2.42647024655664 4.42725114772975
3.09575713916991 2.03550810143681 3.66692851620229
3.19291722152611 1.63398850712729 3.06818599512844
4.55363625664747 4.20908458165618 -0.051881308421552
2.86060253058258 6.55182841292175 0.657105978445786
3.51660273880324 4.34561286243946 5.16533703343567
4.67825894900753 5.07329957416904 5.97910249244574
1.88360506158929 2.90172000141625 3.79467811178486
4.9543429634708 2.71000338155264 4.71663398163163
3.04615365864884 0.842048078922774 2.44166228521138
3.02860820286695 2.4278989797016 2.46702893170391
3.24239652297026 2.76853788993472 0.749992390177978
3.04133670294959 4.46018239425575 5.32838759436126
3.46067353068613 5.4741235280419 0.0572885943603106
2.44093742260359 6.51626165208047 3.88498427188819
5.65203075130365 3.03682062027824 1.47575852568555
2.6877393331371 0.0583450441419222 2.56536256840963
3.35207954661888 3.97009896971914 5.0686561873928
2.75800729565028 2.40978124464959 2.67670888282006
3.75514054625189 3.92644925263556 6.29027113692408
2.70636425832595 1.18686902161196 3.20072835517544
3.01938406696362 2.77002199467558 0.555444358384082
2.25896773943004 5.33520136069157 3.31783701321089
2.93527315335967 1.97915645249127 3.72596011725629
4.28092320082336 4.49771943138936 -0.195129946944099
1.01348256110274 6.2843278953376 2.6271439179812
3.20015385234449 0.588093873639719 1.59019656551721
3.09496647641095 5.05708449578478 5.73898306194083
5.39402793111754 0.966239682899438 4.93173763920177
2.53808983616752 0.877699993516694 3.43550271938645
3.2601906038665 1.60279766742503 4.92969053334884
1.81475224674986 1.81293245862963 3.59979052946187
3.02675855902174 7.41837461187763 5.02230967510265
2.54701939166249 1.05153889908762 2.14309118066437
2.27645413124971 0.884530411807817 2.87654864395876
3.07864297487322 6.79293581843936 1.03132378317832
2.93369306577487 2.60821785748037 1.62282224251463
2.73958625080611 6.3418150153946 0.304316006974414
3.01924490611536 0.103938815751338 1.96309203811732
4.03969839645928 7.24739772897381 -0.235796137451182
4.02861815324856 4.72370025566142 0.463046193721615
5.5430949658575 4.35997429526779 6.33535252086705
4.51220781621013 7.11343322385721 6.20047529292766
4.20567802337927 3.19396391896142 5.51034128537759
3.79793318036062 3.07404301455555 2.07133418149567
3.62441539525656 7.20826718623589 3.88233361095808
3.33752444174439 1.54316258116311 3.86584534553284
4.17094880258924 0.912811837405013 3.68447289171891
2.44875764111966 0.212964922776138 2.88868067958964
2.20421399189244 5.52827768754913 4.16359420448314
3.76804986602304 5.28956556072048 -0.572567648414764
2.214388647534 4.89547597105513 1.63164691430866
4.04729164775788 6.87827902324702 0.0161439223673127
2.4515818548635 1.99971958919964 3.75608763024523
3.86742672255701 2.58325132721761 -0.248726709394958
2.87580463251397 2.57682594311053 2.09709020100001
2.2511177588291 4.11757885332768 0.771201775614755
5.00490728140258 3.28599875984931 3.4469223379285
1.87433934236352 0.357394950096072 2.48034172278515
2.64528464626481 2.54283524513274 3.44303927539264
4.72047044797341 5.96618923971401 0.12818199973462
3.78986060774032 5.70610445744021 1.74330778936864
2.42824847305808 2.11274837784429 3.37655512085238
2.76295473745638 5.5215792779155 5.07444908283173
3.14153203830624 5.13449921644321 4.56211449157252
3.55792144731773 1.77204690883063 3.14462807927549
0.798571461319189 3.95774586043379 2.80519049123617
3.4802555338004 5.13474608401506 -0.595943732754747
2.18683008498694 0.676849957187541 1.88614955228725
2.51474277272263 3.43419612235061 0.867788802138817
1.82280475835715 2.47260250980386 3.99733112755404
0.91705484185923 4.54962529780015 3.4915424133744
2.44259865219342 5.47395573045391 5.98391841154269
3.46207483991496 3.14740738005745 0.800478286612777
2.20442077127489 3.33771069345727 2.04319242745751
3.09155582198346 5.97255820081205 0.328028918800951
3.7740334132657 1.59979472818508 4.08072960214059
1.81632546350904 3.5371542527841 4.13424568527742
4.66341257788931 4.28134436936822 -0.129451614952041
3.72509702126745 1.08507442987711 3.38627276491621
3.03835931980718 6.60698033327845 -0.0564262185189184
4.06171339516989 2.84361204717137 1.87520699572847
2.8057955165199 5.34187283186905 5.79178637569268
2.49039149691827 3.19856933962526 1.70963806890913
2.88120393201877 6.3884324500179 0.139601465287142
4.70012462678352 1.34368322561595 2.91577276548345
3.23269012834219 1.18896308551897 4.15181765711852
0.984749821044303 7.15091537952728 2.5438956050164
3.80825239855034 6.01620004290239 6.22592885638799
1.74444617451031 3.02214041142486 3.8259876415785
3.15220767849342 0.187927222537796 3.19603966234283
2.01491576105773 4.15994624459263 1.35569265365757
3.56995780294835 1.38006850866994 3.83606275146147
1.88876280934171 1.14625944473909 2.85730345888543
3.36049730440639 5.35204395042154 -0.607016833504499
4.40046996234791 0.963091434330146 4.53084548755133
4.09541189939009 6.05695997420948 6.49792416040055
3.66758457756342 7.41097641942064 0.0909556212414843
4.15224420919212 3.89496409011652 4.36483944646309
1.41591182932686 1.06211551667125 1.89095119751925
3.83126867240679 6.74286296886178 4.95441030871875
1.90507101549429 1.80161619037211 3.89778135774577
1.94561356009031 3.16213634927775 3.50614968615564
2.69722592574235 2.24770059896101 3.68035886779909
2.54547189569519 1.26220989486234 3.3360879612478
2.56004417286826 0.651589643179658 2.8344176842006
1.85229450720651 2.46016314721763 4.66473044897441
2.91811688019785 4.0488551638962 2.61365421528917
3.17451478162019 5.90657439591828 -0.222443987041702
3.37033373522564 2.99547104189217 0.682543784652302
2.15331966433506 6.87779224635003 5.74178511252505
2.52748167471557 4.99093197027668 5.18802995112799
3.21516003925725 6.33234548648855 0.48785131576339
2.43148664002872 0.638175100179927 2.82738032911155
2.81126774189601 1.15160689250601 3.55426194010529
4.07770602997035 4.99281260048246 0.378669380342453
4.18108508986742 6.84509504367403 0.336342393598527
4.52824758122662 5.11760332145238 5.87849716637901
1.89668783826403 2.6925122464908 4.52349178145133
3.34077741700884 4.534391993546 4.17813979182642
1.75435745171142 0.0509926588146543 1.28953009770302
2.10004699116338 0.961812255014647 2.57866272070694
3.76555336279133 3.9399521342788 6.27826528759636
3.30118091880835 5.10960855929654 1.4223830254083
2.11141075924593 5.98827028303043 4.3171585002144
2.24313828450726 1.37883458881576 3.15369537755263
1.29325717286049 6.36773730962086 1.59079264520276
2.88119546548599 5.86691927218884 1.4468545520666
3.28349791868144 0.929569361101778 3.39858454295789
1.11113632581986 1.15728213330197 2.02427378300069
2.72804823871357 2.32397980514199 3.29657050344234
2.60184956033243 5.54625271198903 6.12352621716747
3.44344686921481 3.78480453989565 5.5227831170144
2.01988245268847 6.21377052337585 4.9661386961678
4.36538471752877 6.80535353903155 0.271147742683319
4.15985274002655 0.45328705797983 2.39909736349138
4.48277093347058 4.75489862863981 1.65715157829876
3.37733991265899 0.663152933797912 2.77451386932298
3.43246221960583 4.00428907041772 5.68623048107746
1.5306337482236 4.31815029003845 2.05197674002849
2.01638979441115 3.62373617407741 2.36314430362182
3.47047018549422 4.5519633333097 6.59658496374381
2.59487315766612 5.98055374627848 5.44523071880767
4.76340805648982 1.65086327462305 2.375458544673
3.65812946720382 5.88038997883743 3.02801731377147
3.08502800045278 6.52576506666411 -0.0239127466564005
2.30094339476611 2.54146537554214 3.80126236117926
3.12355852383411 6.4238625256782 1.29949768813215
3.35547113381914 6.40407894390477 2.4874221398246
2.75796771004285 7.20286317364537 -0.224354415094306
2.06983291535285 2.28735012798294 4.14153995145161
2.22573881141436 5.49816565509349 3.28709242803919
3.10816825513501 4.54881183717517 4.6268658166275
2.60189791119437 6.68551403686634 0.598647323017622
1.79377141120131 4.10411705191533 0.954389132166705
3.01291694316326 4.3388578813275 5.18453476935313
1.85651211870529 1.51053941386039 3.49527121618242
3.12415352219258 2.01626683810881 4.06490564271818
2.41129220277719 7.13984925605151 0.899559426123193
3.75643590831886 5.13025894669995 0.282646118731541
4.18214216691855 6.18266626434273 5.08697323487915
4.14066907262625 3.52724707870975 4.82807351899041
1.6884636278953 2.26596243376082 4.02733608269219
1.69237546509154 3.31751954182949 3.77768470306295
4.63876442283766 5.2466981969279 5.59759814708839
3.31959247486692 0.14039214909103 2.7055191919046
4.21254509186802 3.17848047540939 5.54207570413364
2.64355263327289 5.74309498514466 5.94989629366412
1.47565030376894 1.15740650452025 1.84680632675578
3.12183798788797 5.63288787995802 -0.135460500430518
1.78476868844455 2.72576147674604 3.41499137494255
2.82771927942644 1.56370000060368 3.35703348729186
2.58828376891061 4.89130789796335 5.51281681819131
4.34161028744095 0.234590011118187 3.09006070942746
3.45238140757 3.66638577770098 4.33943749368347
2.46220682743373 5.30941274106104 5.80092054348392
2.93459780812475 6.2771130206726 -0.93257891201221
3.20486880952474 0.298750811493449 1.09900570011421
4.33593000279328 4.17281487735494 -0.0228174060293785
3.54528696538849 0.0256664548654566 3.04111368298948
1.50683850066224 2.99056729532514 3.66746694063615
2.56500815786224 0.736479046410326 2.38066636918212
2.66034992642507 0.913343495337632 2.91121828600078
2.70132677103604 3.51125188381266 0.787534056230787
2.50833430272466 2.31456979783952 3.49914725626954
3.34764094741702 7.0218575357451 6.41218486982664
3.84111657835537 3.91899117376743 5.50630710763215
2.15347276306102 3.01413633000066 2.43997399484973
3.95842854116444 4.11971794455846 4.60879637388215
3.25294289588913 1.39215179684935 3.92536740146568
3.86009011880249 5.16362020621342 0.536388621917588
2.71876153024686 1.9839779186892 3.48271470855669
2.53585681065544 1.38982000125135 3.43789082013891
4.17852280539822 4.60191215423021 0.366696295426067
2.35809422065657 3.09958852499205 2.22491852924985
3.52373440353682 6.23634462432163 3.82134030989849
4.72048342400042 0.796787292917004 4.25071728172086
0.671804883697621 4.36057553815591 2.93673537957443
2.78944453185085 2.80062649944725 0.595705801309991
3.90043870484322 4.4570626200185 0.149950552325748
2.96361686882621 0.0963942801757529 1.76294690820941
3.00525015006014 0.822262187297301 3.1045303174524
3.71987737019585 4.09752824431896 5.09022933760853
3.93073829358164 5.61403060633892 5.03903946328301
3.04126077790003 5.59675109457255 1.68533453960391
2.95979243602327 0.800524151917221 3.01641619892006
3.24955096869994 7.10343735940142 6.00730191214702
3.65270831177622 3.03018533794031 1.61430225773928
3.06863514196179 0.774165055842769 2.71982983605282
3.48737412106684 1.77088467035075 3.11719765369387
4.13448072382989 6.958411697004 0.117740837976774
3.41458762743804 1.40651005623118 4.36333191864183
1.87240164395798 3.8870607664128 1.87142428960719
2.27713333271528 7.26619138066356 3.80063566367681
2.8544937977185 6.56123340982683 0.154056777247132
1.68542097981345 7.18297690662027 3.81305752843844
3.41274612253931 2.68886355927843 0.633077509641061
4.06103428054152 4.95166563859314 0.507624978739515
0.0901699256816539 5.24536179506544 2.61601486000765
4.41559041150161 6.81579040276849 0.0171592251242717
3.10446331566614 3.08242890978885 0.533140032835827
3.31700953325246 4.1000655958487 5.51393722566246
2.94438671990696 1.72554039072683 3.31751765839675
2.33454096607402 2.34262046093499 4.0947845962881
4.80207123333165 1.70347954465125 1.11997325681203
2.62206727577207 0.0951798749900181 2.6533654624613
3.32855617389669 0.161485658042448 2.60387435499871
3.37119451564415 3.33134910911309 1.76397100338333
2.58634991022121 5.95648377774724 5.82349171763735
1.64717915122228 1.35514164608411 3.18129132960511
3.18751922499389 2.68330770077377 0.540357958955518
0.984503935692881 7.39471790041593 2.19947309421137
2.46562162500523 2.63595942645748 3.15732172568438
4.73540731633466 6.35398565830879 0.221085807372848
1.83564409563585 6.01029081330596 2.17936945232761
3.67892325533836 7.03666278618264 5.89888374591653
1.06406425877126 4.78763588301148 4.55404635036021
2.8361824464956 0.19088282538064 3.48635409304561
1.78770471072574 5.73707083906257 0.290392605507019
4.02289538229885 1.64337174097122 3.68405697421854
4.0649607109331 5.4471409160226 5.45560053713364
4.97627263087965 2.56891853928498 3.90483640180088
2.71284957824534 0.230849999003541 2.25618267167571
3.3301991631689 3.15466038885135 -0.315795151441477
2.81751656247128 1.56799266359397 4.16993661085461
4.30770338800793 3.33183699221477 6.4729802771678
3.51514986920867 3.09191652044723 0.261637190276478
2.90578619435175 5.43282099510537 4.22949779288824
3.03094471049157 4.46321191653156 5.3921004841686
3.12722945278782 5.64429539554546 -0.37699198592278
1.69291453241295 3.47858510369951 3.90399948483887
3.41292201920477 0.0609031299020097 3.28544598288477
3.91136658583137 4.08133262285828 5.21320275972994
3.34269695756455 6.47472981954996 3.98190706241614
2.67841064907843 6.97301984621672 0.682259175257675
3.48386585450461 3.64118666279031 4.69808021165095
1.65528485728771 0.512132344515417 2.05746767903866
2.72522976383383 2.02122839032341 4.76106348724725
3.57294130400796 5.08311640548159 0.12819280964722
3.46631533776819 4.99786281897986 0.896640543178436
3.43706807143463 6.7217532399088 6.1198085159781
1.58607458814043 0.523284724944213 2.43929710177657
2.75005331535051 0.0230778585940667 2.85474964345117
4.42589491447981 5.50268115111568 6.90059817847413
3.08125806475423 7.40412797920507 5.55594160073589
3.21207654929758 7.44657922390088 5.81780916382136
2.31415654470511 3.97531312027548 -0.227018612608667
3.60946346213983 1.68157388547485 3.47599491215225
1.64975957994027 7.17398969753205 2.50752788964678
3.09289968594758 1.38804862699572 3.61667158580234
2.51253321435282 3.95172136189864 -0.766699406354013
4.37138867359422 4.72911015630443 -0.382712645099764
2.82041233224932 3.03653864219997 0.86122563241582
3.94770015139345 6.35877448148135 5.89474193310924
1.24241340437932 2.79051451484179 2.97524613511594
2.50577672049137 6.29045239727979 5.6442537997037
2.02687676161434 1.83611562861795 3.62931374482158
2.3646895576102 2.99934160840423 2.52833248827929
3.38595864236112 5.54493018580588 -0.400277400670938
2.01052966651166 6.33098414474197 5.02577557326991
5.24274510200806 2.90935648974272 5.95565966505021
3.39699159421699 7.31356494555201 6.24362179818185
3.51740322886036 4.59784908566615 3.43916527838287
3.91817690844313 6.24244369999264 6.11795500816485
2.69421905141987 7.25112802201465 -0.660360193533019
3.58586554229731 4.824510817302 0.845809799269328
1.95437763425748 2.80255335849723 4.47915711424638
3.60121457373554 3.42444724565079 3.606675536906
3.44181361160408 2.57556473342054 0.0952751860156354
3.11075644500029 3.55414659210342 1.02681871397644
3.2937267482844 7.26989676223342 6.45358840896312
2.95592666365854 1.51525019854208 3.95179584933576
4.12227680740722 0.496402161421438 2.739007998084
2.94684097592291 5.333687902382 4.47704662195029
2.82988772572828 0.25747347449317 2.20973140125107
1.72235507627611 0.931703630001616 2.49384721502518
2.28113366111877 4.42849784394475 0.0225731566400189
3.28650659815745 4.29440603026751 5.47722187347807
2.09416226675737 1.82570091083598 3.74478772978789
4.5378862609349 5.07133415810686 6.76814314874712
3.83450427482384 6.70664587680356 6.6257836321933
2.69381433010915 6.06806420221726 3.84396217807689
3.08879766036703 4.20520578294255 5.03484733773479
3.36507689283581 1.074788788379 4.25308470066525
1.61534983743704 3.75675759609172 3.64779756330065
2.58086526646786 3.24653245727801 0.253094911109759
4.01570979735398 7.11515191116144 0.444028969835722
3.46420602800527 3.08427502904858 1.18590753451104
1.46306304528783 0.803367799105255 2.32527880904827
3.62062741337906 1.46320402999399 3.89869036549419
4.16270230650645 3.81138917399513 5.29406894405703
2.30799052045365 6.64266551206891 5.50623509437635
3.06565044921486 7.30419051248005 5.31513108073788
2.90558872619834 4.96050111567372 5.26053054446382
2.5493961976144 6.14440647096383 5.05924239382411
3.05055270342603 2.66743816666251 2.10860939528871
4.55712735561207 2.91939386717033 5.51818343601262
2.44820298156896 5.40398116563805 5.08272375004957
4.32239367950844 2.45806883573119 0.656273366927197
2.24083817988402 4.976818707211 0.349974209269832
4.0024863859545 2.54939041383186 1.48509722653903
2.81322773785471 5.31240583588584 5.64694064549687
3.39721302501683 6.58796906390219 5.25343078023553
1.01519997625883 5.56608358136101 3.54065935844607
2.82904521566314 2.56755345154766 1.47108361306995
2.1310778477002 5.22229086622912 1.16097821413038
1.94657459229504 4.11398824090792 1.49378706498003
3.22489264560329 6.53500767153627 -0.02713804161022
3.29058018573973 3.63838651166888 3.28370206811723
4.8631523223296 1.09391753241161 4.16853255975477
3.03754451517988 4.57796870473399 6.15247273356935
3.79455757584969 5.69975925312376 2.98612603671112
4.33215721819727 3.24187440816996 5.37398094935883
3.76345475741448 3.28801250804825 4.81187786381271
4.35114474824974 0.078472620161393 2.15033770959146
3.03581440954099 1.43948381502403 4.01370439798059
1.24319654079671 1.87950245949426 2.61566705459421
4.33051834060714 6.9733866564626 -0.00947431135097884
2.95184433057911 4.38864898957997 5.29167909410698
1.94035976650398 7.14822829062677 5.74153211277449
3.28838176925641 0.607877165007333 2.9171613661933
4.97900036683268 2.85785512708616 5.21827987309823
1.72703302120562 5.61533229735997 0.230429382474618
3.83030231353606 2.86140259680144 0.82142614354135
2.36233290129497 4.34097574126037 -0.319208290775546
3.56437285242099 6.1777203986281 4.23953322040887
1.95269075770445 4.83744567100157 1.74572463122472
3.63541416352212 2.93174928354785 0.598637605177811
1.93688079842381 5.66554476894425 1.09614024680949
2.6215319564372 4.81624022320782 5.67363539009079
3.0497014524014 7.09366972983812 2.16336997516418
3.0325609866341 2.00277934697574 3.58026283623519
3.40681426930579 1.15007090061966 3.73673762327984
2.74570223501535 2.59351592423122 3.39241951967014
3.54290688015911 2.92488630227897 1.20591465791059
3.3290789743626 2.57277737700509 0.491531683764668
3.67162691141878 6.99675653954831 6.07078375166703
2.74747418132828 6.6643470017987 -0.348835207707535
1.27943675372342 5.83222684017784 1.83063530754983
1.90945864820563 4.91067694870789 0.499696760916579
2.18667391741766 7.21580718294092 5.99362244882331
2.55807196223953 1.70033156913883 3.77776347954056
4.68168087304014 2.64254881644746 3.17887889156271
3.22293437424203 5.26748462172442 0.962716409074219
2.63778601453644 1.7385555891991 3.46704994165823
2.91086361534276 2.9220850610878 -0.201895826708131
4.15770507771688 3.99857668348947 2.34545395556476
3.48794549846237 4.46253449800043 5.20186491714191
2.0141717701594 6.77961896439885 4.59434371826717
4.88488012568521 3.04079087859362 5.19589676986175
3.06281832497922 6.20196647451561 0.327116409036044
2.21829067195428 3.60863977213387 0.392065934805548
5.33725329619185 1.90618577033617 0.742044895481988
2.79928550899358 6.97923141970735 -0.676248125501953
3.58812734818848 5.13502390343974 -0.382547312313506
3.95076752302011 1.43182502164836 3.85936970411941
1.97500688673104 6.1259051341672 2.92886077260995
4.18927065414012 0.615011029755638 2.8661088768733
2.52080349336133 0.173014658731462 2.03109363771005
2.64438035709694 5.68343974493644 5.99353066390861
2.96452386564981 7.32152493580791 2.34606318369759
2.87392107754984 7.17853697017719 0.299313467977588
3.05471331273193 4.35525071707459 6.2601167366888
1.08197851924014 6.13998560434749 2.59056721463944
2.36251303229478 5.72933921268644 5.44700454874269
3.73196009428884 0.599149178376047 2.38650648862129
1.62906990123072 0.581107529739191 2.35998406801773
3.24803738111743 5.3056037150421 1.20668852366863
2.93654823581901 0.0925425917024452 1.940437363656
3.44530310615435 3.94911937148756 6.23573670916047
3.17190519287878 2.20326898322016 2.5978556784991
2.15354785303691 2.40684202783744 3.70541623406323
2.37526384292908 4.57694895341685 0.697180173016272
1.83640191950892 0.917917076482573 2.58341260868308
3.02330818572135 2.53404880101839 1.13734279061297
3.11922664878434 0.341680925348022 2.3924526015781
2.69823835708921 0.281948512555923 2.3502891724544
2.64001047028499 5.37975456366835 5.81499062072991
2.7457366046204 6.83299793637494 0.142542982779536
5.60615170331751 0.0981767487403618 1.73427170567296
2.72985056151224 5.70495373691949 4.87370734560334
2.06808615598623 0.853347590257607 2.90784425083647
2.33126722843179 5.92953511061071 5.91576580475763
2.29768678621535 2.60786137404431 3.33841122892701
4.89828688593957 6.86345444214482 5.23170105179468
5.76087727277575 0.0694696932290455 1.86928743671865
3.92575056219275 1.70857271009767 2.15715104843137
0.396310223664139 3.02464239018153 2.20749088269366
4.82719725624105 1.50632586043592 0.800237108294457
3.79503117234692 0.202595362696508 2.59801102528111
0.284910994017735 6.30814766321781 2.64730976558573
2.60838204036655 4.05089121867317 0.31098740468517
2.93193514014065 3.94894210447812 2.32577185034757
4.53647159169667 3.6536612352232 3.28501911763361
2.50044895932523 6.93237914198608 0.553278728453025
4.38375236883768 4.20139709529978 -0.532001440440581
2.80358866720717 0.411882900755314 1.96949076169463
3.55816703477719 1.84503698899549 2.63598220456546
3.89872425094578 5.673102227602 5.67529064051269
3.01179610867716 7.26665983655064 4.0868418513727
3.26073843399741 0.353796248960375 3.07526142425595
2.94967946201049 0.880389710353231 3.14697001690375
4.21407703594616 7.27935887212157 0.276512406747328
4.7652889118375 3.40541734975879 3.52955685314951
5.18176421081127 3.79328115399877 -0.188045664853783
3.00585796266119 3.11077088347031 -0.360519309140582
3.06636253161919 4.77687924886145 5.91579084136162
5.23454760205954 5.16461591747183 0.187601695461619
1.19773892199974 5.61417537923931 2.51212252350652
3.16541826806371 7.17992396417133 5.17399417674626
4.73546254395469 2.87599820194774 5.51233993940441
1.31441084632275 5.98100682368534 1.76135431286799
1.71457547234186 2.42736010968609 3.53448650480849
4.25292048561153 5.28527708924353 5.70692592656369
2.55072077728326 3.97150784623833 0.00309273361049966
2.4809246429438 2.22150695406677 4.50901016436636
2.85152671812308 3.72739586736458 0.3125275594226
5.30780267210069 7.08813990268972 0.160391670544418
1.06888328947458 0.956849608709367 1.50338782240605
1.42808238711541 5.73396746875471 0.415728450015006
2.90355823316769 6.72368952417628 0.414592643335227
1.75372772490945 4.42594079957999 1.41964925307869
4.98681511480753 6.72383903741865 6.21454769260118
3.14872843227368 2.91533945901113 1.0095776141704
3.11752999826998 3.29896309464492 0.781340367453035
2.95925075939643 0.155718691140146 2.58435889708811
3.04756248288545 7.05875608101102 2.38410256658466
2.5435861647625 6.38609079806212 4.11055024148762
1.55395265179769 4.25866500073206 2.90560441269106
3.8514631979474 1.36593219144096 4.16001656793555
4.92056608844062 0.0860287144564653 2.49511941549547
2.59889882935367 5.59240115374742 5.40438868387759
3.23323010032398 4.66184212261223 5.7972822902177
2.05127062454866 0.0920537204042855 2.94594877845599
4.20743535213685 4.01337670983413 2.10946142351227
3.59616139416249 6.91226115524071 5.78770159516208
5.60784678005076 0.802852340509938 4.76699214509548
2.69537095079606 2.45134199994261 2.71245948888779
4.89872554109237 3.31231537608271 4.25115082126379
3.27383650754142 4.91945778019321 3.99963286185204
2.93231639450313 3.72842622843245 0.570541659973709
4.27814488660173 5.62177904267242 6.09450978597271
4.94482943116435 1.67481206931592 1.49139388294831
4.32901606073596 3.03547886365455 5.52305638774955
2.81557372414903 3.86918635205103 1.55542051655329
2.91396008125411 0.962863494598408 3.20911268193207
3.50980421667901 6.02632621553031 0.861105595217806
3.19990318866734 5.54023007852023 -0.0690411863417337
3.3863727489664 1.2896398096042 3.84156812331306
3.26812521606732 4.60584136943719 5.18615673530058
4.77972314676584 2.37509008847141 1.10976614148357
2.92267678395484 0.521974736567415 2.6597757819792
0.376881838842649 6.86107857511802 3.244196180065
3.54924472929604 0.880986660534991 4.61318658954366
2.12383714520137 2.98074369761192 2.89754939595148
3.69309185939791 5.88118463491002 2.6903446076697
3.88989130016902 0.229336491440191 3.18600872457933
3.9825506777129 2.20166253588598 0.461204563213715
2.01113008219356 2.88310304307401 4.88221695078395
2.33927625072466 5.02890086049334 2.71382215172374
4.31089526118989 2.73354587813893 2.30288716068828
2.23744701973357 2.7038838396059 3.30145960649193
2.19645814556647 1.04192405325152 3.27490039815236
1.81526708767852 4.69371835785045 0.482191985834676
2.70354666763474 2.4563988067165 2.48873865285466
1.98442359626838 6.12967776843837 3.22533036996488
1.75131565381968 6.35385127464967 1.4434276497839
2.38727229077433 7.35345636279604 -0.00850200536600576
2.54735850614812 3.57197586767513 -0.164880018389999
0.984697674178331 1.56753156197504 2.63438810995587
3.34740614949495 0.876241389449111 3.46098822518673
3.7403840031572 2.83724795983159 0.994042478116067
2.4286814817978 5.27508604944572 4.57052307411118
2.36896112302412 4.68151588507284 0.604163413141671
2.44183402798556 7.42700700123104 -0.507189904009714
3.13638411771216 1.62390489407361 4.30761544342915
2.66897297287292 4.96503892482493 5.4754033691705
2.4339010839775 2.27609990100012 3.36928117588794
1.33247395020899 5.79761103309712 1.13170076486201
3.30861041391021 2.18873289032342 2.10456746859299
5.33594569547267 2.56921966652114 6.11231392289248
4.41599329561803 4.68213439134332 0.583133321862004
3.21086411328205 0.25599385640461 3.24081601779993
1.28686830413781 4.10154854702846 3.93418639882492
3.2746723114557 2.65135035961952 0.403665474069237
1.75953025731775 6.20778873562594 0.572079786440383
3.33796106716882 4.50173187105919 4.71748907802322
3.48013959131106 0.763307218870364 2.95475116026296
3.92155812115235 3.41277403707019 4.73953017305548
2.83812425467694 6.69252333182835 -0.0926092562057643
1.72146381564544 5.05722281829087 1.23260750299811
1.67240933531599 3.93526273942005 3.38599205636781
3.33861166231703 5.32669151586644 0.551649950770007
4.9940961858291 1.29062561469643 2.77248997143933
2.03266519168107 6.00236272699369 2.88703553670723
3.73301888644113 5.56958297723724 0.0166552963264738
1.05448649610052 0.717918215797171 1.20870103660656
0.629770225999892 7.00628813009167 3.06499195664636
1.41541451360725 0.4834046092394 2.42702429196447
2.4690712605267 3.44205964898432 -0.0427997339993494
2.05703870106601 0.951100619361485 2.99530693362848
4.42784611698791 2.65311022467152 2.29800500940806
3.38630049564273 1.81422804058828 4.20077524926289
2.64065263784918 4.91075786056403 5.12011863672177
1.58317078075022 7.47324820062221 2.25472529836993
2.36395946321886 4.77270755023511 1.31232642158201
3.71419972996751 4.94767915316661 0.441390251253629
3.37768640590622 2.0735202838034 1.51667059343111
4.14907452658782 2.31221047762265 -0.113304772127027
3.32996319688885 3.97237324583771 5.48315327193162
3.41113366687948 5.47117871101856 1.27838335859518
2.26181132754269 3.82830847595079 0.61504047835679
2.80435323954638 4.49110708933689 3.79433412885451
2.28110111560767 7.28012289470191 2.81786095744987
3.51324108560426 4.30847288613199 5.39928092546487
2.21106509928382 6.17002690479651 4.96746813976876
1.81656218894459 5.73383745682586 -0.474803332511327
2.10705052880047 3.69806929088855 1.81397576311682
2.33642257555561 5.03344455896646 2.31236326438849
3.64837263739857 5.3686988301502 1.01984659243506
2.72128816662817 4.86947438947047 5.84380607905151
5.44890524521263 5.84180869477229 5.19311862603255
3.70730456215812 0.646339796428451 3.12225191943676
2.84760293234393 1.57080545016979 4.22029905318306
2.88968448348383 6.13789587744303 0.621691833101936
0.834329476224008 2.50580091104532 2.19409942446744
2.01108283615309 1.65659134242794 3.53514119470055
3.18674273785193 2.36621651971237 1.34940413340335
3.30014844186989 2.76711586008939 -0.733235469887898
3.55340715036467 3.59319117860137 4.70064965992048
2.44605829274946 1.16231929173454 2.83538026372768
2.54254535090097 3.94912478440694 0.445342671240263
3.04967869471907 6.65776462590394 0.276995256397452
2.23363209334054 1.33543105402704 3.65750824694549
2.47490631801552 7.45530138085751 0.326128236006045
2.87412847808087 1.94793367136709 4.60137271494567
2.58010249508957 5.89040571976402 5.53685238525949
3.64255774439534 3.10553502021104 1.75109037008418
2.27095957027069 6.89507716333673 4.96958921952303
3.63696937995536 0.192771185689671 1.85798094890548
3.64060804694311 4.04841888842244 5.90506110838198
3.05232261314324 0.544192004313355 3.27609791560067
3.28524353083337 0.848040568768249 3.83150318329027
2.82622947604322 5.61883661043177 5.29213555141007
1.34359630515815 5.02260007606431 2.35218564697414
1.53094448441216 0.689157385531045 2.34529208960944
1.86255992725581 3.25646100864326 3.26410067778313
4.13565776087924 5.1341526958302 1.24038712122053
3.76417131617069 6.795530904727 5.37784562143908
2.38085110229634 7.146339389301 1.19602387305047
3.66056241359112 5.45248935326418 0.64154487571188
3.37584390490318 3.32070799024564 1.08565480521239
2.60615297233036 4.26813883390091 0.845097006320012
3.53871473278636 0.818235961658539 3.53478774179419
2.49434693113782 6.38090469488068 4.50897507271343
1.58161712574651 4.57910283762837 1.86567310038187
3.14883640705553 4.46260760145661 5.19440962613532
0.420949493129998 5.78555167222143 3.25840881893903
0.873910831909102 4.30172301677242 3.35781038025225
1.20331581870239 3.75723869444487 4.0871086503204
1.86045070422606 7.33983217350477 5.80976996880305
2.82738887330411 4.71412501496608 5.63289974616756
4.32916803199486 6.88117972572523 0.0682884782895816
2.39408564595593 7.20970601794477 1.69913865362096
2.91380023880164 2.30184476985874 2.72856903559971
3.41818401155792 4.03006016147603 5.83122689518959
5.80166249486034 2.26593069718951 4.48972009078696
3.45460268173042 6.39241748679254 4.79274969139769
2.34209447665592 0.497097338427767 2.99849433607765
2.58699451735548 4.02070649695268 0.515986066089768
3.89089955993458 0.827162358444292 4.19666763899186
1.9449725027617 1.78110157932807 3.95208064590326
3.27885829282318 4.50841681197403 5.67885334684504
3.90835151345214 6.36391026791268 6.13301875796911
4.30990981713255 5.37132660965451 6.30741882897043
3.44169891019844 6.78585025838343 6.51554333296644
3.61010781282599 5.83836013095171 0.871331745044939
0.590924668291419 1.54950602730732 1.65856977304754
1.92184702836935 1.99037580188626 3.31480121934835
3.36719874630743 4.90370201977402 2.91171332250045
3.16393475479338 3.18773201241478 -0.393082033834894
3.57877401935987 2.20784525583244 1.0191340156198
3.39626981877886 3.51873174967087 3.04268048064535
4.02768781669549 6.32600236517415 5.53077713785392
4.23733192835027 3.02102739315658 4.23758539621354
3.64662529516749 7.10393450280597 5.14523706602228
3.00278575166056 1.36768667380197 3.97342162161232
0.862704642367182 5.37787436405321 4.27635643591902
3.10602895125209 1.69564134246084 4.09846608585741
3.6650136027601 0.611139007503223 3.20221818774898
3.00614895441982 4.72025515253973 5.57175086126282
0.682279808621311 4.88038476172084 3.50029864732793
1.94947753270898 6.61579154081271 4.76579155023761
3.589509973867 1.62834260546484 3.91571000350518
3.74537887121338 3.67958435289156 4.92047623338471
2.97856464634439 3.53635931301059 1.08768717716548
2.94976885459846 0.718625184673815 2.66030692569991
3.09592925864753 6.41949329845423 -0.554009500232229
3.16080782510229 4.34540789767604 5.80862185450373
4.57058412771303 4.43557282219294 -0.244700248329861
2.36482473778822 4.73936514015146 0.951357573611654
2.57533146729165 5.58969961067649 5.82945429251025
4.74798369162456 4.27832264178022 0.188725386661582
2.93710203867034 5.50857558743043 5.21237219415805
0.898662485743228 1.20646922658625 2.2766950097863
4.07784801742335 5.13043999174022 0.719068104192715
6.29823892256887 4.0497248867939 5.6729249934751
3.10791085838748 3.53883247530118 1.26008074279055
2.44568846720197 6.71907219474476 3.74438403602047
1.36059896438393 7.2001661397117 0.376041674573775
2.67986090577772 1.31052249708461 3.00835431437461
3.85166662452416 0.882237867638703 3.16216943480725
3.07882084549888 2.86581406859284 0.628615023705828
3.16392398104598 0.611957701193726 2.22108542584629
3.0731171375874 3.72233638122954 1.18112919746831
2.63213463113421 5.08036326723994 5.03245175383498
2.31871752286457 7.16525600587228 3.11922179775846
2.61052731245712 0.43566136167254 2.63024150990558
4.3221291490974 6.90730971623508 -0.811001801719131
3.78308681430806 2.24186099163451 0.581659637635614
1.8372390270571 5.00981979717884 0.358046385738891
1.39214462106463 0.965680798529938 2.90188663074831
2.96583113126239 5.15908054808367 6.59470875158765
3.06742994357779 5.88254174534055 0.726759108174443
2.78653520674986 2.47389189516066 2.23215409587012
3.7012106880299 4.66116626188359 0.121567389200386
3.09325665186469 6.04369429118811 -0.0969513780805071
3.48959282753294 1.36377653937181 3.82186692897771
3.12876330544979 0.434203208251296 2.10988883355183
1.840755672245 0.375728199962817 2.91624969469342
2.83113594697854 1.23859716607203 2.85813735956558
4.05892371391884 3.87177451244015 5.05666884697593
3.98056249670269 5.47719997101738 3.35640976210757
2.9036728314158 2.7746467170061 1.48738690534119
1.81489993525765 3.54660187065808 2.87262811616244
4.68311428222769 2.87453202420149 5.1934353417276
4.38922205138382 2.18193315669069 0.0480460677413871
2.77811301429325 0.988286329393304 2.79196823597034
2.19295888646558 5.03455726532925 1.4098608434632
3.61495668063327 1.47171061992495 3.62210992231087
3.64795008538721 6.75782023264132 5.3645443905139
2.66041068222861 2.25407005592124 2.83857057901782
2.90122276729668 5.64355678611822 3.38043334784917
4.4327537576672 7.19932172418024 5.2254055935727
3.49275183402068 4.14206002215828 6.06452811894779
1.19348225994008 5.91568536448301 3.03568412780263
3.83498229965583 4.39226493286891 1.96658581401457
4.30776883410027 4.25794316526433 -0.246972150673343
3.23353796033909 1.08535695758353 3.44348009015738
4.93847204256206 6.98576641344623 6.57422986794761
3.83061417548344 1.32037662359474 3.27120598486944
1.08780386950873 5.05228759792479 4.09664082518468
3.92440474671591 6.10641427109566 6.03413291783066
4.4927828994316 5.2825165249739 6.22386333385198
3.67536685424022 6.01410134683151 4.23182097572428
3.68960669668164 6.11228890993709 6.32028221100031
3.4594382771827 6.27496789467815 3.85248257136547
0.982510448507303 3.00526996672026 2.96569886561308
4.30402338328046 2.43081873492867 0.302969271905269
3.82646761183239 6.05152629194114 6.14617899829718
2.91532496589749 1.2889718715263 3.31582797896022
2.31872095245261 1.41501475279532 3.8430141195805
3.40984281798501 4.83495728567158 2.51832231149277
3.07047411093528 2.64221767955632 0.946273919734713
2.99248808115912 3.29139421659585 1.21787986212922
2.87948741670686 0.96978252407369 2.65935639965788
4.16558778623216 1.83406356701259 1.48649790392599
2.52945473443347 3.1164841275035 1.56597525342331
2.57823333796964 0.155848341668013 2.83141117387097
1.99146803517236 3.03817822806005 2.79178577492442
4.77381632279709 0.538230362829587 2.75176227938183
2.51581246355942 0.873196065347065 2.66007196013443
2.6484240209467 2.09437904279091 4.75656086578561
4.77906523842684 1.34149804740904 3.45383536733467
1.79766977455844 6.16489047206118 1.99742897925343
1.48496437991192 6.77253893120636 0.728513761275294
3.02754906249884 0.706709096930441 2.02107561095534
2.26738503287437 6.05018784520008 4.96061397974699
2.11793415911281 5.4530999655382 1.29677963280592
4.46391290593363 3.11328903147091 5.22253520611196
3.16383168141735 4.56162739709864 5.86013992876875
3.10223129305971 2.85691509697345 -0.200924781284257
2.0731186856959 3.39080938719302 2.17115835039909
1.59326242154317 5.55497522624229 0.70461983749962
3.16257802654379 6.45095763905272 -0.322019782452898
2.60908337133826 0.578314114047618 2.87774328010717
4.41370293495098 4.75351076886611 0.897187258703854
3.5729324007974 0.740082260154011 3.04861816527403
2.80654630212165 5.4960622955595 4.35384313541742
3.09834571580059 6.15789423547466 0.356885689592087
2.05105067832537 2.31235881866403 4.4027475739483
4.39318442654161 0.998166140424094 4.12701201189986
2.30567956021922 3.66431363525832 0.777940369957002
4.76515126449638 1.42240219135762 3.58160390828402
3.08375521385679 2.67890767640814 0.697689387962394
2.8722050341451 6.73385158287784 -0.475461311208434
3.8921920611643 3.2611452335257 4.56401686678356
3.44873010456501 0.86822664178927 3.40592821532821
3.26525738742977 7.12625040030311 6.6980411317059
3.43790979733011 6.49822547194142 5.69488750445002
2.36490469247596 3.45878396096987 0.660306441416815
2.94213866339673 0.993466042966518 3.10852575770478
2.7346440680148 0.454856169180116 2.60465163671207
4.01267398992058 6.59329599713932 2.31791674580666
3.3700176836225 3.34140819615089 1.32251556147897
2.03658649379853 4.33557910974051 1.64069790548036
1.90665631802975 4.42607278509032 0.923672114208389
3.53547302075206 4.27186573594912 5.6413516035227
4.7425285442801 5.89362969116391 0.50413472026038
3.52515010835746 2.79143220799883 0.541165611644045
3.52117220284708 0.351639723770012 3.52715214446617
3.97670068909155 2.88233302642008 0.395107315465876
2.58754467063861 1.74280223154943 3.80756643080256
3.83748610005382 3.65533763186937 4.65289603171006
3.98865336807916 0.371784901186492 3.22933640776423
2.87784890513851 2.62701496271521 1.690405547442
3.44440694530309 2.64353955899329 0.309645472198394
2.73002647785439 6.42081153456253 0.331843964344903
2.97681356386373 1.67215007431556 4.25209349596172
1.11767454257247 5.97468003482981 3.10337566925668
2.83419246839368 5.9325149034317 1.9380974738787
2.40158103842328 0.179228314626669 2.82375456690613
2.80773000645163 2.29049041619579 3.13203329369947
4.10960226198632 3.88730816723113 5.05578849149233
3.80971359826104 3.97171824417825 6.04478020544231
4.08902377650204 5.50241577405921 5.45839647254742
2.07722869662326 2.22654612918112 2.28951392696506
2.0331861481003 1.26562305021093 2.95494072153815
3.05505614957807 4.18113668215545 4.86138479742705
4.13850916409588 7.30147787089062 -0.131982869302014
1.58255901390596 2.84990272449121 3.84423679991105
1.80160161398509 6.12405281529927 1.17344032856929
2.17100440059138 6.47913957337172 5.37490860227443
3.24877453284203 1.89850964300332 3.3624797091309
5.59052162801407 1.63284132844296 0.376305807970425
4.21367681215675 3.33263109478506 5.73914054123272
2.92712749659869 5.94874529319989 2.01535731704634
2.90296669638068 2.57885708896181 1.18569763972841
3.14222515447297 2.28316194366826 2.92623814932943
3.94542822059027 6.32273406446006 5.58905113074981
3.8005335938438 2.36316215997244 0.422170316076938
1.13073047815289 1.31775979687327 2.45794867432624
4.88562043721821 6.49695086711478 4.08238058160772
0.858548276541508 2.02732365510586 2.18072171562704
2.92003055978056 5.03175387974314 5.58957831803605
3.35952246000784 6.77877822359687 5.59287375148713
2.93410945161716 5.96241393521477 0.99627266237421
1.79231533845126 1.96394116415067 3.52442140335699
3.0511154847029 7.44289863092667 5.75472924267912
1.55269929868975 6.92514557497438 -0.0157296098391977
1.20390199009493 6.67101067793166 0.536254112904574
2.03684055247957 2.97079765867667 2.98902235881288
2.81863299832809 1.73229613518465 3.94265906322517
3.52820824474747 6.85989666378771 5.50261508784695
2.10586668505119 6.26335046929161 5.51575778478191
1.65857468747007 5.08573458415566 1.10733128588893
3.83665123152394 2.2639728824127 -0.279847865266948
1.96915509514034 4.65982569503098 0.456879805218363
3.24379783777884 6.8846115734811 6.08134386564913
3.21188485323881 7.14296181962138 6.02615622371724
2.9687344935678 0.297443542734882 3.13162249547741
0.960401506569085 4.77990584292001 3.77273287423786
1.83304249958992 4.84111464857015 0.596954961350584
4.80601518417882 0.564724504842245 2.80237869891345
3.7619731779139 4.38686361794858 3.64530466546275
2.93611322845294 5.30084049857343 5.17387394209494
5.7618068466741 1.68474322828484 0.862200204842088
3.15725085268211 5.98603877556277 0.0977298282227546
2.23855421473893 5.88576685227307 5.50269345105672
3.17385375493371 7.12615351352733 5.21655208448111
4.1873605447006 4.44518732112693 -1.27779713223191
1.76332122899589 6.94778627943181 4.15184442454738
2.8725206879797 0.0555376561254395 2.81913637494223
3.48743706808959 1.92379450423233 3.04634911279171
1.78707153530207 1.74068893557787 3.47368050609972
2.66707305009991 5.56952084473471 6.08409124519877
2.60821381886191 1.38614178844676 3.66039102728554
2.88577039224632 2.76078466334211 2.13793987233422
2.68977479642521 0.168829174568853 3.2333549666996
3.28320952477865 5.03890726992703 3.07906067014773
3.31743744269043 0.742896960339465 2.95690481245015
3.88111023088433 1.80584426952809 2.68690118507058
2.2020600052857 5.89300066959076 4.94547139765479
4.69711612994566 5.38160880893258 5.77208187261392
2.69079661110018 0.82101101239661 2.5010201959765
2.80387430241394 3.28617552795928 1.02534613259669
2.86749952129707 4.73725378834862 5.93720764162967
3.16997857528791 4.91390236187213 5.47559030793344
0.802699699809214 5.6544413090462 4.12661410885197
2.70418995019469 6.8097783996549 0.485122841742738
2.18390877561177 0.3341807810769 3.13326124363696
4.14947415935759 3.41851482770558 5.17464565977122
2.23207502149654 4.69912959505981 0.819262640173856
2.42087441072583 6.05014843914034 5.75881252291598
3.15963840264426 6.72037153386816 0.801380923304184
5.04880538883033 4.50591890424891 5.41338995065351
3.40262631808135 7.19221225255195 5.30060796846834
3.00997519880836 4.73725384319471 5.06077942889145
2.36123879758876 4.82736972427927 1.81658991963479
4.46541727032873 0.402136701196507 3.08187962254351
4.74733062481475 2.59843739290504 2.15392793294006
3.27569225374192 0.989566000400453 3.88618495647456
3.14171868837652 1.98727695019357 3.72942553719492
3.17971035152982 3.06657131401516 0.424564132588986
4.82668673310721 6.98566748766193 7.11037434528603
3.10425211812932 6.15501871802884 0.180843726101319
0.775874901427309 4.82219630150586 4.09768818142763
1.20028675559162 6.12433265159733 2.11270572795783
3.14140660729271 4.14611901705039 5.23678644667718
2.92407916483705 4.57145987062387 5.58241351152173
1.13133494561318 6.57459428869409 1.27277266962966
3.35941198328185 4.66819728809172 5.0766901704623
3.55549053853613 4.34381176391717 4.68803302495571
1.78743224913651 6.44055535461389 1.68606271308927
2.81978955972398 0.602043462065855 2.6586826318985
3.84226632126673 1.60113556218332 2.47283285702647
3.88502354156385 0.873024146214454 2.60494028869435
3.27751695297134 4.62319885496817 6.0817058434283
2.5962915598214 6.30918530711562 5.15286728244858
3.77839859968589 5.15760324981887 -0.901038638535143
4.10451349024942 0.925543535184981 4.57465585876853
2.93201298947805 2.34807051483386 2.74443010593049
4.26088056552254 3.94874172457891 1.90441809757696
3.03252105004258 2.09534549619093 3.22232893593492
2.99537499062127 4.98516719948364 5.71680790067403
2.76157019758403 6.01566748029732 2.66862100186524
4.86824888300055 6.68912525042927 5.88106545801838
2.68104755108017 3.04030520668265 1.61315563038276
2.44629970963133 2.43760850674287 3.07140295051818
1.5459019431414 6.44946498184216 0.792114013803914
3.72108499327553 0.690976492372923 2.99062761940603
4.10123344071542 5.95364129114627 5.55991587646145
2.25305283363077 3.46186774835506 1.30445268593769
3.36967646807943 5.0081987977999 2.03699378027241
3.17647068381418 2.98137335369581 1.36876990430673
3.28667946804763 0.276602949671708 2.76352617760136
2.71110516513501 1.14174239353204 3.32147539855103
1.84490910391182 2.39373237482902 4.1591222883036
2.37475963938639 4.63337784002243 0.293811811574605
3.02320300830979 4.08646477747994 3.19024627012793
2.84598710687922 4.86664227730283 5.02798602660454
1.43997278236508 2.31066837947276 3.82693109643961
3.21662504290475 4.08467095364541 5.58225791932559
2.55336091292493 0.036310438995617 2.79511950254637
4.4461667364578 1.08689869788387 4.11114418751068
1.78842916717555 3.73024715509404 3.58690394168679
0.171606262091561 5.54609846467595 2.55057714910696
2.94563582196658 4.72651308936452 5.62047752322513
4.69599432787581 0.355025714432665 2.89946649138901
5.31610981862088 6.92095493766323 0.229877145001112
3.43208536691095 2.49686507608939 0.952438087510938
2.23338146664458 7.48991036313805 2.71747827761997
2.47830492935283 2.22406729801588 4.05199508468858
2.96133275654648 4.44384349841761 4.76421138570802
3.381591718555 4.40099706983848 5.26360713193605
2.95886779539373 4.17695803525093 4.02289133644991
4.2383540775243 4.20918499851751 -0.872866788052332
3.54513887039627 4.15528839533135 6.47067369290049
2.54132657786656 5.69817868810532 5.94735733252559
2.18870066553414 7.48479029463171 3.70818288356966
5.70614625615607 2.61686375057641 6.69095954683628
3.20717149403069 4.80900952782179 6.03014146530396
3.50704557321521 2.74000411937522 0.552082896929021
4.56713612628525 6.92207753305818 4.79430365319095
3.7317737282995 1.93431130552213 1.37204457097778
1.43646697152068 5.15649512733334 2.34108182261599
4.21868106782286 2.13815696361421 0.099975755906578
2.26364299639571 2.18164220239796 4.51088482392712
3.01135267156133 4.34211276932102 4.83017796253842
2.93097103439887 3.91207381305678 2.66271350090281
4.83859632729964 4.2206218759745 -0.732833519529029
3.94232971976199 0.50406981571755 2.48600366015717
3.38203567545476 4.15552076590669 5.79410430598656
2.66931690472135 2.05178817350257 3.68070179069153
3.23792512938857 4.02739353070624 4.94409696832726
2.42518276029583 7.33695997184677 2.06412164936363
4.14369231760164 2.2330554662249 0.098018081684108
3.7619666857545 6.77867783431426 6.48751495806726
3.38846984205255 6.4089965210484 3.34987059624106
2.46371440245099 2.81376744770919 1.53789351812588
2.54745167206304 4.06772685243951 0.00225214444166766
3.54038005911406 1.15625748682327 3.19766659351635
4.30180816520373 3.60421341477063 5.23089307253685
2.2721793036556 6.80945104410402 5.86472513438699
3.33743753464422 3.12724345195587 1.3831587871219
2.72677030264379 3.47961251727207 -0.0835631342866262
3.52433416041602 4.04114146495086 5.92491900521665
3.70319441149129 6.51945667326011 5.91619051160176
3.07666850099988 6.38219302350358 -0.0595338433650359
1.75263484353835 5.96334462774197 0.895541737265262
3.90696154642963 4.50880649898794 0.265979503855454
3.07782675981084 0.821602473025199 3.73722751452967
0.981439652475361 3.58639972075831 3.58348592431233
2.5341674497984 0.76293470323033 2.56749162410291
2.36250646865575 2.59642219174537 2.78356571449382
3.58366264714566 6.53024914695303 6.09870522381496
2.25267829757147 6.90819766356367 4.54884378199044
3.29876225117878 7.38193047528457 6.15143738751773
3.65981147793909 1.13920677615992 3.68430587972715
1.85942783522725 7.11756275966576 5.83867320724401
2.81248891133946 0.196788106665293 0.976671965043891
2.28277811092662 4.60914222131907 1.15038974899462
2.73064291293259 2.92181417819 1.06637261637875
2.82945562923992 4.10109903052865 2.57420475622749
3.00434022969921 6.89605000901578 0.39670648482059
3.03859022785498 6.92915415933199 0.263812761641084
3.67876579070057 1.51315602689714 4.25774063114837
2.29082726952136 0.765421417254131 3.28099861419157
2.36273308135934 0.867112132698315 2.64849843224122
3.66700489825319 3.00590863727521 0.854628425201067
2.04213917018494 5.13902422791507 0.796442035697698
3.79500416433783 2.63249805351634 0.261714092586861
2.71669017668401 2.44509022142497 3.06757105379337
3.81517602659639 3.40811197407185 4.85894908146666
3.25811204899446 1.92049774132976 3.81290876196976
2.690895035943 0.0903657102706248 2.63552883641178
2.71780741951612 7.25274804953027 -0.113814544227913
3.81095671549352 4.33716575972894 3.08766475420735
4.25522570552053 0.357955503488038 3.147878804426
3.23577145332179 1.55502367863025 4.04669948208749
3.34002103290467 1.25723174633327 3.16165055574203
4.132091953212 5.22951617318017 2.03256733295978
2.17777833671929 0.712343144423086 2.43061132319691
3.66887077735754 3.90141844363778 6.05394810254423
3.38454760811188 7.17388167868004 6.10550276765676
4.91735300451864 7.17387883134184 5.81966469815198
2.71215129718576 2.41910425282679 2.30613372133909
2.85217275980151 4.12783520072525 2.51033670604734
4.21554437765021 0.274139894876591 3.21230247362307
2.48922254298858 2.03676594465393 4.15362102161921
2.75328673966009 6.97461472530614 1.15988094640174
2.09611911011033 5.26758904792569 1.5359658712494
3.59575087386664 4.43104028064265 4.73759047521244
3.69320679275734 5.69393597857824 1.10211436530501
4.36678111667285 1.44986934969973 3.10786842843451
1.72922156857143 6.83959247656096 2.86471163377652
3.1720100974033 6.9948215317166 4.04115024431583
3.59537986995334 5.4811065191707 0.757431958247696
1.60201283448428 7.45015828058823 2.77028091649437
1.44384877079601 7.00149276469699 -0.120972587704851
3.73777926088109 0.612495775066657 2.91161984583049
2.82854727957925 2.73006954557953 1.66337846455834
4.05566519782076 0.773280288564608 2.79963128500641
2.32648037043252 2.13187801590304 3.80703163241171
1.4960256546144 3.23652923699659 4.50480235185912
3.49350116410836 4.09825366657485 5.30919633478766
4.02389322595894 4.54816577858951 -0.0275420250407071
4.60475550822022 5.90072170542382 0.334717177627291
1.64647407329243 1.43668583115006 3.81928860330935
2.24925203166159 2.39727771906556 4.81169655415471
3.01599388949021 4.00897082503295 3.25561033220931
3.76968157193465 2.24821276315397 0.478770298292482
2.88461715800041 4.94770813357342 5.3562933730889
3.40821616923333 2.77055736530146 0.255000105366972
1.34738162681345 5.09721205716547 2.73865746459465
3.59454091763513 3.59607948510401 5.42915936416272
2.45530113572314 2.81656477257874 3.12329011745436
4.39506078658686 1.51765732764275 2.82405723919899
3.41417016935437 6.65326900415187 5.26343383173764
2.36540057779967 4.42361041827978 0.543330566884126
1.62158622815175 3.34365823571758 4.39790245873095
3.01317894032776 3.81316482541254 2.22076168556281
1.51283928959629 1.3745741612966 3.4565962593828
2.89154078116419 5.15609677753208 6.06926112189048
3.12169546575203 1.87463445699774 4.01068451160021
2.66749820669911 4.78217104687833 4.22426754437304
1.83029820459049 3.34477530039997 3.36892746064912
2.59853556179539 4.06928124857291 0.399658152138589
2.63256808647175 2.90418530765061 1.28666224343238
3.30897464110264 3.69575277147862 3.70537138094492
2.53252965162762 1.7886395670932 3.53731567585273
3.42236916082939 1.46256598042258 4.45791616573242
3.39094496784963 0.592089740310381 2.48859199395022
2.38002156578276 5.80399957029027 5.49172750068516
0.724045278712086 4.33381642300895 3.02396456021571
0.522911863479248 4.38771476718959 3.17317034696792
2.85679296495923 3.40100378464188 0.263884463930927
3.7536045647533 0.706837911065343 2.29243874431226
4.56793936007586 0.434167254092998 2.68262022861339
3.6601868225351 7.34266422271146 0.832228681073487
4.0450280687817 2.82749196896133 0.718830894007818
4.01124291045811 0.123458774516017 2.67065485385654
1.89003236886244 2.62408872635143 3.68152865496046
2.02656228492786 5.90556071132953 3.63905894464996
1.50672632287506 4.94853232944519 0.736135166537488
2.88833973990864 4.29516623880327 3.74522596266454
2.49247083485722 4.65571187498229 1.66672298902531
1.51741014462352 3.85471164270372 3.15938640522871
3.69581419247262 6.30872676285256 5.80451924927642
2.17387711851545 6.64209213018153 5.8914543111798
2.1416437929964 4.93396521962911 1.50868989822916
2.7178783471897 5.64541969136239 5.17310043714354
2.98032592019999 3.35681877669373 0.0522078873346982
3.43129544956383 7.32841266178257 5.67004040692024
4.57568266026342 4.06537446401132 0.31224509235666
3.10794641374676 6.55574000544867 -0.560719562035226
3.04766740109066 5.58768220159504 1.66731344902354
2.73154175760025 4.93003921293592 5.23475435797533
1.77658799140006 5.0514899808351 0.869356191971567
3.10136863443215 5.86421409525456 -0.474694023830993
2.78077080674868 5.56477245829113 5.80599719321642
3.17243551843556 5.30001612696703 1.26883963186649
2.93175837714552 5.461955644602 4.47417572811249
2.35698135704244 2.57875391947009 4.30140932730526
3.81998141639549 3.23446735148944 3.46858484621812
2.78697793048662 5.46764080270767 5.03871561161941
4.62804447371247 5.240376366197 5.62419912701244
4.0351427873667 0.0374999327891024 3.35601994070751
0.568817786030197 0.799024397654031 2.92243848195906
2.22127787077687 3.09840252023746 2.68951950211592
4.16984443861956 0.980904317586825 4.97829212565997
1.25653590786542 6.84860290966999 -0.0651109999273785
2.20385357000192 7.2792437443635 3.61379881749227
2.3612278713013 7.26623397897549 1.16394299285221
1.50867347472297 7.49894446849486 0.813748915123688
3.35098571218566 3.82040714635942 3.97790318094206
3.09103830576353 4.8116120813703 5.49345021230388
3.73094095082534 5.72583454668729 2.09076222644486
2.26951322235535 1.66598807377075 4.22619531927311
2.88715755180256 5.95315121681675 0.452929701211092
2.4379758517414 5.44372677615435 5.65133841176035
3.6744315554669 6.95361967892711 5.77814141805549
3.3846150587429 2.09257308708354 2.71170703270727
0.535358413934476 2.06162068685695 2.47675399493339
1.99264210038744 1.70765627356526 4.05213267867185
3.18189319670588 2.49004843991205 1.31555373821447
0.487140140476394 0.358535170460066 2.5426773425981
3.50720936409815 4.93191185164567 -0.159132196282629
1.83642453761524 1.69869699187279 2.6672189100909
2.74153841682752 2.92142630269153 0.684632960699618
3.86618733807622 0.332288561312205 2.93075262337546
3.03947229504674 5.74198295032813 0.765525175385456
3.07003299064407 5.79376016361968 0.279333286118513
4.0894135595686 0.13047801115486 2.13891731474836
1.20708114029539 0.490055365084531 2.15007714460698
3.69351250066047 6.19862426847166 5.21284136417619
2.43705573193748 6.88417588356316 2.75997807259863
3.3474768516178 5.99658791045326 0.122049127988363
1.58043721331489 3.35178418623341 4.60505894353317
4.76181590318045 4.4443144900972 1.16182095587035
4.69925816505643 0.281143353300833 2.10488611852413
1.78833471745341 6.93719068503411 4.18936036015267
3.92154391928645 5.76041861696438 5.48218298991568
3.52725295770886 4.29882800355061 5.57464702269901
3.32229966962932 3.80058529371758 4.55257676825164
5.51415581981279 2.11584757183776 2.08815965617893
2.67885816912906 3.9380050965367 0.482613387990654
3.48650653190928 0.138255417864564 2.22620903165936
3.99140190810519 1.95381446977715 1.51570807671011
2.6649031425202 6.72774721187794 0.784025803003982
2.50939202091268 3.8836959587972 0.215568801382786
2.0594829882947 5.6047777843985 2.23903999756296
1.59415314307055 3.57864421885631 2.84027954884789
1.95837555619327 6.78515594601609 5.01954687124744
2.51607351010873 2.02209453489428 3.08712953528582
1.25871921732567 1.48303984149696 3.35452414259023
2.83125650563768 4.82029101458788 6.07785657507364
5.08193693785271 1.75379958798763 -0.0460808758649242
3.30575855861893 5.67230802772564 0.0130791518792453
3.55683907048094 6.16287361575909 3.49223833617804
3.91979198328323 0.788273498929844 3.56280842414027
1.08959622891118 4.97706238197083 4.4836733929714
4.56899741016665 5.03573683438661 5.82387845902229
4.14538044033148 7.07629985982447 -0.0662629327101753
3.65381232778618 4.13200888438704 5.20193075621409
3.61941174690289 1.00099723095316 3.09519324795289
2.93042558463605 3.58471424932003 0.438275789487545
2.40308047457631 6.11410064317093 5.81597556905805
3.95747914773743 4.97148276289042 0.931694054422036
2.81273828284614 0.881246562539994 2.64957204992664
2.65092723654819 4.94274538550747 4.47625549697867
3.83123738481244 3.04671574541841 2.32144197448437
3.59786344302826 0.176310442325963 3.40945138006963
2.08209146256974 6.43650150009617 6.07270453131733
2.99619125204842 6.59546381756029 -0.000911747657976525
2.74951424171845 4.6169358416434 4.35882315118459
3.90323116240786 4.4999318675582 1.48639603631009
2.95502962034243 0.600983380876236 2.6681366416998
0.855812493662046 2.86030420878386 2.67517039128454
0.199694588906228 2.4447730330559 2.33328737165543
0.776537482408629 6.10818139717649 3.3417868039702
3.37958078771653 1.27015398975119 4.07573504959389
3.07679520543584 7.40505695505139 7.05701544371553
0.292864426660093 6.2770476769716 3.47301002313438
2.40865984129339 2.70628960509386 4.3287579747794
2.12167344470641 6.49191241742492 6.63169339747481
1.66725632255224 3.97776565496054 3.45588082479982
2.55523942931217 1.75464503046865 4.35785135601638
2.03208472481923 5.61332221140879 1.54847037461944
2.9127852309202 1.48928197791824 4.53755274632544
4.0575121922606 6.1365316062271 6.27926179896616
4.73868454550444 4.87799927520928 6.45364018325023
3.09059021518714 6.24953296025102 0.564843963358795
3.07274427467443 0.454120497825915 2.52558978221738
3.6960201184142 6.59268507068793 6.62039078730534
4.24373490727167 6.50022236918973 -0.224753436864756
2.1898576458984 5.59707425544347 3.71519620415583
0.773011445873553 4.2691905549035 4.00596925405032
2.55202028899464 1.91786432201625 4.33926892533647
4.82859186815302 2.64439578476615 4.53479968157628
3.80016322838672 0.527077933500433 1.55876261367945
3.51133557242845 6.3801859755684 4.53012156839881
2.50880325528658 5.01540042593106 4.02890517798251
4.36885056401851 2.50245510820534 1.54848958973718
4.36305698937093 4.26010067338706 -0.788936153337079
2.39764464248707 7.17819982926609 0.834626033491319
1.03015648097959 1.78217820234104 2.54615991698813
2.38258735861662 2.02693465976087 5.12829815513403
4.36240012565281 3.94903519596476 1.21802300526914
2.57279312010383 4.70811862354554 2.65759915101818
1.95903624597435 6.11213284308873 2.40463560105147
3.57091807762403 5.34453558705505 0.983806826619811
2.60437711537685 7.27742137304436 0.102611645107711
2.76718105697409 6.26117205872428 1.65664094517767
3.85789390391355 5.05163866272513 -0.566511236400915
2.42396111703674 2.05471060833552 4.65576002460607
3.90582024591482 4.80454760846641 0.457361632065846
3.08089989791773 2.09589996243699 2.57518610344251
4.08581985101706 5.56468083491095 6.1601180848668
3.82711098125575 3.61182067586968 6.06846436736443
0.629670118610128 2.8622187981038 2.87561280242986
3.7115645117922 7.43498430195736 0.0909079501983861
2.17443617166508 1.17857984177669 3.76455957214421
4.56852177105613 0.317052652083891 2.4083654100875
4.84202404436594 0.582248984705643 3.58543332675278
3.03836050749974 2.46371313329375 2.39344933488629
1.90561491580913 3.99989626269199 1.74111427492518
2.63060917615289 5.36501507626191 5.39481579328306
3.5019780781295 1.06668145695246 3.41090725314143
3.3162638224243 5.17656176950798 1.4633383033733
2.29698500052456 0.716258872030766 1.8099001714551
1.83944677516246 5.16767527981417 0.477982363834713
3.44845363972946 4.00651606641678 5.39556191870048
3.52288981928249 0.0200258480044306 2.20983616246588
3.36947894422697 0.384603795828244 3.0901350799577
3.43313673645422 3.76069527545212 5.01485481672199
3.2695006291215 2.08392724640774 2.82273465967333
1.86069588331378 0.577668338696412 3.41555001038071
2.87578924825657 3.05210369591888 0.0485197908453159
3.99599017451145 1.60039302540009 3.16847147161058
1.68743577286561 7.49836622480798 4.30217093098411
2.98360869506627 0.615370217044347 3.15130260237936
2.92463876239911 1.19085520684191 4.18988776790281
3.17765709408057 1.01759592879552 3.35600936143295
0.602022258629626 4.21816940095856 3.80666307218157
4.27356445875681 5.63377859427261 6.04845480446135
3.07083942609412 3.63079445872437 1.37230278404589
3.66175308830077 6.01005768545637 3.63123320550707
3.10305121586614 6.60562434413878 -0.757331220189113
4.23811086186628 3.80452578711679 4.92938997253612
3.11935022942855 5.71509223453356 0.390710757431346
2.31727882931315 6.38717806189455 5.49980230681562
3.88004067022795 6.55244002511965 5.25408853633141
2.92567446429361 0.439571725624899 3.45692095305257
3.03497826917441 0.747048869893562 2.18871607165308
2.76784349025614 1.41353281725397 4.06028713386854
3.50661357308455 3.77619210995325 4.10661564842005
2.55788351688973 0.538882182505726 2.41763777415223
2.26260179818767 3.08038491760457 2.68108554544566
1.90062473474515 3.59187315086468 3.18517445621562
2.74646103646034 0.998326161578165 3.46462540409258
4.6762991151909 1.36653401954326 3.37555182614205
0.662359497822319 5.40289817168065 4.16510805952825
4.84008455383622 3.21189606341082 6.15785141487985
2.17975855355117 7.03433405568678 5.6069815856627
3.59788110213707 6.00255860030488 1.53983068386661
2.00368697720946 1.84785375740848 4.3319031487028
3.10187039256951 4.8487490438004 6.32734674019598
1.89685868525455 6.01314139144436 1.35990840170987
3.33997248485182 2.01885926441758 2.85395638551225
4.21415012443793 5.96361492825336 5.98926217103933
4.22504612342579 6.75545893072364 0.154719770471752
2.49430130425991 3.92861410693645 -0.575287472174102
1.33737856803668 7.26208533769766 1.11040592232394
3.54427995937734 5.56913496333363 0.0327065026239
4.56206880402405 5.21523511001908 6.26030136370776
4.24291924053247 4.87264303120606 0.371562722343337
3.63658155093881 3.46601414302399 3.38242519478699
3.29761812176505 4.64282316423851 5.90736123153951
3.35265243727379 0.76047407363943 3.18256639385587
1.62592829086879 5.9345697659034 1.37399197889389
3.12541501669718 0.399089030247302 2.90450370274821
1.17673860153998 2.62522047847215 3.07251831833315
2.21722208181104 0.481558578280779 2.39925315786237
2.63452656138664 0.0971623641249764 2.8345832088097
3.56250513353434 5.87559570057081 -0.137307626605896
2.35624009246261 2.25487313149436 3.58609984583249
3.91536101696709 0.819683353304757 3.28972066551477
4.02654959740569 0.908744218629127 3.87251768393345
2.84727381552617 1.81932084029692 3.62600971335261
3.26818279819484 6.57609484220599 0.93988074036192
2.26276205028666 5.98783606426987 4.43284897880771
1.80039118178614 5.53552306715207 0.263808191200401
4.09757851439874 1.50814255565206 4.12935483776756
2.54620454105602 6.40990160839434 4.45327239593835
2.97499742019467 2.91179339811669 0.749472410432886
4.41418568664205 4.35566485373402 0.00444412485474276
4.1246813062334 1.31404453468123 4.18115444365799
3.14053928068672 6.24725335875005 0.232343535256102
4.7398496531554 0.876209961309092 3.3905247327621
1.50325944857909 0.755346463900564 2.5840242977434
1.65344424235252 4.7759894033353 1.36812779506129
5.41673237409971 1.54429699790595 1.10425555127126
3.58340814764146 6.83947719873351 5.56720686094991
2.6885979554951 6.05770812794256 4.49397659003407
4.84943660918825 0.419588844978614 2.5239456188484
1.72192991145812 3.88384693531054 2.38192607535392
2.8637611049823 5.44904579303235 5.31431342231951
2.45056579554524 4.11093111999394 0.0998947527664324
1.59123102560011 3.15678269982471 3.995649033845
1.43399891069986 4.61718281087644 2.47297752852034
3.24665456368717 5.44675209568879 1.62647401787987
2.21711822954604 7.21195425439756 3.99510135528334
2.27761876460637 1.2928250552753 3.99281067594973
3.66824898336011 4.62310990616509 1.91203550290832
2.64658180973606 2.6666814158349 2.48173937404377
1.96462550538973 4.53869587893474 0.521837704663496
2.86109152556115 2.8266223283532 0.798513696397779
2.95357586595009 4.09173304624212 3.15940093865224
3.12138981753907 1.9729495812727 2.76580436833102
2.84358781510934 1.9764005366874 4.37141574514206
1.80812680268174 5.08481727053562 0.587353903092787
4.05085578858031 5.49814631061752 6.036165764424
1.75950350785601 3.50389718850392 3.84063088875275
3.92706989370793 0.360824317792888 2.26437037345668
2.99717212263032 1.67808892142865 3.77906631842949
3.5415766960783 7.22117645056421 6.14014710768187
4.37838414485549 6.89051732804815 0.614953406391505
4.22412515689274 1.61377843013748 2.45297240737959
4.33031672068651 7.18156002046613 1.35458098154318
2.75128091702368 6.00220317106762 4.35993381595135
0.957081196638212 1.14381447595685 2.002781897544
1.69717209379588 2.93011925471806 4.74487126540516
2.04614952694472 3.51578118488143 1.83183222718874
1.10301277236253 2.88040844470794 2.9293117296951
2.3357394469513 4.66273986585646 -0.513757176745961
2.54707118200454 1.00657591870679 3.04816254289135
1.67153688393741 2.35808341091369 4.01675753891495
1.64590080503442 5.51218876138557 0.827263857492701
3.7004037076935 2.67620824145978 -0.326199675558545
3.87937347490745 4.00430921918506 4.43887085132206
2.57881983021856 6.58327872585262 2.26449181347996
2.6881156454145 4.86348265798538 5.16866761643404
1.1516154843151 4.42054321622622 4.72914548595711
4.29899525857748 1.61879229991304 2.42379378408787
2.95901911920777 5.55413297604322 2.45270172531493
3.80499098233149 6.68241264872003 5.81645272662815
4.36608177816144 4.28344053531806 0.292201606186843
4.47380036424225 3.75761131653091 3.64096502622675
1.85215872123807 4.43785673495673 1.30688236406468
2.31786826033216 5.05437001025301 2.29244707813712
4.01846922834512 3.73358688200895 5.23186777886069
4.68363262354344 4.73392250065456 4.57358769850342
2.1405992351074 7.24387974901255 5.92298117932819
1.66797000196103 4.7928784688828 0.695917453036097
3.09528067188689 6.47380470765083 0.426773364132892
2.99041171021401 0.60437224302891 2.59744065644838
3.06135883018087 0.391252238147333 3.15767200003109
0.68539422347755 6.93523377667834 3.98488730887716
2.25037015084452 5.3418350601072 3.31078730554675
3.85211351362357 4.8624739887582 0.469891563786263
1.79522003942503 5.7403470110462 0.40078596326041
4.54524692424041 4.6432700141626 1.41536801611768
1.23059758205474 3.74829344156319 4.45830998989165
2.98938652281597 5.12696544145948 5.36822896446798
4.18813368215163 4.06559084652561 2.26187798053129
1.80441924243942 2.86274883502904 3.87532150661859
1.59093631299551 5.31841175844252 0.465119060786047
3.37023826973171 4.29907275255167 6.41313236197538
2.03993466938448 6.20069095147442 5.25372283593592
4.40254452368588 4.75108151681648 0.0264885181472231
2.34881242893729 1.41945093228659 3.48267384892153
2.33891904505037 6.46240642850421 5.90158560185134
2.26666765936901 5.7029937502097 5.09358988513316
3.52983626252467 6.99553873984556 6.23115727235954
2.87038616722251 5.19423492193962 4.62923133676331
1.65134643178445 0.987525201624931 2.3939956976886
3.68794042454055 2.04641355963541 1.2289662940943
4.20556318138888 6.47649463999574 -0.322275372719812
3.25137553428476 1.86797368972375 3.07235135795449
2.75457752873928 0.368732269843432 3.28785236943403
3.21890833177814 7.13845345703705 5.78887385155191
2.56827529727933 5.60808338261774 5.3649323353383
2.34258377341316 3.45716338643884 1.27699878714995
2.36278045316203 6.29089478488767 5.81792289795561
2.60795484971203 3.59813018374515 0.545782053607034
3.49355345961254 4.68287739432118 3.77443861043662
3.69788466661193 2.62558023712562 -0.380314737833941
1.63870836679883 4.04456162684899 2.97095236777156
1.9913073852295 6.22989160596645 4.03750651457271
2.29422707395751 5.05527612670863 2.93742534882535
4.00305134863348 1.9451911965809 1.55055208277374
3.88620388430593 0.151130772816345 2.75730274585687
2.35044511214628 7.24643061374216 0.942251398798513
1.50129816012088 7.44666248380055 0.532967621373442
4.27142842947419 7.34262720547868 3.42268205468988
1.18296298185898 1.87932148280082 3.11708565803644
3.04530549593264 3.2428793290634 0.420878216284503
3.57410526909619 1.32506800382003 3.99676636565111
2.8640846004543 7.29285105790442 0.829781925837343
4.76347848338967 5.4226409775363 5.46587703134597
1.50202081101556 2.64761677570012 3.51951296503083
4.76055178467479 4.63784789016457 5.00811614015455
3.2416613941283 5.84146100170064 0.718642660213077
1.83241851730002 2.68588600568875 3.62931503252652
2.84074769088824 5.16967741500061 5.61247721955846
1.95877026540694 1.99282070656615 3.37543199271161
1.78832449093165 2.24628604382354 4.51841999851094
3.93031652575269 3.15116223503192 4.61519512777986
2.19765102786541 2.13296417873255 3.57818991614756
1.49216810824637 0.433994646835647 2.44874413838859
3.21902785534347 2.21251024599815 1.83013025511053
2.92463164990418 5.1246721625502 5.66813699039294
3.76365461142224 5.35679068311752 0.643066897414435
2.82318131143996 7.35299505326155 -0.284243792802865
3.35905448647144 1.57762544862589 4.31241158810576
3.26282521142535 0.382933920874148 2.91660718644038
3.2098861167392 0.825505828305292 3.64424231983847
2.90444313613345 0.828323256028998 3.44244267540798
3.20438349536511 2.02682823130154 3.06972702877774
0.518576346110096 3.38217688245621 2.94833034425943
2.97103666017043 4.78221878989123 5.30311470975801
1.74877608908092 0.266865236163909 2.85718232383728
1.97323312449247 6.27102898898545 4.20507300837612
1.56865833531378 1.5705279354754 1.79656094652535
2.75065544918328 1.71566010760398 3.43890658135362
2.78903038835876 7.37044832159899 0.32919833994741
3.74503786406468 6.44848633415745 5.71440465863246
4.43602910401793 4.73443300292501 -0.0430634580001173
2.51832679833717 6.3621197334722 4.63376654100509
2.35695448332558 4.53208975298702 1.02454566955833
2.33848062744282 3.8862987207096 -0.151030512778374
2.68366236425593 7.34383518405104 0.834292829328928
3.59107933179745 5.40443652674365 0.0193824789189083
1.68067950650582 4.33436966258073 1.94669872493163
1.47068707075872 6.06989537059618 1.17430084124379
2.32917065532492 3.9172953053085 0.0604317606213813
1.40789661008995 5.92700574502562 1.22689162397624
3.06307198338416 1.41797544018457 3.90367213591755
2.41129595619196 3.49487116570396 0.319899982547715
6.81620450000627 5.67644192357938 -0.499618600893249
1.62699350810806 5.66617837009036 0.145381876423576
2.88301037518996 6.06488338926279 1.46110093382967
2.1415442073931 1.95319169888863 4.27916022093419
1.54281598189881 5.98684910783585 0.338790545103405
2.42802438480251 2.02703661602641 3.46759233542413
2.19489553016302 3.17490989400148 3.09981227863481
2.62470958552711 6.77703200246 1.14578352819352
3.0929901869873 6.31975268457923 -0.767417573156541
2.40680754754542 7.36373485430132 0.644060433304712
1.9322423251806 6.8877859117274 6.17053874992696
2.05563665284032 0.823520448182768 2.75031074903179
3.62888073122113 4.89097216470264 -0.466605359529315
3.11122128536106 5.93195705299549 0.920271115005561
2.75135449679267 6.51709524570305 0.25553916455739
4.46611331956155 1.73015521448833 1.5454926360985
2.17576729053633 3.91190803858928 0.217509965742176
3.41786746845848 1.24594494930648 4.31153536128685
4.9985928199946 4.47523316880344 5.11781761908362
4.41390412552842 4.60671780662455 0.722017215464223
2.05750954434457 5.36035112707769 0.944075783341192
3.31638449621427 0.971897530662139 3.85067852685043
3.16737176521172 5.98659114724678 0.137850758982768
3.41974528639356 1.12291973146529 3.96111698653821
2.95773129473247 0.113144593334692 2.30327704653093
3.05810588785419 0.188556523600505 3.03397724523817
2.58180640989826 4.14165634782196 1.24358741040037
2.79469038218416 0.492748365296056 2.5447905423544
1.59819351266165 0.197771782671581 2.22593959931212
3.51734638516249 1.10443222955635 3.04159334438023
2.4848604731313 1.85189129749255 4.60747843997646
2.38226153232177 5.52920647251961 5.2655824205949
3.99278823191405 1.57471809870846 2.82276446732532
2.61957267152017 5.34941064356527 5.06111297788945
2.66260333279055 2.73972891008002 2.34735960114394
2.01281477790784 6.2518646132479 4.28186114469921
0.682855503703795 2.51922896410123 1.90232737245917
3.40475407655615 4.00651174558202 5.07717207494494
3.69041274725432 3.97983221577532 5.32293213408017
5.01630786058385 2.53129528887614 4.3646098814553
3.86842925563616 1.96677552889112 1.45504193267122
3.83141665188842 0.625224536704716 3.49311803299306
3.9844855867951 6.72750071948796 -0.0535746376741248
4.48469773945254 4.42397723249931 0.0312125206429095
2.93271440606065 3.3201412068619 0.170751168902792
3.19845035940792 3.20476990161405 -0.103050642654312
4.47203526658778 3.14264081587194 5.72638742577387
2.21041819581686 4.0980384629025 -0.12713541008193
5.37349838732321 2.69305906600381 6.41942361752544
3.30839339607956 5.09156323662975 1.47046646199113
4.34547841423042 2.3976400213385 -0.176164469701491
1.75001101368783 1.55350473910954 2.60081848244788
1.87820918723328 5.38910555971715 0.864579330106891
2.68902178210491 3.32651238266921 1.033786902179
0.226176229780045 4.59558924509381 2.15648349151901
2.63601453180167 6.37225416243689 2.97804725075383
3.6051416179095 0.181459773650075 2.89502513783875
2.54020952728899 0.358876721175727 2.57801122946213
2.63897619919707 7.0712992845825 0.120582338797154
3.16575331524749 1.33332546264756 3.82615482642764
2.20239281672614 5.40145383963009 2.54065157879525
3.3834011765513 6.94939514875894 5.55285155961516
2.93107886189099 1.83316920104601 4.14944517305725
4.06402543201689 5.36891480809437 3.65387936168404
0.790521982866567 1.36154091588519 1.33691765067474
4.95930339055696 1.39778921650963 2.81702818383692
3.76893145725979 1.48356095128075 3.46861318733507
2.72540901840199 0.523283318957537 2.65506568461396
1.84839644844211 4.79584750262095 0.786061649913084
4.17915611694377 7.3195149907292 0.0619391895362723
1.58946437267632 7.25615702499366 2.16336656227803
2.70460555281406 5.46921298090278 6.01393224660044
3.29127570983056 3.36094174258859 1.21238172160231
3.00796544034314 1.77410161440412 3.65817799819566
3.4247366053931 7.33708978998229 5.71778126322204
2.45903044944519 5.21907977471381 3.94927591438007
3.3946235622794 2.79146002125202 -0.392511377597478
3.02381738198374 4.17538660492617 4.30883102965162
2.32917393002906 1.06101070002425 3.24585938052701
1.31629636585217 0.253450616840335 3.23862105714762
3.01322456202065 7.12353165272372 1.73795276920792
2.42019142491855 3.15453432727679 1.74478871801114
3.52181754482899 5.48799386958828 0.133895176189354
4.94373898616004 0.0694256428178406 2.71372407121587
1.47584612248433 2.28903321365768 4.03012577314561
4.08906315719868 5.22981798945065 1.81312358661463
1.91893255937136 1.74192110378783 3.91007882198427
2.29224989541978 4.38566150283026 0.475389957761122
4.22883486138887 0.419405748300944 3.33424116826331
4.13860076516276 1.41316288180818 3.30628891384218
3.48263978550207 7.43737559915923 4.29391193101339
3.6817416962436 1.70080243186796 3.445280802026
2.86003064189252 1.63564170984859 3.54483384059527
2.02194454131425 5.57056479405894 1.41554388344174
4.11937214488689 2.79308827731773 1.29580807433993
2.94715630555467 2.7369245958644 1.36948270411207
4.38941325963309 6.89124220091183 0.0918894064081913
2.40088208731634 2.08304394843053 4.00396048923334
1.65502817574309 0.422218552402077 1.9395175100433
3.59647848039397 5.73097740644803 1.25508882680433
2.8929684876661 1.2327980498393 3.73586461895944
3.34381707100439 5.93879930545423 0.291571689457116
1.93595636963355 1.34032471191704 2.50098038648113
3.29237030735697 3.20115299864703 0.869414168336233
3.28853612702532 1.75819373165601 3.60639560499155
2.79174517380355 7.02193916869874 -0.155439654618268
3.13632452739474 5.0353565804138 5.780413162478
2.93081404516242 2.10006218521726 3.26424958336043
2.18619936502668 3.15160492166912 3.14835777854307
4.0311968065385 0.659780663467232 3.51857224151147
4.50460300728664 2.93443023442867 6.04195681245542
3.87403759036219 3.52847650564885 5.09158168042442
0.258742970229219 1.90504159858903 1.85142439220824
3.15067258667775 3.49555513444501 0.440837079934022
3.3007811520171 7.12272379893739 6.89704880166151
2.26663789185567 0.293638837758179 2.88255811653549
2.96572124774776 4.75577089623063 6.46784880128069
2.61749194858018 3.63911029227996 0.688592948377881
2.35635249530888 7.45891641170167 1.05494597511809
3.53466679196985 3.02455252398926 1.16146117274674
3.25847053962272 1.41471495985587 4.40826087442824
2.87164995938808 2.887188235196 1.06757510206161
2.69620628345271 1.12164121077575 3.11336365029505
2.3888566859801 7.33375722568279 0.691262735947668
2.22462684850443 0.598411185499203 3.12112181873093
3.02966651110554 4.59206361701842 5.05906295438726
1.31819991530342 5.68965423599025 1.28731706883431
2.19285662725215 4.85024491210946 0.852907718831558
3.06319232349368 6.71364412518638 0.905588895125341
4.29224075360195 3.97543769324254 1.78658265276501
3.96202148785156 0.0543979418658616 1.9990714589068
3.30169692134001 3.6442949074269 2.41897779345611
1.70450086002767 4.08409422926622 2.61008702064616
1.7002197301215 2.33196380551843 4.78982066802997
4.9492857915703 4.78158099767242 6.06802396091695
2.40281741613659 0.850488833568488 3.11327671550344
0.775769387263083 0.883737050546493 2.72157764977263
2.7370539275545 4.08498435099402 1.21172298860578
2.52636325536336 3.38448469977106 0.89674973406691
2.44364923759318 4.86103496920858 3.17874317265002
2.47207771133802 5.77272611510779 5.00294278616803
4.81368496001314 4.44576560474392 2.40511597193821
0.549867890898959 0.931651047422956 1.97997191864371
2.86238143191 0.64457024314077 2.03717779950314
4.7916322918163 5.7660767617538 -0.640907567883408
1.73080551771716 2.71571109362014 4.07530826667387
3.01624798537928 1.08633613912866 3.5313204898353
3.32668350443964 5.97441787781815 0.398705766973215
2.1201170928017 1.00778573443665 2.6774881783982
4.61724241554267 6.20332777177843 0.114484594352833
3.56952059101571 3.47317066517441 3.77426655084897
2.15295065064098 4.03481417400082 0.399166275129371
3.16048266989774 7.34743941375095 5.46173392705003
3.51010143729427 1.88370193470591 2.70321473451373
3.86079804723511 5.55003941359981 2.13387483985213
2.93106777866272 3.83070459708371 1.24689458021595
3.10845173264276 1.23874375993105 3.69789591956852
3.15792823949773 2.03315941153153 3.24442565971399
1.93501804736307 4.7992451041409 0.615473325835431
2.85366417414121 2.26428496475059 3.16854499731592
2.22333689251087 6.44476744112392 5.9232645359761
2.37411423936402 5.09395454735056 2.63344887094914
2.81433914018459 2.00745354512885 3.76463911002326
3.31667115981631 2.94952961462863 0.364226013317172
2.17506352017883 4.80941535486241 0.173165877212297
1.61228270157877 3.53187693421247 4.28686577689947
3.18492256363867 6.37172076253446 0.334728053644833
3.4281850904643 3.55084219485949 3.10677957478294
2.75718986249214 7.06832886048756 -0.859956766180169
1.43433972547656 7.3362569160606 -0.462602178667276
1.4618676040623 2.90909805312217 4.46696204178266
3.22523633949446 1.36980920176428 4.72191430199091
3.17092785130516 3.61923621079154 1.65410357572386
2.89343718700122 2.62398059943144 1.93404519201947
4.27189313123831 2.74761908077659 3.35826973485812
3.54024522277911 3.43940255502739 3.91691955987265
3.54079285259601 0.975526698214823 4.30073479202108
2.01070436906157 3.05358477003497 4.27278909044744
2.26750367289003 5.48200642122041 3.94800695227118
1.97524780038019 0.692994668417047 3.15524376680265
4.16483704381106 5.74496145655335 5.32023492419199
2.78535937215166 0.915681909320692 3.79883025186979
1.23783911290769 0.882649908010873 2.33107754782099
5.78383665538546 6.82153528436239 0.751123215092204
2.1618822323564 2.84215219847614 4.23400871772027
4.08026793513245 2.28589160759113 1.81440394380467
1.00149313457981 6.25345572363908 3.87041713327663
4.14854762938366 1.31857398492335 4.48568447828033
1.85789985860741 2.63821577228099 4.85546140392661
3.03460343804869 3.69119034525751 1.21185925541386
0.809557904589422 0.803574601010647 2.45211011630891
3.41333520728869 5.83499029334608 -0.639130363071043
4.43304025232275 2.49226660442169 0.173966450196131
2.12950637155831 2.04470576740851 4.41295797770115
2.11231111658991 1.52726751544352 3.53371961904468
3.37923947238311 0.0469530899185209 3.11021210173028
2.59875487897667 6.60194628680188 1.53460519969829
3.56212263690819 2.0495894500989 1.89073179034899
4.95984765249427 2.33146031891488 2.03213186628257
2.81037453690149 5.48622380573228 5.65322339479558
3.56817609897975 6.84951481130452 5.00425549612789
3.1870424540909 0.190737351596193 2.94628851845631
2.89197922966898 4.58152360789238 5.39350912097618
3.89867447106414 5.06373994258745 -0.565067255051558
1.48608740753284 4.82574131563207 2.39583509388052
1.98557764681611 1.09444007954492 3.12934262119502
3.06411195798733 4.3533379398337 5.18130658207658
3.06180744917798 0.520045893309129 1.9486033346185
5.43208232882443 4.13042748001917 5.90188856983774
1.36698430844845 7.23481802653247 0.327724683146815
3.12974907199188 2.48571461314074 0.153174684993309
3.92665097838493 4.78490771033366 0.0654444832859402
2.57722583449474 5.23622709624858 4.67406553770469
4.0334828986 3.0145431530993 3.02436567413152
3.07714235038629 7.46414938793482 5.51003642256667
3.60678651976306 3.21767106972417 1.16578659934968
2.25400131561871 2.05096093257137 3.69537227487187
2.27064049214797 3.85770184009716 0.353400789767615
4.22567956346094 3.57945521651691 5.69721654065511
3.7251147481724 4.98602836594565 -0.094554570886906
6.37371814446328 7.09088217033533 4.9232722211017
2.65966520974407 2.75223778655801 1.60782748167423
5.32679236797412 0.733238436453608 3.63468904816032
1.0995303778658 1.29650586861753 2.21722395685472
3.35142302544371 3.73840577882258 4.35622957537811
3.72320091735702 1.35880091528877 3.78106425419113
3.42830320195136 5.53240986976389 0.385250301505493
2.39924193339734 0.647039052643082 2.68927631401934
4.05542820184412 3.21157659152266 4.56895566300411
2.65777260706303 3.62001855842886 0.892728857597749
2.43261559316003 4.25086588794816 0.373516388809277
1.70217286856136 5.15079038176921 0.828545708423526
4.52682127839868 5.99341362054829 0.127005923783004
3.1300015583431 7.07587183820624 4.76057824158161
3.80706727909884 2.64569942484091 -0.250520334179393
2.13738883115162 3.71034967584224 1.59850041115336
3.18490387732303 0.030775911853846 2.45820307723047
4.18422094397135 2.04629068561798 0.572797606894057
2.17276411749171 7.13534514919717 5.38637062566656
0.583771192485015 1.45811179489369 1.89504680621942
3.30178317272339 1.35304114207756 4.64310035206164
1.71003705633778 6.30980086933954 1.44419421128191
2.89012549099752 2.094583062881 3.24197670769408
3.2670545401006 4.06704052009503 4.80184631417777
3.97021842792193 0.447893112816479 2.99565809934685
3.03272275366869 1.48222904596977 4.40443967869064
4.29590013064148 2.21257825690171 1.25919157077738
2.94720858955452 7.47683587945723 3.77064011535866
5.08929372969923 3.90238376453435 -0.174577675588828
2.15151144389071 2.28274855882247 3.28042242785729
2.98394688679602 6.59343062958801 -0.44905235914454
2.49395243372441 4.71701030190881 3.53625596028619
2.00105958164712 4.92804023566424 1.2485113675001
2.79557018372386 2.32528419669018 3.36608352164868
1.98351151204287 5.60244635257624 1.62382216201266
3.89425187805643 6.61608504789288 4.56371615700398
1.84482141678879 7.0597940444878 5.55084385476752
2.98321875501571 3.28475630305942 0.676677966497622
3.72536414286683 1.17140945842263 4.16546294775245
4.6596908498571 4.1570376185217 0.0958774902687835
1.58574561678354 4.77835792367077 0.973564675768754
3.48602783753886 5.78204541540658 0.995324081924331
1.18969633924025 5.71707295763778 2.60014162471457
3.6145874524316 0.403209498953079 2.76354027319044
3.14740511528124 1.46006685627089 4.92082465183785
3.40189738786842 3.90955875602814 4.88540145340655
3.57962296563461 1.24252750528114 3.42530716883585
2.337449216167 5.44046879422096 3.34756258563499
3.50079418744056 6.51191499371843 5.62843101438241
1.94807845037886 1.74952753094651 3.16033129753301
1.87529430484853 3.54102764628789 2.46632153016834
3.1849492289125 0.666752330671708 3.98665750020042
2.19759192202129 6.2688648076474 5.4341650457673
4.16670322424335 2.20476839843985 0.999420619646513
4.0730255640351 7.31824053475933 -0.508398756043253
3.05034284213908 2.70365186786648 1.04744791120081
2.65391238385142 3.78602468789526 -0.506154557690514
1.88753458167243 5.57952726082896 0.807074824910356
4.28594445615272 2.0055569667472 0.917996122885692
4.05108384046984 5.44057583509104 3.78421180599533
2.25310080705645 7.36363292732818 2.77218098343785
3.0480780771241 7.49768646029971 5.92505679667717
4.01427917817715 3.223358664931 4.65841608764639
5.07740175547652 0.0199207531454269 3.444978521164
3.36485748185557 4.76644326536599 4.1668155778295
4.34037153430057 4.08509679191776 0.293359660295792
4.14629622850112 4.85319861366423 0.405038042025968
5.25386698711501 6.42053976005286 6.03159851018416
1.89808539726248 1.5328732058388 2.65169534654737
3.9396857807121 2.52447283946501 0.00459787948045298
3.82951217982669 6.10389916957351 5.98744116406026
2.50787116171076 2.88068896676041 2.39389446887052
3.27395075249775 2.68314397432949 0.487821128582051
2.79293289111805 2.6331299995131 2.33954577468112
2.2995129569221 1.6172691749605 3.14126465185642
2.81812221136846 0.997020914931304 3.71693587954534
3.20656374944125 2.59350059680882 2.015386662969
3.81773994950097 4.9104703647915 0.0953521449597771
4.39527495262347 3.52189813329299 4.66637387641047
2.60910102180487 5.86410742448732 4.36448419459833
1.68998919692662 4.99476700847529 -0.0605875547989316
3.6252538946732 1.95161172789942 1.77256164636167
2.43610285497501 3.92407311583644 1.42160680761868
2.8470436920188 4.78471492451749 5.54205734023826
3.68694889327502 0.353908708153486 1.87424817606322
1.94314298211931 6.2150715546186 3.69863892492684
2.84147953893987 0.298572898389566 2.30799178894373
2.73483672338063 1.19552531341832 3.67383077328222
4.02253822172625 6.97449218286703 0.760791670484879
2.35784547926098 2.29017693844651 4.28228065800268
2.72052541788541 1.0884587684941 3.59347599845717
3.14617512563126 4.54688604462734 6.13589926763093
3.1112407271496 5.82466533111434 0.3435226954394
3.26860151816889 3.97163301789565 5.19954237176022
2.49145801348519 0.748199638375789 2.58864221110695
1.83040138626342 3.96747010617465 0.92128234681397
3.06626956086733 3.90849186976031 3.78189133721006
1.36477036356349 0.737657493514631 3.04209193762309
3.18688912604094 0.157375191628034 1.45909564444754
1.31322960498889 3.41832859003915 3.38769681995216
2.90547599560556 6.31868535884702 -0.18754410301107
2.01863477929996 5.74600401855216 2.88034276433698
0.941341825565803 0.484547006915649 3.46865671269685
2.33078032821705 2.89814941133077 3.46819018141845
2.68864047637213 4.09906198307452 0.9664325691953
3.41879914682683 0.846099961126715 3.57949791040619
2.04209105650607 5.07165368488358 0.026502109899172
3.74341486770081 1.39213814597023 4.28483573398651
2.37116166473844 4.82528279846759 1.83896640450463
4.53349354964227 6.56300864276462 -0.187623284830453
2.88471059843413 2.29419091405068 2.18610388048418
4.80484593142508 1.21846960140874 3.74188971051433
4.56850810574354 2.81249508615184 4.86947822906818
2.8932165298894 2.80585680120709 1.5461983313813
2.45481415713141 3.26510892509584 0.289257995361233
4.07343347523059 1.65685073565407 2.71074960382314
3.64166302156791 2.37813496282396 0.722166832362928
3.00899960366442 0.144017180950282 2.55203519225715
3.84346819776958 0.444366832051309 2.52602288279332
3.29967291650234 2.3012381966207 1.18800689212024
2.25700380069722 2.80573183109266 2.69687784223559
1.92756880465659 6.41251601948418 3.64973848333947
4.26828037913456 1.85683287185719 1.65556747460157
2.67209311216844 6.09093926840295 4.14335167934341
4.86849265090734 5.70703969054204 0.376287426461146
1.52727769536202 4.8498852127786 1.10601663601411
3.90162716742405 6.0966766146943 5.38607368968874
1.37885785085401 4.59290783889678 3.46990936869201
0.966149291923621 3.35923667577825 3.84759110866203
2.66887306275168 3.58810941348016 0.764270680884482
4.30202329673049 4.09920619759148 0.279548113644227
3.76501202781006 0.37149204919957 2.59068694077684
3.25312049013122 0.763940850707896 3.09627147773335
4.98141184841645 1.48078238048511 2.01426237044249
3.38915194189689 5.43127566568924 -0.434287858448167
4.00339424379882 7.39355641211832 0.704732499965073
2.19979479820755 2.33508620844513 3.40483378109708
2.11674535260525 2.61998506775402 5.0931766338793
3.45733970952526 3.72030952163153 5.16368463359434
2.31952805111355 6.92174912895894 5.1655030533939
3.0638614036134 2.28629273541429 2.84912043077175
2.16186630887063 1.5955137159776 3.48047059729301
2.7799718444776 6.12601588412152 1.01734351971298
1.8797526050323 6.88414938004549 4.88508233089913
2.50703639392567 6.2908507471346 5.50550638329253
2.84770278332053 0.282024919022425 2.15723768534041
2.27225675743431 3.33557950510998 1.58539550398659
2.45762785420133 0.0210820933740345 3.62420198304204
3.45834129430152 3.3898729298399 2.89451334156827
4.85304151199256 2.57301738793164 3.76750064356015
3.13451117477536 6.54764949085741 0.614978014622825
1.87908301786425 4.96707845397603 0.6830874343837
2.30580276321328 6.63103196798217 5.95282434506806
4.26306101119461 6.24889880921056 0.648726103499638
1.85498428041243 5.64658136485569 0.579166843327788
3.41712288971335 2.12431744753928 2.18263998413471
3.89711461400362 2.62599220464493 0.156418917341566
2.65249623250309 7.39504958195009 0.82218785228414
2.85379159277416 0.797607754425773 2.58008970417126
2.02065302081066 2.57469976036925 4.43792007628492
4.30100963049859 3.67935890771626 5.77416715595793
0.632252685537592 7.43670986621867 4.20131994284865
2.70657691576893 2.72863451023116 1.38518225043202
3.43292792124459 2.19270147465649 1.29728172643634
4.26153989212394 4.61471252215093 -0.33615907205829
2.97336640013273 1.73058429737351 4.54633641044507
3.63838095256365 2.19199644377086 0.916365004890493
4.29931530273849 5.6964749424112 5.82106208975956
2.99206457606945 4.05676545553223 3.6965489148336
3.804992898153 2.055583714207 1.88049478645859
1.87869138404528 6.88635448793713 4.84208614189694
3.61253224751738 3.12306784871155 1.25186163932788
2.58413679554087 1.98252352916645 4.27919799752962
2.86719606044531 5.34736474632977 5.10437656973053
2.77321163486123 4.48643883323065 3.19926385389881
2.82315720994326 1.36745389957406 4.45037815503426
3.16321848854078 1.91340903343538 4.23356172628244
3.82926710589834 4.33388619070441 2.81013239723959
1.89159753651045 5.34862800720912 -0.163258726552757
3.08371805068127 6.30090434145068 -0.149799952846915
2.75462330201318 2.010143608808 3.46282653715593
3.30749953461544 5.70163693861968 0.178526158826882
3.85017127839685 0.330858777452149 2.86892202924047
3.02192883079803 4.44858735389174 5.71073363017641
4.13376892663313 7.00648776174662 -0.185137567316467
3.61226032481718 4.18414618557103 5.46587176690693
4.47710158963519 4.81455322547776 2.09839602501898
2.8699432551413 3.91139517064106 1.25549860487793
3.76702543809628 0.464399773799142 2.35531056814374
2.20068853208206 3.4030801777309 2.45068819243715
4.05262374220798 4.45723474106964 -0.227496525492722
1.44582621748991 4.33705649826399 3.53595659082388
2.21249275981889 7.31838913047153 4.3135387179904
3.70262237430733 5.33113621261516 -0.513579152907926
2.74859874458803 3.58366085758975 0.445939768480577
4.71461834790551 3.02173534112894 5.94108042054276
3.24842276093721 3.60480877878397 3.27550041622843
4.92078966379408 4.72452091119979 4.63133166442908
3.28629676768789 3.18584593078606 0.173026055332512
2.35764474828435 4.11629915195292 0.129318468692563
3.24662732235341 7.411097232056 6.00619618361221
1.93951361221991 1.55246118455188 3.05450082784458
3.27362468272568 3.47096958361005 2.00908685766009
3.17955970889748 1.43784331958352 4.36425698279757
3.071719713425 0.344508531894376 2.39256336853667
2.37772806778185 2.36500092473644 3.84874854951547
0.600172857106502 5.09435392971202 3.44918968336145
3.27494460827144 1.84587422508175 3.40136412539721
2.76578262368469 7.39677932560402 0.238694306202798
4.21597571345789 3.91790026566825 3.5101687383974
3.55450697031526 4.44888076072847 5.29919351272639
3.69525245933065 6.90013839246141 5.95649200249907
3.08923819068974 0.906335899592818 4.20096961810968
3.55345146671064 6.07891334233882 1.95839725433212
1.76911064769009 6.99923333762033 3.03082667947478
2.99270803400085 2.4894698377089 1.78426475127872
1.94432245106869 0.508208012669764 1.83246941174787
3.47355567532556 5.04899642731773 1.52288795748908
3.10761736408949 7.33642802324073 5.18534618367844
2.94367361873668 2.43206229385303 1.74288996163764
2.05127290201549 3.85039432735872 0.661087578997378
2.58386306309757 3.91282351618349 1.31780849653592
4.27123496017718 6.66749308221403 0.0265731419365422
3.61792576022382 1.40237005358288 5.23500204402812
3.73678137164072 3.00336377151226 1.36908761991877
4.05823922623552 2.05439458328539 0.668919673791872
2.82868351723975 6.61064592698202 -1.53272166511654
3.82366595281672 3.0479491068769 2.19492487229982
2.78712712065449 5.86585145039353 2.80445655656
3.58273827484258 0.410516093918427 3.14068253873797
4.16658223576107 7.07334086707325 0.289326275097967
1.56924444616703 6.6828884673282 1.11870273865745
1.09521664438373 1.56725013055261 3.13521340046385
3.75922075169252 4.42218396727014 2.69726122277512
2.53212568911527 3.6652214506692 0.594584256553041
3.0722922135283 4.05444994073404 4.48856840933642
3.37882676118285 6.12418696841867 -0.445271724312101
3.19168421404716 0.698145214552063 2.84323332824525
5.06102361640957 7.27993495675939 0.145134257919427
1.98094664669797 5.74870725751131 1.16570816413033
3.21355982596059 3.60283630766816 1.33392125802927
3.11334260270973 6.74389597453107 0.279707496492002
5.29212959483501 3.74381542428814 0.454115305727935
2.21397374219703 1.1092547573406 2.9029447398046
3.92507546793882 6.9521732194428 -0.599697664568225
4.32932797814126 3.94743615067279 0.588504690366727
3.61632559773171 3.91160550499036 5.81351456309535
2.99607675878469 4.26187181096395 3.8119488315918
2.49483308237827 3.84631248293552 0.756918604698835
2.1615066434044 1.42503138286829 3.34264981124533
1.10995311075609 6.98675042427014 1.4255889170948
4.40697479344705 4.81713528149178 1.12034188143172
2.19677721722585 3.76957639056295 0.803834934827588
3.02381650872631 3.44981058683365 0.5676754582389
2.6383207945463 5.48310785410882 6.30347885373908
2.24226895297816 2.54137823638694 3.20838528027703
1.42608042363432 5.67335851026906 0.791195957534808
1.16438028319481 5.06977032542793 3.89849864889323
3.36485750139848 6.46054106610858 3.32154922886502
2.93833100969506 6.25863619357086 -0.348790777491366
2.68877549789203 3.68628166864458 1.00439862997013
4.36390736080615 2.23028601627243 0.901788488878609
3.32844636945257 1.57335127791671 3.38198878503596
3.17420388233211 6.95781996030436 4.71240538403427
3.79355200793928 0.935765073031403 4.84693778714126
3.57450154714134 5.4237717554087 -0.649674179932049
1.83048671076956 3.86791480689403 2.67529107362358
2.21362984691474 2.19469935860193 3.91498668221459
3.29780609251197 0.319306686226428 2.48303540873791
2.73107118585016 5.88022924544527 4.58998887108835
2.48097346642792 4.15423207839107 0.838936685558775
3.85783258864255 5.91472449965578 5.71068609544264
4.36143798082458 1.93709838843513 0.646493076857658
0.296462526334862 1.55821070225295 1.33887344381997
1.75466413428026 3.62076963758221 2.49916132255549
3.03912912302985 1.34981826596011 4.58812878880236
3.39702120307118 1.67815035874704 3.87958233846388
2.11744445889263 4.08743876964683 0.427521124266324
2.24103943943821 0.517485731205253 3.07817560019552
3.31961915078332 5.36747867462021 0.864126641150666
2.08582192715661 3.07723894194052 3.06268273206122
3.4906492277249 4.89452133753684 2.08666657868073
1.73646508337016 1.49115241653661 3.04883089720831
0.290043715494982 6.82286925187427 3.42178190829457
0.517337679078313 2.35488919914873 2.42899192417456
2.84655338623784 4.13973972319961 2.8513895844054
3.04743517289482 2.37909912244044 2.40948611403204
1.89651007102195 2.36980924740648 3.20342958294295
2.97318717301964 3.51438326628476 0.0786016728554021
2.1184021573424 4.66847201376384 0.0626965432010235
4.98998113178548 3.0204544078741 5.60392155301149
5.16352862141903 3.56044929598059 0.502679529940726
3.48673337672045 3.19495794276752 0.481413660680134
2.09571349104806 6.49721816969458 5.65069773446816
3.81221404456979 7.00473341385514 1.40605155350669
3.29007336019762 5.23544629983516 1.4046201727588
2.8603982722507 5.41454753175645 5.06596273586127
3.11698454681187 3.17186356145098 0.673396828135354
4.26482643906254 5.29193360371244 5.05638026437675
2.53384481321777 4.2315857938407 1.25320087625365
0.732639128733279 2.24252564005072 2.73289931421366
3.73242575756222 1.69896696247765 4.35499594796367
2.68268441382207 0.290978202835956 2.5729842551499
4.06735846057039 2.15212943658766 1.18286666417154
2.01777567559315 1.24465232135298 3.34479504414051
1.39209542392398 6.51756855736903 1.52541378721521
3.1366563703452 1.58278678593834 4.34642729241002
3.51873217304528 7.30667781330738 4.41038312131849
2.36085929526372 1.70987760766769 3.72507205706929
4.03043063181731 0.170244160467076 1.78768855361579
1.26814046621225 4.76472868866874 4.08710028429034
0.826873328244354 1.09658470510321 2.39647790933591
2.1336585104131 3.89631951057609 1.03070219591626
3.1226467478756 0.463537560939999 2.85149432248032
3.31514713492415 5.26950900863952 0.60753652168118
1.1493288622182 4.42916957201247 3.53944762853548
1.68670231040151 1.30477001002316 3.65454541931555
3.20863541261774 0.119181344078663 2.58293775959187
3.30374853972039 5.85782920262938 0.576728482418089
3.87489166833671 1.89488773118693 2.05716449361144
2.94131325901652 4.83590768126196 6.19186343193902
3.83900853528471 5.28109242489538 0.436392896014961
3.16003625001206 1.37801455785675 4.50288068328312
2.46094384121469 5.44700177733146 5.29392092822429
1.78508123884785 4.30073965852113 2.01216202881684
3.24323350904207 5.90236446644818 0.470360924351739
3.18871456823453 6.45418583975967 -0.530308016071433
3.42374575263693 2.90978644302254 0.815534667827541
4.09885603328475 1.44209928536696 2.99280269012203
4.09304837905636 0.198256752597183 2.39063302587339
3.38044709012871 4.58161224546943 5.73423740620941
1.68347726501251 5.36006454376551 0.751623585600381
3.31001901051544 1.62600186185402 3.12236118936709
2.8943405303971 2.15931327005394 2.85608027019682
3.94402465068078 1.9152957616148 1.14665371385236
2.44055267649592 4.41161909808051 1.81663441550681
1.76261408882013 5.87332815694707 1.05143418967143
1.94127496980447 7.38055098774532 5.83028610062657
1.62355301895596 4.60156280396683 2.00501210469526
2.14071837025778 3.71347105201172 0.494024308470598
1.96779483687203 0.539448097817522 2.54792668959943
2.38598658676666 6.6456789113711 4.81049726096086
3.43972030355624 4.75980228838615 4.73135086360247
0.700276614971067 6.60163355246901 3.89324887350315
3.61033675333198 2.00402845198644 1.69881256555123
2.77133837610995 6.44267782765333 -0.211232420015492
1.24610650504671 6.77670711529057 0.0180255071292634
3.04651233775161 7.10647618727331 2.70478900229215
2.1155591805846 4.45926813723796 0.495664469211919
3.07970198629097 0.260393820732412 2.81761105973585
3.96269796906511 1.81495520434984 2.07021932767508
4.00518918814796 1.97547637797676 1.31384795035926
3.32972172095545 2.01407902838468 2.43162404501284
3.91852995702995 6.13770782283934 6.24916327793145
3.66876487426751 6.40852324535348 6.62305767571116
2.2763001091411 2.64704853499676 3.62470464224741
2.72084089007346 2.0413662292055 3.48202212912585
1.90574284629625 5.37195138328526 0.875087782745512
3.06642829171725 7.49498707886905 5.62410390429338
1.89832318885648 7.11501974552906 5.53523660002548
3.90222458174837 7.41424467541322 0.0350343055276273
4.06608394813906 5.79580924208835 4.92119862192849
4.25609799424319 6.48289897767929 0.0980303626744834
2.48856582810618 2.75768193383537 2.11931402233055
3.15162197182391 1.74605631824267 4.81599171701073
3.09321400506278 6.61706106117899 -0.00905571561264423
3.17583852733498 5.68937236076027 -1.05612577273006
4.28115951221069 4.95806237864608 0.997181401453627
1.56510885754308 2.0632082444971 3.33057033894453
3.9888291678894 4.973996279509 -0.180098897028534
2.82347283216847 2.73865409408182 1.7735243808416
2.66514899885968 0.472901466375323 3.07271272519385
3.67353705359872 0.101145266643251 2.24910731461084
2.88565979970734 6.6061409456872 0.472122958016927
2.33068569005213 0.223879833041595 2.58751291426866
3.71126775582715 5.72104334237647 0.977336494100489
4.10502809587806 7.250951080949 -0.97260949119452
3.44737859532179 5.09020385939508 -0.0659839897089017
0.578263467736491 6.77805910005723 3.87499378603416
1.46639217712722 6.09237557326209 0.106739184940631
4.13468124634273 7.37870203770419 0.00105258804123232
3.18124586080453 1.95255206882585 3.53247039744666
3.38678749977552 3.57061760580805 2.71196981526954
2.94049598262086 4.94065817989114 6.89263431332342
3.64770681544667 6.27324434345107 6.02084846883443
2.96806113650708 3.88498659617451 1.48587479216167
2.71420049778993 4.85146717551584 5.7399693815117
3.21756471503685 0.941721625874622 4.08993992704834
2.65476595754564 2.62967527439828 2.73036153231947
3.51492804552394 5.45533761194645 -0.771676400441128
3.01336343598486 1.84189875253855 2.96155974213284
2.655812071923 6.70617447621957 0.0634432399415552
4.54497369468561 6.42811780749228 0.44796681111984
3.03821369584959 3.20400649804913 0.587341460254321
1.78728540008857 1.93712999710783 3.33650156945895
4.12012779484954 3.47227668421061 5.96347971111989
1.84422017175549 1.93897484660303 3.90510319066971
4.15714929759396 2.32908402711553 0.28247003434048
0.914052058582348 3.23872131197542 3.71657786905696
4.20394359279669 5.26587762902611 4.53205470758232
1.66069747112342 2.10627549803576 4.62022493472149
3.35807375296736 5.43380163655527 0.281302162669532
2.67467366066828 3.08545309425712 0.817870055028355
3.48368401899243 3.89540248455498 5.0622007046817
2.68254314289412 1.06932862547481 3.6318236835652
2.42221140485417 6.2863151688147 5.16710345141694
1.01140556329161 3.53857921001086 4.02677046818216
3.63604484957711 5.62202187333417 0.235022504523164
2.27005929801401 6.62772362046733 5.35882807635497
3.06000829566094 3.22459850417152 -0.253353699041041
1.24467860100302 5.23075432816163 2.82219531266803
2.49367161300656 2.7765386091206 2.38772659082498
2.10206023342852 3.63780161677734 1.17578280728508
4.07806829209243 3.58281157453409 5.98839118280207
4.11145623722887 5.51815259443041 6.40826401615405
3.57693092795229 1.12541838240621 4.03000314292938
2.71819317857219 6.0872130585474 3.03043552466493
1.83518602220631 1.24894235643963 3.3513309056156
2.56311979479413 0.146219245808954 3.80008408566395
1.81848078152108 2.3247964891011 4.54950094465383
3.04181469274027 0.644291886807102 2.58291672194494
2.67907196095286 4.94334537063087 5.07298709167006
2.93587188368019 0.987737511702234 3.17840138272511
3.02829487298812 3.63327719579437 1.35586431811578
2.01051638485631 4.73125996733673 0.627796457452386
2.35868457363804 7.38969425797106 0.540465624433635
2.94962129739855 1.82541010151476 3.97318881940938
1.51855328573057 6.27510468325126 1.06391397791722
3.40199525037919 3.64631192994238 4.19025452922891
3.24265620881315 0.408939630361975 2.69838179936903
1.75771815924865 0.811423823070283 2.40891660690838
2.51393791380991 2.68015703967889 1.82426812960677
2.66189695538838 5.6584878814355 6.29365979176968
1.39761902890294 3.22819183035097 4.36900753706697
3.29456787491372 4.73363055015332 6.05455083542148
2.92320326765284 5.75594376595784 2.83148409899579
2.44389181152454 4.49007554945086 0.564324779186025
2.10439705011473 2.36331829923309 4.21442032465214
2.71337250430039 6.62736313862772 -0.815743544725062
3.41804538571973 1.95196482000874 2.87733990271681
2.43907173593508 7.28897273223585 0.0331166300449018
6.07598268059981 3.560806400178 2.91911142109859
3.90987883219338 3.15949381789072 4.15940561388335
3.41724693571987 1.02257429599133 3.58343950560727
3.5368331102 5.81430299822858 0.222889189186548
2.30356224899664 2.42523968424224 3.52507579309134
2.26491814725491 0.40269595154607 2.17889314058857
3.09895919144617 2.57012652063692 0.682684843570901
1.64282401286176 5.17295618037934 0.229592037819721
3.87932306172333 6.73432205779775 4.76427827486938
2.59723623167686 7.4207322052447 0.0827304562832941
3.05968813519391 6.25029418575388 -0.138454139144858
2.39613990111296 5.02158891947673 2.75160941652078
0.845114044943566 1.77371188219224 2.50739787885585
3.3822175334714 4.45005161363031 5.66059170842884
3.507839252937 5.11320754453794 0.654343004423643
3.91755793001545 0.728927711798343 3.6093985639692
5.48434586801568 0.161533008502382 2.15117939239104
1.74987666882609 4.23767555883254 2.37868106267888
3.86022954299188 5.32983935909113 -0.032433357047837
1.95489756581249 4.8223438153517 1.220534522824
2.64741911916883 3.5932762799266 0.48621608291648
4.10022452311176 2.7859998778118 1.66366103091795
2.4972623197178 1.10575942154951 2.25592271353232
3.33786044154598 7.12124697143252 6.1907422272982
1.59759000276249 4.69481556682125 0.884010790503265
4.27464123345032 1.64264600921861 2.49639100714343
4.13128189928243 3.43296047798527 5.17200704464222
3.75940254151322 0.129778112176697 3.02371938496117
3.61380063805978 1.99229129693821 2.9662434590483
2.88312278688471 7.35356042845083 1.11430994454002
4.36004596816894 5.59208052371313 6.69591697169134
3.12704471120772 5.19513155382284 4.07165265452058
1.53633786605572 1.6902009791975 2.52320910503079
2.76954277471122 5.81764538268441 5.18700217457642
1.88667779280511 2.55505455615307 4.09010010779093
1.98477785123844 0.923412981513511 3.62743220065628
3.07506567099194 5.91507315758589 0.712026403644508
3.81613124627464 7.34776403446631 0.481331134628021
2.13789306990083 1.06612013083355 2.57802561735628
4.55911574865351 3.14672731960716 5.86599513064819
3.74650020679777 4.46474582991718 3.15154318647284
1.65923786429937 3.94357412598678 3.29729815431966
3.08536645154616 0.574180306264537 1.80655668421391
3.30827129876274 0.673429281867712 2.67551691761228
3.43255258858594 0.392201761722226 2.1358576901208
3.01854370100385 0.139342991313072 3.98568300396351
4.33990434614222 1.71383113608885 1.82992122477684
1.66403205140475 3.66052685404974 3.82821096354913
3.54692410334302 4.119797005437 5.14481910175228
3.06548730506605 4.27981729261688 4.05724798652314
2.89593102941197 4.5525256921108 5.21143973323046
2.90804244643007 0.792425859257112 2.84775745352955
2.32314682326033 6.12891587307849 6.40771999715384
2.60022501148493 1.40522486200716 2.8205990600635
3.0044051803985 3.81426872198055 0.963688998451723
1.4832189090183 3.98154757070498 3.26641933095165
2.26359021824966 5.64812898644562 4.68555775313317
3.80030522964065 2.55856883686869 0.240156137238302
2.25025644773764 4.02834625053313 1.62126052373799
4.40002977233956 5.27295505173485 6.52945033301067
1.5811137480207 7.00490662913821 0.533705247792783
3.81101085936274 0.173342184949619 2.46366629361632
0.422095185062443 6.09774299222203 3.037544162967
2.85364994420999 0.70955042237806 2.36252475492515
3.86459497502146 4.62636490724468 0.601081804526608
2.8795037828968 5.67884672854316 4.30884473921658
2.80079842968406 5.65868978552843 4.7291467456612
3.33491775872151 0.429625735044369 2.96628558139476
2.17810824386992 1.00536654253973 2.60953179458154
4.13343834397691 2.20476444423296 0.74503231102684
2.78080241810649 1.21066136110171 3.76264492255602
4.36084252483839 2.16305536356973 0.655238852293248
2.93281790790827 2.03456395996133 3.9711978953523
1.47510178588731 4.33636246364333 3.76506116023658
2.41587238064311 4.373103544246 0.736289524463951
2.24331852149214 1.43207423565894 3.65710734197267
4.44675227380966 6.81258416337215 0.233844731203868
2.77593074465383 4.57180478784159 4.10780172649665
3.64501001978216 4.47518362917844 4.31238950235567
3.12236193864083 5.97767449217938 -0.251972294667284
2.96295611116926 1.69561130229281 4.15208070022439
3.22598436165337 7.4110561233009 6.09615937107126
2.47228349951216 2.13621801609661 4.06695616851276
3.18662038995077 3.95968723187638 4.4531671993987
2.00579451162579 5.93536748214129 2.74916720531951
2.92700371351483 7.0328795699086 0.176012186188842
1.05242614358772 1.93596159654918 2.70474080629426
3.1933535746635 1.0233933631342 4.25218520658835
3.48807066534314 6.91733950732564 5.46173610860366
4.29950414479208 1.77380651476376 1.91682285797251
3.93306268484286 3.08235250327458 2.8239193032824
2.74264048802134 3.77749710404265 0.588224438879732
2.94739169264043 5.84398185517769 1.52925351993102
2.50549526048487 1.42738915266141 3.69496333277614
5.19038222299926 4.90772118302826 4.99571769931432
4.26153382383863 1.04450548194745 3.84912212082068
1.15818022767059 6.71466409316875 -0.338931175994241
2.41137601533781 6.86994090396046 2.00170724352696
3.06833730396015 0.551189675514542 2.49743212926631
3.49669995812893 3.5597014109957 4.38047850742171
1.84990167740225 4.06456909438112 0.50615461420456
2.70287006209744 1.50418235993237 4.18671007168055
4.06878404285131 2.4989470818932 0.379122700392613
4.67171341358764 5.44435472906234 5.31269237999327
2.94571444173472 4.80867447612791 6.57899335484277
2.44986228663678 5.38683030550393 5.07688996893326
3.25527251515781 0.18949769937144 1.70714506859932
4.11005923196079 7.23440841341967 -0.0909763981889594
1.7219206437819 1.33311803178941 2.71053564433239
2.20684917372257 3.91408497873751 0.681087708361801
3.52398319545946 2.47725850604805 0.100115166985011
1.99300908285076 6.24621945948619 4.52132321779922
3.63590758286214 2.35549429679313 0.424183278487916
1.28680528842668 7.2456154477168 -0.71276657306739
4.45178577925796 2.15798847169824 0.210988945734902
4.28798879802702 5.29153570680827 6.52097139672009
3.40810459327496 3.59702287357096 3.47621139663435
3.18172503952225 4.56033557412549 5.92601305443533
4.59949732032851 1.08626213944063 4.28125760503273
3.66942944038795 3.47581217267226 4.26206042654505
2.12505007319343 6.34510813091736 5.65164903013321
2.07834265340445 7.36783579516139 5.00773354576863
1.50764053305451 0.396389771127413 3.11051316414724
2.50159867304096 7.48653023793248 -0.233447781312772
3.52529664492434 6.85685980612194 5.6927606858115
2.9188098241336 6.02547225050335 0.556288587333382
1.95463265560755 1.86690499890927 3.95231654110572
3.43886592526501 2.0707482928845 2.85648762181361
4.23699267007053 4.9549689460786 0.481420487459239
3.5065813388008 1.96649880833816 2.28821342659526
2.36922539967961 7.45666876613234 1.14155331528947
3.15413445557914 4.51846074619083 6.04784070869425
3.42346163476642 6.13272363048814 0.675088161091361
2.8064166030683 3.06854444610982 -0.0423719395722697
0.665747498459706 0.408264597200903 2.91412900149092
1.80213791436375 0.0565074361151749 2.9106271429815
1.5860529648774 1.97696646807621 4.24091168140514
2.03011700440602 3.33914048658213 3.40029676360107
2.67433509304041 6.75101440091405 0.163645669355372
3.06783346649558 0.193691700693095 2.33954753351191
2.9837930604606 1.51136595168191 4.69381099476327
2.93994778378272 2.1811740326093 3.14736766934945
1.94682537353083 4.40652250237205 -0.134751328290491
2.91795004534159 4.64237527714331 5.24538415622276
2.11554722434585 2.05446625781055 3.67327631720371
2.51894814769478 5.08721712630516 4.401672911443
3.02833988460302 5.06839533437276 6.43157191099637
2.35883439110551 2.80612207823753 2.34754627323248
2.42261934314595 3.13941681051935 1.37661445948246
1.40324555759173 4.37146686023922 3.32078021855104
3.05435384898868 3.59219392888368 1.00695029502177
1.731145706238 2.00223650655501 3.28116164818044
1.75499598602121 1.18282328091206 3.40239284087992
3.6538135938757 5.24249765977811 0.376080453363943
2.59350129288017 1.1986185678605 3.49466619918443
4.83709925773028 4.04458382912695 0.177145116006235
2.78983177778351 4.6658259725795 6.00247759091608
3.20489332587654 6.73569271640818 2.27516190493456
4.01393821570213 6.643010528981 0.984970289049921
2.89445663276257 3.64452279873736 -0.155161706261405
2.78171513946067 0.197493305466545 2.16209375696867
3.78373458438503 1.12370774266269 3.34918563443705
3.16869497801494 2.41319732915035 1.58540365772315
3.09954055811838 1.76428807659277 3.03020195471863
3.36736108330221 5.60643347406953 0.634287471196987
2.96956605340984 1.63299972367825 4.21612624800372
1.99971048095218 5.33446132521847 0.693941412071138
5.16257861576847 7.10859154029466 0.655364397862323
2.4854205873989 3.34212504273791 1.79173414524884
0.364498442120725 2.35365804860287 2.54928174926186
1.49976257699406 6.55602052647219 0.238242681952064
4.55720289521123 1.39706315978047 2.63684654912443
5.07621854924639 1.33328368461122 3.33960373739275
3.78509150206968 1.66815580704439 2.56479118467215
6.34268196710132 6.09069998358965 0.53717410660751
1.96680789570955 0.0366170064644917 3.02295595127053
3.46259005675495 5.71228583557379 -0.369693364201715
3.58878566507442 2.84497496511031 0.499608852771474
2.10482925458368 5.45914000913907 1.49555114619394
2.58544646772076 6.67198545469453 0.945660527771588
3.58531635879759 0.325679013477489 2.15245650740327
2.91283075189984 1.43317963012349 3.65334339994936
2.89534236759561 0.644862755961473 3.11626622034471
3.83298635083975 5.29458548024413 1.34438096474807
3.91318007401578 2.3079219821568 0.330851098317685
4.5537819999377 6.96933660199188 5.2849993333492
3.56128619598601 6.96737243261299 6.46479840392414
2.69116291800842 1.06464399138611 4.07744821943407
3.6546913581217 3.12103957646269 0.887038898005783
3.69393208819452 6.11904266619681 5.15799535077318
2.90034340615562 6.90487411951725 1.00823471250557
2.44275850829218 2.25365173559246 3.99069951291479
0.917118258173206 5.00365946154204 4.25543001395905
4.20551431905268 3.60540328102706 5.74189607440515
2.91896292589347 1.83463677333965 4.43073121162311
1.20885015449418 6.92896534146115 0.42247731870816
1.43580826191516 1.25614591718172 2.60530938467237
2.57631130972536 6.55883795976658 1.83146573941221
2.84973351488742 6.5014500869588 0.0594671887646581
2.81063516661289 2.92497522198521 1.32502816267343
4.23110990261209 3.86668131852717 3.80872998491776
4.67453995223265 1.36501200783305 2.82870860788522
1.28394277485045 4.62359920881177 2.9682671269495
2.23062970206941 4.16098603044295 -1.39863461191695
3.29139809071107 6.18664896842959 -0.30217724841579
3.57606073549159 2.07287493603175 1.36758089406675
3.1283463334569 5.08128955572968 5.14261540171911
3.73784451592005 0.0780164485153341 2.1254447087216
2.91513877415722 3.38187552711051 -0.274069268868235
2.83079567704499 3.86312430017312 0.667656236963135
2.46214302407207 7.19906078524151 -0.075381666595259
2.18123932011678 6.8812178696462 5.15885381358777
2.26784510321988 4.96278100587709 1.55097026700461
3.42895119351377 4.86748967880752 3.02707406916864
2.38301219485402 5.53898560200689 4.91793002564543
1.11917752428762 3.99109390266092 3.76955903094655
3.62501851860233 0.571538824420387 2.43950447556418
2.44287665917546 5.23595845487574 4.44917539330319
3.10213912130398 4.03319735920481 3.82299500433936
1.97642904583476 3.17598847936211 3.02982833231598
2.22491851973872 2.77069820008681 2.67634503484749
2.81962576030906 2.1969487966518 3.73610409470532
3.82724480967677 1.9760326302096 1.11325458552092
2.80960081774885 2.52312044556448 1.25933393702164
1.96843068609281 7.47847446701 4.66087380201068
2.50911778245592 2.4753856466255 3.6174791422193
2.51631555408102 3.42452996831416 0.587257220034565
0.567276064851411 1.67476079248602 1.94984256686064
3.59460225373529 6.99656564547313 5.58110515639419
2.00658301188898 4.63692504964215 0.38936842692883
4.01087020365274 1.1031944512569 3.61303264962309
3.91958481486466 0.373931567042231 3.4462821450087
2.56567474954445 7.00300734354218 0.812610584572524
2.23491618066571 3.02937432873739 1.65868471744688
2.95241338515349 1.61929022493144 3.99176807965494
3.09560613983373 0.508857762687597 2.02720779350173
2.24071158102525 3.51978842795946 1.36544417983089
4.10911280172965 1.31755927604239 4.35888888905539
3.81375884485669 3.97777323529751 6.09294281744555
3.5019912193638 7.44879217127038 5.25339601447255
3.20255920462704 6.23496176214486 -0.714315759884217
2.78572096231018 4.84207048831064 4.80210440393668
2.91643372965769 6.63665004385192 -0.113025939185563
2.26704951342296 3.43696865091049 0.88105805984133
3.29708117360719 2.24368309511611 1.93060967661936
2.46115840197879 4.949944629158 3.54334393915407
3.59266963157868 1.40919625580765 3.65595381251348
3.4156746498839 0.362089740326771 2.71463408190472
2.86954364175424 6.35101098358178 0.0752385149018898
2.01526643345668 4.88174003770569 0.42541981321191
3.93058142565427 5.29549051454557 0.59046359826399
5.07794186833533 5.41240040224791 0.269236691984344
2.22282931907049 3.26342016006532 2.50362468913793
3.05244969092506 3.90490516066375 2.53535793846581
3.70216030494237 0.230339914141251 2.97065657516914
1.31312406562171 1.38312750842461 2.78825555772346
3.78093727614086 7.4288093662098 0.289594704414279
1.36121823748198 3.05447852522215 3.45802339067899
1.7863985767864 1.19197677793571 2.2592069336424
3.96751439559919 4.76223143339896 -0.394916638350197
4.16042507793232 0.442938254554725 2.92422066678988
2.30556284585852 5.89560722119568 5.51234833433248
3.63261937864502 0.784945257076656 3.46078355909099
3.2797118558997 4.50000933015272 6.11453908749242
1.56683915409523 1.83793675350453 3.31156690937626
3.3335988790897 0.367028961537071 1.9996603096995
4.37528919407122 6.2395992447486 -0.211194002068766
2.5696198996324 2.83848629147421 2.2207158381496
0.595192449419311 4.13501301432521 3.33895651330766
2.74315618811622 5.26131862563552 5.77713795466224
3.13256908741109 1.54893413567115 3.75545912106398
2.69058776752547 3.48656228014057 -0.189580697590732
3.10575057538693 5.32497734828889 3.44114956071087
3.40552100294716 4.69781954254581 4.68313076903742
4.49776010317917 2.3094186225909 1.32802193174333
3.37538585814065 3.81304351062197 4.50830410908216
2.72302095172395 1.97336878735457 3.81616612690569
1.86552311537711 3.37219267428545 2.56998549430863
2.781046718784 5.01402459377547 5.66054731777351
5.05565858307473 3.90095973103303 1.15801808614458
3.60298227160296 1.01266663897363 3.34404284565477
2.12908610714535 5.35447544282619 1.25131788662941
3.60670005514234 5.84609643144146 0.881978988136815
4.38267591951671 6.2774825337941 -0.616845812931165
3.10796401524083 5.11813448691089 5.10029747409499
3.59339260427011 1.1843519477227 4.61371236117665
2.01733110540598 6.70956405358978 4.80935752630466
2.0449677005535 1.42628101133727 2.97404245789778
3.98477942637594 4.40284199564986 0.503458374674068
1.90728589852625 6.66016105422067 3.75888522353322
2.35047272650309 2.31758407722123 3.53748979263536
4.02181265596207 5.2982499780983 1.1346436342398
2.66378023832367 6.05028492575065 4.5354832723433
2.53696946162123 0.723034746761206 1.93645373995631
0.912608705832284 3.28924723224812 3.7104153238353
2.64394171374423 6.90005381482774 -0.779894271940335
3.9226328189765 0.352545530951317 2.77679197721567
1.34177503172792 4.10413867824555 3.88176086069959
1.77207252184635 3.98389106564011 2.01407707549241
2.78343424450813 6.32126025366203 0.812030299290974
1.95091261747204 2.67193375415271 4.00916901796896
2.04545451863585 2.85636170291508 4.19490739153238
2.92415869164659 1.5635359911832 4.5769771674047
3.94205097324658 3.73449169150394 5.74916164498737
0.246756830096987 4.57412080307194 2.33684861708263
1.83856896948661 4.98868324434565 0.711337918495669
3.10019352980189 5.96953226469939 -0.031805462830559
3.43253479663198 5.42729806548654 -1.20188081628278
4.40065951571184 5.94330580195454 4.58655470709799
1.00553701327925 3.15823300786893 4.20706231207972
2.96439155906954 4.22306929382116 4.03760992478509
4.41249659276618 2.69155218748321 2.20962418579275
3.31019746812238 2.56011632039953 0.294381800174934
1.84136265844225 1.08332854528728 4.26115523836487
1.08797232349504 2.31487763903429 3.14145694960545
3.69305946233602 3.42224143848583 4.74718728985112
4.13389774244914 1.83785483185126 2.53522053612709
3.16998918995065 2.77451579508153 -0.285770669615175
4.35242109541703 5.23843876985834 5.44799320564262
2.42703371860851 6.64638748022123 5.02730710356038
4.21788190088966 4.59022446650136 0.9364707830208
3.17879040080864 2.63922438612981 1.23250311475903
4.9820889396454 7.47310753604757 -0.46410921931328
3.47127930662056 2.14923553818439 1.92302750050522
4.09069958677529 7.22556236069033 0.0360484955507121
2.8097949689779 6.13108662613162 1.49954890036474
3.02595482410376 2.68895615997211 0.407824181517392
5.06034731453824 5.41689847241584 0.0242979569015314
3.0763378739925 0.122192641744249 3.63907175524793
3.35150024481014 0.4661234593899 2.6474991634226
4.37754196678162 3.30422781239069 5.30850207496126
2.42454459104269 4.02295004502663 1.60518042426532
3.16318066548468 5.99727329883309 -0.167255345809681
3.30932562094495 4.49564386506049 6.30320675017301
2.15969741820884 6.41026151156344 5.86090891292163
1.32791275278883 0.7620393008361 2.56096742784894
1.60279531310227 3.52218575704109 3.31990763037273
1.5102885230675 1.81593794214939 2.94612364617843
2.18768067738981 4.19018116664551 0.0694773724361033
1.46400343600542 4.16713754282492 4.09730606518366
2.81393723948208 5.23483214132353 5.2869409755361
2.52593234129685 1.80962812431729 4.35901692771626
3.73948730560017 1.67192142168158 3.76124934957352
4.25459474714468 5.00536114260994 0.626140983699428
3.35586931646031 0.678598446479764 2.33420162657375
3.53642261305251 5.0057637257229 0.260977447519519
0.717102852950394 0.0654718166905948 2.00360646246145
4.14833430652165 4.94785999883498 -0.432714212291027
3.14420373922097 4.7321487145911 6.20338956064814
3.26039634642531 6.32453521077788 0.0476635260924942
3.61053246008163 2.58621966775614 -0.203254823231422
2.07537015213864 1.64536747208092 4.08281539725156
3.28749781661552 4.40215983916127 6.43111344328118
2.45315701433599 1.2890934534281 4.04589161311051
0.956472886808243 6.66904082772204 2.71188899131941
2.64676880883355 7.30420071569295 -0.0543206484425775
2.80677067543046 6.55937854009747 0.0161161596660855
4.11422949325175 3.03221085465226 3.71404966931429
1.26429199698828 2.39346260509882 3.00911971322601
1.4851352303847 6.97991410354506 1.22172009929015
2.06720493597023 6.41409774457718 4.96291218864556
4.65703651701492 1.21862632268381 3.83511656572266
2.62589838475125 4.51197829782074 2.62593975776143
3.95825848271327 3.95901877749279 4.24918617425068
2.88191788708095 1.98756872702173 3.52152190531146
1.99330422993331 4.31462605514599 0.599898310757708
1.59297448813797 0.452422124106397 2.80741535321949
2.07089734071669 2.84552214686721 3.42980692012036
2.55133159738176 5.0825318963814 4.12995565392781
2.07378149384107 4.09709919376393 0.0545564520844756
3.53783525086145 4.49583589693392 5.2811579790828
3.7143223981776 4.50895775603477 2.57754322270031
2.8836540298379 5.56649382892212 4.582809405331
2.34847305000389 5.83533759535744 4.86548168726908
2.33004060529635 7.48867672583664 0.0790771589950833
2.56804393582227 2.53548015100113 3.51885927725462
2.57781389724869 3.86060976542559 0.73819680734094
0.950862501038627 7.28681121190098 2.2334413408398
4.06538977900101 6.82077818610646 0.0885564389403212
2.43301902272677 4.91001248248468 2.64154619836409
2.23401405017782 3.59178461517962 1.28868694518556
1.98329646214323 7.02284459223274 5.43793338927673
2.59932525646106 0.55460082752634 2.22811506435616
1.98412884973593 4.36943220689353 0.536289656266714
2.21288284808845 3.68964836354201 1.14202010183345
1.92274444067334 3.46607686088022 2.50975968664796
0.914222635480114 6.37018427485165 4.28095270865433
4.55127379050665 0.900091298992252 2.98276649362943
3.7466722536182 4.92555228138963 0.130015454172389
2.61753048408808 6.98758948761838 -0.29093198478966
3.57671107776359 0.801007984737174 2.86121950109075
5.13457623717768 6.89048039403753 4.82016161445221
2.163279451626 3.94082784654561 1.05187150481378
4.03778602288003 5.77307049735593 5.64493872765234
1.59791065295724 1.40024653182922 3.50199587511989
2.89313622791872 7.02725356020053 0.200428757948717
2.16405569904443 0.126522741981052 3.02876988235114
3.69517368544129 0.679777886168611 2.87296892014399
2.88682533095522 5.9650898245054 1.22235932034607
2.89310493717132 4.49908230882102 5.58197606272471
2.71812396532094 2.32585170449346 3.48602402995743
2.27099842456498 1.46424980076618 3.37793672004667
2.99565466671608 2.73147265429807 1.05296490138805
1.47355633643651 7.29188957850701 0.327805064495217
1.91602899621983 5.84523438340406 1.14531433033592
1.31236422339845 5.90129719655359 0.536292645246367
3.30508003688709 3.20662479013226 1.15286138893147
2.22606935273911 3.41991096943379 2.3706367632099
4.7731281567452 6.67956101700019 5.52981743401285
2.52230598219485 7.45731782183646 -0.973549050062162
2.63148768080948 3.71487185397093 0.66852949439876
2.72348792771918 1.11837104388705 3.18454032475477
2.25166123947334 5.96995391230915 5.76195744621841
1.26769323587514 4.15677839804354 4.14503588478942
2.48330188852959 0.433678652326287 2.20359206259079
1.65310182206897 4.7771500429802 1.50727089157675
3.20402242394851 5.97880849372274 0.78187555762962
1.96239314670625 0.869475685854867 2.37704499550966
2.71339596808408 1.96474342200047 4.05171186638309
4.33706189981157 6.31893555342876 0.567418790533358
2.13430481031766 5.68821361032092 3.89217269208085
2.04240372365048 3.38372416371718 1.85834586504059
4.675819759068 6.89776097904544 5.73084996507414
4.23242221053339 3.71961443501602 5.42240409519713
1.69084816210228 3.54138584031687 4.6868231969852
3.66828452839449 6.13467673223574 6.0581091672572
1.67604973458469 5.62600512368924 0.330312380748373
3.2607814081399 0.471206770610488 2.17289485294412
3.09194776610283 1.0180868826242 4.09839837301675
4.6486501372926 1.8572690900056 0.636567248754052
1.55313487253162 1.65177524503305 2.76398783942072
1.93638406032352 7.39511154708607 6.14622929171603
3.06938659827907 0.248612848563068 2.20384153827307
1.53599159006083 3.21699531038003 3.91156760210614
3.80420529693807 1.46162372392307 3.83127865130008
1.70377398935332 2.38087449031106 3.5394083815881
2.22986637125266 0.25214151628048 2.31409049571571
2.01644868873181 3.95123515734638 0.786059827119455
2.64798704110794 6.04650382565008 4.98863311698177
2.86435959700121 6.53951661348119 -0.24594932227002
2.89420135546514 4.0069437222565 1.87086740710903
3.68962781499358 6.47359125027642 6.2653767070196
2.48730711327582 5.00242436529698 3.88428433736203
2.53597915092861 3.29501342494855 0.888614905768097
3.31046740323049 3.26077273371408 0.315522745278258
1.48688140520134 7.21640545613164 0.164768780240545
2.91001550752936 3.22899010703344 0.597622334017234
2.14297650757307 1.6154284700571 3.75853616645807
3.09213304960808 1.57317671802468 3.85106810927136
2.45439278255987 5.43868922786015 5.3617148710648
2.75507249753539 3.94046340817855 0.524902022077274
2.73579425601191 7.04401911730505 -0.115092691643802
3.48361545323337 0.235287248754712 2.26265030551319
2.1089225082583 4.02009759592844 0.704993384813182
1.79148528277529 5.6520041245019 -0.844935199624734
1.88292302294769 3.26532972456223 4.54675307672565
4.63594879613592 5.21620650141491 5.91933410815563
2.69958712133972 1.305443832331 3.73502443603065
3.61612079498178 4.0067498754368 5.45816111307098
3.49923787664686 1.97666150123508 1.99821619807347
4.44190928815043 2.02499684919144 0.507644732726688
2.14765933823117 3.64033633569291 1.68623238491668
3.21472513158888 4.10523387635065 5.08030161718955
3.18688058541926 3.99540552324073 4.83751065507147
3.13304481002831 0.867977755058132 3.40394020240947
2.04466552431678 2.56930297134862 4.32846730019256
3.9665538147892 3.05829436924925 3.99886988879875
1.41822111442884 3.56692539782891 4.13671892511575
4.06849236701692 1.8354329838708 2.21660280364864
5.74963941420124 5.07926007635418 0.0478754398240992
2.91644496489352 4.244147119834 4.6953360786288
3.95859107676789 4.43204597638411 0.464803728740583
2.61733806921947 2.35007112517285 3.8680660281563
2.62491486407426 3.71817057114201 1.75116819073298
4.10766672591903 6.98689648782562 0.261122475970603
4.64152912893238 4.24084922277924 0.225087527887756
4.4299232367597 5.4738954737367 5.56376925866561
2.98099550574668 5.13396831908319 4.52513949518892
3.47060946011096 1.17241554708985 3.89872337691103
4.95471786163838 4.77652546739918 5.36893473415149
1.95471819100662 5.20538865470073 0.165319225512784
3.66664605955258 1.48589245299911 4.33724058252637
3.65542301702113 6.27352707774269 5.96264199238642
2.33047186195434 3.54368202646913 1.00497864683115
2.69423138735278 1.28373840142058 3.59296148972102
2.41547359819817 5.30756747872647 4.65792849445232
2.94117947523967 2.16172453720202 3.59118134474021
3.16355873771459 0.0849252394882845 2.30726591919375
3.70203408814246 6.27812483100691 5.78038897122769
2.03669066022024 1.2623656785683 2.39047109660791
3.82615803207924 4.31300087287296 2.97720655239483
1.6356708972161 1.24943352532567 2.50000400013431
3.01867655493127 4.48534509125168 5.69490429682694
1.83854560425767 3.9644672052055 2.05043867318147
1.72120133975671 1.55911424384732 4.10568443835677
3.56812400880694 3.57094164069951 5.46430851284905
4.66619499991584 2.06884960653916 0.923337400337109
4.0425482830603 2.78478895329323 1.76445023711278
2.94489801076554 6.73182733769773 0.0152204431724643
2.48860232248038 3.20826663833641 1.58280405920241
3.60776432910274 6.29311204826831 6.20197663248562
3.21008036919111 0.687325435181045 3.41566379222306
4.07658809226759 1.45041285898028 4.12246501560471
2.75626958275746 2.13344176025218 4.14343178391769
2.24161851811292 6.56021195654722 6.48117449219252
2.7730845081264 0.852397671508167 1.8933749194791
0.752328133813422 5.50994563579994 3.67149535440585
2.62456711749267 4.98130767244185 4.71975213154333
1.68743927452879 0.540898772227184 2.1352785210471
4.45531378341083 4.52383143432891 -0.548396946506915
2.09651937143391 6.69280389600361 4.89658316801461
4.05454075761366 3.67435599771406 5.92241840693798
3.34445784814246 1.4637167580443 3.40466706361094
3.49603145112894 6.99700833313168 5.92222056182816
2.57784744953387 2.27161686672155 3.83651875736193
2.57302206483986 6.66017183180559 1.54411821553158
1.36375824700715 3.86775649980249 4.64418606452306
3.62871068684644 4.57635372416468 3.51285569004706
3.63645965583324 0.770819086380155 3.69949941023632
4.77335400851186 3.66240166585317 0.663076529383066
2.08685930957577 7.03410405373278 5.20297671647807
3.54534037318097 7.4610995024885 1.89015774084142
5.54578253501023 1.4684096828586 0.783985750433087
3.57346333780062 2.65773761435702 0.370883335356643
3.06128059554601 0.401236698096637 2.45151157920009
1.70615881741419 0.969795238236424 2.06146266017108
4.27502832745577 5.31025802850676 5.24795682668529
4.73615012616481 6.70592309679133 4.90232756645802
2.9792630226783 7.32697392983232 2.78865549423608
3.57308159468148 6.07294997906732 2.63886874993909
2.64304399359909 0.310576312128423 1.74898506577361
4.1235079277371 0.347976598783655 2.52023557849948
2.51823994676064 6.28271161435857 5.14200378807348
3.83356083787854 3.52724279238798 5.8638445714494
2.12205352595253 1.0511594930701 1.83882265467778
3.24709494027639 1.11423079321527 3.4258681952878
3.04744419419826 4.82902178767491 5.51332533769791
3.48599166263487 6.97017524942497 6.09887751973398
3.14838382153894 7.41060375279166 5.13613272446008
1.99824646477414 0.122933258383128 2.75097654124887
2.0884259125436 2.66193802406907 3.57794462267078
3.26115894018708 4.09558118190816 5.9795583974986
3.29099983882621 6.86129690370623 5.10518037079938
2.4439673975177 6.09836171900847 4.90977725924368
3.32723784662184 3.6168741317276 2.94043873343595
0.00508222604937458 7.0100259896039 2.83053433860932
3.34806506613857 4.11409157203612 4.8386364302313
5.03761100021708 0.857221663467812 5.46946845451438
2.64435308233117 2.77518624715686 2.03536776337488
2.85927158333988 4.8130482155647 6.05173532550828
4.25897170784754 6.1046831867095 4.50415534721601
2.18720947780214 3.55420756845641 1.65836781903155
3.5932503553986 1.90680428956143 2.36195364423714
3.80221656538861 4.53602224551268 0.753172269842463
2.65692713031703 0.159858560353547 2.60782626966163
3.85611307561483 0.979939834851198 4.00508943307378
2.47224858871144 3.22225056419143 0.851778366825358
2.26175842574815 1.32211853485627 3.95686277639618
3.04093431538125 4.00391863850671 3.73804226616621
0.764226856368517 1.63694164866279 2.22063903251038
4.56195607422526 3.96566788260935 -0.447047506944369
3.61335756202627 6.94487697174622 5.5273509200625
2.98750176805398 2.38731190400293 1.80202936144722
4.45668491865867 7.47119613159493 6.49009676014762
2.40134959938279 2.4617635505372 3.24794615996892
2.43303576153713 6.71248006047079 4.43732948794001
3.94118062013792 6.0009697575561 6.06535939074078
2.88358300209321 6.62665831336439 0.079991227630526
2.79394136734298 0.640602540984592 3.29468819893865
4.4645317578616 0.018556931948809 2.10034305932756
3.62697629384867 4.02480416016495 6.12201146632586
2.07899079143229 0.117627697615883 2.89917958002393
3.39035948191798 6.0166896683621 1.05847594458077
4.453888169302 5.19572666576941 6.22939659069467
2.09225902941882 7.1427182240993 6.33345579716073
2.75716352692902 1.63085624873548 4.63820472855877
3.35787648568481 5.60893106615165 -0.448799494436852
1.88884335868869 7.43343233008873 5.56987690937834
1.90611129731666 5.41569694240175 0.982472716855036
3.45889245796958 3.2652852046773 1.51493355608641
3.41261821178551 4.00735136825083 4.99863356783575
3.57469448224159 5.50861470715356 -0.0581543050701438
5.11444403553135 3.73057576254645 0.364686701274761
1.8937149925748 2.53668277162408 3.67609173946189
4.07562564190748 5.38985756899066 4.04855690422014
2.24214210714227 2.47454791359725 4.3446038786604
2.40165917571911 0.610990998766764 2.7658427239402
1.26154537210789 6.64121182148844 1.17067119631069
4.31385064069179 4.93637015595424 2.0086944812654
1.16249320211512 1.71797665931462 2.24243907058156
2.81099648877111 2.75679521099814 1.10626273454436
2.76914692145752 0.778788283097415 3.6104472865393
4.3541623854844 3.04703828946569 4.82301205960826
3.21490821773199 3.72855151240355 1.87183440261194
5.61223323708003 1.78193563556225 0.111155983055125
2.69157078532585 5.46203673182854 5.60574067974311
3.2318207804369 2.0184251600391 3.36140000604924
3.33241305742209 6.16872111907598 0.557677445176983
3.58567902401355 2.29682913591655 0.798263170952108
3.50566901056832 6.1499310497916 1.94891765229155
3.23893705502903 4.04565712388431 5.04457323814944
2.41885725972149 3.91459225732312 -0.576650072207067
2.83849733177937 6.87267421444275 0.39913973525081
4.37501215785743 2.97474609131066 4.68808699379416
2.70271211981499 2.09923525071594 3.45975223116868
3.90724153774981 3.68709742943833 6.4192811269982
4.23910613882217 7.06560389444038 0.447367506141272
3.13633319902967 1.77012103127317 3.54915576645106
4.42361174338416 1.04039413441837 4.02520097765048
1.0613714714088 6.74069942991739 2.09812944642323
2.96599479312313 0.041249666789569 2.16284065299015
2.55087643928517 1.07071264820008 3.99790429229148
3.91125268209404 5.95037728207085 6.53287309785564
2.85720186936503 4.83755162829139 5.43871237815704
3.29766194049872 3.6774670450151 3.46849732730034
5.56694780866165 4.85427425250805 0.777820410445966
3.50626730407317 6.84880292418517 5.51296544070786
2.07016295681002 2.26939922922209 4.01955541096585
5.25445939522253 6.83984008047597 3.68039728934578
3.87643779705636 2.87863438211289 1.93761254405853
3.61219439112244 3.40728295825809 3.04976466037898
3.90200837786203 5.0920552833541 -1.02253809654652
2.34019156257839 4.85306378054761 1.42111542421182
2.79835648079381 4.61667602201254 4.57978802081882
2.50672958442973 5.43394662214442 5.71222369970766
2.34911675058348 0.65727157710922 2.99372395072919
2.67078537099608 6.8329819944619 0.403368543181447
4.55255174067144 3.10899372879059 5.61304302030057
2.63555883302904 4.5679695587545 3.97346537086925
2.1517255594983 4.38721835769119 0.478612763658368
2.79144655877203 6.87595746189554 0.337861142547579
4.74176288453222 2.2115499297714 1.19434643193646
3.2736286319358 5.44447876791519 0.310435896879328
4.0492400351011 2.1157205779733 0.564311664228729
3.08251957448679 6.34874243672207 -0.429718048166303
2.52964467953564 1.81326480281933 4.16511291709751
4.61056692189333 6.20750706052518 -0.0690169338827669
2.93607568346748 1.96717508938951 2.97919228067123
2.05110352338298 0.427416834436396 1.62686778009929
2.8199814914602 2.25070018537286 3.06128362468237
3.36384358353894 1.56455267171319 4.58138682338525
0.859569777454022 3.47791221919572 3.67925682177852
4.35845475039444 1.51982564637025 3.42420433520264
2.23831519338866 0.57161799349988 2.49315627215095
2.50990725457856 7.36679846608104 -0.411963524661114
2.39797544149984 6.02546242867323 4.45119388298191
2.16385796238375 0.402635702294374 2.15571551149558
1.13838078484318 7.2678497093221 0.146947931144522
3.16407293526473 0.408571113260511 2.43266053139055
3.05659944478723 6.22493669675997 0.235147130625509
3.47234882773258 5.07282746032122 0.318504887262042
2.69959817259456 0.64427578117213 2.6312940803748
2.05215699617328 3.08480829669848 3.36414527771074
3.0913626124757 4.74797871077566 5.66729374300588
3.86477108169326 3.0886037405478 3.25170934145895
2.64417029716713 2.82857732413385 1.28774594992961
4.60590732348873 1.90295854682261 0.933136012921634
3.20212605812168 3.56673282075694 1.03380931221582
2.9573572262692 2.05150046849001 3.73089666529638
3.93592157592102 5.7740047715702 5.3956630787016
2.56138918872408 0.541710112967811 1.89037983996015
2.89285744248252 7.00314605273904 -0.0825466507874918
2.06151003197753 2.79857877136389 3.08547081205119
2.47682496676181 2.26191881848529 4.32832689456475
2.22307787923679 3.70951604080076 1.51642489894118
3.05976038531207 3.70749491732537 1.17345934923871
1.7891243615214 0.88106134352672 3.80029977321918
3.76861867266299 4.86370656154753 -0.322229799323625
0.549885178055449 0.0672000040819736 2.17929344483881
2.3058379347355 7.42844681650422 3.04418481527515
5.23505765496201 7.24224005504581 -0.943294556557232
4.55957091348189 7.41549218503509 5.39832394818161
3.01612964539119 7.30545652689153 4.16561446337434
2.77504942985547 5.28183907432114 6.01461746889583
3.78985540351548 3.24620848740839 2.93365662008173
3.67370073860043 6.25820844679985 6.31324898926502
4.52998863907183 5.65433697386464 5.3135141425846
2.56200247904416 6.72185120466221 1.21524856748798
2.28435894589363 3.00370436811382 2.80823430781444
1.66919839139115 3.56510783399942 3.43711814798088
1.59468058773236 6.20942845117404 0.59110330544421
1.60966994509741 0.433539775645899 2.11781321238501
3.07329749348066 6.27673841811942 -0.225238598526721
3.87454282587913 6.71859995572215 5.13303362016011
3.51438460071792 3.0774076126055 0.844523444207145
3.35778635940794 3.70888067353101 4.62580752634114
4.39015315921708 5.55849103404678 5.25505438335491
2.07328724689275 3.8522485838192 1.36697605212157
1.96772371712703 0.203658616902302 2.92412576886838
3.24856549790736 0.981728600466168 4.13032064037031
4.31121148925558 3.11748962618632 5.02637652896023
2.48130090319452 2.23683902784331 4.4165492520026
4.06781238358172 1.11431955373625 3.88272555603835
1.47964056208162 4.78471302725972 3.10881994271196
1.87371570532266 3.40181605594189 3.15512797287265
1.98530544871575 4.47386486962939 0.902885922389504
1.85027933015647 7.34998989343677 5.6460280092831
4.14960864278767 2.39286027615591 0.540711122054398
1.91136879803493 5.10437219091586 0.588835632655204
3.80377594151439 3.24965885567388 4.17320860676032
3.14867631581254 4.93126702607044 5.11128283885423
2.96334546886577 2.25494716336727 2.90281636220829
5.06901807780466 6.20739884969012 3.70130080416465
2.7926778759566 6.49281845265105 0.719789565872895
2.93662653808555 7.44511423403801 3.46788896537182
2.72109640577508 2.75544664640519 0.817848594166829
3.2500196078942 4.11206788412656 5.89195408503392
2.52980929572589 2.06566227489424 3.66223217874905
3.95806384210335 1.4105603885106 3.54409721383494
1.86545408642122 6.78036366701107 4.72124806407025
2.886159288786 3.11410851220864 0.310861498315949
3.67656056582532 5.78558145846011 0.383765996783596
2.08275161244856 1.66500449692216 3.91179068058814
4.61969467657098 4.00912278362486 0.150597912891361
2.24943011590399 6.11577531497301 5.7535578209976
2.05548015686904 2.12180924805444 4.32453297945932
5.06712798532085 7.03710483275907 5.19841809489403
2.26092530801924 6.64782446007392 5.72209695377914
2.86952407892785 0.288018499640589 3.0091223716727
3.21908980963459 2.46019398670202 1.1071834619628
4.93365694861901 2.64335644880206 4.86851200856002
3.2960424966821 3.32183313336639 0.902133862549105
1.43572475856432 1.90235162339861 4.55678569336416
2.30634716407737 2.10389394256134 4.41327310922859
2.73753918142488 6.00086155762243 4.14635047590421
3.85860415576721 6.83855599638206 2.09357508435796
1.79583492414331 3.97660936112592 1.75967582665141
4.10634561353351 4.66291067342852 0.0204302465284838
2.53566872698354 4.40711285901788 1.32906326875993
1.95951989453597 6.13279847578422 2.05718800711767
2.95278775564614 5.04032110495156 5.0117978467043
4.74670891059043 1.52074054368248 1.50167112681339
3.76993417625644 6.70977034571707 5.62218877838979
0.499723278016572 4.54475505692427 2.8609938524646
1.91137534521491 3.60223030547044 3.39499976673074
2.4133452836512 6.41825248190849 6.33925671227295
2.58783505224364 2.13516458346518 3.74531123978192
4.52265034710392 1.22863342745595 3.73633885025168
1.24884562760088 6.396764753771 1.42278806941668
3.76158594532035 0.35747038794397 2.64244492934674
2.75131677054751 0.86842310535346 4.27838920237028
2.60784778631596 1.57609533372623 4.146727516789
2.81142255049839 0.982979741577434 2.458842939894
2.49798348235065 6.54916032254865 3.18393138611115
2.51504728891388 5.17764386902635 5.16183571180109
2.41521396141465 6.02347347986959 4.87154073148529
4.85689587665669 3.51384078209454 1.66209499388967
3.63766946899504 1.18222370522091 3.53298021051084
3.91637106762918 1.24303771230189 4.06944826203187
1.94592503414984 5.88468474878913 1.61459393993264
0.782818052483663 2.61218357480022 3.04582987431073
1.83595752708973 4.22953180379079 1.01722553268541
1.93284640310487 1.64845100721137 3.33482497532152
2.62240365198986 0.905759456211833 3.01486268284309
0.901624837829962 1.03377857796184 2.18704940690396
3.78836518174675 1.22322127800264 3.16784815914423
2.52178203240242 4.59976666084663 2.12396845621054
4.83577865901688 1.96290803042592 -0.409195077835991
2.8182598049002 3.9266424085403 1.23895486407709
2.79807333620119 7.45389590484161 1.10122519341162
3.59948432972452 5.07278508739417 0.629529778690279
3.36022910408229 1.92568183381543 2.68971643464723
3.12848646954253 6.02417669355925 -1.90543039531435
2.68017575551452 2.09601890757828 3.90553557498216
3.58677551261737 1.4519188155898 3.63665037000667
4.85658444883633 3.81742512003375 0.78595397169516
2.26755974813635 2.50386629120755 4.51620139241049
3.23310075729433 4.93427901184356 4.83916713712259
4.54129103317472 2.31877906127723 1.65950054050885
3.43779026314844 4.81748418885124 2.60277076268339
1.56219176947221 2.48580036265372 3.17908255669602
1.5437478283642 1.71254600118137 2.93137605081897
1.60888675910311 1.44559561687661 2.61457805285437
4.62587571161827 4.17972263346953 -0.382038457098392
3.51441998541792 6.31272415216148 5.0081411926215
1.68799885468057 6.12355275731342 0.74370564665377
3.34139247472272 6.21927708285996 0.396818446418784
1.23219091439745 2.80173064633399 3.80799315683476
2.772682007074 2.7952720772027 2.16944774461832
2.29554585774613 3.93486348211562 1.08784630910704
4.70880588718707 4.61372355765679 2.73873631077294
3.77626197830806 4.26529977256623 4.28706977833378
3.56142919333018 0.93877840639858 3.53263844827478
1.27335889520353 6.4787796714238 0.281891127297537
3.28446821090534 6.2544862506361 0.181338650042761
3.57686591876894 7.10730408231175 5.39524956875366
3.41445341781213 0.730152052774199 3.00140432536969
4.36565422974254 7.34532562539961 5.77098187829552
4.19603285434319 5.24801703223706 3.82411042742338
4.4515147000295 7.46925751205631 5.50067299538722
3.98777257531272 0.426954643593414 2.46645616541142
4.70997716274735 7.41716298078232 5.82057140922609
1.92204914445363 1.24321456424976 4.01774251413795
3.8072449370496 6.53077654865225 6.75789831243427
1.99382426256754 7.17713481891484 5.41915444743027
2.68265105892384 5.16603852975671 5.31888198954532
2.0972588410865 0.751486460261629 3.34756046643486
4.66065359882992 3.46537294438304 4.41185538816813
3.16905993179135 7.06348486818343 5.92738283510801
1.29386583746412 6.49071942629515 1.0676005266529
2.60950399589033 1.61223496293721 4.2417097686255
3.68805626146848 7.46943095571063 -0.0351350505085076
2.37578860751144 2.01051926378544 4.23878809802045
2.62582304650851 0.0957531001366467 2.31054349487613
2.49298978147533 6.39633664205813 4.57395821181802
2.89481247023864 1.40060705053571 4.21295712428155
4.93531872162755 1.25207582883066 3.09183492472884
4.44638298081984 6.61118590033391 -0.747620569567577
2.63593426110841 4.84015916566018 4.9444546303856
1.72020167991723 1.14063824401195 2.48130252800915
2.09388019425751 6.92641250539811 5.25795935939952
3.65364953071493 0.962602048362839 3.20369150705529
5.06704442439024 5.28073652683154 0.415637644025548
4.07473903879175 2.95688089112151 3.60657727811643
1.53865017030117 6.97397344582121 0.706221356353511
3.27371768325358 1.52401728970698 3.80998348992746
1.09865945324158 0.211042615807284 2.82014537445664
2.22915156105693 5.0116513683719 0.400959172202106
3.45400571375153 4.20037836020908 6.35375048322008
1.57602246891789 5.95187905122136 -0.0771629668258377
3.74604485814477 2.48018997790507 0.752019437409764
3.82428063257666 0.203614637393617 3.41646531488399
2.82037452887913 3.82157925675207 1.62280015315367
2.71787380000065 0.409768296090264 2.25353111085671
0.75430237599492 1.6833390099519 3.71956915838457
3.291464624372 3.61825196074799 2.40229294668505
3.06604523864914 0.609544484290357 2.92833016635413
2.84170100004357 2.16282604985511 4.30080768193535
2.21753297148772 0.608359894603063 2.83879970267972
2.27282751548142 7.18706558636531 3.72260789464017
1.98194412183549 7.20222955724689 4.77973173261848
2.97334243796848 0.0183145345854907 2.89931824993466
2.01804127987121 2.86349674060716 3.70317609463488
2.68306939127852 6.0566685078998 3.97361114884874
2.98163423955399 1.30373831085735 4.03113078044051
1.49304643934172 1.62302682098749 3.15715607820179
2.40719697454605 3.70307430329413 0.936273506724711
3.22626834268299 5.50275874157218 0.127503208755095
2.62852958199205 2.40979359624422 2.8203014648877
3.88977151556898 3.80887004503692 4.80345373975673
5.6671324596218 5.17386270518582 1.07870368852818
2.89155133756047 5.56208237182862 4.76916970922962
4.32995802412053 3.72615791581815 4.26820945289752
1.92636779855195 2.60043307242478 3.99559852901977
1.9581988923351 5.14512473200888 0.102975977114633
2.46751836170506 6.69953853921587 4.40372955873641
2.463914496616 3.15151442532789 1.6582790893964
3.4018546436607 4.07450845642066 4.52109760295942
2.85452292519497 3.45314298928258 0.0921881782415616
3.33424616953796 5.02071429362156 2.59426688640522
3.12199110238042 0.988185797973808 3.36724334629697
3.17133568084274 7.09780864767104 5.71836235156959
2.96390947344843 7.2651873531111 1.94910138861386
3.54434387553321 1.66067936023784 3.71376027821932
2.49568279430603 2.04558086382683 4.06003229766404
0.968643420471333 1.49218271969599 1.91901566700377
2.8786125068006 5.84473957770636 2.28556614829348
2.0562085211697 7.22036812583119 5.17670941313911
3.019698041697 1.01964544328879 3.02630558883344
3.45530177374275 4.52496473905504 5.54052768972645
3.02315485706081 4.45722141479305 5.71283400484211
3.11884477516247 0.609662086022465 3.0765114924408
2.13184925110842 6.52950336138172 5.93990960703043
3.74060831977314 4.12313943807109 5.82465488920201
2.0252636473966 3.87297364650097 0.623721057195125
3.01300093604029 4.35745634514733 4.79564523938361
5.27870565735389 7.49282207940789 -1.12577109314581
2.07635605395872 2.08074656017953 3.86683972508202
2.1780350085507 2.34898336575884 3.91708064812847
4.79196403751696 5.09736126074449 6.15782085855837
2.60516797733468 1.77622738911392 5.07694915440996
2.8096665479793 6.3580803496531 1.1378883585297
2.84839925293795 6.6200073931982 0.114843787369648
1.60603712949192 6.30182271656369 0.320707000890424
3.0327967164441 3.10282838536003 0.711680458218018
1.69539849231515 5.29852338747486 0.0848982268895997
3.964023638451 7.09981205462235 0.0979485380821082
3.1363582920636 5.46297786661621 1.73313582835597
1.6014699624517 0.865489605864672 1.83988572383232
2.24371686481771 4.85981418870125 0.837700165963176
2.11485233423376 0.393998209551109 2.46385390421474
2.11070496877108 3.37000481633985 2.04851295242076
3.61863250084148 0.317383703886498 3.15046892961026
2.88626936954121 2.16820499223781 2.31802409670233
4.50129421953813 3.46116357603207 5.23274667415457
1.14929936161294 1.22754106509909 1.58570517556312
2.5730486990433 1.43886202938624 3.65293446815879
3.36895123239977 2.65204781869761 0.595930993189271
3.31860013471803 7.37212748345981 5.73421239393269
2.47468511683636 1.42992216465945 4.36423336244388
1.39015774686139 2.92623323677643 3.80287514571938
3.19688722494579 6.95427280015243 5.51239287758112
3.1644879139886 5.04212092489388 4.48341669603511
4.00526827369213 0.899948309748867 4.14110322799705
3.40131454185872 4.67192512723452 4.81717127355461
4.66724917572505 7.06007492165023 6.28612045137355
2.41296844443493 7.13665481393333 1.50456226150583
3.29140379365903 6.58547579743568 3.74504568940685
3.12834506700915 2.75618700785245 -0.18190471037783
3.47113018261819 4.8496756613475 2.31688980565797
1.8419106421975 5.88813788369492 -0.309926075343493
2.46713579556549 7.30570374554403 0.582640002545476
3.15377818854415 2.99332248144394 1.27085848827282
2.79136689227046 1.60028948568898 3.47470731434301
2.93856545588481 4.62702094057332 5.81284557565765
3.59487177484127 4.31156629079628 5.78422706542687
3.29996090462553 6.16970434679352 0.853680682783115
4.54473057192572 2.8825255458369 5.07290369676929
3.48739629490092 5.11965124399025 -0.0816573293133111
2.12312485858777 2.13433900443056 3.1227480240517
2.58784756557748 3.41686830230869 0.130033920526094
1.68158667044933 5.34453939644881 0.0357752159345927
2.86214038559609 1.93907955010059 3.3672051110001
3.6363454055701 0.0886690441685252 3.01883053310169
4.57699224711236 0.324040295228485 3.08575547138228
1.98880693328062 2.19710928446028 3.80886241230076
4.04999879650582 6.34816095254273 5.80654127101518
1.46276566144236 2.10227052663811 3.16406619585749
2.66230827474033 5.38384378819055 5.37229435793941
3.40914182685444 5.57012283635976 1.05941885318986
2.29318316761873 5.36141049396602 3.58108180266261
2.68976351423602 2.39740694868681 3.38069170143577
4.67847026217836 6.12008803601756 0.419032991413302
3.97084801399579 1.40060194748541 3.99165808826816
1.84918937150262 1.6013066555816 3.96828459540986
3.77540123035763 1.87017512703087 2.15727054887441
3.73334923181025 1.60330615937144 3.41377146608008
4.60050189610362 0.535819301076681 3.5202795361172
4.06563774970355 0.477286441346554 2.37988860781795
3.90007238775039 2.09943611158898 0.946285887364949
3.5910220957257 0.578864313982398 1.99982543999376
1.68918813212402 6.04863474757343 0.273823753499916
4.75465721719858 3.44033215189208 3.5131267828713
2.48524018464462 0.706043138944453 2.61934099040196
3.78161163704962 5.2115246818753 0.21885859806199
1.98820075491815 7.31346738673532 5.79646967371885
3.56686573847516 5.88898228678912 0.794378120617798
3.20522885403869 5.79431826018962 -0.378888031406683
2.66027623866727 6.31144417148537 2.05311458599155
4.89535488824455 3.13932985362631 5.87521208602975
2.13534153361362 3.23864065238322 1.99735611501874
3.49824935328851 4.39956325945425 5.97100545062324
3.85625332989222 7.48452145493238 0.523490307897159
4.3324544706637 2.63169704164725 0.944041809389924
1.94319563941637 1.09147705119457 2.8167575282508
1.82060373153784 4.18664672699313 1.97432641119703
5.30139992625987 3.29842075394055 0.685644222512678
3.71996227233371 6.12039332936248 5.32474756205096
5.48338416979099 2.1158588974286 2.27171560536021
4.3828241761588 7.13707169911049 2.64692168311478
3.89474285827102 4.04802260868119 4.94141319773287
3.17945923046059 4.65116882623028 5.62080595914848
4.02600990526256 4.37696796212352 0.0821796011285371
2.87783119058232 1.09226060480272 3.55390233099734
3.75415568118859 1.10639428292236 3.26429216786193
4.48798839392046 1.40317961518154 4.11876308972269
2.85958424362558 3.75384402555862 2.07803276739173
3.36085116671382 3.03597292173428 1.11446852303464
2.02979969710701 1.44630742660588 3.85271672533323
4.99047564629516 5.38473061465338 0.737888768596866
1.37915973751105 2.96060675007995 4.02668926675665
2.65465573608752 7.1425797140141 0.375053206253477
2.78500151933306 3.20735144692157 0.369329349665805
3.28563050461805 3.56702487687579 2.02607308552275
4.22837896310203 6.98497751102163 0.31859201640761
3.74347042311342 6.77962675125638 5.68294897919872
3.04808825596817 7.14162783624249 3.30257909297879
2.90707458453957 5.81908313061185 2.00724885575392
2.19383665316596 0.185330204026338 2.40523885009282
3.74345599043148 1.63823999464052 3.28709677026032
3.23505414002335 4.80912466834238 5.38712416990483
3.76382250354441 3.9100332754573 5.64595667372646
1.61460429435833 4.02728658594811 3.49840649291583
3.45181572612647 5.16654096911623 0.612595645855296
2.25069036880801 1.19438577889589 3.45088722639473
3.60045130793778 0.828898097756329 3.42079452953453
1.16334598342865 6.32295948492707 1.56105870844784
1.73203840713441 4.8383113156202 0.430988623702017
4.72777884279644 4.49355020444139 0.811331897980857
2.16012134866526 0.160466718629644 2.08771848762856
2.84152899800464 0.778221407064537 3.00903988456225
2.26116579550623 6.44225184909472 5.81501963698043
3.28963297035334 1.73692302488296 4.25953814887456
2.79390428295072 4.75082609183811 5.05715101700694
3.89101372648643 0.324845951074096 3.48147160198617
3.12353347445517 2.87595591226005 0.463449923868894
1.03729710297088 3.32601180743457 3.49143588817209
3.07273309772997 2.95203901952407 -0.345136654364014
2.75215073936317 0.558017714612945 1.49319813422531
2.43276065770359 5.82230125968503 6.07677028757505
2.33161550342098 5.28978227058988 3.62895675726867
2.89650712160723 1.21592223750675 3.60669703096582
2.66040447575668 4.26575216382706 1.43035976839265
0.841689156723127 7.39035408480937 3.42076666507203
2.4846236446476 6.37381270671833 4.92052625354737
3.12398670501997 3.13321483387694 0.0188310371679321
3.34237515720259 3.80927506228182 5.27487426906177
2.80082337274443 1.56686046276401 4.26568236256735
3.68759116339152 4.34174383166373 3.89590129382278
2.90920021994137 1.97898296505311 3.34070422121354
3.97886687078769 2.39759597514889 0.561555222498323
1.65833050909635 4.4174155060294 2.14951944181168
1.57379189057271 3.33153731893858 3.99866082264389
2.46880989031012 1.78644789304262 4.00696776949595
3.62924271198621 1.03590263322406 3.98667516729725
3.29251898075115 2.44433075392645 0.829002003174932
4.5050350671971 2.02276819472061 1.81869172876253
1.77944130249331 4.39435959293758 1.14074564384375
3.42138086306715 1.16550110118762 4.42448445948413
2.1496859242172 0.627183817878017 2.79651940386659
3.18630424775695 2.58572134788716 0.480276780878431
1.78253096112212 3.30796862686441 3.08060882739733
2.58903457881595 2.89561385764342 0.827758785258218
4.25473233016847 5.66226610619324 6.00462392172231
2.6975957427405 0.313042009813881 2.27881291439729
2.62063544446867 3.29961232089656 1.05675334993279
4.67990989027429 2.21323927003512 0.877266962985344
0.612006788873074 1.64453595717123 2.09716776632633
2.77965993191071 1.92863389823601 4.60459301832284
3.65634210671102 1.10881534431439 3.88890424537905
3.91777696931766 2.38322070777573 0.888383146887351
1.96299666882783 5.02816240310569 1.00882935329451
2.87311153653138 2.82842839132616 1.23209306831591
5.52033625268355 2.56937350654065 5.31591950120806
3.20194967338125 2.12149243301061 2.94781587764126
3.63163700897736 7.24204181561029 3.97949613118453
2.35858904709101 7.46978853818717 0.358851946979049
5.47049714367896 2.22578383708864 3.6252347444541
3.96988681201118 4.2935781099954 1.70197196813738
3.27506887105954 5.24123432461754 0.811984191323641
3.48787746111551 3.05668294249862 1.08347178656805
3.20656277693908 0.611252226213502 3.63059315560095
2.83899284267218 0.946119631495245 2.70979870355669
2.03468902258549 2.42751342038246 4.35575833793742
3.48707054984674 6.97385238140112 5.91387506434467
4.72431117716738 4.81658995520529 5.05722157724372
2.59325533668417 3.42383347032531 0.744890571443951
3.08512132257492 7.19853473671145 5.48568512266449
1.15896001456071 2.54974253772129 4.12184694262986
1.89969949999356 2.63998377655238 4.09988404461018
4.02083375072092 0.28876002477209 2.5651097551265
3.25528899439672 0.702590850954519 2.4669332966498
1.8122690107642 3.04142599762795 3.59233424900525
3.49106368831361 2.26185910481242 0.634935640377968
3.96267739406091 5.00074625773542 0.0301290653071597
4.11596570031299 0.0919992000449659 2.63022033462514
3.85319911167557 1.46848696010438 4.07049647356632
1.8685257821035 1.0090365009471 2.43602012185167
2.32777003614979 1.86842385493712 3.81887228689989
2.76917187221428 4.01222131112196 0.645491099457559
4.98394326154347 4.08823006968003 0.433196215360034
2.42778003771868 5.50033362128994 4.50503244544203
1.99903531973165 2.86773029830904 3.01532370486171
0.647104481425923 2.47333428986753 3.15181390740116
4.07369344042906 4.79219845707229 -1.80047137487582
4.14396949066087 5.57043981896644 5.29291716479561
3.11787030193688 1.83126935108203 3.05921492319271
1.62937981955293 0.466089802013925 1.84023023738642
5.42928201051306 2.14314239766116 1.96559919792604
1.99511161541776 3.55728928169263 2.44245810061518
4.5292222002375 3.3861864461666 5.76070453078952
2.11326368491677 3.98499451952965 -0.297921892705818
2.39145317026073 3.96192797104147 0.974473034533476
4.0759626017633 5.62322301226356 5.90976555379592
1.17658261874635 2.14041167341287 2.51175486762332
3.15920913069271 7.42292450208413 6.41545100332343
2.21636523984275 0.208059467422085 2.86630968155547
3.44387104305349 6.62194343494243 5.96172932115847
3.53476648491822 4.04562265991859 6.07162177934984
2.39308079470185 4.9221619075933 1.2714391657016
2.04896757241935 6.9034041945327 5.54869537224767
2.59885275111783 3.58605513392303 0.515783732812918
4.16941708533532 6.47737343377843 1.1047119041176
1.53968924834773 6.80361779020485 0.995816461210826
2.49612549397194 0.0443207447811762 2.16960919621884
5.05906598255503 4.62439939567352 6.40345228692733
2.83984789816625 3.65679625124741 0.439129671407034
3.63538260994438 6.71353505201201 6.55033465477357
1.79790075605511 6.97038417227833 4.05276563953673
4.05195461432866 1.11761310401668 3.79579813876921
2.01166020290244 0.78567168792621 1.77154006016885
3.80007182042079 4.82687447136447 0.0339825370426525
4.74650210271389 6.96856889852284 6.26547525899889
4.86488146417061 2.82956210295631 5.54872142106922
3.1413989292889 0.227083766295096 3.0007373800754
2.56111038828168 2.09458782287429 3.94111527671278
1.37602952405099 3.79945534864939 3.97185473413902
3.35809482711704 0.284061170598207 2.85414979002291
3.85177515244391 6.66016031069863 5.08848694870504
1.12318087909963 6.29111758014084 2.73836028446615
3.82121667559002 2.26133539530106 -0.0336651588035282
4.39617642152426 4.00653294581153 0.727825213136477
2.01500433252624 2.27282101771669 4.34447542458496
4.18847144126651 2.0656893245804 1.73265461702617
3.36208226917571 6.09027786084311 1.11085762057548
4.25758057284311 5.74793125513151 5.61253423115025
2.95349103986979 5.16467971336328 5.19058299377502
2.91189623195619 5.72645039703077 2.47618421826933
2.45438881143329 6.34236753484071 4.80571167338887
0.0683183622990913 2.76726304141482 2.47250896194304
4.63479270989108 2.42440225524612 0.874122905227517
2.87063083434272 3.02484292399412 0.356112776216873
2.04172659289862 4.98601322831684 0.948852708716108
1.43545879811834 5.67994065781899 1.12773794981879
4.16024525167265 0.180038658516906 1.82155428806489
3.96881398810973 2.19730672731841 0.768095613388492
4.60832649794006 2.47272647848569 1.45512396391529
1.59156183298156 3.77762141045484 3.99080064924458
3.12069963347445 4.65260032598828 6.35313740547512
2.66390788260968 6.82830258439576 0.536255206694611
2.82778250024629 4.93107805136518 5.25144755842012
2.27608999424379 4.97910308693518 1.96741969336244
3.07446149553659 2.69855032543175 0.613722307795243
2.87705289814478 4.85639410425284 5.42689045338543
2.6055993180844 1.96193260451567 3.29920372172367
2.5368604824493 1.00691040529505 3.54323712746055
2.38557616304705 1.15925242014933 3.25328744130336
3.07591601489499 6.13371492152334 0.227172056016043
3.9722369837998 5.02917191918246 -0.155921128303339
4.08008114857159 4.56857761941164 0.52838059168299
3.61564664534146 0.844142573483667 3.32859054437619
3.20790433705594 7.19523997944346 5.35340616735324
3.11230654983595 1.50312464831451 4.69150994771998
2.82176204345553 6.70720605666632 -0.233137137408361
2.18759206644639 3.93510596374289 1.34910364434001
1.80927144008208 0.0725168740736803 2.39265023948323
3.57607326069045 0.00839572961845647 2.49552353621153
2.05029908732889 7.41114852150914 5.15134203434342
2.50244755988347 3.53858041699863 0.285613452016179
5.06615097301474 4.88842492770945 5.37442539288476
3.84490540549593 6.13756842836493 5.48563543791231
2.20535916460237 5.8383465827827 4.83120239536043
5.27518690874529 2.35657551357703 4.97675900354999
3.01973140114483 1.61807402804925 4.44326420292554
5.04462669908112 6.22623482535903 3.51500658865919
2.37312173982795 7.02413185556316 1.97008570189987
2.75716368219411 0.870569919909251 3.02090529923136
1.60557853284753 3.68442487757404 3.20372914357577
1.83813893258711 2.51244690585244 3.54555201749308
4.25613755686314 3.71764533365161 4.63644466516009
2.76805769286652 7.08048506892306 -0.466512325532394
3.51416500390632 1.67316802603965 2.96505514226816
3.02584582176818 3.12127349054169 -0.055350091376812
1.26303211995403 0.133163611604817 3.04654497322726
3.46884268027628 2.0628749776617 2.41022406016212
2.49083010916726 6.89313222710216 1.04632041551384
3.35346444392709 0.148581779866046 2.88858372735439
3.41825662774776 6.68172044723949 5.00557386881864
1.97976004770033 2.12169110920184 3.96698646780203
2.58611482347433 4.31401809887403 1.47874326690003
2.43121607462471 2.53058367550401 3.35578274464571
3.24449299428418 1.07273849011423 3.88306906277433
0.502271379320383 6.99933789362935 3.48892162242703
3.92077265895156 6.20862794606783 6.58998769538048
2.11482796355084 4.9531387955089 0.358012962481182
4.07534915217267 3.57704096406039 5.50476958742802
4.35507991524893 3.43885643620701 4.80562551773368
2.40997135310757 1.71121937012005 5.11924237132252
3.26047808283129 4.37177557007022 6.70543497548247
2.72364049489644 4.05966573894338 1.23227727356434
2.90822056518228 3.07817158610517 0.708888951637138
1.09713775255848 6.25789010378637 2.44340529194537
4.04397117371254 5.3032364787463 1.87297734076726
2.86520308383549 0.153250135799736 2.96474249590148
2.645257047491 6.06593261814866 3.91671131395017
4.40276298718879 1.93596160585321 0.543334235914936
0.801417901845524 0.269338369846744 2.82284474196563
1.56115504038046 0.146162641429636 3.00187594568047
1.11750899860759 0.0850984202751945 3.02057506329055
1.92455409205909 2.49874166308833 3.678090392839
2.68349453560887 3.93190359596052 1.07959212766441
2.82762759671556 1.04803675354226 4.31351894814206
3.81998141866264 5.20079838926114 0.331510085933785
3.69027230749142 4.17555937761807 5.22034558617603
2.25005274556255 6.19082053812247 5.467324139755
4.22327177231093 6.82329085886048 0.0843139585057821
3.40001371009021 6.54530604411923 5.24439381182703
1.84607943325411 0.252192226549123 3.2978714815195
3.40812342786094 2.8497856966893 0.838568612778722
3.83744828628138 2.79563286679161 0.255025291234362
2.41651923842073 2.74239225348948 2.51467849327191
3.26233657646072 2.77628156960166 0.202446411752358
3.71883176935404 4.51909834824125 2.55782094585963
1.772555765444 3.91933610063141 2.75123514261756
4.12637881604339 2.89872167780455 2.59276530943214
3.24533790148116 7.12516240862104 7.09020374372867
4.67425168176273 3.84824942320246 -0.494860323873378
3.15959880092168 0.206435707532562 2.56084291834126
3.80178023045888 5.19737195236254 0.169636354791342
2.23084219411587 0.417235842826723 2.85887215413166
3.46423029966195 1.23474095786722 3.29864616342856
5.56061544654101 6.82856563766373 0.499280592219342
2.65060851704709 6.02898590761907 4.2234859338763
4.35505047582211 7.37644935110011 5.35364455426294
2.70021974561038 7.23084742242953 0.73471077173102
3.96549915051049 3.63352316754288 5.98762911146317
2.34267719938684 2.6921419789854 3.32001184805815
3.97455440626815 0.0417359743090469 2.79796334121265
2.49761164125804 0.44018823392696 2.56439571118335
0.871363550728277 3.03297528593568 2.94680254267763
1.18771731766543 5.54566760128681 3.93392789992593
0.940276273860688 2.6343052643503 2.55314490933901
2.51191566926333 3.94295987015054 -0.162128466927145
3.40011331101779 0.481890682960723 1.75799607674013
2.50450584345408 5.84534577788936 5.92035815268784
2.84028502933715 1.52664186298128 3.3881203343956
4.48779940724603 0.185728061595819 3.26354692353206
3.84610530178244 0.403727405384505 3.28674646317078
1.96450064143268 3.31993895812946 2.1117534257563
2.30930105476504 5.82306481753304 4.85092460372699
1.27279452579836 7.2881482143643 0.441720968841915
3.90303412057449 7.30960794569959 0.519896556832687
1.70395114003209 4.44432255150623 2.00173626609489
2.3107106603282 2.09541301896941 3.80883340374424
1.65189217091811 2.41302705735238 4.17743088516565
3.09896692514388 7.21720736318908 5.82957790486605
2.11151253772898 0.438048732328525 3.40357281872814
2.83892232682462 0.463721586636696 2.359656868128
3.06919468799111 5.89686874409581 0.315084686531456
3.90725697392952 4.99425028350619 0.540588297314354
3.69424157260082 3.60107251672394 5.78272367210144
4.28683944779292 1.00853723525032 3.66313626925585
0.891463009055978 1.06942449634755 2.30561469059243
4.3708269691364 2.30054328103725 1.05762931368153
3.6930507140369 6.10992460572953 6.89848429314041
2.98559407255726 4.53113131272044 5.1026634877019
2.02217783243048 2.27873456028416 3.66676442079173
0.598672004681061 1.16801955261104 3.23038709284977
4.113686473496 0.52932269659682 3.24873406890331
3.05134401556112 3.12105837658839 0.240740084237604
3.14949855116321 0.0205467717300696 2.4112818140692
2.60570501242135 5.80095084288682 6.30369594077869
4.89067062229602 4.29819119949821 0.891863631832604
3.93796368564783 3.8648798518268 5.34119081228558
3.68555298527276 1.1260294379661 4.42995191581604
2.26354711745922 1.44004992551754 2.64525969429128
3.01354924099913 2.66207277652999 1.31011266125088
5.36372828105994 0.98269751549462 3.43309655741456
4.7351956019024 7.08018642753882 6.84386045434376
2.64786839460081 5.47360076539035 4.96365306691792
2.6653037020896 4.34242387817285 1.73825254527337
5.41219174864917 4.51352656218926 6.0788298929984
2.50163073935068 4.76167168997798 2.38318789373684
1.68040831110326 5.49482215842754 0.0471388982900745
1.18114544018228 7.3045146772601 0.693515802635972
3.66348984557513 5.23885007756927 0.0453227580513735
5.28782780595308 2.93426348366363 5.7080924972637
3.69770822210889 5.2208639592624 -0.482242496628552
2.77398123393246 3.27202103826246 0.399630611934651
3.33088108047668 5.02975160657897 3.0182129598846
2.98485551973523 5.58014072439469 2.34496355196001
1.06541696712419 1.81676827008962 3.58915415083722
3.13571916473147 6.47210916533935 0.624419245901513
1.66052056496126 6.68367905370238 1.24211084835614
3.11549461019456 2.82729302059387 -0.227924911257363
3.42626337773825 2.64312973576704 0.492328648929136
0.467597722031864 7.18506269138486 3.27548454074003
1.86983196704003 1.79160685250611 4.13582103649651
3.74443004435855 5.15251511280802 -0.617324351391947
1.15353186539134 1.08788037070586 2.84853800810263
2.54258689206959 1.49784078164167 3.37162097765239
3.10492861781116 6.94014230640022 2.86609579550419
2.72347416469268 2.6943184023177 1.42144508619786
4.84833526892134 1.35844564201174 4.02058945420192
3.91643375778183 2.05685924756024 1.48818093133339
2.18624236910794 6.13306588446305 5.78829559440936
3.32351842726075 3.51394010069087 2.56929318394068
3.92697616135019 0.944194471922149 4.08380583416388
5.01908620291065 5.49037568589097 0.657996065523344
2.43663592355463 5.80538829407225 5.51949302549985
4.5124863523617 0.234900178408893 2.64499472766818
3.20742444677651 7.27468805903194 6.09476294895002
2.5620734504366 6.93250770234631 0.514735598130598
2.46914186249688 4.46600848220806 0.3803533749041
3.59538981497803 2.83185770847024 0.574443276233851
4.92180169979319 6.95685400576983 5.52879075008377
3.69920586183515 6.72524633800092 5.91224799951966
2.93945070625126 4.40652386871749 4.7126733136253
4.22477240749577 1.63284397874332 2.57406827670498
4.41068714346692 0.366974082211906 2.87467898354211
5.14823743490959 1.5854746837311 1.11623015138639
1.85919898630154 2.35529512262031 3.824237549854
2.35816646100752 4.85176420883246 1.67237689774951
2.84370583034916 7.40340067986158 0.230221514196449
3.68023951103975 0.663380453174489 2.54913670416248
3.69426887476478 7.32902683827059 0.54763260838276
4.41926713285222 4.91405000128018 3.07849647533273
2.06377443817877 2.88764464127965 4.73673356998119
2.98040025912056 4.06382036921626 3.26571851570563
4.45336434114976 5.12437213905496 6.22079331495179
3.84773590409037 0.333888956921447 1.91796213318525
4.0698003349756 2.61565371150269 1.27131199579319
2.71077941285904 5.51717753068571 5.09864525530977
1.63294114757565 4.8341827443521 0.817862688832176
4.01454463965966 7.43980644998249 -0.0625552446928264
1.16767477618119 1.30923321674876 2.5919745166687
2.82952965003588 5.1826685266085 5.84608241967657
2.77640354816553 2.27769523560982 3.15843745130644
1.59654390372992 1.68360923936679 2.90735422705491
4.41673356269916 5.99701437266954 2.63077747438824
3.35057446035075 5.95435821133569 -0.491703061955057
2.53800899585166 5.73091225495127 6.59619839985165
1.65944465699395 0.190003761352442 3.32388387255499
2.29091137140427 4.67380207666031 0.352912180674309
2.66488161271812 3.79696784746775 1.25477342289811
3.63381516758024 3.0787212771504 2.56014429418605
2.33064425171823 2.15297184737245 4.07080392994366
3.73657827035136 2.51744653808158 0.662522792360456
2.56409728822971 0.907384731940988 2.6259889246788
3.58825052111655 0.988073453560401 4.06040637588815
4.64543162165037 5.17070713392196 6.33531572721223
2.9748187103599 4.38547027096189 4.85112540759572
2.54205539903356 4.87233529597752 4.44673308753394
4.66083831999476 4.67437430617709 3.42805758471088
2.66024158679767 0.167222315487028 2.87139744456353
1.76833398815623 2.94591717176656 4.18908991427966
2.97513934879867 7.0489455396777 1.15605754904204
4.93018553098599 1.42433438058218 3.48013058279441
3.23065146016493 5.7022266072863 -0.259794343872251
2.56731913663089 5.85891276340503 5.93523105612966
2.76417322047702 2.19857014540491 3.67874251022876
4.47291519311722 3.64731061969885 4.42294647496993
3.0976419732549 3.02919463359312 0.636774364552108
3.62909496697757 3.69617003186529 5.54569761974943
3.0571514124472 5.34997557403414 3.58940093265638
3.46430343845935 7.12468553053762 5.79990390409653
2.79933362467677 4.08021328141656 1.96951825551822
2.75562514548069 1.23586434132442 3.35205363947649
2.51159183416526 1.91014265496043 5.12867761391392
3.43072673874157 3.53238350938295 3.19683549334527
3.63054017603724 1.47643043853164 3.24563575560577
3.22882165644339 3.04984353629893 0.480985575552179
3.75517908936788 2.4971103289614 -0.917146823840908
3.43748996612337 1.200533143833 4.11035007231609
3.03863207734994 0.853005634361227 2.77895569411314
3.85976226745473 0.58347452395763 2.78043381360533
3.15223084064468 2.79316642501892 0.615583834783772
3.47276557483634 0.212448945175691 2.90245510669254
2.89554336860654 6.41195863657159 0.347309180718884
3.05830159859319 3.91164168900859 2.36613325481331
3.7664813173673 0.215992942631927 3.51384450440971
1.66855206366642 1.97812732176051 3.13799589385951
3.32015195477545 1.41485617371266 4.19107636025445
3.07934798609852 6.49013054679945 0.256377570890021
2.65882992496693 6.87819546552941 0.324180726146389
2.58159836737708 1.45631736174123 3.78831587750598
4.93973345194516 2.9329523562023 5.7459220121392
3.64667728472862 6.11564631274991 5.4819657372935
1.01644635973202 5.68905246089551 3.63263877888182
2.67729042194933 2.73529534904336 2.15460852296656
3.01597521720335 7.23210991836342 2.94088207925135
1.65282852305418 0.174814110820818 2.02062885734012
1.84112974428416 5.86163377911335 1.1856805615087
3.57782885385335 0.157577922249279 2.24536475434291
4.19945341144667 6.3628363564034 0.719799578920783
2.69573235707132 7.12716543927666 -0.452352709242444
2.49838876810556 5.1082078380513 4.50124578473799
5.19013607601393 1.69228234304248 1.71911678429095
4.75583479257793 5.92542728529699 -0.0542356196706509
3.25759383285698 4.01973821932956 5.17259797524025
2.09267563706656 0.981132638964152 2.48668714044946
3.30365261643539 6.12238889324138 -0.338166589305749
4.21754249847773 3.60979740340455 5.91642284065694
2.68927699829876 6.5338217818085 0.376348012486427
2.99067159239578 5.07946607820937 5.64995533324776
3.11785603619698 2.06490954289483 3.33777217751432
1.62138387741043 1.45167982329568 3.6925418045254
2.99516963103046 6.06988767975683 0.094836111826514
4.18829080827344 0.81528347731471 3.72304637917648
2.3083131514771 6.24617584331654 6.12001695581215
3.42993964136185 3.18645587413645 0.418671814151104
3.21559169173692 1.65221416479288 4.29207266072766
4.0402361172132 5.79486167354467 5.14333445129019
1.8779085491258 1.54927245925455 3.46091752330751
3.71667063474182 4.95406242148142 -0.501822506912651
3.76699654087771 6.8530522652637 4.42507915832628
2.21821996341685 2.77233572480921 3.28941294704241
3.2054340763193 0.600374777256389 2.67492784494129
3.57408415224287 7.13104080116599 5.92165134973725
4.65240691441486 0.0551824748631677 2.70102264419538
3.8246915659221 6.10180692244638 6.25476018330692
1.9653001897542 0.357166996434908 2.76311545066697
1.618943584358 7.08680857759726 0.747566142676201
2.77335955609769 0.174036089184068 2.86925654741999
1.13266378637032 2.16422234904607 3.43185995026579
1.74457534354825 2.47712739984872 4.37389509929179
2.10899926669396 1.40253816160779 2.46482946280186
3.19341702517899 6.29049992108246 -0.610783380203909
2.87359944878083 6.04939284722623 0.62624097367944
3.4607880752418 1.66678522111327 3.38858216377557
2.48402387847921 2.885028623437 1.83398437571537
1.756707557999 2.99272390496029 4.77314835354878
4.9426568402097 4.95772795814239 6.40569068480271
1.40570059315173 6.68868927282136 0.302328998265965
1.08322688339652 7.40435897876995 1.09171377287733
1.18718845296958 0.0264393435015453 2.63846745804278
2.31266259893159 3.24141619733914 1.77571279369968
2.40695044936287 6.78671476411209 4.42787579180428
1.20521404338437 1.20077434498185 2.17759066425628
4.6615770479365 5.93182143454728 1.06925477372179
1.63991225634902 1.17742408637872 2.6918501285968
3.18206803636296 5.00543380556298 5.33165802893447
4.41291435371376 0.83934695097211 4.16044333333534
1.12587456035089 7.15780867173046 1.30777805996364
5.53194759337369 5.37519681386477 0.0399644250836974
2.04033783389638 1.70230522251365 3.51378566493685
3.52952623059042 5.67875566289389 -0.394531885963876
2.97731372192295 5.10671662897178 5.63307742516329
2.36497174799048 6.00893077387419 5.16374125317608
1.40100224960643 1.38465946507101 2.22032771427974
1.37397682863904 6.057020134691 0.212145182997028
1.93952922469118 7.15257162493342 5.86826823108764
1.70391170321725 7.1622658287595 2.80099211819114
2.48807405176814 6.30557479768025 4.42169989499867
2.3223707637104 7.24944050741139 2.82102521981217
3.53898236758695 1.65677806102862 4.07247801863251
0.790143450860184 6.9304879986802 3.59604906239141
4.13375605349347 1.32587096505143 4.45260902806462
3.58909216966117 3.99225940452018 6.84560647858768
3.10931312441317 6.90890516059591 1.96336018737346
1.98018513999342 4.31348003693462 0.663015408908134
3.56022827281997 7.28267523514317 5.71026341626504
1.98794609829136 1.03230349443366 3.12440265430481
2.24194562318678 6.85945906677227 5.50827889394667
2.74754987395841 1.50363631077603 4.40108109158276
3.81674055277511 2.28139811105418 1.24217424694286
2.42591800718685 3.65140361283405 0.921468727698948
2.19981741563725 1.04652323177534 2.33877717081403
3.21027850507632 2.03026547322061 2.93935855017364
4.17797455985036 3.32202859710381 5.72255958972559
1.69976187210383 0.00615036313719486 3.31228472188088
2.66694034741142 4.03750009071613 0.376906546284404
3.40019085537448 3.86917009000812 5.27237419754102
1.18484471376723 6.13692144448124 2.16120940633482
3.7633987965462 5.73025675638163 2.09258897175934
2.10315435095961 5.88079787649133 4.32619179083683
5.57643398037733 6.55750913682139 -0.482489970294048
2.93730814487394 3.83422006782154 2.09439776715478
4.02395147708427 3.01049366655835 2.96971078330545
5.38559337943399 7.31899489673507 -0.404635790139566
3.3322168500286 5.82681496477614 0.979681984896274
3.10282759409098 4.33455643372509 5.20872777503357
1.88427569859037 4.80812086849951 0.445626140047309
2.82188541942238 5.21369660964323 5.62810443368406
0.526848001279094 3.23418744644544 2.05133137050665
2.31943528126221 2.45923941812695 4.35525620887735
3.48452607865421 2.53162983849302 0.102108089762014
1.89383101417527 2.06761026032092 3.52591379875813
2.37419202792074 3.87139635571148 0.731918073808479
1.97960242412066 5.28149392738268 0.705958286843909
4.98413741721197 4.89293189343153 7.06981067901585
2.50482514305781 5.51991310353716 5.88686725398862
1.67417628027975 6.09335967798979 0.184989261984427
3.16054261195138 2.61458683387038 1.00676410641576
1.2403600817892 4.27995564805461 3.52084174451796
3.16064825317405 0.300311131533017 2.53806126942439
1.93393294493587 6.9002394559246 5.27616906626904
3.49342548847156 0.00224293394367514 2.02262763647768
4.49397804855521 2.2250268406453 0.567503405880572
2.35035767937913 4.88420421499241 1.56986669018335
2.09518372074992 7.24718516912162 5.75435861414458
3.51529024533223 0.531139846114968 2.90204104383246
2.76499001996017 4.48087702203695 3.22538751999793
3.91897621932643 1.45072059785421 3.91329770048782
2.39700161376301 3.22489077716724 1.59282480441163
3.97959455433854 6.80419415774801 0.4093660182975
3.58479022123929 0.974912827944453 4.16557271236095
1.57029020173261 4.57136546404517 1.80339421550454
3.98566352872357 1.77376607938696 1.63141108867752
5.31202651412501 4.75040255176726 6.64730809622084
3.45677812152778 4.69878841473779 3.1358686424858
3.04562553794099 4.61119229614808 5.70269448674113
2.95057799306409 3.96274087437138 2.0580446780273
4.12463867618413 7.16778011905283 0.249257064743931
4.51215834407761 0.763280263892863 2.09958648902508
1.53136386933679 2.20147217371133 3.7215038334024
2.83773016140028 3.46847686121104 0.474376764913438
4.41716062535737 5.98869385900364 2.67508933397822
3.0166724924958 5.35877749604979 4.43680255619208
4.51599333581907 2.46567155169085 0.507346856112986
2.17510348505655 4.01154208414178 0.504851937661106
1.954715516169 4.13727478201697 1.69888766362614
3.12368830881877 6.63916147172928 0.383227810029598
0.105093940873048 6.05145897019058 2.53874794824624
2.42929131714387 4.41788288846939 1.02166563529579
3.6467215022575 0.481640861796285 2.67265971945488
2.43450049261135 6.29773985633242 5.2554850245022
3.45171697567196 5.72163297130343 0.646790515296185
2.55384129543455 6.41930526925241 3.83727079654699
3.31163479554086 6.28897725330277 -0.129289399366579
2.53538724079522 6.59792877525409 2.84232822006467
3.94453333996737 4.42315086804048 0.533863194839431
4.99826633272852 4.7353187354201 6.54140391442056
2.12794671351164 0.881889525558601 3.344569849951
3.94024902032369 0.992006586575405 3.47414732625146
3.93625555060258 6.89685379454362 0.475586239880036
5.4076254402029 4.0397750030587 2.9887195275502
4.28064967671717 6.03458153443368 6.01506755684633
3.83674208456828 6.92032286649135 1.29549215714951
2.29855702858316 6.55441697526325 5.94159946350725
3.45805191457059 0.259258855294525 2.54052903653407
2.50989988589334 5.1083634968059 4.12115700240581
4.88845640908607 0.345282393373424 2.08635131414901
1.79261155967335 3.45069858325519 3.88750364755757
2.75337356829578 3.55853959792155 0.262101651276069
2.60401957580935 0.482072165363962 2.26084018203837
2.45682626026472 3.35362062019987 1.32778939996929
2.51995149623282 7.06654029187842 0.311518321361892
1.44413341175763 3.89440352049304 4.03613069809409
2.5930865188521 5.74150998187021 5.29968099960736
5.46682901526388 6.40423508300038 6.46285549581476
2.70405141763693 7.28753309683828 -0.0816264890192663
3.74279685444523 2.80454327610871 0.452985253007875
4.74933466304312 7.33723664670712 5.85539514269087
3.02909517652636 4.47826633936066 5.96291188216549
5.04561440354004 1.85686948338796 1.12680280744194
5.48613289794865 4.0641815522519 4.51869028051099
3.27935682232592 2.63814039014501 1.10105670403041
2.87929641546966 2.63361032200428 1.63393094768848
2.27687913782821 4.95385778194326 1.74686329518762
1.69027580979383 5.3899068127337 0.493360870224607
1.59199049784597 4.0048424982865 2.57724977385952
3.12328440092002 2.08857759211174 3.57140984704594
2.1596913011994 5.39030422726868 2.47590837582522
1.54516394127817 5.13138394667308 0.491827317976375
2.80546759670444 6.72094505832917 0.504519264337007
2.66697353598983 1.01852778690138 2.89722136733247
1.7983059248682 7.23434002226176 4.17267811660971
3.61748679566985 4.94557138942332 0.925257806187337
3.80432148657446 0.244397685333893 2.97282332454525
5.45379825100905 1.62224816795874 0.772292245288446
4.69180413786567 1.25962994795931 4.40737130469162
3.46795526848065 5.62037175433048 0.568945865749525
1.42654818600863 1.67756553115906 3.61574782824524
2.94357447803356 2.70211679229691 1.79453935960328
2.45318226721761 4.34308787681403 0.338143165378202
3.65119380003557 5.54729104576646 0.0899113375520499
4.0725766937795 2.87452102249746 2.1119612681993
1.00870422785025 4.86632490598125 3.02721877691336
3.86479387152055 1.84604237186313 2.29518097148791
1.23479219887986 0.160069247223397 3.0607674126859
1.80684509258552 0.669917537388059 2.36190744277909
2.90781660626081 3.66388659001214 0.280123705402919
2.69108886596887 2.48820235326684 3.1066542594797
2.48888914445508 2.17355355463435 3.40513707244827
4.51655418702404 6.39789389895588 -0.0989049066498977
3.44257003026015 5.3095232501532 0.250341476320731
2.30507730149984 0.953532459406762 3.75287207018228
2.3418690868239 3.73932328124007 -0.00666813769437347
4.05809158670582 6.46959750137566 2.78837894592465
3.0300130481127 6.0564302061837 -0.582943747710906
2.99667674387786 3.41333955742408 0.111231129017803
2.29894394675661 2.1360976227606 3.27738806044672
4.68390928218818 6.05051098712255 1.08891042164285
1.78600190210159 3.6566949297486 3.76435218202233
1.69033289880862 7.21260771466055 3.71505752350408
2.90310293379357 3.57184532084432 0.880031667906679
2.16990143917242 7.40720992436602 4.07598588846289
2.54408643658371 2.70192489443203 2.43014282065361
3.70676707409042 3.57968774911664 4.53462034768404
3.85654092756034 6.13347055584762 5.93757476482335
2.36650676257828 0.184471895231679 1.99445996060687
3.91823199032449 0.344896291426961 3.21433487741612
3.98190892802022 4.66881213023501 -0.192291244489958
4.7781419648857 3.13943404848265 4.36493904200475
2.2974880396095 6.07182429786295 4.88665665447033
2.92249201591628 2.13364058286385 4.66113115868664
1.76373148585236 1.10052444016927 3.23312028552915
2.67899421117353 5.29762701043372 6.00118745884657
1.00489994227643 5.97867339228988 4.13248428180973
4.10049443135808 0.621057953467734 3.67817067997221
4.92498165443588 0.491954237765557 3.78177009525284
2.69063892493387 3.25756447527669 0.448716946466799
2.86828952293263 5.3563209606102 4.97274353580803
2.86369957464934 4.93897779428574 5.25275572106829
2.88540344638765 2.45170420256293 1.51720465350106
2.50749968905472 1.35899323048527 3.77622033069869
1.57538167312457 7.14836596507846 1.67644920939594
3.05067993092775 2.6601012097385 0.36910373383916
5.23441249635266 1.08952184649112 4.96225450992956
4.22756523696188 5.15318507279039 3.17843146664518
2.74227262200187 3.74391526699014 0.886604400082419
1.95337662379105 5.08643886398108 -0.448086379220341
2.67153869333532 0.353346132004981 1.81785730982621
1.45800989971494 5.39126440510018 1.25329766588901
0.253119019006771 1.09109079867531 2.76852793181461
2.99968839909784 0.305908411666025 2.90022681219399
3.17027475815166 6.86232971900959 2.99025063718065
5.2770597373315 7.1053884892295 -0.123324296679012
1.95788108248714 2.14597403377571 3.19418164823098
3.21475866353515 2.25094363165872 2.02851533131873
1.60256242808663 1.65854807186808 3.54174480861679
2.1120633209983 2.4348023381199 3.22366081405832
4.39745138786123 6.46947285991195 0.425130382513516
2.26256082799768 3.22174965560071 2.00915350631183
1.48469964275751 0.557093399880258 2.03034377959922
3.34390279646963 1.72048006189841 4.02613545442056
2.94017592407227 1.48123878399177 4.81701694628943
2.8810492986082 5.89049369109465 1.83430158865103
2.4753158518664 1.81841680073294 4.00432025868978
2.14130872907116 4.44232386382147 1.29154650530177
3.14517999709578 5.6228124006594 0.377184959500833
4.95687048639933 7.27078914797359 2.4203228275839
1.75820399842966 1.24121718930085 3.57381554641652
2.34811389069722 6.07924885061231 6.24750662100891
2.00754363398481 5.74860422771897 0.498075645046264
3.07938519195208 4.33189544755225 5.29395926967067
0.628443546663517 7.14166648718302 4.45974549361611
4.25297666848395 4.23736165272558 -0.0615913107431441
4.73196177622089 0.157109566266156 2.97670302810233
2.44644922035773 5.11132505165508 4.6229961396969
3.05145164114978 2.64926449281249 -0.559626117099676
3.04734726711885 2.21193378794194 2.74168435357111
2.50739704829132 5.08336062606954 4.73730144202351
2.42535966415916 0.65307386085547 2.96933492578521
3.90576525113404 0.231135240973413 3.18938236234035
3.2319241627321 6.34716706203036 -0.810503532225188
3.43183556879297 6.26784369781247 1.85533904674584
2.8574000462605 4.59799523509085 5.03642338211919
2.06612728427014 4.94012501986243 1.43872351197993
1.47010558891926 5.96907839802923 -0.0797125797659505
5.08273982943335 2.19251100811037 1.39733634984629
3.56835240749321 0.259009552816765 3.32207177541661
3.17758279943729 5.80094969797446 0.678248336957512
3.28823733943011 6.25537149528748 -0.691167685906427
2.07177192743357 6.56550124934584 5.89199292541218
2.92668344838015 0.0444912820100472 3.41990041049139
1.0492773376243 2.50795898269094 2.9806536920535
3.02689364363664 4.43374610017029 4.32277572124898
3.35926566831115 4.45511322432268 5.98948292248309
2.71679314336567 1.5882816126632 4.40320334811219
2.04984587061633 7.30692225327784 5.71066385799947
2.24944494081296 6.01422162072238 6.15496443077872
2.42882061894733 0.190641540269511 2.36817842058686
2.57626082446574 5.54784294143015 5.09203407456384
3.71698633584149 6.37087773698658 6.75360768095465
2.10661963324123 1.85832083649525 3.52862231981873
2.14657362933273 6.28604730614593 4.85806996171992
4.27282820900338 5.65134734254796 6.36872834830451
2.42456075633047 6.91122141041356 2.27427330383528
3.65419967337383 2.37974609899183 0.640597224558339
4.05095273478569 0.698913792074785 4.10213712000082
3.89082224609832 0.521178739149233 3.3837453468569
2.11418096813229 4.00975510264267 0.926202676525992
4.99260497426861 3.96536115752404 -0.330631815458858
2.57984895678652 4.2588248077604 1.28588014731025
3.69542899995754 0.132200345580038 2.3254751578275
2.64708726383119 3.76220448268873 0.595232146053994
2.51986397370348 0.867414514218332 3.38401729647754
2.61572981063227 1.27175978036678 3.3745544680998
3.96006357179236 4.36523009051692 0.963279630180535
3.33501612843877 1.72887870394799 4.91329049014406
3.515172313231 2.62651499102736 0.338689120928366
3.57694712916552 5.88286067571054 0.924129992796377
2.7707829535089 2.74686230649801 2.28347532980161
1.48850691263685 3.56756387480584 3.26665983657355
1.58712054977436 0.139401970119624 1.77240297869476
2.54922290313426 0.890399864149666 1.87600007869573
3.54184299255764 4.84400476815206 1.0840270137035
5.01610563019562 7.33451821759428 0.826994678123316
3.81437853987162 5.86511531717051 5.43802434392792
4.17792577545051 7.31154097467066 -0.22943171010355
3.87401835147578 3.87670159221902 5.70545298452224
4.29468397243759 3.60025982829177 5.05957744402037
1.9349282520092 5.31299310418519 0.520360550788364
0.471209017882572 3.01798635210717 2.50164181157884
4.13156630223841 0.0849105675846626 2.08781034169055
4.62157425637683 2.70960138987702 4.71665947917892
1.98415165874288 4.76379298682263 0.656727532189113
2.50435730432415 6.15396398802169 5.62850401639789
5.25484371413609 1.36345074601191 2.01414295891169
4.30528840869615 6.02293382803844 4.15232273476163
4.41109984354466 6.43183300321653 0.155274405635597
1.84025007405867 5.87196517344929 0.975523842776875
1.69974193225162 2.19691224629274 4.46835458318706
1.14461937635826 5.28290970223468 3.72955502361995
2.67415511861808 4.39968864974999 2.45670404419876
3.50068492800515 5.31001182149547 0.415834570800638
3.63931255054413 0.797255450201344 2.8690422882032
3.7696110915234 5.24958401097306 0.244225392841913
3.94086252213455 5.937462951957 5.83412297259964
3.45671071721618 0.0260175454461233 2.90302850035818
1.34454327840379 2.13989404592423 2.57916553814874
3.49543449838164 6.89485189419341 5.76954658673201
3.14050231194956 4.41374683625042 5.97570065731078
0.0646819568763157 4.78868731125495 1.87378451829712
2.18416968768912 4.76493353964529 0.362496776132458
2.7943422199523 7.32391760784808 0.846572938974521
3.28974910615019 4.08783056385063 5.28597917474315
3.9805216492727 5.24065380556106 0.797835497582441
3.37047281544554 0.42921828540942 1.97260182405891
3.29655889926549 3.57292891604422 1.54346567549556
5.13056781732294 7.12049674524267 -0.0558735719630318
2.62613996607256 5.13567071548565 4.73352874165377
2.05689193091014 5.42607794272829 1.06083547280839
3.03685912099509 6.33903853298793 0.870224469406514
2.71340344278157 1.99823748278523 3.18648483855417
4.43960516004063 0.604204109075936 3.395766332627
3.41825120855531 7.26540028504921 5.85230491936045
1.56575669960314 0.370545445940634 1.59683593081385
1.88808711920736 2.19968845843198 4.8054002880306
1.1072194054819 4.96733043659914 2.71805931220355
2.10223104938831 5.61190478898123 1.65554571826153
3.64229883742813 3.30839822674715 2.89204529010266
2.47358807934608 4.69861386154757 2.34333762694119
3.11090398675529 3.67348413066428 1.88092115639859
2.71972553623553 5.91254995001569 3.78228848394195
2.87964296896871 1.82848997839625 3.34250760945499
0.858623626985803 4.69768201560798 3.75977177379012
2.42516924681095 1.23747386405745 3.64296552151468
2.97104408857729 0.351696985822119 3.24003269660195
3.83456870828588 2.19188165699069 0.648855008473292
2.51772099937676 6.66036446676331 2.7977634704471
2.38853086058772 2.64972890414844 3.06011496656419
3.2763719529927 2.93064900649685 0.479145917342039
4.8573100036843 1.47313108220769 2.35581787975785
3.73054187645535 1.99332379048161 1.47248857566513
1.84281498061642 1.64340593182969 3.28111735383696
3.21383236880387 5.07242078149551 4.03592591812876
3.35673505009145 0.0612029939489469 2.68992816236444
3.60296251965083 7.27514469854687 4.45314743853096
2.27067481101716 4.00002006355641 0.626234750799184
3.30848096376541 2.27591463865404 2.02774147908417
4.18737603480416 4.23145996542985 0.0546800952363339
2.23511359979634 2.72644305940358 4.13594836897352
2.92000792650965 0.959096488932135 3.1199308169477
4.61494200237517 0.0156705964317494 1.83583834060719
3.26543863842333 1.3489888253193 4.01650239267597
3.21715270986584 4.49146790078483 5.89053483122231
4.07580938000043 5.42208588581904 4.28224827052347
2.48140594228509 4.22341954377011 0.36340084867925
1.25590546455753 3.82928570424169 4.20244663275739
3.75180507848437 0.562444725205966 3.96722627352396
3.51939720009684 3.40888790026734 2.05627259827867
2.24662770514746 7.20359050145922 4.0931722517539
1.51861334100325 1.33616776494287 2.83447810567732
2.66206860042063 0.901804802186771 2.99538081429577
4.39069617325873 6.67934819899284 0.159073402464536
1.94074244303566 3.44523153420947 3.4203986966469
3.09664942810947 0.26533699797441 2.12112161567929
2.0716220597145 5.39355736544418 1.19333133454481
1.85965014903925 1.43426927044046 3.1739470574591
3.79185806032558 5.77120835771475 3.83524829542721
3.13616338096867 0.5552474567723 3.35573171363363
4.20668874222984 4.79094024102932 0.56920103128774
2.46361188630372 2.43564385072373 3.89590605094075
3.96030394642889 5.37914525934326 1.22388189429232
3.15701972117477 7.22250695019349 5.85800868884759
3.336452474418 4.63609213178078 5.49659613647303
2.14754471113975 1.9467303120203 4.45266062728472
2.65065490448096 2.53416125251955 2.35195104035259
3.74164005274096 5.04598452923007 0.0342670331499215
2.28128319461148 0.741233524135259 2.98793168187924
2.2095037789333 2.20022522301446 3.79976214509901
2.9293017944391 0.554816831512818 3.13943914323433
3.40821314040338 7.39405949761806 5.52134371208025
2.10310054617603 1.65339214438064 3.90883673394556
1.8804578482784 4.12569935013811 0.75751088743354
0.516659132901765 2.62716552585702 3.68295303169515
3.06554296351184 1.65770361825668 4.54470008907322
4.496380041408 3.24102056958478 4.62658013163579
2.7794715649153 4.38766986262663 3.32611106679182
3.99234769941389 1.76601334098608 1.95917260556206
2.98384793048413 3.27351010403281 0.776375962715198
2.13844010002773 7.4820863908564 5.16047785492534
3.0299955088192 3.01612805204597 0.721854117290259
2.27630421655317 7.0288285712531 4.51479449290656
0.85854090833411 1.04974552625638 2.39367978485446
3.25176836059404 2.525310092995 0.412612700248152
2.09723768343054 5.78385934057723 2.90174355762183
2.89901076865038 3.19655622566416 0.101725881556469
2.91209033525057 3.09632562639756 0.368071736113767
3.91428862463562 1.72999927949513 2.19238949097032
2.7213758974541 1.53904743685782 3.97981505448958
1.99704517708854 1.93629981573738 4.34298005491841
1.57813018390234 2.30956100120428 3.68658182009362
4.94376114186392 0.0876398100546512 2.38819755948743
3.3470678773104 3.03667846103065 1.22366045859395
2.15676924538533 1.60159665165115 4.02700884740896
2.1213109773953 3.81905550761655 1.44273229794866
5.08057286486045 1.95600936209721 1.47704255934345
2.8674010040007 3.23585992495301 0.376727033726169
2.80174725578978 0.509586603080913 2.48783557237814
2.96956404048976 4.07354570017425 2.96122169929509
3.82378782250306 3.08008630744126 1.60823927077203
2.67893477006875 0.00184900018053202 2.51419091381019
3.65017316829099 5.20004333116661 0.210078857867618
1.90632484967382 3.26045778051649 3.1451085169146
4.04548253421823 1.78754369437681 2.66889611540839
3.03380839993101 1.3013636689708 4.67795893238248
3.23910786130398 2.32226897959929 2.19689031950628
3.81234763551166 5.76007383586894 3.8807840633196
3.30705620995615 6.74962666039629 5.68619500933879
2.60262830473876 5.7148615400278 5.18553137599892
5.47063054309367 0.0307153006189456 2.7653530852246
2.95155555527209 4.38064408253165 5.66760468082686
1.45152037762936 3.41678961116217 3.82844028746644
2.27328580836231 6.95048537476208 4.84502556248701
3.72676607623405 4.30789743331355 5.0651675254331
3.19654215933261 1.95471679329906 3.92184272386161
1.09983966047267 6.6022289919743 1.29719680301587
3.58046276411189 4.48025039364354 4.4657499268505
4.33656499860824 1.0094598896491 4.75050096963169
2.41552810598323 4.43233090884336 1.00178701986436
4.57041021396695 5.79479098547099 1.8728879686882
1.5088187695399 2.06922233949303 2.91199493112346
2.93191380765001 1.72463366631812 4.36157216400904
3.42969436422657 2.48755621493906 1.23139269311411
1.57136223006174 4.91084223600463 1.16063270862716
4.70121432766148 5.28388804953084 5.20175584261437
3.60476478637957 2.74565948297196 0.551096048095159
4.78804270381839 1.69703542758756 0.503214344426177
3.07333948117825 0.816715776954157 3.48287304925701
3.89644459011658 6.62859194139044 5.17650083082452
2.27891814200665 4.86449754158073 1.17368802620325
3.24776766820613 1.75324781251869 3.87450100224051
4.52407323231162 3.56087288069678 4.02283130489431
3.16665676765542 6.30683405206996 -0.581324801518663
2.8999643259236 5.54412959637899 5.81316773102527
2.65839532136874 5.62291256810779 5.16412460506075
3.15732796882411 4.87927481781587 4.96630945635306
4.15995543749876 0.547766032806188 3.39908881210126
1.64822050824001 7.20969867863757 3.02650639359318
3.33080929140354 0.543520426724169 1.67305836614505
1.96045564676027 6.55627286708458 5.08589515183394
4.58793252463962 6.52486613641206 -0.0668670450149834
3.05540907349464 2.43699031055201 1.62130220328046
4.68859675464977 3.60341381080423 1.41190392267256
3.2890833120928 6.6604340223556 4.30943953789145
2.55310458536094 6.01759751768143 5.48185190641719
4.25980841032183 3.62793107038952 5.92278554653415
2.14717816702852 1.18591666125487 2.72736689368961
3.97174420878252 3.12315566934575 4.06125288646907
2.40614380099106 4.22294515012118 1.67928896104656
2.38270061511183 0.565824270586769 1.95329320032775
1.94240811356712 4.46608134234978 0.158500436890258
3.8181146972087 5.92944355342468 5.64806111619842
2.40124463033768 4.40196458978243 0.547979344599579
3.60699520523905 5.18531842189554 -0.17658187465846
2.27545923833298 0.82932398059396 2.87041088767132
4.38572424012148 4.70134613980834 0.584502354097524
3.29751197022765 4.28804484319346 5.31125704033202
3.6499886604359 2.58870279073432 0.781487371141463
1.36427758117048 6.47101279873796 0.229558952179242
0.789126073126623 3.60365943498829 2.41114696907988
5.21440590218355 0.473524535518441 2.93408054347719
3.14674012296351 7.29846306703081 5.63140748934605
1.54969386658788 1.89140915334535 2.81991728523059
2.14590960152103 3.92327469116463 0.225954294454807
2.98655506137434 2.19401988902845 1.79731652648195
2.9623285748438 0.636779077898532 2.1491101955658
3.04734378221096 1.94275711569001 3.37371401988291
4.14090800994189 0.429269979908684 3.2132237579283
3.92701952075964 5.85937420903804 5.9441310065647
3.37089580056607 5.65861599144646 -0.586995219516323
2.79095749199883 1.12361981361256 3.67154153615893
2.10568687433886 5.12939308650706 0.724274216945557
2.64564738628338 4.3946460614177 2.27595398358715
4.71519009434027 3.22932475229895 5.17587678301865
3.22585328178614 0.0455389570023472 2.78837580751092
2.52687917065715 5.66592732646668 5.94650470964874
2.46790171733469 1.30034863973342 3.16151620921632
4.01163986832287 2.67474881883704 1.01000946846038
3.23839931968331 1.43166576087695 3.89160783746831
3.61564421404993 2.42447654185429 0.517084651991951
1.14201006827463 6.27649853561803 1.30822888146927
1.62093208447224 1.42492157037282 2.91383280526937
2.96209922185868 0.113219473394274 2.12451934066673
4.37505702517541 3.87017666694146 1.46299659964155
5.91612501578559 3.24837269883699 -0.556873474930002
4.80757229943908 2.27443886094605 0.914099722989228
2.04836854808079 4.99651238154866 0.97816425755862
2.49887122344962 0.31237427227427 2.23749383267788
4.03062580501432 0.863755389539052 3.57914576218892
1.53486767031251 0.66917956529833 2.60269757237255
2.18414926352054 6.70413665788691 6.21353152400978
3.80895646336969 3.9137193942464 4.79455895182983
3.280854283268 4.61463593330238 5.57626016368874
4.39904515741659 0.655052737392518 2.91377615895675
2.35084150670162 2.52133435838202 3.4870193971672
2.93181041405751 4.23972884228697 3.26273295810581
2.43523393209877 4.27821195215627 0.689544386779495
2.72722746377174 5.42399401916201 4.69937486541293
3.64698004683059 1.06924797943575 3.42029949547578
3.09654950566131 1.03290829312384 3.11182962653791
5.08638802546912 0.599095333786983 4.94274963181318
1.51584048019387 2.12665232741656 3.60367207395886
2.24166254423597 4.51237921938465 0.402197621555023
1.67321834270861 0.486972898985298 2.75906774470183
2.59123606892377 3.41661558815449 0.330017808389566
2.91662651965068 5.72095994590368 2.39587324700732
1.66389857944047 4.1543614379135 3.2213705266048
3.05047157556624 6.27320377372042 0.291015500095809
4.80012228748912 3.01452610496057 5.73352303861756
3.64089818222216 5.65882655371214 0.214858238549265
3.81016815186606 6.13523568991502 5.53485267306085
3.25402688199539 5.13142027993511 2.3242041900846
1.81025364384361 6.26517057400616 1.57547862231813
3.27457647508626 0.57322574120351 2.21733677127138
4.80937899601949 7.1215357464611 6.54962081431469
4.506341090032 4.99397828239503 5.13161922885061
2.48998874654954 4.94835507674529 3.77819987713811
1.45630336628457 0.26595290881786 2.03180385230008
2.97138253102898 3.27188222836251 0.847326428835615
3.42533901542405 1.13999094060967 3.56544936838726
2.85970965909044 5.86261027990281 1.91364808735197
3.51180106259862 5.86686751633068 0.909051626963034
3.53721597095931 0.480894316795502 3.42041230124812
3.66242567902824 0.267714677685929 2.93281272588018
3.209300451659 6.95734435499554 4.94100623510353
3.94230338687919 5.42797463699487 1.56273051913811
3.46251956868531 6.88683932877406 6.08102828188141
2.44778527238433 5.14554865583725 4.29382200903677
2.34275148199954 5.42798490941895 4.73692766672489
2.55577085966216 0.956455293601699 3.6531373272066
4.89229779826877 0.62671058947349 2.96316460322702
1.42439570947582 4.77564683981825 2.42601465986726
4.89375575264191 6.95693436557717 5.68862650058103
2.6707498364905 1.42591483678749 4.54661148423591
4.58068283573322 3.0872440239071 4.79162560666844
2.66825638588873 0.643639478499258 2.11581527814097
1.71858405212832 7.24263532420555 4.0602766081189
1.59980690885509 6.90001181439708 1.23127923110223
3.86219188191915 2.84912380973695 1.09782349794834
3.0376712591602 3.70632358681457 1.49134892884708
2.74930429776513 1.26457573622093 3.61550429020239
2.74794143712187 2.67099465520942 1.64989099943053
3.56199237761045 0.262691717491135 2.58183938488072
2.18766119608339 1.05358232907135 3.30869320304459
3.74900854486511 5.6924890371216 1.68341619101554
1.93328816691163 4.47143342924702 0.787295966009866
4.91243139398529 1.33586873973678 3.25837635864198
2.95098401584774 5.10533542100226 4.60494169328924
2.85895574282472 5.89022095112909 2.33857177012442
3.9835138833418 2.39728700672897 1.25054061337009
1.87910690748186 2.2873985827992 4.68420044666659
3.92374040451948 1.56035859982972 2.56014384438027
4.40108323115646 0.956417119736026 3.39491664498378
3.03401192954674 6.87663563265935 -0.210065055160639
3.08370677506199 7.23459244418017 4.7574520556198
3.30993770758683 3.963756887854 5.29262934792064
4.61490581843505 1.9246470960886 0.693138250487688
1.89167192439946 3.72216948512135 1.90994921765952
4.53651314726271 6.24044014124317 -0.487650677640104
3.83213596414059 4.54743551991302 0.698220878558892
4.07471583928623 2.68574098766531 1.00250700159635
4.33222231307958 1.05141932869561 4.32435739986422
2.06392813418771 0.661930478895186 2.5924294262755
2.2421338512534 4.32892275177687 0.920375745262965
3.60552063641347 2.28576546712973 0.407398451353772
5.29696139308432 3.85006179614209 1.3925624060975
2.49665752607015 1.73154430333537 4.82589994203574
3.42753426797776 0.0593785194653877 2.55488065987461
3.00336691800921 1.72333547177586 4.08339352803942
1.55216637910076 3.27985499542936 4.90167735040459
2.05226714836915 2.4232413663075 4.04977970249085
2.1997984675964 0.500835739085677 3.3327152319813
2.91850925728419 4.68886295548281 5.71546694990847
1.93034988670614 5.74070231881566 1.57922071810152
2.62574052884236 0.277939889446151 2.78761738067104
1.24111363403399 1.52831227158565 2.22020113921599
3.35490779402991 3.45402470290631 2.04400333152976
3.06673115289974 7.03244677350385 2.27536731371137
2.63137827244466 2.49615441028566 3.06969043731038
0.930519366520454 5.30068692978235 4.04182232486404
4.30868179654606 7.23827202203872 1.49288694755896
2.95052058103657 6.96749823796839 0.285736310679258
1.78689641085432 2.80037188999145 4.23804663691008
1.92357479207347 5.24638306747375 1.39010790776509
3.15684350089938 3.13930384789029 0.679030401460304
2.21136949769031 5.1515070686529 0.979817145248931
2.15294872696584 5.8848188584652 4.01065526857507
2.36634610034141 3.11293763388685 2.42170683705866
4.17143209243445 5.29636391673955 4.42516039031355
2.83938891832466 7.3665981146701 0.779033503828019
2.68110861617726 3.65903997955741 0.901874025096778
3.08178728650082 0.349143151244233 2.33410254118965
3.36884277875827 3.12135775379794 0.584021190764722
2.35479372519134 4.59277580949936 0.430240843092419
2.51711593927915 7.07731767189143 0.194857725267929
2.42799128237637 0.761507308637912 2.16067424422725
3.6104761706573 0.0554700244272324 2.20759836143517
3.15882273182989 7.48428941515763 6.18568494723904
5.21946392991195 4.14642449875416 3.58756149714082
3.88864488977441 2.34728643260399 0.833932322358932
4.42911190326055 2.5393841386161 1.84809031998105
2.37589032048176 3.96382523305532 -0.179017532204652
3.59578315010966 5.99588622875766 2.24347405023098
2.27111763715794 4.57060614558336 0.0248039897352572
3.0443220066774 2.73398882514804 1.09592289834138
4.2902725331466 4.2569819998494 -0.0098729527363281
2.40302239442856 2.10441547290015 5.05286456475202
1.90937436352907 4.76623622993735 0.947199677276479
2.81643982204278 1.75483494250879 3.01431498958231
4.12565021352555 2.28842229644164 0.0748394431299713
3.97297646251275 5.24186386330766 0.131717979010857
3.57467544340783 7.22158480947236 5.15744255347535
2.35125261668902 5.11631529679291 3.54353048506717
3.14300315164934 3.27578296193289 0.159975047498701
3.70655417290021 3.13862922861245 2.6664982856406
2.23575079572042 4.49936381435378 0.180377767253161
1.14149373186372 0.56682633771098 3.30552516851106
1.7517896677067 4.74509386485286 0.527797540513557
2.36258082441049 6.35383635074304 5.98723382713903
2.68767077570824 7.49180827594653 -0.525959723468133
2.87737986429864 3.80748127009753 -0.127262750259586
2.72357746290489 0.0383691590332704 2.91393182843272
2.33147860160108 6.23955822459015 5.55988300966189
1.19119291510485 4.63679518822939 3.374233398121
3.93033532674339 4.29125853267005 2.55233830088515
3.32821113621592 2.19007200524525 1.90357870644543
2.46236389390821 5.04895411843381 2.84459409265635
2.640284470299 3.27796170365314 0.754765831777164
2.83077069957797 5.09125260914716 5.77721627050831
3.27692313776718 2.38586285639628 1.40745984787387
1.94872176842374 1.79643834708134 4.18244230498512
4.11092656482975 6.86023149320313 1.09132624222267
1.90755732942971 4.22491643853501 0.567634765897711
3.08486300793654 6.99465764883881 2.19074086152544
3.7956443319213 2.73047640719292 1.56471894674626
3.1686822331329 3.68002266536657 1.2275419591086
2.67973412811281 0.851017220213302 2.39014786607844
2.86271706362897 1.7182801709474 4.36640048657426
3.87030327726645 5.16190115806502 0.154180123871257
2.43591571461306 1.70693788482138 4.30236355342954
2.10338527667802 1.02059429524787 2.42568878415276
2.65790218520142 2.12718779137878 3.12584911198709
3.45692946344386 6.05600897342182 0.825612022662324
3.34088922397293 6.70628792341162 5.61266723997118
4.29171995995222 4.90016334296861 1.64862354260722
3.46854474333561 0.271763206609554 2.29918532136709
3.31646487779459 7.36243568266576 6.26964712636819
0.342537715381514 3.97208576664442 2.57036720498042
1.54517080906091 4.36841350286762 2.00911414215648
2.18461165127616 3.43221328309776 2.00078074412716
3.92394773080885 5.26886098444138 0.84480033675462
2.30787288846344 0.534511164220691 3.123626860946
3.23798719582033 7.00036785732756 5.70288794254026
2.15069668299356 6.01269240364827 3.9117435617236
3.21220114647355 5.96200254298103 -0.365570535092087
4.76981516187766 2.65330802246269 4.89910830678722
3.44676358462976 7.30733932319329 6.53993598361701
2.68245423556511 5.54935436581272 5.98392098659918
2.82808994028952 6.37136270996669 1.08951328664169
2.9769465367787 7.26662003651277 1.92682913822095
3.0563264594028 4.53762382532521 6.03110718660673
4.89751492573305 6.10392442320308 0.234176697015165
3.40740105555108 0.42084915847892 2.68101623049823
3.17272836454112 2.93111370707464 0.415230290682116
3.6013540708584 4.95631347928862 0.673855269990688
2.11532832268732 7.09473809371862 5.14249860403407
3.33582323939174 3.28406504002774 0.926365940494521
3.41872767292663 3.81725946723438 4.89046351516314
2.12338374914843 4.13772633420705 -0.102186081752821
2.07146819362836 6.73452362587129 5.73650133074237
4.459685209151 0.955842089787351 4.05554510688484
1.82079670105696 0.486693158301974 3.07671567137741
1.69838352117421 4.25135262228432 1.8140100463231
3.14598172441384 7.14255382468987 5.92884665931635
3.97495533463622 6.86690130003642 0.555576827374427
1.6056695243987 5.13407435901169 1.30557284449145
2.04368600148722 5.76347754417389 2.5321345393157
2.20038278922492 7.30380960839236 5.50316876463862
2.07497940772317 5.98350908598464 4.23092413328813
2.51222826833551 2.71574018884507 2.89744934436747
3.68371749315136 0.129153098835415 2.22452384919129
2.2665834537042 7.23927323128554 3.56681517933308
4.66216469915849 0.293296926144792 3.31166152408294
2.99592916031213 6.94530404792018 0.349741914968623
2.47612496584277 3.06619251438654 1.74198916900123
2.20071492591165 6.03839055545091 5.05160877312879
3.01716014154163 4.75660222591832 5.38671560163725
3.87748292132389 6.11905433015478 6.32700804930835
5.30744063364057 3.34541338720373 1.12959803841954
1.24979780470301 3.34814983491092 3.99267393603755
1.97932877803114 3.63695145181717 2.71027234459405
3.00626999143296 7.34206393222592 3.92148748914254
3.99459214756643 2.61382246693905 0.489375716959268
4.07283224850372 0.659865723029765 3.42072255550881
2.56661115640057 5.27343107933482 4.96084887635676
4.44068475437579 4.18133697177954 0.400338440846478
2.9674867742022 6.7469548391605 -0.561791397346998
3.75609103451388 5.05045228918714 0.0845850651222202
3.63396391518311 3.07382180148016 0.759133067040751
3.62155764449027 1.03756386012392 3.96969429048338
1.59748943744808 5.0357106081623 1.96649488607071
3.52843134969826 6.36666666835564 4.96132767296326
4.30551624767617 3.55526700758433 4.56883205822876
3.437178339454 1.47959519135896 3.8675347755735
3.77698026199289 1.94597805290869 0.801243590543089
4.55231955050718 5.88056086912589 1.60127919136272
4.39411071740874 2.98844541100411 5.41638944941586
4.22726259930367 6.7347440052281 0.251582482596672
2.47992775069997 3.01138712567072 1.61808682527008
0.983239666831725 3.39523762249621 3.51523990352153
3.19923490680116 2.54120288497829 0.538043075662918
2.81860367154203 2.5625933245293 1.82490976124956
3.22609438602024 5.70986996414492 0.439107607655627
2.14933535980522 1.94965750105667 4.32588502933043
2.58263972474295 2.80753693535426 2.08409616947678
2.18740898245396 3.44072336476797 1.85871841105545
4.79262557823673 4.13708738011299 0.0148501060935533
3.66146247297652 2.30063156210949 0.464859392749605
2.79690611566455 1.66395521010426 3.85197460187477
0.870290553848702 5.20113107897128 4.20602491160658
3.43370562137166 6.22138275629041 0.963767028997131
2.5402847330811 4.795449827505 2.4102686282231
4.30513242848549 1.67548328683648 2.63122808875182
3.42238068305434 2.03300094626542 1.89987596737456
1.98689438719296 5.24285307530481 0.730767074620843
3.82124047616051 7.02792000220736 0.50136225715424
2.86076051515451 2.05270156376003 4.39463832978302
2.94307370887258 7.43345549141103 3.85481139148718
4.28604354777467 4.98180160596878 1.83393535015703
3.30618010289372 3.37796701029558 2.24852118089638
3.37496870398177 1.37826999046945 3.22446260766568
3.64512201078871 2.91079510631903 0.708726651027013
3.02094338167689 0.588524811701975 3.1392429322731
3.27261835153445 1.03232732994977 3.06196360644782
2.23223921780531 1.61455614207503 4.33745017955057
3.73643626639317 5.74693587967731 1.85224269535526
5.10352402932089 3.73858791410025 0.434509202725139
2.10339740447971 3.5913279080905 0.953889894499177
4.21391312489921 7.38105975043468 1.04962073581357
2.80538972449461 5.62234265590498 5.60114803481899
3.54653850021889 5.9188804122311 0.90217725271627
2.95048945456489 1.63237622772553 3.47822305596325
2.64947185713859 2.25062770138721 3.20533610327189
3.62585699911121 5.28414377482655 0.34310568118339
2.81586670935966 6.07405486444194 1.91249399341274
4.20283196968396 6.89649615028151 -0.53139360871161
3.0073270819909 2.99430577788639 0.620801002950463
4.30431660604039 1.68318074643522 1.92140521935211
3.43283106630469 3.27970942571919 0.945105157084564
2.90775417730275 2.07023488557961 3.4332251853805
1.93408502016186 6.19249559073199 2.1907434811782
3.89667580524851 6.43034395869541 6.41403829384169
3.78465595068895 4.63638782057117 0.0922693310130698
2.1248191621479 2.41642147295461 4.80334251650061
3.08268914774514 2.25026992675364 1.60228585036598
3.17305667172261 3.79484189884263 2.84722482839815
3.94294389139791 7.00411210202633 -0.357937501638969
2.90617985012608 2.91431792453379 1.38541414027983
5.16196061698097 4.20999103910997 3.90447159923983
3.46919458290913 1.10554280198042 2.7219108409008
2.64457083774514 4.68191095453037 3.63543726314719
2.32686202503303 0.146548807582522 2.6361741555367
3.1576085007621 5.80785770968983 0.190858048061257
4.01282494017387 0.833719483676821 2.02216007064203
2.54033923415414 3.47235370008088 0.629912494225613
2.7413239730045 1.20358804195033 3.62847765853258
4.98516022227871 0.967784941473076 4.337563933589
4.02305251723823 4.89567938046875 0.573462031348916
0.584582367527538 5.11958033190881 3.66431697081594
1.50581843090951 0.263133173477063 3.3252099608191
3.66139888176373 1.27706958439126 3.62048677124885
3.9367496101129 6.41977468041868 5.67639903542702
2.17215720879011 6.15205279122573 6.05359387035311
4.21344994547322 3.86265329376915 3.50823938315989
1.80149336215224 6.55915543241865 1.59061506568656
3.59245140142293 6.00053159384641 1.53410779937266
3.0028867501672 7.35211085783788 4.09865073274078
4.57601653775865 2.69343045777157 4.04651122406776
3.89385772388155 3.00419303884329 2.55255371497592
3.35331273456125 5.75472312997329 -0.471632980582812
5.02497854067271 0.980700778027123 3.97608007575575
1.6603187200483 1.70909843826243 3.49730640812755
3.5229918715321 2.91524084539175 0.853573835455369
1.30203908712507 1.80356184275228 3.41855768368911
2.83730324632316 1.94347762944585 3.18878085419466
2.75461518853957 0.478753564403024 2.32241653213295
2.9925715370976 4.46596904281239 4.87321142877809
3.0681744679195 2.8535659212199 1.14859760965807
4.63802969721503 5.27740769153366 6.12239052865304
3.69085678641176 0.561423317820534 2.86785418462864
0.882469072427377 1.4244193274764 2.3405433425415
2.70072800112814 0.212013437267164 2.32096143390268
3.4407262226089 6.03512131873136 -0.163251677305917
2.34188046108519 4.66622450156289 0.996147432677453
2.60926230018507 6.96801109042439 -0.253349506048618
4.67392542117522 4.90026595230905 4.98308179181087
1.82133760631491 2.41104905356527 4.10270558289695
2.54895672800205 0.67499166800488 2.1508001139202
2.45746536705068 2.25105231721232 4.2184857989828
3.3772499641058 7.32288591432127 6.12528348114365
2.52457104258579 4.95554873871674 4.47032331739021
3.49811138532114 6.53492161050141 4.63986202004887
4.01769795114372 2.14614652370926 -0.618447709428346
2.32844371357184 6.62369901533246 5.94682019133346
2.20793854190676 6.60807585961257 5.01682640786457
2.14888511489787 6.97464495235448 6.08762172029897
3.68919978357455 4.74049675565229 1.20939063747275
3.66662766876283 2.516998276787 0.403481297306699
4.36038178654519 2.90527226647407 4.82409695216706
2.50662471332316 2.39932408809115 3.7627397888878
1.98182523961746 3.35281634365789 3.22069714687211
3.92674059208612 5.97121364315582 6.15719211329678
1.22043161873031 3.89901382832684 4.97255651408255
4.12657675719804 3.37566885888196 6.01630635771791
2.33431008166965 1.18674527088943 2.97631645141715
2.37497841114594 3.14245379379347 1.77066413606614
3.78142252412074 3.62514360039997 4.84278444098906
6.62513622538799 0.819229233464884 4.55706197452617
2.61227212920733 5.4083823407017 6.27623118304929
2.52882603260244 1.56240302969861 3.67264585732288
2.5225900397911 5.70424530932066 4.92182610998339
2.24251805469981 6.20665231325396 5.12711629188071
4.81693736818189 4.35716371460662 1.39153539399205
3.83801169076121 7.10483359948451 0.278757283994569
3.15824537377362 4.51058914175936 5.0155204868643
3.05690789708613 2.12572115363718 2.25153845676892
3.01255856203765 6.63627026225133 0.642030433560253
4.03191602907399 3.17379563781925 5.62660021636989
2.08305948007208 1.24510692196446 3.7751641440989
3.25933429474877 5.684440496869 0.0365056407053704
2.32753260265583 0.225720606823911 2.45591059543336
2.57297037084981 2.86662984462253 1.2582315927099
2.48870247979737 4.36439477648454 -0.126424233806424
3.05838148539141 3.07171136720949 1.57140534800573
1.62248535646006 3.90827912858077 3.83351766402659
2.47400501597109 5.86146893836761 5.94747277265408
3.12471572983578 7.24990154469489 6.16211494133479
2.12107557914308 4.15436587662404 1.06589770946077
2.43591779492694 0.659405922113006 2.83880525159986
1.63985198733746 5.66504507731316 0.271753783457908
2.19864698754192 3.18077045306757 3.03645223176702
2.90331182137615 2.77110192002265 0.575660566352882
3.36426227398041 3.47774137465851 2.24499131648774
1.12937797117097 6.94145812509184 1.54929323418862
1.71785163538349 4.48856056174793 1.71264669112969
2.53356611835624 6.21264616970884 4.81465513575612
2.66409872371562 6.46345009586629 1.50135861545142
3.84217317506808 3.21999198024144 3.80913743773795
3.59992041070679 7.31672612712562 3.46880989523574
2.4990710844326 4.6139898351873 1.4430580572252
2.40863136979078 6.96477315632156 1.66280242414238
4.03142549299553 0.355219998213503 2.23682531377554
3.81830213111097 3.81562261203145 5.69731053452177
3.21702778144118 6.81650145524915 3.84993014424604
2.3303875444809 5.04117013245621 3.27510544101253
1.70565283438428 4.76577428055089 0.303011790637711
1.83283538298018 3.91547786107679 2.70598452522583
1.93099112817011 0.941631873093972 2.94918786452046
1.55765554613336 3.60158129849161 2.79273076590239
2.76970523986032 4.29245361877843 2.74028791861584
3.38523224347106 2.92113702923794 0.685177435192587
2.76174047092326 0.368708489372306 3.10021468127762
1.0385710952401 0.362990555285896 1.88182170031073
1.18589050392696 7.13193140143369 0.706789878460066
3.73742655124578 6.75120217788227 5.63561042372371
2.32102929272225 2.4455044915744 3.44723377080832
1.8588065466737 6.36865950617829 1.89933854800181
3.06183748082711 1.82085361121859 3.79563430378725
3.64500611655372 0.630913739569078 1.93650660006173
1.58336339541788 5.29293431668062 0.452025001470193
2.75193055468393 3.11541587044003 0.251360928426091
4.09283732522157 6.61291594398062 0.0861571147111229
1.76387352737203 4.79486210692533 0.969237563185532
2.76902457124421 3.60318859544225 0.895453702173474
3.38483741661719 4.45621325236478 5.32149672831893
5.59171122419814 5.31881213456985 -0.102162211358896
2.79815654261553 3.26159277718264 -0.196243627576026
1.71380539318256 7.2249000441046 3.50806892242293
3.9327871185154 6.64678689487008 4.59954754642872
3.80898747042047 0.924374685947909 3.95901586400512
2.98000451266653 4.29662889529723 4.87655766995209
2.16703041503209 1.05179704334025 3.22223707127418
2.30574546301637 0.953007338005156 2.88146411591676
3.30248672774738 5.97668078913577 -0.685520422946149
2.76328781789977 1.09999113077676 3.19572797576454
1.42706008917864 6.41429729696869 0.931532448471207
6.26072039580131 0.11310101555934 1.89808995546114
4.22090304476303 4.09647825685683 1.31612872015396
2.40199658903968 5.59668494022605 5.08109464572059
4.02235028101924 5.80749078501172 6.50514456658463
1.87371678242867 6.03633681928349 1.67257677172762
4.05081167653934 0.924728421564873 2.85010651190806
2.55597622918575 0.356551655426348 3.46253867921374
3.05071792445579 4.02012199335136 4.75018056037446
3.19278665020108 6.70999839972372 1.74077346078756
2.36840158679344 1.20202128732649 3.28743799942073
1.86326842866536 3.98110477597281 0.639200108263315
4.10256184249009 6.96510039871398 -0.346593985864396
3.23895366633063 3.66246907076955 2.23966758430983
1.71783190073035 6.73036437684467 2.26248570098116
3.94137798171619 1.68028804615314 3.3403007427353
2.56869589088139 6.46221860903067 2.79841695166189
4.08895541392212 2.76419713654317 1.25332566549572
3.90070110427615 2.63570579301979 -0.0277663729044417
3.48378496999485 6.83443188103887 5.92825959027624
2.01524751010358 3.40939806570935 2.27296455519304
5.27410524869367 4.19563572608602 5.22521628574023
2.39891340201386 1.64559467602817 3.62629366735041
3.98728547475915 2.28816970759987 0.260495917478858
4.73027084481235 0.888362804742624 3.47491451494014
0.72463424675299 1.42053954625612 1.75865636375406
2.71278518723268 2.59248584867751 1.90368648989597
3.29840558868389 1.85486087307856 2.41762497182018
3.67207812112615 1.8908077323695 2.4516419811114
3.19293394232234 7.39103429567275 6.29620221606787
2.01624870153608 5.77739201115605 1.33126785697215
3.52448569349429 7.12784217812094 6.24389941471237
3.53475470366586 7.06376589395461 5.90804470994543
2.92743789591014 6.31065390562314 -0.0443300573269418
2.49721328245173 7.27146347087216 -0.0817536021863899
2.3120943743994 3.918416326835 -0.538406259927753
1.39030605128323 1.9159041163261 2.70939684606836
4.9919169966507 5.50703770847546 0.374329002626442
3.88962066144517 2.57924021696096 0.736055437035705
4.12421556195729 1.71034336716038 2.40341616485804
3.9235174564054 0.213364522232256 2.31106525583189
3.02761078928999 3.76069835262544 1.51451490401739
2.914922108858 6.89797780316514 -0.414992496553233
4.08023214264307 2.7358319978754 1.80635907442188
3.4071209589266 0.727032736208904 3.21603807327786
3.10546845877696 7.30307606441388 6.1972832545715
2.10647667833344 0.876422644500336 2.97432577675438
2.25266086781966 4.24500772315503 0.843094726539397
2.19857308014841 3.08797988239 3.34116797145971
4.26372295936627 4.70120701045995 0.566959881972099
1.39119069948122 3.00164892131995 3.91487191608249
4.24308652699621 1.4523173199581 3.71407397284071
3.32192253621002 3.78994348536903 4.50391211825506
3.45771390197892 5.81124760703407 0.960845839302553
2.54381668804975 1.1616296154124 2.81436276340814
3.40445108994498 3.94216419424301 5.75424265159374
3.68690356046902 4.37078219996012 5.24607886146318
1.88035124229542 0.714018175856336 2.75302605039639
1.17907876488824 2.69516377749886 3.21236319140518
1.03291575866186 2.40771222147125 3.24686492511799
1.58577665942027 7.45954741756622 1.85396487295096
3.62318141885465 3.69123293671477 4.70699374038262
3.34530782452091 4.9319814118296 2.70166520793424
2.8768112148183 1.95086498021679 3.21107371298927
3.34696262598299 3.70551811186659 2.94310577257611
2.82046873971923 3.79022110831404 0.60600575313682
3.02317733307158 7.19067512966942 3.3126443506188
2.445035065463 3.34711750879137 0.0566368530570975
2.21905747444674 3.34153857168146 2.29563711854442
2.32168906059857 0.174525089911759 3.44014164007863
3.70950765020237 7.28217683338678 0.24504073560598
3.77314967971411 3.12475728755914 3.15549769509186
4.45317310754321 3.83436190404848 1.93067590675393
5.11499368982341 2.46526999252001 4.49597459657626
3.71410569826554 3.41585105606326 4.42567075788752
3.29828778443495 0.832388095744251 3.08700567987893
3.41339408805807 5.11094056579585 1.04636007662231
3.79539974133413 4.90543150021339 -0.359420984895423
2.60583286986094 6.4653375003408 2.36727739198562
4.07115545684509 1.69749536575189 2.14730856309133
1.80498430374368 6.28889913932534 1.08107253599698
2.1300831125266 6.29403249549669 5.40603020129454
2.1042081928102 0.712717275455578 2.22873291082643
3.7307956000176 4.01722685923187 5.45068448292724
2.85733539312716 1.23650445463821 4.08057679102474
3.75682085714106 1.31864921335808 4.9610926639178
2.48529491694165 4.8252408681532 2.34472300561061
4.00541062796388 7.44111413479544 -0.713964978904513
1.31863263101987 2.83603148608588 2.58510964403886
3.58909217932196 0.276529805280783 2.56585850711328
2.25633349176175 7.39465713951907 2.17657645211052
2.00893118443142 4.92745468865178 0.87563132688716
2.27603183569969 2.69356324419325 3.57075280870286
4.31285369389522 3.80975892278079 3.36460944430151
4.15421036378027 3.6953783315572 6.0087522649398
2.85097403563984 2.58829437489627 2.19210253769301
3.19991817446556 7.19740793067733 5.63896988131975
3.24876966240187 4.77763051869646 5.18533227489685
3.56440907014693 3.27706553361589 1.38603837978148
3.29743697484045 1.33333416292457 4.47433269591562
1.23857520256252 5.42025999064727 2.8327481189233
1.70729027130288 5.92929834700177 0.846020042061767
4.43185887753688 7.14303638727224 4.28387983237854
4.25004457662005 1.55414315742464 3.05895229496687
3.10985296273788 1.64657542431363 4.13274221134866
4.13956445759985 2.67273410594567 0.494084256187047
2.66944126000299 6.54642983747018 0.480154186179878
3.30487071324002 3.00555230807453 0.692180892696473
4.02043704857142 1.16455643037347 3.72028105253066
3.82790543304255 2.14870191717004 0.107374334669838
3.60814919138075 3.69116870912423 4.60185671495388
3.23093811540143 6.55866068312845 1.22134378438876
2.0086576566806 4.23836441671264 0.907594579551432
3.15649661516844 7.34008397219981 5.87384176298221
2.5882464191378 4.96958890456043 4.86940250893905
1.57576157543809 4.34631619889546 2.90953464854241
2.4543087811548 6.77102943716684 1.91122752387142
3.57945254086121 6.18426593635013 3.77353125683966
3.06601683661558 7.19576015012269 4.46648018084963
4.11163251309505 5.53080975264284 6.23173503351413
3.66515050169338 5.07416177872182 0.0985634050014259
3.75860492273008 4.62949815671289 1.40495502776728
3.669288459462 4.8389783948157 0.357635236470137
1.98577069455655 0.584605398052318 2.90512652023498
3.11148127387609 1.91884591586112 3.38588885944992
4.00407259145401 6.84243675091151 -0.742460619807354
1.37396903905885 3.5355485553525 3.50556176053806
1.86041565649612 2.93536491919689 4.2367495248495
2.74972792504101 0.604071799461094 3.29144614393861
3.52563748191224 3.9934907170028 5.28821178499118
1.55854577144436 1.53274628258601 3.00415361530904
2.25404945504809 5.05217466376457 1.31795219980984
3.911958296868 6.87140070420963 0.847353915242915
1.85304952248424 3.97368116103683 1.86501123317979
2.50036816491757 6.35889397987626 3.99863946416041
3.8428599192744 2.71153689504149 1.13134697770292
1.88298927753339 2.55739750858914 4.50968402720513
2.5152073588799 3.81315583595334 0.709607801715507
3.91894636222809 1.5996249597716 3.46269760825255
2.55533678236888 1.87094450351588 3.63610763473122
3.54845689795309 1.53517454773849 4.90233617751473
2.99278958537021 3.59717055600963 0.162548970849825
2.31079556113919 0.714380700781955 2.23376064658757
2.27418412053301 3.56147460625662 1.5932295264292
4.01491585848841 3.60417489509436 6.04197818615856
2.45397167318708 2.49677442018209 3.51811874535774
3.2603005699175 4.04504132735221 4.8872800542449
1.5952961387926 2.30210837643639 4.28777381960735
2.28992480598721 0.882143291455561 2.90292090653504
2.59614570815485 5.79369722028703 6.01360897571342
5.40211446996663 6.99829134693523 0.314245685212307
3.35447230689486 6.30712276839576 1.36629516197325
1.70545574363714 3.39008169110631 5.09217299019788
1.85077929324146 5.24741157248973 0.303323407640171
2.53710850219384 3.91566820313488 0.701866998040892
1.41434544892057 6.29988008752463 -0.26432991537229
4.25144268356094 4.12886762662157 0.722406481419062
2.70606075299994 6.56903986681903 0.564262306262494
3.28918842883594 2.47176651464062 0.166048322625023
2.32662862185103 4.71553258178947 0.958792853938874
3.05236891331186 6.23043100699369 -0.252183227383609
3.08332059008084 0.764858559456769 3.01540007000239
1.8915287114779 0.411633583210901 3.119371384049
1.8822330602426 5.00850916285667 0.66729405606776
2.37240227119111 2.67259577054309 2.8300484658583
1.77998745455652 2.87673179684581 3.74455330708518
2.41585396794886 5.3291023697361 4.92346132600076
2.89754075014973 1.42516171060416 3.40481483916743
4.61661643534835 6.63009172703705 1.31766417249363
4.16770068917922 6.07182165715531 5.93378235012644
4.63935329233415 3.10359043380368 5.53869786822693
3.01488308672202 0.405910458376326 2.53196214712762
3.00432385179028 4.66329989153577 5.43405157522802
3.34262031014086 2.23375952741323 3.06959897362419
4.19834040163945 2.73891258756508 1.65432441412811
2.36468874337596 4.57740836824723 -0.330992515391203
5.55513695815639 5.21378466675141 0.292926225437384
2.42362771984067 5.60227248954988 5.35198108849617
1.91003604126734 6.77111958836106 4.87513533311064
3.51302680383923 5.25613064566233 -0.0273707656947623
3.50078652486678 4.08842858600208 6.39638028166516
4.04402613249985 6.99618686094677 0.47308517706759
2.95491888689631 1.0356958457693 3.61869961186219
2.10919891490454 7.21402579911687 5.32403874365167
3.62811501511573 6.9389308920874 5.74735459156224
4.03854584855472 4.94747656897524 0.229323750890556
2.23150582647974 5.96246208840678 5.3463986535218
3.47804167799176 0.75949246670452 3.28105640648298
4.3309923979298 0.658615791783864 3.34981787178521
3.43827564951925 3.84268191651878 5.32791902794279
3.2687516898547 5.09395334910978 2.58622977315026
2.41382917933302 0.932442497639542 2.46338533243523
3.27849351615822 5.84121276324544 -0.507842580490437
4.65159240977526 6.29472315670116 -0.18517533727357
3.49436235900135 0.403718850289867 2.54369187216158
2.49006823438385 3.76452034450322 -0.154461072015545
2.87041282515197 0.136408243650796 2.27123609229321
2.99955016024489 6.55900612689137 0.33100458314625
2.82256169554309 6.59059738031808 0.404981442683187
5.14316988875631 0.153184036753743 2.2368704985402
1.45740752218192 0.818207699776571 3.15530219277921
2.94886297666116 0.18095713328195 3.65303448928595
1.81731625852435 1.71559536531258 3.15920954415195
3.23636121316736 0.734265148935852 3.30537813966223
3.48830351862224 6.60967769991134 5.53261952844299
0.155008163250796 0.543562496644271 1.13127925337988
2.22302364949329 0.3024812568029 2.42947780248692
2.74007078442215 2.73957703613984 1.37920770655118
3.25574513252694 3.20303011436882 0.773898195302302
1.79472957177595 6.72032861785627 2.90573751412902
5.45082211533694 3.91143680382517 1.12005764843562
2.42170887501227 2.04458332291088 4.23204414124191
2.4019568039884 3.21609052360682 0.789035630315122
2.72128190882793 1.8198369575791 3.8464140188147
3.32047338370671 2.57910695345177 0.2040831193999
2.16550122301577 7.11762335858304 5.44318899285274
3.17968655529121 1.29807951274142 3.30240395368898
3.67018569655558 3.81744007645955 5.65621044175661
0.949399266344402 5.05820344584385 3.98373871151382
3.30017510318083 5.17264647313839 1.63542953404642
2.09897591904119 3.89214609316276 0.983153721754911
3.43764284110125 6.76605543607474 5.1343315758535
2.00522402496949 3.28833647019148 2.81338674741659
2.76610821050207 2.13069223657607 3.8472892328003
2.04832503215793 2.18482820782048 3.99168338647133
3.8499160928459 0.975498912660501 3.70743283768684
2.50117762887517 4.54114628352635 1.61487207879686
4.35463301282606 0.383963267048089 2.70790061138052
1.41405243168694 5.6643853204255 1.48560105293868
3.61516353502282 4.63970860042929 2.22407268545442
1.69807379906853 3.65415942493661 4.07185022414448
4.04155354974657 5.20155857287444 0.461622822641249
2.7085150611327 3.44584551595443 0.836564530370565
2.99515169708527 5.43091681494496 3.35024429017535
3.05074074358191 1.96538284025674 3.76388126835394
2.74832764865141 6.62319136459302 -0.154584632931404
2.61950118869685 0.309024110449229 2.86322723802466
3.5367879589677 6.41724931848689 6.04431184755477
3.4846653884392 0.951213771288748 3.6554518012031
1.27559411081219 2.08700228667889 2.96457300868484
3.42790637502162 5.84367428975937 1.00559970511733
2.97375937993005 5.70701892023003 1.14545609069718
3.1242089769789 5.66790807546853 0.525953663280268
3.63131444793709 7.39122102765517 1.10616790912782
3.74573312375701 7.17036288965087 1.66593834561059
2.13889717795139 0.785869620628874 2.07621045864874
2.72298121706847 2.87308001065005 1.19657598608373
1.63240708459487 2.00035793049078 3.32095869861556
3.48684977527042 2.90850007495226 0.709602275856276
2.19788153048748 1.10022509546084 3.02028467394645
1.68494458245225 5.82112447602217 0.8134941019273
4.09973039036179 2.00611293796895 1.22174038072535
2.52430661853229 1.16580127251535 3.9380257221353
3.16915514936606 7.08445654723513 5.46791328575863
3.74432091801887 5.35227856704459 0.71366606698268
3.06632116347842 4.83859811716982 5.73817661318932
2.64793660661864 2.62210928119397 1.68643425721298
2.70892082761236 1.83948857339998 3.45712981358205
3.1363283537328 7.45884393250879 5.83038238144763
3.25192000811744 4.01803243434135 5.32929925236558
2.59859480635815 5.84266623408814 5.12934063385101
2.69124418485374 4.90844442211619 5.38531471095547
4.57092614421634 5.24456351318006 6.49417730451229
2.03832057648917 1.76718324306511 3.73991057814846
2.15791317275559 6.73471267910727 5.16400182244006
2.08660522390848 1.32368500558911 2.93743637724745
2.92713987406868 7.04242460214188 -0.797317066063349
1.68774442935902 4.26206214819063 3.08296290828522
2.01913020971524 5.08248551712644 0.39245231361042
3.563440639329 6.79069425812842 6.32325231851132
3.19733659070113 6.51573246891412 0.54848812217651
4.70749080024928 0.4920521673646 3.49364358214886
1.93457905533414 3.79818225254397 1.16352298496396
2.7469789626707 1.01549519812584 2.808272599148
1.28133601988095 2.69598234802246 3.55031796511379
2.8546076301307 3.13614589015781 1.15929791049881
1.93502956451824 6.82870854707337 5.08056290946072
1.80634384294314 5.69529919946903 0.416716174071043
3.04792568498482 5.86653408122253 1.06058398358641
3.18692609968732 4.70474112551819 6.53830119786931
3.12207127563285 4.4643679654839 5.2356548856133
3.81583988226048 3.91505992248027 6.19351244280755
3.0007569111083 0.0341354030688148 3.04695248232344
1.48091051551066 5.57163584956697 0.25371978525468
3.8802649317053 7.20479072090473 -0.41767678107567
1.89541319671268 1.16552847359086 3.10676403612787
3.47465150081638 2.42845000153475 0.836977550023796
3.57703616210808 0.00602936426726508 3.42368958819682
3.48619149233434 4.24399056050256 5.13913745183511
4.2426317760201 4.60712179624261 -0.0294264592559919
2.55064407118974 1.32469964086992 3.7779221295306
1.8790681439325 1.66365125013842 3.97870581672839
5.19329547178975 7.20532411553717 0.149748335097521
1.34498604733268 0.272966883643377 2.34753399666042
2.29295621805688 1.88588235542313 4.73831537205423
2.55173522762906 2.06370916490297 5.1850535789068
3.58567944869522 0.216305597074444 1.94059796855675
3.76115197214977 2.10325823068511 1.7310764538688
5.73910205809922 3.38969741650374 -0.032283728818965
2.76242956240267 1.36779410617044 3.4369841833218
3.1791761455557 2.87249001947033 0.119734568336121
2.54363421185682 5.77569639398112 4.99241757301447
3.31422063724705 4.23350869578242 4.34453858009564
3.20141255007838 3.48557945438847 1.60880683629065
4.06907792112246 6.38778975249579 4.29668539056799
3.92501158029141 2.85130337668884 0.524412374832221
3.63482723382972 3.68056347465028 6.12769504348477
4.50132900019335 3.17494608989761 6.27686363273073
3.10567320043214 0.560384523975196 2.18718857401905
4.84199920672261 2.64716476403445 4.7236181400362
2.13397054891386 0.456949837118962 2.99239571683658
2.86396302182226 4.14076308649287 1.98643735036838
1.67334258206858 6.56785217477395 1.21519853245137
4.05791535236031 5.37126886883772 3.57919278951497
2.51551494787088 7.03057415444576 0.757612533007477
3.37805806605644 5.52217831669934 0.4003299392135
3.39435206757699 4.43353900095015 5.67596418282312
2.05646455933043 4.15402621089756 0.884104211661074
3.66490895105032 2.05884270811642 0.546809711046907
4.21822529071092 3.9115364685804 3.65594158385867
3.76547719310499 0.806267689849173 3.2621959109697
1.99929001510408 6.34671218940535 3.45134972454065
2.56213249960871 1.85652799598657 4.38779417654029
2.09930923320607 6.01403900964771 4.13022213008886
4.09216707755403 0.280651457750198 3.25242504960741
2.67441961733163 1.44322469092731 3.58882911996541
1.91531976921202 1.39986905192245 3.28421370305183
2.60528676031266 7.323738579697 0.219637938939352
1.18223484783239 0.265453698423955 2.59661244023026
2.22359139593642 3.56714979794589 0.343956201956518
4.55039983165777 3.18452041419534 6.38518714656356
3.86990724088839 1.27216036673331 4.40265775622944
1.27484333899843 2.17748788959805 2.57250335435544
3.25630947913099 0.213744324581623 2.76565669240259
2.1596643755808 6.07374069771394 5.14145311686212
1.1509077463915 7.40406803102477 0.610529465608163
3.66348407667963 5.6963325281457 0.262699780706235
5.23910124059114 3.36745863002129 0.262381804419209
3.66510782550003 3.98283255499186 5.57866708954795
2.72337449071308 6.49417598354208 0.820680801228168
3.45775406835246 3.79684072779237 5.32385093057297
3.69774264156359 4.19353440570473 5.55515554351006
3.79702917223949 6.19880904700917 5.23844616917696
2.96185693867834 1.49652841991111 4.09375973080072
2.23071605000617 3.58667256553171 1.43060647369674
4.0982036349678 4.41233311376033 0.975636540832413
3.08899589611898 4.58091140916568 5.67525282458055
2.44857272631713 3.66799127647781 0.609801559388352
2.68588730388751 2.71271235935695 0.855319797215681
4.05385280361412 3.94347150246838 5.36391515872623
2.68487293122264 7.41674264210958 0.380330267645414
0.894356419929816 4.49028271308116 3.14004922713173
3.52985616266907 6.03990546568127 1.70259768660422
2.30479011517973 1.391110625916 3.04075456115244
3.80609757528454 5.91270738120587 5.51777642786449
3.75254234716998 5.25970010251619 0.456139292331178
3.73840825772903 1.50716600422044 3.87214532514776
3.82755885788711 4.41835846612347 1.79950324367571
3.01640659014986 3.489982369026 -0.0740328920393651
2.82494336673329 2.0668544362601 3.21759136023002
4.2380265469282 5.79653063184555 6.26911455035588
2.36724433896816 0.535872709077309 2.03567376447481
4.34062026321935 0.27631424771515 2.12631256098644
1.9363194027843 1.71147623326336 3.2278223413447
3.54827903742501 0.565846272608707 2.66309927787779
2.74707761464769 1.70908075464897 4.84685770939067
3.09015089079911 1.25658892932868 4.55613273215785
3.75239256033947 1.73519108670494 2.4450758376966
3.53700088997403 7.1730682082252 5.41397470098509
4.26557163870202 3.98049578383567 2.3011181284732
1.97284955280008 4.673815433183 0.129834015451993
5.03842599202703 0.623368615649003 2.89312328623663
3.59583886004406 2.95001426712765 1.15094561773509
2.33082600470942 0.0710742098771338 2.92104763278094
0.719452554874508 1.92117850046776 3.36842738476436
2.46341256967765 0.319321861753409 2.10333403527392
2.50743023680068 0.998797210457393 3.49133965793019
1.68477498703101 5.04930346132702 1.12447045833903
3.77714779865412 5.72050047537161 2.20999681491747
3.29094851659074 3.6665191261723 2.86312624661412
1.53558702043462 0.116972254013015 2.0317027411955
1.99279965531395 4.1769324845919 0.178826338508384
1.32414133796735 6.1856311451249 0.779364283098046
3.39888559123164 2.87082771103029 0.369092712192523
3.62150944082136 2.85834362351839 0.666117785583209
3.36792370999847 0.905331907178508 4.35495079104344
2.41315896815178 0.601828263480765 2.98439201449494
5.38537559345433 5.44497014086987 0.129375024137103
1.86500761948008 0.791575145129291 2.29004703534621
3.25361887658885 0.822999493946578 3.14546756627694
4.447818392348 6.88505037725019 0.141056617887101
2.1851403497957 4.30993620546056 0.582951525019642
0.185288798715522 3.66183813563154 2.88715389062202
3.71032869682652 5.65817093019322 0.402141559498234
0.747069710568373 1.75156301673146 2.57649527950793
2.57725369042033 3.10026718090324 0.639560661629266
2.42661993590775 6.72174311620909 3.76350950013604
3.66272705017909 5.82445624795413 1.87055941172227
3.53221350199264 2.65691948582877 0.507260953698065
2.24730367062288 6.62578507087214 5.38608908697495
2.52964817010105 0.21917229618566 2.4753765259449
2.26661508543444 0.828633067830276 2.50390293082924
5.25230828965689 6.10058994202004 5.96951914269429
2.35507193158313 3.57777281057162 0.887700448235361
2.98857955551097 0.205799763880631 2.84488239032964
3.97705430198788 0.747474261580416 2.59339405380719
3.50669161054119 7.33126700231491 5.33766851313183
3.41560953409709 5.05688228255722 1.39207992325898
5.12349244611301 5.38367328549201 -0.31692692061697
1.65479475492641 3.99978771590941 2.1744292839523
2.64565534723505 3.22815245788996 1.6460966682077
3.37184583548664 5.39113765601381 0.410368478882942
2.92417800832261 3.65847884317191 1.19036090635376
2.40426528209536 4.32993536303823 0.827093258043902
3.15524349257994 6.99295171371133 4.86095496338301
2.6227284092833 2.09931807893512 4.33962617677522
4.14877378136251 3.82519017333322 5.24571999665719
2.84839709154985 0.761598300311317 2.32984920394631
3.58656651490251 3.299669881879 2.61435674460219
2.84204304158812 2.10190674840278 3.30611383384444
3.37552909739218 0.426053885178374 2.394102269609
2.71144343607628 3.63207950783416 0.677102659255456
4.2025974504531 6.34922471291176 1.87408002988833
0.0493683092783672 1.80327012065852 2.67532352471256
3.41706946705912 0.640597989434379 2.58892512304236
4.01789583374797 0.11532606901624 2.70182259988963
1.57328354246612 7.05067377492685 1.1889791715639
2.60667993567614 1.42599773351221 5.11720804372393
4.02495879029924 3.06432225635673 4.1179956383572
2.63780672526502 0.9674320426159 3.45156500712179
3.36605940276733 2.2628104881734 2.62895774822422
1.43726642922682 3.81517056494833 3.8006540099117
4.89493045207743 2.28862440686462 0.239856065126353
3.86541244460603 1.5940956582865 3.02971665358446
2.44769591398107 6.77661786106922 2.71145093082369
3.26353217171592 1.0407454608481 3.90684952061018
3.1711302313504 2.50219731436836 0.329211955109225
3.63999530478753 2.04257717727472 1.57510416319178
2.61450602429419 0.382001161898379 2.53673167414568
3.41752228367684 7.24786076611156 5.58505607275743
3.26832868820125 0.732182807048001 3.49769904052959
1.33972620311619 6.14314511452425 1.28565899339218
3.53259402648311 6.90019651111288 5.89686296996857
0.663866252062915 3.09779243547011 2.57747356078025
4.6613520656592 4.33662569383175 -0.222481214441314
3.85217187083564 7.03663142098691 -0.411982238503363
3.12785729213527 7.12199549058032 4.46872559031379
4.13668570007475 0.356988220583948 3.27862986200816
1.88922502621011 3.2528426804487 3.46364981586859
3.18424453843769 1.53078620728648 3.70231171971553
3.05244430817199 6.98776927739319 0.922016697049193
4.6741958863669 4.31602148262169 -0.24917976558101
2.78342564169044 4.20303304065121 2.47974871090539
2.20021591718424 0.409349937212375 2.35391598594744
2.33832061204001 2.9204573666522 2.87868293138619
3.46449877028729 3.80891461968857 5.68958258413693
3.67966216910449 7.47308151148249 -0.582218892930765
2.65032637470366 2.77218264832482 0.937770776945285
2.89067355754899 4.69207734892168 5.24454917732067
2.96200549292769 2.53461627258311 1.7380660528561
3.36637883183865 1.20172488408999 3.44853102952243
4.99768606781814 0.0656597104633727 2.77504937834658
3.01682175662967 1.01910465747375 2.7232090518427
2.38145832402053 1.81975636374382 3.17178430733821
1.89175655100857 2.9873615116063 5.21068549011067
1.98401207533824 5.09766240854629 0.913176075318637
3.15709318199234 6.07507095307064 0.701580770057777
2.87043126377808 0.116613470631288 3.05050483699815
1.95422033819791 6.22568093960016 2.6655714545755
3.55291762998102 2.82872431942206 1.26012158238225
1.91602058559174 0.297528656117765 2.98128703865124
3.65832490861541 3.86994662179609 4.83186071475646
2.11536660503862 7.46207777196622 5.08134340408804
1.1090322455177 0.317114629364956 2.8097531239749
1.5752955697732 1.64140104674275 3.74940487196777
2.81388049245796 6.79256262948345 -0.460002174164673
1.54906410378211 0.730440714887426 2.99231182827272
2.68930917672581 5.0751054433042 5.29217872097836
2.95671450840502 1.3501941571788 3.47668419516977
2.72331504812088 0.911252018438329 2.6567005785585
3.27959280218604 5.31061713406429 0.384040949898442
3.4058403200178 5.27443878846651 0.524287715530431
3.43464821769271 5.1512398257531 0.102222578010865
3.74365935252085 3.04650477074812 2.02572765864524
4.10072951753851 0.490707872046761 2.62571668702999
2.46467219986508 5.64066661456977 5.12431787278042
3.02640536455975 4.93799920028469 5.90155865886259
2.33570060818044 4.06531554232511 0.161000674640418
2.13003984960778 7.48686687571493 4.90322855574549
2.50882671528147 5.85594947774779 5.53344416906681
3.53462813102784 4.141440667785 5.66610600309894
3.83329491259623 1.92133210885192 2.26390212967373
3.55323775201398 0.698365320107135 2.52858769232606
1.13668269095391 5.0729462422538 3.98170098179128
3.40467799107184 4.55029173997602 5.55593600449475
4.11479983007058 6.12756586338108 6.10101621272897
3.88299306588778 5.55117490553519 1.78098577436643
2.95311222373744 1.86366596695114 3.62177911182637
4.04916629748593 4.89012115626957 0.597507098614761
2.99547671261569 1.96300951657465 2.89480556957079
1.63960052910662 4.24105861279548 2.39423862801707
3.5107785024973 0.363759493384919 2.60256858142573
4.23220190499509 5.16007333481508 4.01515798645875
2.44928432450629 3.80771461989754 0.577592004722
2.67862790424436 7.44505509218634 -0.0674101665708638
2.26678772013818 3.49345767649608 0.878171215382627
2.66267925007308 3.61837360327061 0.0653116391648211
3.25323984935816 2.89795205165212 0.404869629679357
2.71651449200848 4.90623142777002 5.48395032375498
2.91704334618214 0.220129279603954 2.8506566160937
2.47876796819207 4.45162328137978 0.915579281352459
2.23442894460624 1.32963528963501 3.08721504747607
5.64536230006172 4.96909399201439 0.247190748806849
3.23246188849712 3.96736164212653 4.09398664786714
4.96451111734751 4.66922010118849 5.19598529432633
1.9475335027864 0.735668732930618 2.34960524685891
1.85052537623438 0.709360326368618 2.43995817737916
3.12484050551038 2.85558850420654 0.994693421111721
2.07060763555062 5.23344859563178 1.12251882021144
2.52908825514769 7.4585099380999 1.02986691036601
2.22314481461535 5.43001855557664 3.4396953395043
2.86621966664572 1.97341883012562 4.91536813268974
2.19448908722932 5.85277101814983 4.92509696054351
1.19016020131029 3.1112824069911 4.17575149430586
4.97210900615154 5.82156755563758 0.574417430291986
1.79580521104009 1.3184712298629 2.80113379172045
2.18813074001928 5.02389620042454 0.547009582086315
2.54059993649493 5.63437360271408 6.53287163931115
5.00357013863319 7.01104459803821 6.08043003024174
3.45445157544274 2.87136114555635 1.03166406314381
3.99503928704153 1.48401215710732 3.61788453209613
3.36786960283666 3.32872404590007 0.599166324295996
5.55506885882779 4.46706676507045 4.99513361622576
3.75268733482674 1.90963655474033 2.38073832034584
1.64477999117883 1.19176430808392 2.78105645674813
2.02380853895943 0.246642085145196 2.11020135837303
3.61976998191177 1.08240132754822 4.64468850288302
5.28323290090228 3.42584407983191 0.221343707016151
2.55684784595191 3.0772948541174 0.380400450966176
3.00044761765539 4.1559991026536 4.29269066972199
3.13868120840963 7.35429724640136 5.83534190055038
3.17464233659433 4.47011536496045 5.29289390742674
2.13230482110993 5.19833918670934 0.467455551166056
2.39080519433188 0.388223543479955 2.29200950673448
4.37655480187495 3.60303508631725 5.4397766798027
3.31662118221413 5.34439124548488 0.772905014601804
2.63847569593635 4.17348690612832 0.902939564997729
3.55082097697411 3.36003976552146 1.82788408217904
2.94730255670556 2.64324256695455 1.07889038794184
4.37647499755205 6.6953011705524 -0.0274918030481256
1.78710055217605 0.556883785847567 2.92218314060228
4.96088754911356 3.06913411130582 5.06301267616632
1.88771966497501 4.23065680144214 1.10500981205595
3.88102333029619 7.04494422034908 -0.675736584933561
3.04455149382244 6.51133700330811 -1.04296205918453
2.99055565065321 3.73425485693584 1.83346789483687
1.23413753344644 6.95926104648513 0.0601249509389756
3.48277314155772 7.17348318450941 6.06434797998469
3.03732452727827 0.657940267179324 2.99869401489727
1.26105107773451 3.13440264010685 3.9767686980372
1.85503651146683 4.72669732311964 1.1983252285187
2.06488023011572 0.671017790313824 2.4692818008483
5.26838699636276 5.09128335199914 1.03262092434133
1.50592284642064 6.2569530838872 -0.109137565219953
2.29557266338753 2.51975754885165 4.00446551111801
2.21345755662045 7.30916454079941 3.14968201703756
4.4233075926167 0.328360152208369 2.26574322432545
2.94633815974357 0.313175101907071 2.89453867775969
1.7697021103281 7.35228249248852 4.17686204822366
1.73686204842075 6.58558913379352 1.78843113966441
4.93297952151564 5.99753479298585 0.418127229546709
2.50462019521615 0.49376055711205 2.39486982731043
2.46434215019021 2.4911968632662 3.13942583521804
2.9819200541865 3.16052806658141 0.568572595139146
3.46042571532963 4.14071195075232 5.67225996153995
2.95210887453274 5.93150236046518 1.06428289967579
2.49359304578105 2.05863478244514 3.26913928512895
1.40699307309808 4.53763363311402 3.24781790470678
3.52904182936873 5.38103209368027 0.10316896495776
2.84466878404966 2.85725521733187 1.14381574523879
4.23198593045576 3.46165217309006 5.23559721373272
5.18761433053324 6.68886208593965 5.68735298621227
2.48322661953046 6.90815024053797 1.5132100329487
3.19055475008067 4.9564241810651 5.42952493905266
2.93457597701683 0.300201786319307 3.95091897634102
3.20458389673904 3.04280756735915 0.0958579166941765
3.57481070677564 3.6330208413828 5.31735328451801
2.99462280950935 7.28559509656892 3.72669188004626
3.26497001662353 0.950413160796211 4.41753451648401
3.32702837840665 1.87517893580461 3.95829562211489
2.17993996771216 5.06227138675636 0.681242683753524
2.68823008742274 3.92108422266685 0.213593608263458
3.10109791596725 0.103454070278293 2.01243441982219
3.10027353981385 3.00652797729567 1.01045006619244
4.3571485152032 6.95883285977273 0.176215525313689
3.01346023206956 6.15714067955489 -0.098532404549163
2.34203273815189 7.29812872614655 1.79560965410975
3.63229120707459 2.03796200412187 2.33828442912571
2.37989671179613 2.02393729806102 4.07192634748673
3.86390910823777 1.60808919563548 3.55895399833743
3.46318922715593 3.29621104752663 1.37612062909854
3.37831340257563 5.01537056559362 2.2404778628472
2.6755964158152 6.35021552010687 0.545504653512535
1.96847508030926 2.28278837132084 4.04638859076317
2.06121624314855 7.27752730972566 5.05132388234065
3.14166694612447 4.83922537075868 5.65202934561095
1.94868560903187 6.81334264711517 5.07834954235402
3.25563566644582 3.39026240951184 1.24201604511543
2.66357562523966 5.58256823996159 5.64268829582952
3.75549664949247 6.24512596478101 4.71193585959185
2.72369474035412 2.16274723308643 3.28093194275826
1.11447921033751 4.69285403027096 4.50348391212798
3.22506436576379 0.555619537421149 1.44161235017294
1.65728953798447 6.17306380575512 1.0938713509728
0.973532525596909 2.24655729484716 3.21091392355932
1.93148208500831 6.319278398531 3.69477687656513
2.73971995341914 0.81513941921725 3.51223394578031
2.18553271053983 6.41897999021749 4.41389371507513
2.31668570191241 3.18498721188086 1.47775684376065
2.88302263282899 5.38263956350443 5.94072417242853
2.03752207352571 6.63873557120457 5.11643409029432
5.13478467427769 1.4714217831743 0.976606858275698
1.14760257778519 2.29010506427203 3.38509838990738
2.04549808245764 4.36160034839083 -0.0401130574972489
3.75162782205092 4.68665378410183 0.957890764606931
3.10060534645467 4.75474963280624 6.29016103169384
3.59088430638915 1.39227101589846 3.69641512864612
4.40187233574054 7.32636462303198 6.59489020588883
2.8259434893551 4.15957417177032 2.80814277512681
2.83632197137778 3.04001152748671 0.737031863708132
3.20140613265279 6.27755554211388 0.105618789697525
3.790052430298 5.63167707009053 2.03561682403789
3.82544034713557 6.22873573970791 5.93397046558906
0.649282873198257 1.25879183876164 2.44227758473664
2.53970473723895 4.26965126670244 0.558830621002439
5.05499113452546 3.95015721532158 -0.162552315456548
3.66176169662129 2.87768225089262 0.886736090981425
2.70463693466661 3.98823463216084 0.167264111504301
1.73129205834966 0.196911680931851 1.36962030859184
2.06087653681437 0.270907437368543 2.42008280358931
2.67946072299694 4.77169000403873 5.37062505440359
3.82438791786497 4.44167549275938 1.87108244271329
5.23772820367322 5.48336731753812 -0.131859684300487
4.73168669132217 7.48356948195313 6.19659586594644
3.17523910715953 0.730988928542993 2.49570010563392
5.17042098582198 6.94906173547836 4.32960399924412
2.1736052433431 0.862729951101007 2.94378996327093
2.01210493521015 0.391803829407112 2.93629861809142
3.40551737182468 6.60644902805218 5.84499498111284
4.41838743301686 7.18674728862515 5.79207162249786
3.36825196985036 3.07574997302972 0.534470521302118
5.01390569470212 1.91144551397298 0.561140996734329
2.9067384392812 2.78997385655118 0.69812440573725
3.33789309839859 1.68772888922563 3.33065318241327
4.46687462531111 1.33206891321814 3.96037165707963
3.80979953277133 7.00346612080097 1.18199053800114
4.99641002518579 1.16496263244715 3.92683962047093
3.98960265442647 3.81804202173537 5.3029701268874
0.754669813448538 1.60910822549328 2.60205759974676
3.79398571677127 3.55488845408595 5.4660003136168
3.61494670662211 4.58187219901703 4.16237202876197
2.27729045076166 1.8096355022146 4.09457096524822
3.48206534587352 7.27524906281009 6.29330073322114
3.47829601969802 5.15088045124591 -0.188039869914171
1.7385677020416 1.49604084086946 2.86856958830653
5.55649472220173 1.34681741432084 1.08456868751547
2.66987245886041 1.2630385432192 3.27335393039099
3.39223510413993 3.98736498646318 5.21967441552622
3.73680340800321 7.43074290189533 0.573531938058084
4.20356541108744 5.72769272020789 5.94373560281552
3.65907312179797 2.0546128531249 1.32745885281925
2.46170589041776 5.83991728156406 5.33361205433069
2.73451599633331 5.60976356094239 5.24727003648686
2.22177539186825 2.99444921192471 3.09416092259575
3.1773690019187 6.53924821140261 0.735888985449684
1.93357790447956 3.84932685636629 1.2407958884687
3.65268664658904 0.734715608637805 3.09237704606057
4.42575895705775 0.858513170742087 4.02775972811717
4.96937515698728 4.81173622217462 5.95292161614928
0.972543103465936 6.35931534495681 2.81530228941102
4.50349898320725 1.46182899920348 2.36592617749127
2.41760544072517 2.3745077165505 3.4162215463668
2.72001676050424 2.11348145614165 3.9967250243127
2.36014702726302 1.72704227312058 2.64523599434943
3.22972827693815 6.2881399191904 0.621298641240993
1.98390092437526 4.67495920711206 0.565568986054281
3.6655697318041 1.7153648265258 4.1799594136817
3.78547357643537 3.10495094372506 3.421936201392
2.17124289380729 7.41593641165078 4.59687431014229
2.80404023976021 3.88181580555637 0.802545584290357
3.07233214691991 5.90407986722974 0.216320308065451
2.39592348167613 7.46195599083777 0.20094922654038
1.93567107784298 2.69947008803592 3.6933812061483
3.3832022772041 2.57122721338136 0.0917925459675679
3.00642766731046 6.45102110807329 -0.113885344069179
1.98370834031835 0.755455964550129 2.8893388837971
3.43713226251281 2.96335155207761 0.0255435692137637
2.38495996493022 2.62985948084996 3.01028212854943
2.59755612200999 6.83997288269155 0.132287637344655
3.11029505522278 2.08815249861014 2.99024659945856
2.28279101143698 2.78474958223742 3.34651860984548
3.146576337303 2.88224702968052 1.04239025105655
2.41924160763098 5.16456716361907 3.54851744538961
3.34260121293294 4.56083375642202 5.5242667549598
1.78904275923914 7.02748668259705 3.83783550750541
1.53213636233255 4.60471475194048 2.09073821158126
4.78420521723305 1.57745275229155 1.19885242652027
3.10951013319217 0.0357140833941827 3.35236820279978
3.57128139663935 5.52911178359953 0.624002780700545
4.67531175971202 4.44412712201208 0.616637190144708
2.038759871589 5.24033227047915 0.0734171599038725
3.86282408939249 3.03235564886851 2.25180265006876
3.12537306823486 6.53755570020861 -0.839076123909617
3.2758234622896 3.64414415685184 2.4577066687665
3.04100318904249 1.22839361605776 4.33796330484705
3.37517940510857 2.53432173996792 1.64965308444998
2.10316221303449 0.528479045888504 1.80122604966752
3.39074465161325 4.80905463205885 4.29979298225704
4.56048528899127 5.25662393683543 6.20082061825351
3.8317536118356 6.62289328634839 5.98280957930179
0.925457911023136 0.87717523690031 1.80379988610469
3.09917716964757 7.43163909560789 5.53504642888111
2.71085343759916 4.8025626223335 5.31239754685723
5.02659924680669 5.54229905005332 -0.145342584678285
5.13266325859966 0.712481387896482 4.25472044185713
1.43048256184092 6.08626599992041 1.73574042158139
1.67000282958356 3.34703499313874 3.3013617358027
2.84933739481837 2.43240214679091 1.75418249978592
3.98273496799771 4.39461740547747 0.0127824472512112
4.20883828656618 5.30077161860617 5.1284845976784
2.3930048370542 5.21340868906295 3.05571214536232
4.59734595533287 5.44064669698071 6.0980221434174
2.52301667768396 6.13378382766401 5.37073042718012
2.93077992456185 5.66677809535444 2.92655001713313
6.63029385116641 1.268268340113 0.437931915076024
2.51247647895011 2.62605266923247 2.84870002670194
3.56662509971353 2.27329999038427 1.58732540471173
5.40514852972397 1.3120497376161 2.74585789127608
2.19912007933863 4.46810589829296 0.286181913353296
4.64092422503077 6.0477512123331 -0.722303241004159
1.80171813331551 1.72101318711882 3.34868440093358
4.65863485296287 7.27751552994311 5.56863246490732
1.69737272650849 6.81639683049842 1.26130623423789
2.46737528022641 0.813646420479695 3.11438560216858
3.72814571636518 6.22387821475379 5.45716292482192
3.95822009958642 2.04630092994449 2.07455227351343
3.07414514083089 1.69767010469508 4.84682175480161
1.16252565619078 0.0621117111031424 1.91905128693876
3.29227355822782 0.835897313209521 3.51634414506515
2.97827037983106 7.1315734947867 1.28013518405293
4.99199556593584 0.08195193360367 1.093025494278
3.47394827082142 6.00915247643782 0.104663428526831
3.73428401408208 5.07730214959839 0.901591115662378
3.01302974885747 6.14327049577741 0.160039326072578
2.36565541763199 4.62931868990606 0.948102725678865
3.52282093271125 0.676553590155035 2.32435980353627
3.30367372435282 2.35303633424249 0.396149409431013
2.60150319097164 3.62578888530141 0.00868068685476858
2.74976314721968 3.59726988701982 0.367913799702249
1.85176828311714 3.24993359107689 3.6020368462914
2.71436549571507 2.9778361826149 0.735276702328363
2.09080906014474 6.87064650420352 6.08187736655433
1.18670869658259 5.88254618184524 2.26520793509894
2.03219531960457 2.60726780878954 3.33640809243313
2.58712419174709 1.77149726770887 3.9668262302202
2.83635176592508 0.0293618696661619 1.94433054645231
3.24252204044034 3.55525951187744 2.18795809745976
2.52082240098488 4.80461120345722 2.07129366035547
0.736105234156131 4.00187245893112 3.66947972285312
2.49815600607556 4.12308958193 0.638377301800991
1.71336189590338 2.35184233429923 4.66558447823215
3.24153004678101 1.42699912424215 4.04879068063465
1.69854270355568 4.79528022301951 0.760474276123271
2.39874083710831 4.33525378684698 0.127654652998746
3.09570604672383 6.53297317607827 1.05416508672456
3.68853276866941 3.08413673200268 0.60035429824597
3.14452842487355 5.54793828776882 0.530819404971553
3.20749773598722 2.01562760407154 3.34197337720492
2.35580220605121 0.0808856617662128 3.19294979543977
3.67722701359719 5.85759406940739 2.39621414260188
2.30339161292276 2.5935444876649 4.33296718087806
2.45817204939732 1.00108692823655 3.27176015359992
2.60323166860478 7.1551326669843 0.141699700144658
2.70243384664246 5.52357999575237 5.94613189424536
4.00465964074586 0.284576133509874 2.18763490494891
3.36478509403077 3.45142216238374 2.06578621946293
3.96273124762479 1.90619259736068 1.28717318428768
3.20352760840759 5.46878771687193 1.02788782367752
5.05752954548166 4.83595758801338 5.21278835106023
2.13703367858579 0.86256254815559 2.935750529754
3.082951555556 7.46312887477677 6.01985038789562
1.58622590248807 5.59961982424487 -0.601805440576989
2.90657456222962 1.10856171757292 3.93966806347329
4.52926998008818 6.81585461710767 1.13522024960595
5.3589053440177 3.51511671881112 0.275247752199881
2.73441046403369 6.64036782484936 -0.421979056589198
3.12696413445713 2.68968510616616 -0.183173227740039
1.86505002545922 4.39992619273568 1.63578107517677
0.76021901634335 3.80607615539521 2.52403475048913
4.3297178119605 4.8332593628668 0.288451354646961
4.03906045615129 1.87033311037289 1.22841827274234
0.666179231133182 2.10397838207339 2.53147006765038
2.07362790314122 0.40656638641367 2.25829790326261
3.3590255712798 6.32451895738495 1.28264080944329
3.62698491427595 0.0717462507016942 2.63704891977343
3.21000419970077 2.93644167123468 0.824633705473315
6.40811947967796 5.57111206342783 5.44347737765824
2.06033115514594 1.63031177654871 3.39144326321026
3.70587055688315 3.73511659298526 5.18331229793606
3.79281436708951 0.974070085729823 3.3654198601894
1.42822940259426 4.70521111994812 2.27709684545555
2.30824852931709 2.14510449223167 3.45095519870933
2.99784672142516 2.07054630368948 2.98890993311641
3.84672627352287 0.853527350164461 3.03958032716528
1.41890926288136 5.51179110473454 1.16494032253579
4.23183915897798 2.90683744609999 3.78748897943254
2.98938185368615 3.64373509504125 -0.00522876801095606
4.49320335670534 6.70224770919926 -0.0905488835610719
5.10867704933471 7.11975170011092 0.91264892668436
3.2242718652866 7.48405258206215 5.87329521334399
4.07300738667477 5.5654101443931 5.69756508463102
2.57650171234268 1.83746267360769 4.47139775755558
3.21230408263865 7.37982316209396 6.51515271989381
2.35111863846005 4.04277898563875 0.438300021941482
3.23580180492032 1.67541339154487 3.91654156130922
1.95568879649838 4.79147294237434 1.26821372407749
3.01413027254399 6.93879802345397 0.912268581101125
3.3801398545525 7.48204979080424 5.9311221668858
3.68566663766992 2.16980108918141 0.774367169474266
3.68131988659808 5.45976968963559 0.181326571202266
3.12539176276827 0.199368979202783 2.55713780994307
2.41113188143635 6.1650433133295 5.67381790857802
3.21093872099836 7.32115218894701 6.83694515079447
2.65646476394827 2.98703445772139 1.91268547255597
2.76587149072645 1.22834580629721 3.97446033154427
1.12962550587002 2.04080173058573 2.83063041917478
3.08557275017554 4.14468658034737 5.19745019329587
3.30129076371038 4.02613272048566 4.92232623513486
3.69243820044086 5.63462645893821 1.15345537402639
2.24392002892852 4.66139176893341 1.0705692728463
4.24171488110377 6.08370333020892 5.68402751332428
2.3808349449253 5.32065146774332 4.88559829519166
2.74019147952561 6.01477509984499 3.33843228639914
3.16894551168762 2.77998514722822 -0.189970801907992
3.69103689598054 2.61512827163925 0.417695774404894
2.98880839154953 2.67815411689048 1.34786932505188
3.63568812604659 4.50472824293696 2.84633826637473
5.85249612014654 4.17610206596544 5.6332563012668
1.95952393555644 4.95127355431322 0.188078890479186
4.91767054256409 4.10413710253957 0.378824823228694
3.3877651066023 4.76432815673888 3.89701480538137
4.52906050939134 0.542612851222599 2.81240484686269
2.04311897699019 3.9076477409205 0.614605571485321
3.03255543973871 4.19313922518928 5.35821459631049
2.93571419979609 0.403543737026053 1.4295870293264
1.85846855093856 7.40412143797823 5.19668791932871
2.77147047914622 6.4657018334693 -0.159903127493578
1.97934415477721 5.34244923789844 0.352193121353645
2.51787484791689 7.13497060758769 0.98647059574235
2.41307229068486 7.34693055352437 0.465194879361573
1.84105897357068 1.94892259754787 3.86753704470209
2.95799375412354 2.23192237246509 2.17972882583492
4.04687393047938 3.87734348720947 5.00500805028084
4.05710594549975 6.67583670642248 -0.337597085277465
3.75810421335258 1.27091446520573 5.28877702428829
1.16467383795932 6.50983733684563 0.998813018792101
2.01095901541131 2.96574431963599 3.67840347184074
1.9751170068593 0.209566485089724 2.93352704775657
4.47085362215827 6.77810252179374 1.11958610510787
1.82005658382948 6.50598310503314 2.99669929013548
2.79743231192015 2.15827507759415 4.47793546036202
2.47773147301072 4.43579214874016 1.33368839264874
2.62235987498683 1.39591013361705 3.42376901058631
3.12813522991471 7.00428681955295 3.57811829264919
2.95044302907211 4.96243924992877 5.89870021136928
2.58755709350854 2.23021288479751 3.81510973716723
2.06438500094234 5.87100601260956 3.09007511473939
2.13044360184303 3.36280419529382 0.922956113666746
3.58010061133741 5.17095229273373 0.796789800103003
3.91891883491831 6.78829441831766 1.00349731211538
4.30885538359966 4.05723217248284 1.33013123759761
2.95772840498534 1.9980394466141 2.86732335698091
3.34651536651683 3.44587479375728 1.69678879789463
2.59056325403966 3.17606185175681 0.892216579762355
4.30368283431713 4.82067731803803 -0.0171553131586951
3.13833327446347 3.93448897154601 3.61606491490845
4.59024862045011 0.692307835190196 3.59423815797702
3.12893068220424 0.558217516081647 2.32227970246996
3.10539765082884 2.08505194064446 3.40950620462083
3.02100513546459 5.37781125909673 4.04086080358165
2.73111439614487 6.06933251101346 2.96118968294619
4.14443723359881 3.4237558059236 6.25637504457186
2.53360965882694 0.320768346994201 3.36733788187418
3.0288573158916 7.25872015978547 5.47777094980912
3.03978051710419 1.193664499245 3.80013407419893
3.58974777101191 0.341760577288479 2.27714850271048
2.55587609165716 3.88669713396055 0.0657392809771021
2.74423683264975 5.78332751505368 4.80835584701689
4.11995140450109 1.27784243652052 4.06306062798994
0.67626149362989 7.14081693581905 4.05003004453869
3.35869965005277 5.70533325364002 -0.33548643310649
2.39026318321565 7.13764876907105 1.5077941787022
4.34618230364973 0.0974357942819655 2.51438397358346
2.66526849048703 6.78639387888148 0.0186021263166103
4.0948007496317 1.55230488575258 3.48884290125827
4.1109624647877 5.22421852045359 1.51675419566822
3.44565447302678 4.06821708177554 5.68285586098628
3.00118165747756 6.04823981114808 0.106973915718314
2.09537566866712 1.60990789585529 3.81720907506872
3.87504580300414 5.3504108123344 -0.108049853498958
2.90692530756721 6.96014742532671 -0.73838799328093
2.1302569519444 0.581091218046086 2.1446071811422
3.75468312941954 3.17538373189038 1.74111223479379
3.37062599044654 2.36882177718722 1.1140425434984
4.30322041765354 2.60530675283047 0.891418127414487
2.90989039879416 5.17787852067292 5.39357266339755
1.85937481543134 3.83081041267661 2.17598652595861
1.3142901667056 1.01760601222957 2.93431508829959
2.62129982311433 4.08609081551408 0.894296204055186
2.9146487880599 6.91053051509467 1.05366867242698
2.49314527975978 2.26582287391963 3.69552201720769
2.87600374161436 5.0653085340507 5.75362234993561
3.93282069996847 1.76813146715759 2.43313344974777
1.64543462245949 1.82229691182446 3.27776858802216
4.65891538268391 0.0673888221634185 2.8643577544878
1.72817439193591 4.57976366742956 1.27911926461882
2.25236040689354 0.764587279109467 3.08377835032988
1.66924333546333 4.26287598532095 2.34761937550328
2.23664073880662 4.17106149954319 0.0259949530874561
2.49980383648616 0.592009443624767 2.40964103242247
4.61315498440103 6.94792123347446 6.15233170168825
3.84335970713731 2.78814959288324 1.22785620030677
3.04999531655783 3.77715733502424 2.35757008957464
4.26706680080123 2.50151731820965 0.258401795821759
2.68079256073417 0.529343272774818 2.71399437696742
4.31647115989599 2.04368978439717 1.17899986352639
2.98886780681551 3.06843353277634 0.0926206955996498
2.55315956632342 2.88517338913548 2.44935810070832
4.6440021674854 7.17913465104264 4.97730447731344
6.13384830126027 3.58743813494837 4.42657970884895
4.1007828836538 1.25817266658248 3.9130518771689
2.02763470576464 1.85924576805255 3.29887505169191
3.94405453508151 3.87542509800329 5.88050105210225
1.12093987705948 4.57290240483804 3.47169705950824
2.48350555069328 1.38857360504462 3.63167168912134
1.97599201003277 3.64788484529707 1.16329694727758
3.37592548264587 4.22291525306462 5.47294798144402
4.28213114974012 6.25251297049272 0.802515844823921
2.08934350467924 6.20142348511016 4.27881747045298
3.24755516441416 1.63637086365051 3.62604327754561
2.73764078860883 2.71815845958781 1.32946817558607
3.54678013440395 1.97216847317275 2.27772770491103
3.3099943226326 5.90841661991897 0.493426227829375
3.59183719044283 1.52661006715358 4.87442723664853
4.386507237737 5.45359022964891 5.40246192726192
3.22806533473904 0.529420496294303 1.81670497910447
4.10969579510625 5.06401268369506 0.0868675234427029
3.62816429217957 2.98726596639843 1.13912165871573
3.2236357526769 6.20684562558972 0.624292664410039
2.44246834025017 3.84924052791941 0.326037802867654
4.00564730291038 7.15495480003583 -0.111351034671352
2.88877848041018 2.90844916958058 0.803820095138804
4.61868667069489 1.90110611455544 1.2575413427506
1.22009782492119 4.87000326220049 3.76925124440337
3.63548859748585 4.40676357855847 5.0696121673946
1.01857448613157 6.14880696605635 2.73957995186711
0.97111630383033 2.64868376880299 3.22624991498064
2.70142542475349 5.45644769022219 5.39933090939786
2.55127163688934 2.5463245199275 3.26284848823745
2.21671244088035 0.256511213729 2.64212262411221
2.92298614334 1.8723232927099 3.65908367305563
2.94913764024278 1.38300236793918 3.68636415637444
2.12147354584467 3.26716358166273 2.72716894000108
4.74866300376395 6.53041220565704 0.622327794294903
3.69688430710064 4.47981295188887 3.53863437145876
4.14681878155577 2.76598841892494 1.58867414580891
0.328576061205025 0.0609088557092692 2.71280483903935
2.59705195085587 2.88799035721071 1.03660102799013
2.83970961729199 0.762727948894721 2.90231022206072
4.86517227770293 0.446954018524168 2.26799175079671
2.41927237172067 5.83020973120192 5.73174114747223
3.93415062445181 0.133718194672496 2.26841187472007
2.73586982948919 1.50758072532193 3.67801749813791
1.88995080778903 6.14331129550983 1.5963461904523
3.49667559965222 6.72296729883195 6.93271515964334
2.75489924375357 6.12504075754195 2.07788197987052
5.16623630028187 1.69374521705023 1.06578081094033
4.0027092301586 2.81728384747885 0.701196901108732
1.80873891502366 0.107740485286087 2.33038194627547
2.15774975950709 1.63179006427355 3.82776635220865
3.38604980985064 0.616863208273725 2.39589709328578
3.92097840408465 3.40189539339288 4.8270765701446
1.67644426154827 0.416561820943781 3.22101510295035
5.1287343730249 5.78535687654935 0.992661996560179
2.88170145836526 1.19102883928857 3.81615171329854
2.15216065851136 1.22943563836924 2.83931332264559
3.81491824218962 5.48376084766961 0.37332664330811
4.13292819627794 2.56398893045045 0.849436049848856
1.02377935435033 2.69775577175309 4.67905956773789
4.37808867384128 0.199463075975796 2.82672881696051
2.82167765842856 5.8995429870686 2.69866031579267
3.35955969143746 6.05147525392711 0.968782638511579
2.09161886468167 0.921705201999291 2.43336163985231
2.35617053302123 4.08819339125098 0.643349233003119
2.60364793622333 1.1130341952351 3.2530578496039
3.60502352419206 7.37967611086838 2.17367737576492
0.829926640455021 4.90895556279545 4.20867501821591
2.22322848052793 3.19721700354329 1.99456373751593
2.35685489824303 7.0383750806636 2.62299151704864
3.42364266619364 5.6688070286257 0.172099824191727
0.624416887590634 6.32260992239726 4.55111578738886
4.95861224989483 2.00106134498576 0.359119369694101
1.51303658635832 0.279709954916842 2.39590967006599
2.65854834846209 1.71935392570214 4.04495078822421
3.62954327121536 3.71393789395341 4.91846258715593
2.78201769032506 5.69027002907098 5.18006902280763
3.07358866650535 0.530539743050785 3.26421500106464
3.27603411019288 3.82840924484365 4.68488552578776
1.71483016077017 3.19817236153929 4.48212009372818
3.20426149976749 5.38638665865698 0.722001823713216
1.98710791300469 6.50833558081947 5.56567865638036
3.46997923030871 3.84188298221517 4.94574437557108
5.11212031587686 1.92812804145194 1.47102154720776
5.47553996283583 7.38533556762529 -0.700691893186808
3.80958995819173 3.76599651407253 5.84894843538457
2.88845358571547 3.44890558127633 0.90582918674288
1.56402048048212 0.856402070215553 2.85343745950045
5.36303878012635 0.928895066384738 4.18554973519045
1.88952665719949 7.09554272110011 6.29689850073007
3.10711274799817 4.85210436084221 5.0958806789913
4.67015336422592 5.53287953284286 5.9004594488213
4.78233543836154 3.62344943406948 1.15507206496548
1.64682234120446 0.522361152646723 3.58493526066817
3.31160360417781 3.61271326603987 3.26114582352713
2.35720457081639 7.14498664710721 2.55267371272636
4.32884208552839 5.03429282627792 2.93710184483927
2.66890020622715 1.81996100312364 3.83717489488394
2.38674516653975 0.185978264861654 2.01447566581195
2.73328709905491 2.00828882383234 3.29631212753328
4.02692501900279 2.98717820855939 3.49224497310927
3.00879827281531 3.85079919915484 1.75191267202049
1.59681148800394 7.27689566770416 1.78818610559269
3.49261412017333 2.83475204598024 -0.617484941325167
2.07304746024787 3.32864830611456 2.47080438869711
0.925909953533954 2.52286018663323 3.38681282215946
4.58714798437186 3.99909634801485 0.65722984876242
2.53777952318426 0.853678793692978 2.37221382531064
3.63936843704691 1.53224909630608 3.15099463378813
3.8295883602794 1.95153912720235 1.20970536207288
2.60757138662602 0.831630670899508 1.98033890635157
3.84053786955633 1.32218342799567 4.13561410959273
4.3721834067863 5.32296414389671 6.69986373907235
2.10804207432256 5.83201251415256 4.04399502476072
2.659886738502 1.32998717723134 3.10525749348546
2.88218108880481 4.66726229526056 5.45836305542771
1.95804002002021 7.49450986424639 5.5592010638396
1.51583555981292 4.24003174929324 2.39542615614329
3.34304334608413 2.24453804943419 2.02446849826417
6.07621378027504 6.59282232508562 0.0684919862479239
3.59360831190405 0.471389738195233 2.51317407143695
2.7773718918372 6.85594443939226 0.388920423044571
2.84486805080501 0.925673921299148 3.64764395588514
2.83776746691296 3.51774694513811 0.351983931593356
3.98695021388212 1.37089095702999 4.29762214583834
3.30372329048433 4.15747233322353 5.50286010279491
1.67930317748579 3.15724941295816 5.12149762800662
2.88594662997754 4.71580702665242 5.54387180903061
1.08696725478205 3.70379232771284 3.71762456901093
2.84853242924591 6.43324232857896 -0.155514647903985
0.645826864684659 6.30724612334014 4.38007329435745
3.29571922165757 6.95802717729551 6.00277851020003
5.20092532692677 3.51649154975451 0.323578541272872
3.89459149108934 6.05999738840412 4.87865082351907
1.67850010000119 1.42700946767573 2.35121159700678
2.4589268236353 4.02098984282944 0.261631414303094
1.1521292087082 1.41206740103805 2.17071465691749
2.49061310317295 5.67540746619918 5.28381955640097
1.74824110906156 0.752923331382093 2.14951793115643
2.86349498195843 3.36180070868845 -0.261398367939334
2.68989212549856 4.3061606472255 1.07604389174159
4.07261414014261 0.812748211690259 4.35840831990309
3.75563172965194 1.95450358425423 1.92562821035507
5.21171316105759 1.79949131033449 0.301254192431047
2.75287259611309 1.13425127480746 3.94297464224589
3.34820861377844 2.9779339120485 1.14898676106135
2.16302026191341 0.722190930465942 2.95707872363757
2.67091739437518 2.0942616854149 3.59373250386088
2.55867225852379 2.6323790279463 3.46913418129798
3.66349749576948 5.97019576899597 2.91953408437214
3.94499770569359 1.6938542407092 2.72715285549269
1.64005636645206 7.31243406986724 3.0950709862124
3.4655998189913 0.0887970101892144 3.07789172537359
4.01275219791281 2.97127461643989 3.62808894005957
2.24253903073651 2.14084537462552 4.33657941796198
3.93203759109853 7.08856388029654 0.517532714319192
3.26687192489514 6.47849226628443 0.755182343536244
5.27463257146423 7.26283870846272 -0.120425094087209
3.54147559041374 3.42496371606327 2.25647184784232
2.35840062370567 2.39458360865319 3.90033290781702
4.70472004501122 3.67942597181952 0.786842432730838
4.13288491912146 3.37709916819 3.98138598597864
2.81077956485095 5.62051379561822 5.55654338882745
3.60215842867339 4.30789810321382 6.24853320307759
3.36451598814902 1.23578296833087 3.69908638238233
2.96620619317732 6.1799858416161 0.814353113935256
3.37263377357093 3.01239108514345 -0.245816567649296
3.02571460209484 5.33762294712071 5.71309891581399
3.77610898599419 2.32878673142994 1.99093439741852
2.17791888919304 6.68105306229033 6.56457119807517
2.44448357090257 6.41375606538765 5.29473162891026
0.98419253346354 1.06602994316449 2.23347518695311
1.25690166505715 3.8327215015029 5.12061915472124
2.94922283198823 6.90192285517158 0.204234481981117
2.88027736382591 1.98325298867157 3.8584270579307
2.10238619585754 2.03138748159016 3.76904002969311
4.19204834910005 5.19012710528279 3.12229490599562
3.61896400487805 0.731025285919634 3.47935193241929
3.44597908574208 1.6294379093623 3.78807656401664
3.77179185900611 6.76314084846076 6.411061790926
2.94123141366382 7.13799874841002 0.73620999218416
3.43892025202145 1.44184018633379 3.0284982501819
2.90238944753386 1.96472105968055 3.29618358262155
3.89863975444405 6.82056105990404 2.24978698147796
0.385704575027829 4.90666864575638 2.52037368330092
3.20495119389418 5.62046483387047 0.260501897113503
2.80877701197098 7.07735291826306 0.333040542069426
3.41986748113774 2.54145984530149 0.452062805287524
3.58414508548906 5.31877852285246 -0.384487606506553
2.27386803956434 7.46631744852759 2.22270677153967
3.95706936445692 5.04131821228399 -0.221346495872654
3.42679984201646 0.437933323389594 2.21607819122456
3.1818664852788 0.0195226370039991 3.1280911703791
3.522613825392 1.05278430897893 3.94038952141115
3.65596005292365 4.40916122096404 4.97174752578537
1.80205955604712 2.88104773885618 3.81355186713969
3.40372355617762 7.2107764445976 6.5284714123442
3.04058023158007 4.02796339497651 3.18182228696704
2.60200567206015 3.20619087992725 0.998284930263698
2.27749894012293 5.94959788391019 6.19438326720194
3.34281913889735 4.67608736350175 5.14037798700231
2.19832899154648 1.79630291907235 3.69327478968503
3.1249125366371 4.36227671454334 5.0069843180564
3.79721334182885 7.28062881931762 -0.495796574527158
4.0809718022565 7.37564607104708 -0.108490813682338
2.84007013714555 0.380534067694317 2.15896983934275
2.07228449578015 4.94202388914527 -0.914735930324828
2.9637953937423 0.709816973516702 2.15856419554986
1.91290621752304 5.25072796291088 0.218703372871691
3.46475740291791 5.63101188074334 0.159779487131454
2.76668520206162 4.16150124377933 1.11210494216709
2.67253791209786 3.75999085616184 -0.390276820142388
3.21137199592939 6.57931689087174 0.872270784378118
3.73580608839094 2.94812823698016 0.870199619456568
1.89631767604026 5.24556985774209 -0.176187198454985
4.20448271180226 2.89214157327998 3.80720608985809
4.87143710248013 3.8175063952295 0.80299637435292
3.31778133855053 4.21485149865482 5.28571907363906
3.51636765252627 2.17811984125458 1.92574699954783
3.05305397371802 4.29545878458075 4.32255518135097
2.72828806297386 2.6254544259523 2.01669889701465
1.38216692419722 5.56485822833618 1.863017551654
1.52926944866659 1.8707434098606 2.57023537493787
3.09518450200491 1.02845421304781 4.08271198660805
3.39003053428078 5.62925977568091 0.592384544486186
3.12843338857937 4.27133044833744 5.47127113248027
3.585680854 5.73961365898823 0.692302427118083
3.32728620431979 6.96066208162004 6.23790824666111
4.7839208578333 3.78883241377546 -0.267343121065412
4.65448420056628 1.74572970836982 1.56266470956455
5.43974399442404 0.890956542239724 3.94269681422756
4.70090454022005 1.71676254038028 1.25757920631997
1.57013271787641 6.10447680045659 0.513463994303148
4.58179918056451 0.558823376122409 2.5425106581667
2.13339519564033 4.22019295217756 1.1540469229613
2.81293948517594 6.44860076348115 0.230697812650914
1.98258758853862 1.7812578806776 4.07941167815069
2.09358123184147 4.52532574231951 0.343806319179993
2.24994220669332 1.8561455030153 4.42831845202429
2.459938422054 4.95810023857495 3.37599768215395
4.42339540564127 6.30881967507086 -0.388183857813182
2.97223895202406 7.27734065499387 3.080506534169
3.47610779369989 5.47513817179475 0.655461239275743
2.06852378411984 3.46294228479767 2.09856383042761
2.88249146857536 0.604375208331552 2.41181298044665
4.46080267475508 4.63989128250372 1.23139401775312
1.29306124851182 6.63299617591006 0.898954675556738
1.85617175956584 2.93710253383314 4.81270186267272
2.72327145522944 7.27707220638187 -0.213106082274668
2.40953346737223 4.15268484034095 0.159123785131272
2.99408897801881 1.22297314156499 3.75170032557464
2.83629959688385 5.07525295528714 6.01843597785492
2.68338140752182 5.49178435445035 5.83393585396373
3.6346806926068 0.133063990640535 1.73366376789632
5.24522781920758 2.20934545175012 1.34520632636086
1.65898723561593 4.59924978058942 0.865652262987021
3.42316216664343 3.14849419998669 0.63263843355964
3.05834639347233 7.44456312997485 5.56449795215551
3.40321879354988 2.71891056043409 0.608898730118816
3.15754209683586 6.11727595539389 0.139599725132701
4.30591944531612 0.0524379390478886 3.06101707881979
2.64281795254254 0.523289010447768 1.88973757723791
2.36841125858827 6.19421958816236 5.03762769266904
0.56268120315933 3.91946851458742 2.26901893461744
4.26023694252626 1.01214834955586 4.43400538343588
2.44947865228353 5.65634842757292 5.99598647944671
2.64154110641424 6.75910130004296 0.503341393232757
3.28858790503883 6.79789959440782 6.26627464752176
2.14288990697985 1.98567520275588 4.11022150893865
3.29981284932055 4.40639080456269 5.50930534053484
2.46308232699612 0.282627718954034 2.42793762909961
4.50437415428657 2.92755208186181 6.05799338987797
3.99342246796853 6.18321845468678 5.94650779065863
3.09925962163067 6.96394898595115 2.97179226695511
2.99655327744318 2.35183464402025 1.98397356182358
3.64657226456885 1.96516961315946 1.30052308464971
2.91017181301993 3.17024613326492 1.2497029521646
3.92422222397275 6.09365096986306 5.75687699610626
4.14507490191943 0.116702787948895 2.87730673094133
2.25326789608228 2.78593128740843 3.45784317342882
3.00845674108859 0.751681306323144 2.79860076098754
3.16607990038524 1.08348885184719 4.04052050354091
2.70625331207292 4.10826159443985 0.521631792194977
2.70186077986049 2.08936585658758 3.7213157443295
3.88381853605367 6.73470107146898 4.08888733870161
2.11882885727469 4.7422517083557 0.565383165472617
1.40321402754917 6.85794717581588 0.310008069893384
2.33795543365735 2.14964269572515 3.69662378352593
3.52638484209193 1.31995925458189 3.24770213962884
1.94016374493772 3.96986925515473 1.5627089933946
3.69142931940603 6.5210232975392 6.23587419056191
4.6636789847524 2.14459004374203 0.868577393240029
1.9904586748678 6.42819307367357 5.33923537795766
3.96809507687112 0.115177913979773 2.02510321167927
3.22614736824419 7.0420924693802 5.57817793702463
3.11830578361707 0.243899428282846 2.44886392428091
3.38870243393929 5.94691962385068 0.553354484695062
3.41029625397699 1.45468450410745 4.78296571782483
2.71823515597274 2.51107095399011 2.45717722582927
3.17292432880649 5.69744706290115 0.434697454955054
1.87268334052229 4.11111646870999 1.09809455522262
1.61643395068291 5.07465268266541 0.463674538935683
2.25738742709384 1.03686299566482 2.82939476832105
1.26806053916781 2.19080748203945 3.57452057775283
1.17301344573035 0.74335480644412 2.44237975735546
2.26012174280565 7.245829307764 3.84387203508574
4.13644119891203 5.05285627877028 1.65308506308492
2.11518380526942 2.93131047817874 3.29951940127181
2.92920603611796 0.881159103297098 2.52211093381589
2.21468850800517 5.75996171137333 4.39200087112151
3.91947032290071 2.90974440765316 1.83413031201477
2.85849887381963 6.30615401982146 -0.219862338387323
2.86475235728821 4.59648150342499 5.22627178900624
1.51621617944439 6.41957740933015 0.523250605746436
3.42939583309865 2.11286412364493 1.16135994401225
3.66135561525201 0.609720239179317 3.20991692292895
2.44754326474884 1.90492269068574 4.03252509889754
3.67185079129182 6.65142770732657 5.55688007125145
3.63133577481279 2.87469387423234 0.904051390995617
4.13910051135508 3.42787139034866 6.19845088155625
2.27945596758188 5.06425636596634 2.22504651744179
3.19956547458222 5.85860054333438 0.453947195169275
4.26919143728668 7.24840104265821 0.78617603267059
3.20470305291077 6.46889354986926 -0.225076083260966
2.57070166203865 6.63731041988364 1.50773300995807
2.94454832244623 4.09816754823029 2.91458567538084
2.84312141781857 3.32073276209515 -0.433259805341995
2.39088140549411 2.66230865609863 2.66571576113304
1.33980092813373 0.912787172181693 2.17098815432366
4.77489780149008 2.22622115141795 0.134182063341416
2.25529897403957 2.53561683028933 4.3322655424758
0.998665014563342 3.35431514719601 3.89140962865526
1.83611930819481 1.15625750279295 2.88725679215798
2.99915729766503 0.0514099845510634 2.13202709245552
1.59886348678724 1.49744809935697 2.78802065726329
3.09102187615106 1.20010492987381 4.49609218920755
1.73185639394013 4.73053094773091 1.67755740460867
2.62978670767805 0.550429810826794 2.56668076414486
1.5510947403571 5.32101435401486 0.263308446746313
2.18936508907721 4.46649228348597 0.18475628617891
5.23003594597067 3.75238458007305 0.175232066541636
2.46218571097643 0.517988576463195 0.913863349273751
3.24970483289753 1.43093263264334 4.28930913719962
1.65527292796104 0.518183847090968 2.08932044541261
3.42851551413705 5.84771635487518 -0.208858767490673
4.85169490234037 1.09739734904805 3.84122355906397
2.32929737476455 7.48092021618636 0.958599786736831
2.94798215819879 7.19486174723833 0.816259372407773
3.21382313005057 2.04487129359482 2.05903495385411
3.35510419221153 6.57246225760359 4.08737634938589
3.53135960043599 7.26305261121721 6.23726728738772
4.30737227028687 5.15669694597156 5.42620157030155
2.73035536971588 5.25135778042816 5.92583352747116
4.12417001833711 3.73579204276971 5.51566841236273
2.79391634172405 3.11731640484159 1.84145695236435
3.46290784014662 3.78835990632069 4.33058107300208
2.30518755515476 2.24647978947893 3.37496893774183
2.9581224764568 3.73400324275241 0.481695791377509
1.45665243223303 3.09681117370186 4.26569935877655
1.69040035965494 1.09474598101965 1.83449407810728
3.64301441247128 5.65783430882642 1.17778097059526
3.32065371495508 4.50670716003909 6.09765910149556
3.02186583896414 1.56391464854204 4.71572241371922
3.72350108704612 5.77533844033348 2.21704424369773
3.1388194480837 4.95331027971045 5.02847494076097
1.91886297076313 0.482190152677124 2.62098076607226
4.11964839610912 1.07854361770992 4.16751825722163
1.26551773514884 7.01544906013708 0.783187837829353
4.21063152611462 5.82485786997402 5.14423124718065
2.80119978544588 5.47972507264336 4.94257318864453
1.91110408404318 6.31627959211925 2.69131884879232
3.38400868564668 1.10274100950739 4.19531120673604
3.41426679726794 2.02889529333832 2.33409302751807
2.65190966177131 1.56702964002009 3.98987179858127
3.67695629686354 5.67384629285294 0.83828456767315
2.62009189700589 6.7749507519589 -0.130465617378028
3.15169354948966 2.37303424749858 2.22459162952196
4.07114790651514 0.705472456851889 3.97991390592059
3.10098008943333 5.57389383404559 0.386450802123052
3.29899390066154 1.54947805421457 4.16229313919706
4.44355119959276 0.285139805007542 2.03226690026463
2.59951716541701 4.07970992875652 1.73947271383889
3.58721433434439 2.72759323903646 -0.0983371054431176
2.76207350991448 2.82625474841296 0.744735960409698
3.2447452488227 5.90695512136363 0.366884832844454
3.34176628012917 2.78409272674742 0.567751472902487
2.60599560122062 2.52235347740073 3.87272409609874
2.31657047292011 4.47088084164206 1.59972157210237
2.68618617061934 5.87602859280745 4.5895971349613
2.53408230831689 6.09472519629987 5.41997678265201
2.47290921657916 5.1905312126551 5.040232741028
3.98106253895402 3.22256629762275 4.62549849033924
2.86591735092104 2.34102642075804 1.83063730080716
2.88662074221573 6.54575569523762 0.287996989463196
3.12797037894516 3.10126821090597 0.361107455369477
4.04065619684016 6.33357882240418 5.65547772413045
2.97749150374006 4.72838695934189 5.50226167958247
3.88587076181499 0.141227972225348 1.88825121652214
3.07176058842643 5.3657798769571 3.37370980445105
2.17707427531045 6.9932876150072 5.43591500431993
4.11052743793059 3.89181863085408 4.4495207715924
3.59397447696221 5.08369999796298 0.892989648933565
4.27219247972299 4.98042259532336 0.570802473540399
2.52546424760907 6.60629775964006 2.57637154843106
5.12812419319025 6.29253149159693 5.70795130334251
1.4112456314961 6.03719209979942 0.812412098736024
4.41051631497277 0.579234292472559 3.02360738188752
2.70192919723611 0.427236631385504 3.10828201365124
2.86646327848977 2.53965288354178 2.54047686959143
2.34927658581455 3.22458062804324 0.902798731682827
1.70713642359819 0.293822196042447 2.95373951592994
3.46395007943337 6.00916113815667 0.111170312219585
4.20314640404506 5.24767729194169 4.7719970483218
3.49805880777694 5.86111577039969 0.117429396997903
4.01638462311368 2.650835545496 -0.441121782929201
2.92518585453259 6.712154095551 0.290755556125865
3.37806501019267 0.874439899743257 3.13664647332011
3.29729068901601 3.04555603679255 0.519379139396862
4.06297245237231 0.0763654633531168 1.76885664394167
3.39304517817549 3.11565701827621 0.727183945409606
2.54102453759048 4.94843395134872 4.73616976003631
2.89061261693607 3.76245428835565 1.66625777025386
3.17849782154399 0.359344615251122 2.54505418561273
2.63631142781797 3.90124424045803 -0.0375171866183229
2.57560484203924 3.767415198256 -0.251770460653722
2.76517575709188 6.4012318313388 0.413371410657885
3.48396735200888 0.893937288149592 3.03380979609188
2.63370544981348 1.54638700974124 4.35363193895023
4.22075110465237 5.86423220289593 6.40469320431603
1.61095343035376 3.83548228504982 3.37392454988809
2.4551415965231 1.49223209076893 4.36007472218431
1.00976187512855 3.17130594500715 2.90315678595929
3.96301210500809 7.44952514418079 0.757330529721858
3.89401315311615 6.65896879075471 4.56706326717082
4.01968757775628 2.13784659171025 0.951618471038339
4.0103580409895 3.68556560478244 5.52094485722529
0.994264355595421 7.30106699877085 2.25846515113408
2.00377402921507 0.718102034879126 2.64982941996815
4.38152411276479 2.72985000737851 2.9893927536965
2.36162533874608 0.265522034693473 2.21670797328804
2.72025434216159 6.70995517170014 0.648991109571496
3.61680199207641 2.68785702873958 0.187802011653644
3.55294295482494 3.66430529829404 4.73077021188445
2.36476977949479 6.14318183385312 6.03690325877676
2.39715555302044 0.417293894015335 2.26340245999129
2.54728947624585 6.43595495943033 3.65495840163634
3.14758099859426 0.866125453001938 3.37741491374592
2.65719377154681 0.936814041310902 1.93553628200593
2.49749875139403 6.7698451828913 2.04799080932682
3.4204569395461 5.14638217356658 0.129890410540061
4.01781535523135 6.09623974300652 5.49893383807631
3.04496311681956 5.44059975381259 3.42577779646978
2.61805346865772 5.47143194991052 5.42760201723273
1.37019125237633 4.40444107008555 3.35814305267391
3.75807638054001 7.37189647000206 -0.940039410479327
3.5979544146023 3.12976684730742 0.999499862914886
0.574029312250902 7.12770154717574 4.04559063080924
1.77440224384669 0.822004633188762 3.1380396259868
3.24779131263065 4.49318395024626 5.77130299769183
2.6140346816362 3.42597944555059 0.565012686074296
2.07594099656191 1.31511195632069 4.35274038740805
3.40254329196174 6.68049982189686 7.1528485555578
1.00577036071712 2.45536412713455 2.90973446486593
3.01124063723256 0.53254262918643 3.09873601227728
3.34772673164049 5.6803404315466 -0.581349044429369
3.03393027706719 6.82631890860307 -0.0926696331188058
0.828652707356355 1.30870770391229 2.13340448532784
2.68538602931176 1.49636255914062 4.03623258635539
3.08443326106743 5.92295494846989 0.892485411503109
2.55913105395046 4.68187995789253 3.27062235409752
2.80932632021051 7.49496842333429 0.414298212642228
1.88003227213198 0.903740648589101 3.2883403591563
2.43162286401761 4.29810554482986 0.939340081219157
2.62838649584291 4.83123507598519 4.53441309400705
2.82786043490877 6.59981190196066 0.467970592173562
3.90144719706442 1.26126730594914 4.22858087431684
2.56951370589297 6.20692779965179 5.27427749379624
3.25876101635054 7.37068797090369 5.88435848539126
2.60944043282277 3.01163344284039 1.04875730312522
3.68053188638454 4.55302701986978 2.21419147859103
2.42236499011332 4.76698805878583 2.55780289875029
1.42073159125276 0.886921306739643 2.83589258137716
3.91178774348169 6.38351342306822 5.7591196989722
2.78668348424789 2.84458455077471 1.7629754057449
2.73634348300144 0.574355178056313 2.69174390725588
2.06182235023496 3.08038162961527 3.40531268584916
2.93688607176834 7.11924817803505 0.40219654650601
3.18339812006921 2.29532780421398 1.52759736047321
2.5351593088329 0.109746615356444 2.17959878514678
2.83269666244019 1.75335301664375 4.6277464979143
0.585474355979845 7.14310481474865 3.88923201723569
2.9583396327716 3.05289212327955 0.316533761495506
3.55465278516136 0.445861878871189 2.51457968274065
3.0607139370854 0.0631788795355881 2.88565181133635
3.22032843592505 4.39482571305018 5.51349615167058
3.7402878037453 1.54821057288893 3.66776989024666
4.07397952055187 2.78472888020724 1.5910975215865
3.74792731590786 1.27293722484118 5.18218106061435
3.3245554450311 2.6940849672751 0.600279152584824
2.52292457011269 0.515329388433873 3.0346736479214
4.49595974071703 4.62066406718405 1.33532343318789
4.16658884688328 2.67033364593217 1.3822933483115
2.99643238244566 1.09208746743023 3.4238685205525
3.22677393775116 6.83927128249268 3.91365850067338
4.32343588855091 1.35287893820408 3.5445563639943
2.72064410396078 6.51355166369631 1.03655214679848
4.26424688977382 0.87512254223989 2.86150140686572
1.88605830922701 2.28018375139592 4.34558928229806
3.24010884658804 1.90605181792834 3.59346002482192
2.41308568135455 2.65783587969712 3.23324069791797
2.69559478103099 5.51920642421436 6.54763924632662
3.4783424018054 3.63863412395438 4.04322701952799
3.22847495156786 0.240748744788751 2.55617669946045
2.94916005802385 3.87688782307208 2.10559413611666
4.14618759961492 5.04560370991957 1.62653054644558
2.4592813035138 4.77873344094701 2.32763823422827
0.866108093902628 5.56881687622701 4.20254386280032
3.56380208700771 2.46091446897195 0.509820119809382
2.35696824559719 1.12868981945156 2.62413204980796
3.06118747681038 4.87690215701099 4.54596104165706
4.23736374440839 1.35433983161055 4.13405200984009
4.00753799401149 5.76096562114725 5.25999089439556
2.15558900021348 6.34293352605203 6.07789012989111
3.25218752498647 3.42564120483211 0.645342238179885
0.0391893827033813 4.63706310374424 3.00019503242604
5.06047587553926 4.18173336124954 0.582510833421437
2.0957268034274 6.62658919612296 5.75423806440688
2.83380951205529 7.40536090772401 0.411822803350269
3.35402459603758 7.47039535346655 5.48053648382463
3.10084688726888 3.41349295684571 1.13654204606636
3.01800440999021 4.17880145443133 5.9396012491814
4.08991520957382 4.63969393108007 -0.0514493530477111
3.31231635877518 0.453445921960175 3.07986549966768
3.71590961676726 5.01464947030629 -0.0521642965372075
3.94559786861366 1.63839883181061 2.82679892031302
3.52341718624838 5.55196592825898 0.13968816063503
2.3352939541486 2.52527142249788 4.0841784034628
3.39302893620414 1.15480701531628 3.86553855623666
4.23567754678532 1.61362815799144 2.92118083520725
4.46033133060972 6.17279347724273 -0.10414005457867
4.22696811448343 3.26055829491323 5.23243898029461
4.75451003384623 6.48079174551306 -0.0827211729391583
2.53449292697058 0.986887490845039 2.68839176026523
2.62416212486979 0.739103127814966 2.37149076379567
5.60994820619632 0.541776693225299 3.93217082490214
3.33835402401566 6.00554604238151 -0.382795923683178
2.40843331462495 6.47745303251734 5.2585583624684
2.87325880789401 5.31544278706471 6.05530992778674
4.91742107000767 4.20922172551573 0.161363145009839
3.32525367741187 0.589731437101144 3.21276954555967
2.77203053944214 1.87798206193543 4.54441338350455
2.96825800637927 1.65420483084255 4.65922316604956
3.95179448631665 3.63279408703516 6.92636943367975
2.39272513104779 1.54586860251874 3.88572959804838
2.31898484192924 5.7964505923732 4.8914482732703
3.13312859516763 1.26777723321857 3.5655588216153
0.223872093142491 1.71641847237824 2.28783702068678
2.24308407133555 0.223278614376139 2.46001960247708
1.67714515616792 0.68532485095874 1.94289084143334
2.51440497225429 3.46612227756411 0.223943103221296
2.47310125450054 5.16159653660023 4.11403249685174
3.734326175258 0.648924826997183 3.28648754085539
3.57464586078882 5.40168697491407 -0.0239082040661885
2.97751013419733 3.81295676175423 2.00171517233716
1.78506125833549 6.09695064012103 1.14348466393642
2.86331662303445 2.7363740335008 1.72627532064132
2.12331541628233 3.71116435342225 1.06540675246351
2.90441125235354 4.89275749087149 5.36025291245426
3.17995172598185 3.53630940758734 1.88825522829242
3.3776833027768 0.0899715855140366 3.11883254067277
3.01254561163193 3.04946780944557 0.56821356234518
2.74102579819928 4.37364916082821 2.71678221705904
2.5485283641467 0.832461158453337 2.82748987563642
2.70580045015145 5.80203274506169 4.80550057287321
2.74271499071212 4.32625643051483 2.88905692224937
2.36186915145728 4.66993654254343 1.63137715288195
3.66700976684882 7.48554981251611 0.530553155223805
4.32306153572488 2.57962880182422 2.09777865460716
2.17504264835443 6.57205673883179 6.31990383647528
2.93805500851854 0.876870282423815 3.39483374112944
4.61391489009837 6.54415966869941 0.730882924267236
2.15933553002915 1.25674927283779 3.01519144297355
1.96388941712982 4.43975541287189 1.1697444936746
2.96661651043742 4.92037599100104 6.10192801467742
3.65302182339573 6.41255763882098 6.12007273245403
6.02892582911043 2.1571571311154 4.70252895026695
4.16653301909697 6.58592267782116 0.288297846842322
1.14923911511729 2.0603460131283 3.56669600117652
3.30416003931813 4.86488020690875 4.17060922382656
1.82353134721511 5.68318245959261 0.771903557983
2.77912190294247 3.04647495087285 1.34408922994459
4.43431107257844 5.3960847441248 6.22543397784681
3.40273405840408 6.72547808772401 6.08197589026271
2.0041793526606 2.16355383535872 4.3511130132865
3.37525970059171 2.22866944213173 1.27633067217557
3.91777731028424 2.86622326998329 0.319109500922712
1.24190332488802 5.01668347223385 3.84750487906751
5.17181943776012 7.36581251478503 0.881289484263656
4.11098571121091 6.40920160701893 3.52042553780342
3.36719313261757 0.841747534278788 3.38259591104251
4.70089125329211 0.319308465226788 2.37246790543988
4.05327483609999 3.06469461756459 3.68539894970734
3.28450549857612 0.485142739902468 2.45255239306803
3.68026508865596 5.0827164241874 -1.41461865606591
4.2155387977898 5.68750438134195 5.7111065014435
3.46058141450898 4.69319580218721 4.1211387794499
3.48304280789617 4.48041179376751 5.37699086382488
3.41177303538351 1.11410446328519 3.73057979912878
2.05516626652288 4.43464296727795 0.502128745194042
3.27349220946434 5.05931312288576 3.29541760139507
2.93905268403905 1.58573083903209 4.10176532135739
3.44528126370699 1.46888737228938 3.96918475460092
3.71599046671499 3.00522325221555 1.43764492678393
3.99217376252246 6.32043543587326 5.52947773509776
1.5844898704626 3.96743585587281 3.30116131847179
5.00164031585586 7.32962645652012 0.724431642124139
5.48346955174762 0.286676594600419 2.88585149989329
3.43608246826563 3.05503540111806 0.559827161571066
2.57584455648768 2.65708053272734 1.81376654623242
2.44743272456089 1.99043755956464 4.36213858507511
2.48368371338539 7.401747310188 -0.499767264101926
2.09044482514249 0.231464493923577 2.99237997920906
1.50722195537266 4.3999546579824 2.97532446411641
3.09352455539004 2.80664187701983 1.07947216097934
4.12919926335114 0.0803991281881959 2.39539030432814
2.75508210759488 1.25728599965801 3.7503704886368
1.3725676773014 2.39722995537442 3.33731897363647
4.10571887585178 6.05354787807573 6.15197756161817
2.57440921040769 6.31993655116665 4.34795154577296
2.78364463816274 3.94247876170861 0.521683115646937
3.19853514636771 3.40921324572656 0.982178178921127
2.34636699554555 5.60946793306169 5.61881246173036
2.75789316000848 6.28858845217938 -0.0185297667613566
2.88997998257621 6.67175923677983 -0.00551265064491646
4.17468510137882 1.58466541186229 3.17635612962365
3.15143499264955 4.5422500855389 5.54907106935718
3.57443910452683 3.35823285663079 2.77961645788192
4.75664766728848 2.8780591923411 5.18534460009152
2.84207796065652 6.68957734905329 -0.426895763506713
3.35053325971301 4.30161639520774 6.91673145842579
2.85545723468251 3.18886523175534 0.913733655130216
3.60323404306821 6.96628286247452 6.45937798305545
1.84949218899477 6.0618655502015 1.64881414532106
2.05181519363829 1.0791946534489 2.89500575773712
3.83947806776152 0.685668101387044 2.91878411722354
3.31011559090322 3.00444717254695 0.6864519882194
5.57080123633828 6.43812267983385 5.17460543506713
3.58079062317247 6.22421860331147 5.32424855743215
1.78414180384575 4.44946361495588 1.4445828147172
2.33759216634064 5.35479341138357 4.00947466703418
2.94429597927609 1.23678249943149 3.21906425519236
2.10388419596251 2.67987256786722 3.5159758421474
2.31918373358622 1.44913238105202 2.94613844315276
2.84928150205354 6.59412690934242 -0.0203140603672011
3.86575614052539 5.3757896305423 -0.442103280153922
3.215757110565 6.25764474706655 0.925650660547825
2.10711666975425 4.63609284091591 0.519847209626021
3.13154057908303 7.32227446946 6.00430165564798
2.471607214109 7.05542139833989 0.315669497343517
1.00656785655083 2.2714171173588 3.68451092335758
2.08366062539734 0.956226722864042 2.98705213751976
3.95677460546569 5.95096198536474 6.00932522925053
3.08906647788863 0.303737534751794 2.66754694183733
3.37605148333034 3.70193024503398 4.14999948963434
3.21508256478644 0.519969717147843 2.85303735491111
3.66391418467252 1.0353694038852 3.87070344927418
2.8249304295282 3.0292246072536 1.42540265220676
2.7248453325562 5.56317422976043 5.77731499211419
4.38016667157278 0.562331082476454 2.75059872484779
3.99151844971386 5.32925591496421 1.1611091310833
2.96808634405807 4.74288594188656 6.32473081401833
3.05230839993997 6.45888343184776 0.153345013808585
2.56598946079597 3.80484812748843 0.624285339270066
2.71676939437011 4.09549810960686 1.12744612406051
3.34236311651266 6.98176160859815 5.04909762509497
4.66373068378459 4.82097190391832 5.55612322035945
1.6913091573772 0.213382594387405 2.10483658276585
2.11533123641871 5.02794800041756 0.0199756730613564
4.00335922342662 6.80814236522021 -0.645546576718917
4.22215411865449 4.74906589736378 0.129585119096583
2.22347788176811 1.16737731737541 2.42615148772348
3.33436961217134 0.866944837352547 3.60998961964046
3.76695519496268 3.24301781170114 3.50593958077458
2.47911540987006 6.1254059034121 5.4603599430233
2.86699382588042 6.00133808433944 1.01893499175784
3.79938607658395 7.09585484688536 0.818497419711738
2.63127059721096 1.11110699793228 2.55858105010394
2.80287990129604 1.70795793160344 2.95291779965417
3.0281323643881 2.12040879151914 2.63144201390804
2.56528496059983 3.90561078230207 1.0353497638396
1.72646772000748 0.666667611582575 2.87425215119843
0.863037781824322 5.7019909946496 3.80122861072092
4.82302470949184 1.56411785374708 1.29062968172576
3.03210687250306 0.9747838248555 3.06700256020384
3.96990410432589 1.75077279234458 1.70098697386201
3.33690942678478 3.47899147140642 2.26541489529494
4.2266981342502 5.13111516665885 2.43523799876662
5.12377188796844 0.15720820964471 3.00404691543972
1.98520615791361 5.33951267497724 0.694054433086839
2.52579150928532 3.6376221953617 0.612638107506604
4.32419973103265 4.80295617675777 -0.355656307422749
2.24145711752835 4.1469469463934 0.561806157379206
3.32559331401939 3.25044524251323 -0.0841436276907063
5.23271374257743 3.52203234484136 0.568692277063039
2.6378057259337 1.69234849286127 3.65717250234675
3.02679548317862 2.47067584054755 1.95144747398899
2.04714721019341 4.17258657564081 0.518069855268677
1.41791629515437 0.572855196724015 2.61889659422409
3.90907458179295 0.16425818586518 3.3223158513339
4.53972344035936 6.06679438535426 0.515898817032661
0.956143762731228 7.20415498889101 2.14448041151251
3.8273462956834 1.41172722267167 3.46583032397025
2.10921081593002 2.16463001921833 3.42926462314946
2.10485008966943 4.00889406140575 1.02479676277142
2.74519897320363 0.702950123728618 3.4004242016302
4.25235203641823 0.342024047313171 3.48733946460021
1.96210494455627 5.57659147360662 1.95082990721443
3.01669724309032 7.00762358736363 1.27615997232614
1.51191620384861 2.18204406498783 3.12595779193785
2.88000448475344 1.4030727849972 4.06894029800114
5.45775706187671 2.78912239525589 5.65301496235212
3.55328946706492 5.076861636993 -0.244021402600148
2.69881967008344 5.6591813856801 5.35995266053412
2.19690665991231 4.66035154033921 0.640581713327431
1.82362061005326 1.41810273215915 3.57607445299774
2.31704346405751 4.4932244473281 0.702095569630377
2.88457161536601 6.04123310698851 0.809202157843289
2.73873547353375 5.95842120677845 4.4083584764678
3.92133409297603 4.75409383292465 -0.14801616508869
4.11107947643005 3.47768183341368 4.98081203036248
2.94904810892926 4.73234212100297 5.90068126458699
2.39815815808497 2.45192278457639 4.24715282293795
3.27088700923082 3.56032313625151 3.35843988808433
5.12316446355706 2.86775127566358 6.09198019993222
3.65299765440575 6.28551311603137 5.64395056542682
2.75483388104903 6.79693314778014 -0.389083314224363
2.25331793726332 3.65994891780676 1.44443374932476
2.44114668201737 5.71425965289957 6.52363518149904
3.42456818065656 6.73772274021681 6.09602615215902
1.97652184160483 3.30467974450431 2.61516604028317
2.66194878528202 5.40410912647326 5.57115947882807
3.2146954938095 4.0771777853194 5.38507703520959
3.65811439903056 5.51861850495831 -0.278128293068477
2.64856112585285 2.79929770622029 1.55981133523578
2.66761555873677 3.02582038274113 0.855944779958984
3.92469571386371 3.9658975644027 4.42523832160766
3.82970589259239 5.78605505348828 4.91338029245324
3.11634682363024 4.58690906328231 5.84807739094494
4.56449319826629 5.41820774435794 6.35492795590148
1.65211348740662 1.48807998636384 3.50918733937345
3.94938551754579 7.37925686623042 0.550118819964796
2.8597570963255 4.4308577237542 5.14768941736032
3.27859350078697 0.581751904182333 2.70412447831375
1.61949149020124 0.552663608378566 2.58552825675616
0.817979307187501 3.56457155716542 3.60101050564004
3.13632067861209 6.67860241620882 0.657403904076009
4.92574302039892 4.04421710296721 0.0953827832583887
4.69687899710914 2.30576263572884 0.9114248334047
1.7367073749175 0.501449531846186 2.91103145153497
4.61307286081178 5.10558221203498 5.78200009376163
3.80360535090121 6.25176482499844 5.96433966000529
3.04280764858089 0.677857613518827 1.93838237272253
2.41528076379789 5.35542083930992 4.64482327374515
3.03922673470538 6.08542504767796 0.120369391195443
3.06527310096189 3.56859447762745 0.830958958367662
4.433572863051 5.10040028986398 5.21472621734362
3.58353100288173 0.129954502896851 3.09423396801507
3.45070430813948 3.52102743103481 3.79614540268122
5.81084546696014 0.368118816231285 3.1979769401199
2.48937231396135 5.78718099833129 5.11995509898046
3.21014881706934 1.17296698562591 3.20348641335183
3.51031716607292 0.740728926501155 3.36762878775319
2.36366883404641 2.66388214100108 3.16564227467178
2.53868477827619 3.83442164772743 0.213553469603067
2.38228935080213 2.41930122631472 3.06177508698163
3.10653425504116 3.22511402446234 0.76290029676951
1.50993188767839 0.605563749160389 2.36261497906067
2.03459777151563 4.40065064493144 0.600959118478541
2.93712271903785 4.37783463014068 5.20434268111403
3.03682651602755 0.597030773188762 2.51103245437758
3.40944173384587 2.63488903108772 1.06955401037206
4.92531316534497 1.16995526747492 3.98884421972224
5.13416250248368 3.94956185596113 0.0832356593749712
4.58205706484537 6.07545708390354 -0.506241722572899
3.16826810243078 5.25581582988576 3.34370440238223
3.05675109439527 0.71800391023592 2.84151119951881
3.19945291191045 3.65873231243187 2.37903040933591
3.15637358491339 6.90422494797912 4.02104151400571
3.29365800344291 7.21934989943533 6.4538362375944
2.1987175833013 4.75774288782252 0.351674070415892
4.70499934602469 5.73329882337609 0.516592931429849
4.7920512982589 7.03726995757042 5.33174035393422
2.82181514917133 0.666021828554827 2.79565692780952
2.50874419124794 7.14795020747862 0.764175715159158
4.42951746316169 4.27155683127586 0.497321219583596
2.08046486368175 5.8251857776202 3.2068466369985
2.61784556361433 4.97172617783554 4.4323082714556
1.9154773629746 1.24947327987053 2.45718552232526
1.88735469203124 2.36221289755424 3.69613155148132
3.03778070490534 0.698869845591934 3.28870182228875
4.68086785168328 2.05104811938395 0.40119762239255
1.96164423333846 2.81718715834484 4.27306401045435
2.7620559774424 5.28245810188627 6.99073943388799
3.24767886626147 6.82384719871438 5.31582656414984
3.76914219577867 1.70137108460854 3.83907055161537
2.34892259696487 4.98454594894091 1.26931377217821
2.7244494290641 4.37798035177156 2.55018099872139
3.52703530136758 0.652318582965053 2.85503215771751
1.95693483291117 6.20640533894119 3.16994141557043
4.49048272988985 3.11555691981264 5.66608489131674
3.54699775846442 3.71631727483619 5.96031443727436
3.84904309948175 5.69620839646315 4.08728816332059
2.95168639707548 1.44234728962314 3.47634847206716
3.12691921506214 3.20401310088051 0.878787576832981
2.85245096868213 7.04595320410959 0.639693169925333
2.07305550164196 5.04275679918306 0.784546985734467
3.57096439796506 7.0266900787428 6.15566441068359
2.80348838786356 3.32043455065257 1.08040589847854
2.04791957279495 7.01088107878321 4.6220394533567
1.52722119575369 0.173135885331697 2.24434329496035
2.45435375827635 1.13436360427345 2.97418576800528
2.08765528771408 5.66934554945672 1.86458473873859
2.74220329629313 2.3204578424062 2.72403460810936
3.26097960272665 6.03373750315026 0.555919106646934
2.55975899083099 4.92008497738385 4.80680609906699
3.11519695507668 2.23472923062908 2.50774258184983
2.0231586577451 6.95643063796595 5.99993622325694
3.21912784567611 3.10025050036934 -0.407533833900942
4.57871754653011 5.74243619364846 3.15676574014586
2.43931887840279 3.66484911928526 1.09347768744091
3.99560202230604 5.68861735921434 5.02543821125597
3.2062991205764 4.20179030875624 5.51427873725456
2.34472999233265 3.90527974177349 0.32659925085159
2.97679225240682 0.698221790606281 3.32896767630145
3.16328391175862 5.39942600366552 1.67531617630222
1.87034494985634 3.04288878579486 3.62308366916867
1.92221715408418 1.94708864792157 3.74955104619354
4.00363662142048 0.0832087544470195 2.71646469175994
1.96112555268546 1.84212048176694 4.20728237775502
1.97592365304906 5.5461479529032 0.893723364788996
1.96550684544544 5.10068368358156 0.435156823039494
2.33582212273381 3.72721972122985 1.12525672182395
4.71255434342391 2.80468106188217 4.61783828905058
2.96844633598064 7.00363093705961 0.626055551584478
3.1995002164254 6.4727930763768 0.253337118346277
3.25340889499055 6.03305918999957 0.716871637923954
1.91419159298877 1.56260987765602 3.34013426898569
4.48993887582915 4.94327039096111 4.59726936360539
1.57591792462469 0.346391333890804 2.20985871009463
2.93999474087655 4.06111719384861 2.32527934889175
3.68157101398399 4.86736362412635 -1.41054079569595
3.64226312255512 0.0154511840712113 2.91471604319595
2.36903226855497 4.34890466322336 1.44731743499
2.70516444457648 6.66354693657053 -0.0367599614305229
2.13281330389295 4.35010153849773 1.52867274352663
3.27225534666279 3.37704993673794 0.939180128903631
3.50297923875301 7.23738550769491 5.96947787592161
2.64905760747783 3.37676769860713 -0.225418287216483
5.46866498307739 3.62879316093345 0.309461178930883
4.32993367618749 6.29202246124884 0.221484533791057
3.40747573472071 5.1878820258339 0.544652429262292
0.855480313648046 4.62626755971339 4.07831209220533
2.33223382201706 5.56449658252383 5.39870864552841
4.56195823031204 6.86181216318292 2.69247521907641
3.5954524604679 4.27200409124564 5.4814301831317
4.48747214021382 4.58978468666381 0.0354082616252815
3.76670861017598 4.08554414354909 5.12495785857921
2.54504118187373 2.51573000155685 3.60224695038397
2.66676328241939 3.59962582679288 0.533395712293653
3.83173273621132 5.62759432012522 2.40899836027533
3.92441598186674 3.05654996787035 3.30837859803433
2.99513992473904 4.53477058485893 5.72574271609392
2.45848585666073 5.77266221233819 5.8499363750326
3.68086284179489 7.23554372442885 1.68282060085017
3.38213625509299 6.43949572562272 4.01949299355339
3.03076029785582 1.89034428731032 4.01774384101462
1.78330073529094 7.37870221408613 4.55856684197254
3.51918098670015 7.31718012992788 5.89043337426599
3.08486068178508 6.12637796178391 0.626531986884417
3.00126731923412 4.76296451257034 5.8922454452822
2.18901477402171 5.82324683659135 4.07104455752438
3.80608984832896 2.6534966406908 -0.701267261596418
1.3243956352607 4.46868963258096 4.00095106591568
2.95404594095532 2.23108186492567 3.21446334500481
3.62928834666861 0.75736323706658 2.54505473733043
2.75707277674594 3.71044665281617 0.997330265089749
3.18591939489237 3.91446528235943 4.34678194426189
2.99360723546046 5.31908390352519 5.00598659602148
2.21739252478674 6.58346582280345 5.34937741101639
1.48013332948743 4.21254700705219 2.92010626684693
3.53620217742834 0.561873834814967 3.03217521227998
3.96851191150395 1.9050225862967 0.487595880189888
3.65496964485384 2.43053587228964 0.438262639355328
0.66177646741289 3.38405297661591 2.76246596286447
2.69067018275073 4.81247470301777 5.08399879451593
1.36187815542851 4.91027172930498 2.95480452502396
5.06145384278303 6.44762689114282 5.71820019795752
1.2455550901123 5.15858345728022 3.29727471671104
3.03383360354522 3.57132519721834 1.47539806986343
2.62425763065282 0.884192605113763 2.79118675841849
2.12168800612152 5.5380812525857 2.55671989607558
2.30464867903999 7.3982816280122 1.23874100152342
2.74464331856541 4.42719655001846 3.39780630919886
3.3664561471807 7.02237887120394 5.8472785218008
3.83000582399624 4.93436362087374 0.180809467106917
4.24174752178905 1.06708011338223 4.04072564785114
2.5862131388125 0.177440533523077 3.04041541684355
2.38732286282944 0.467946757224972 2.63302926041324
2.20989341790004 7.06459086909309 5.61288144422432
2.57597395912292 6.97740726095146 -0.519922463196209
3.24073127091404 3.281166863179 0.780953595555539
2.0198570394256 2.17073541218612 4.54506404307814
2.89624656013284 5.30156199132795 5.08405958455687
2.22414910356456 0.884987581559994 2.87541762741692
4.07280256683365 5.38875039377015 4.21427596980229
2.93545536284225 3.45155267670602 0.226989293236082
2.70394681582381 6.51350409482709 0.860399003422362
3.40922149095901 5.84542765809467 0.62569211463718
2.7048260631112 1.75106880107796 4.51928116269107
3.61599436064608 4.33548394131652 4.81785558611818
1.71673360777235 0.163596268089299 2.39373739451668
3.01351012743554 3.44184215032924 0.527655937546799
4.37461763748224 2.52952132027086 0.360902187546551
3.21410944317457 4.97814641337963 4.73414769498121
2.30285958606587 2.64674808254326 3.8614379714943
2.49091659873322 1.83820922388864 3.85962237136044
3.01939609666841 4.89857980264019 5.42803166724971
4.90565354791234 4.91268458907945 6.57905717771593
3.2349500699525 3.52934210494476 1.35632262042224
2.3593425646451 5.83846803352783 5.40909732992932
4.45435778361611 6.97502513348449 1.18781894365786
3.26881388188118 0.567575258436706 2.22820567155785
2.56311566198254 5.64152262768965 5.65502335842616
3.83530976009268 0.726432439656264 3.11896305844841
1.61491695256749 7.168631292586 1.41857826241444
3.37468706142197 4.47155860842009 6.34233623604731
4.95038558365208 6.00782324315949 -0.343392643799932
3.14322826425713 4.87395432499392 5.9611405900372
1.17674301296758 4.76129329329277 3.46664439310429
3.58313196617871 2.75292085305191 0.471078188391586
2.24431585797514 5.07842897979849 1.95017849840939
0.853373838815812 2.20591115931316 3.47187890652529
2.93632205105348 6.23593142935451 0.0424285580813728
2.70715605312825 1.45389827852337 3.51469168761418
1.85975060056989 6.98917299827942 4.61120288176226
3.46634979779861 3.77301076198908 5.82022391042201
2.51965042247797 6.92485237250097 0.496870085159212
1.68828168281774 6.24570213898979 0.764908169096873
3.60742732921288 5.9332767187252 2.50551019943536
3.93812695785538 3.50426543698069 6.01701958041794
2.95416061546908 4.74435134926053 6.23591582507276
3.15321138805459 6.63355303334996 0.358389636757856
3.97617473578018 1.81083305455277 1.78058479534777
2.96202705981704 0.954422278617968 3.20081765031174
2.83180560433258 4.40328291385264 4.04756283230945
3.11141237827358 1.05439700432264 2.79802309640975
2.51704884338135 7.2487808698669 -0.00590644391326658
2.85755047663125 2.24727586536675 2.65863663351243
4.06283225841565 4.96119164194539 -0.705942936290867
2.03738569850916 2.54740417369689 3.81872363668539
4.39613232511243 5.40059244090216 6.4937880312413
3.15483483412494 1.3910099511277 4.50768769908568
3.73168994947299 2.03654927824701 1.34393174834977
1.33752163589322 3.81050380519737 4.20146455097351
3.86328417832285 0.529146240031182 2.06254860202979
3.14663753800224 4.98073105049181 5.20398793357821
4.06411008924054 2.79163099113832 1.02370116896536
1.60926952663899 1.84443007353912 3.24405036970359
3.13211842805547 3.29644220243025 -0.161692277745435
2.84782645998424 3.06598826844293 0.829791446142792
2.40815243193957 6.49968976986443 5.54542785278859
2.81637098696021 4.67625412407884 5.4010778168928
3.27720635494753 4.82534354358861 4.3933990517138
2.37016058990185 6.48229907932804 6.00735313530144
3.207283716217 5.6555130704085 -0.559104524502442
2.07625545657523 4.19269128492986 0.163057379890421
0.958597095549239 1.65682202901165 3.40636255272411
0.879347346646838 0.069284175251207 2.46167120256381
2.29184036606458 6.52059470379213 5.33465855107956
4.8388788028691 2.83325969938685 5.62638426648584
3.35365804053185 6.24401867459201 0.605043079888436
5.68994078102517 4.82493642292822 0.504776502585653
3.62026306433226 0.199673134217332 3.80894764524129
4.13591405559825 4.08398335902364 2.24303802675627
2.7843645879487 0.227641170706382 1.55284362521866
1.52544590094938 3.14978207203762 4.72091807278218
2.05284039617278 5.58013365045906 2.19954025278247
3.76868118933401 3.33877765643355 4.25754504557087
2.85243997406239 7.16189613870247 -0.448698430371611
3.14337267450405 3.74836321147517 2.46285754555012
1.5628939529147 6.64328684387848 1.32087351729858
1.64810248433484 3.98873241664058 2.85213786364963
3.48836274179572 1.45052884189967 3.67640921061374
2.35585334242809 0.671616599969997 2.04089632882237
2.99710941442578 4.31034788119452 5.28198334330427
3.1222592853617 2.0306685574655 3.40482454058636
2.45823116429173 0.109250732289739 2.36822950298882
2.53313655276519 4.68449665027986 2.04911188092062
1.8506138280592 1.71344760111195 3.05400252749117
3.2371588660873 2.91924233566685 0.260527709869095
3.1020114676977 6.04450302453765 0.972450275842723
3.01400145605299 1.34052614204805 4.68391215544574
1.77435580375328 2.74981223933407 3.99533996024547
3.42021403240249 2.43309442019873 1.51809169879937
1.32318082809937 2.77333360697684 3.60944753226058
2.98451234040276 6.8580894550922 0.0135518180981026
2.70321369716559 6.14645671088173 2.43263273215256
2.65307309853107 2.22693078968875 3.47443724134437
1.53763630945169 2.1521782716453 3.99132762409938
2.58127242601026 6.14934417526186 5.64338240993163
3.09726668210064 5.53817620037029 1.65249228571096
3.19437712244245 1.63640972303397 4.69688557856893
1.6365472718283 1.29140573124632 2.8412827739361
3.45228766362668 3.63758892846963 3.88608762327866
2.86320479797648 0.660663163468841 2.56816832264907
2.75024388808847 2.93871394660523 0.473326711843099
2.69773933745762 6.61027753417435 0.741017958897005
1.99333533776342 2.55689109236949 3.68278115534057
2.97576402567937 4.27309083977658 4.48485913464268
2.4103566635183 2.30669710516718 4.12072732707853
1.80637548810576 1.95099244069659 2.85499963851549
1.96497724154706 1.95681362970884 3.37600462485841
3.08748262215595 1.97304978748093 4.33702544290642
2.54930959775635 1.09183214334227 3.24007660057303
2.95966440470915 0.889701856714744 3.03081930934758
3.09386484342321 3.55200786941903 0.794205037128619
3.74104358479736 6.98033271418113 4.58282087037313
2.90519899507777 0.2146190421702 2.51438446895457
2.73599664372085 5.25962788566345 5.78836870733489
4.58437388776673 5.92244148144119 -0.00627136117274213
2.37124812639352 5.4434695195266 5.10778272381251
3.30666179346384 6.44484269698059 2.21796838256479
2.76893409697595 6.84228827803909 -0.453759088428181
3.94376628194409 5.88279751348555 5.09569269948981
2.62499610498894 4.76318697168242 3.89843626533408
3.54453499859186 2.71464457232687 0.0815476303767328
3.2177302147202 3.40818009771197 0.098839499101852
2.8947101936522 5.47862989769284 4.84774046128096
3.83276197386531 5.1767370221015 -0.369947339576705
3.79865471336102 4.69863919032613 -0.739465699507847
2.9125918496736 5.14933747635035 5.01939804004077
3.56885413165489 3.44557771249843 3.5092296727358
3.30580901075317 5.58515713499407 0.478687497327592
1.9996769892134 7.32306315448332 5.18790873691519
1.87635732479849 5.50245492335935 0.759356491785808
3.63299428273583 7.19592895182225 4.61717626374468
3.90911180862739 2.95605100532994 2.19876844139833
3.91917903151063 2.45066009603437 0.937870208754418
2.74163301032319 2.13544029672262 3.70018983148977
1.75964221436832 5.86815453306364 -0.430783990260324
3.63534257394862 4.67037842807273 0.782521458080715
0.790995632401834 1.73657384047946 2.90681101703964
3.0210369451121 7.1571951900566 2.41571621824662
2.55704535483511 1.92450595083037 4.3304219266714
4.01614002625733 6.23630806062976 6.47228580130147
4.1548891882835 0.877340582957896 4.2688910517613
3.47143844962299 5.50295220349391 0.239610525156882
2.13769898243083 1.10116365703393 2.26954145546491
2.07581115415926 3.16045494808881 2.38264949151366
3.06929613832586 3.11266124956644 -0.0719092362594716
2.14922741070183 4.36026140199447 0.735756662752297
3.73300265576733 3.6742918484353 5.40547053423783
2.95236072687051 3.97636973548888 2.04352466829568
3.02219613518759 0.282187535842032 2.70530278947081
2.91092981992265 5.93765532905159 1.09133752860405
3.62386166380717 1.17049422714256 3.24497939529119
4.96243522368029 0.335899357505294 2.4547327542757
2.56149059787543 3.35538351878111 0.527438302636449
3.86978411922285 2.43925414686168 -0.15100527743706
3.22728744987723 2.074516119891 2.30031476157386
3.58109462071925 5.42884151053735 -0.0181161118454911
1.78953566238418 5.29016591987381 0.676897404269868
3.45716654239792 0.738797225574112 3.93394545866389
2.9836354461195 3.33390572801787 0.137753277667725
2.53298567802009 7.39348390194916 0.491440706804502
3.79222117296945 2.17510998213885 0.450718244053163
2.10267542540993 4.1739702709071 1.64861498421471
3.89987949157241 1.56624489461623 2.51469183940757
4.99143332349298 2.05047316355827 0.34568219529367
4.72104013937624 3.42166381996811 4.37009802789651
5.53739592204736 1.14531884902767 3.16410755373928
2.55053372616183 6.00125164547207 5.165736296074
2.71985523330869 5.99131180659317 3.07516813503523
3.63342301068159 2.42876043977281 0.137242022146129
2.81807146298366 5.42291369240484 5.27381826895652
1.09388010828261 5.4734257896137 3.85952947943993
2.4451821652564 7.20331937789827 0.303806714948005
2.01481268088489 5.46729983549278 0.114678866103848
4.08938011219128 5.89941641037913 5.80703484367506
3.03224699409357 1.28970367214802 4.64538832871408
2.70404907837443 4.76966997490927 5.45391852835287
6.19804410931938 4.65121918135264 -0.127679111590773
3.4984904843564 3.25417467468691 1.76593511716142
4.42614865336931 3.13707693898017 6.2852869291496
3.1822279466209 0.190540616739192 2.16635688206959
3.67907620614346 2.55186510155579 0.370596470973104
3.35921006326482 2.21388456328833 1.78371507893992
3.89771214493407 1.16039298594365 3.78173172317166
2.70265023831358 7.14637972300994 0.393609035063687
4.46329983073873 6.07371224386246 0.310687390409742
1.51500929039354 3.75143073009882 4.04246811944702
3.69798231975368 2.82386069726975 1.04604940658838
4.50835533129985 5.49893868149251 6.30731769327209
2.71327545315273 1.00437201370732 3.13223190016648
1.91806722185675 5.18027877834496 0.460460049994411
2.35501325341838 7.49323507810175 -0.520993883527307
5.73139250519682 5.70311638576346 6.23500794893108
2.67956885601174 2.80494411307675 1.62626219349679
2.74066434785073 6.0817994599016 3.03614712233538
1.88808411273577 2.12148709384642 2.68191482668966
2.24037641911714 3.61939395870549 0.950993833042187
3.84436956120815 5.18319551702377 -0.600649728398692
2.65412955124778 3.52534135411127 0.571235086170511
3.58988686870446 2.35402993637195 0.343998045026585
2.78222118898001 3.65028028747872 0.680109236311782
3.38481880966498 5.70041529294674 0.248180174204433
5.54417730723615 1.38943390561898 1.74352372835167
3.28217738907318 1.25958078096959 3.98043473594962
1.33679487788266 7.43641817572973 0.0962121745543951
4.10755187535636 4.30203179399915 0.144455853748435
3.92862927611689 5.32192794519152 -0.792931128245354
3.14061790797945 0.594752208560943 2.55102955596621
4.4671590011291 5.59671648515936 6.6060428417126
2.90444659454521 5.74817678557056 2.73283646036732
3.2071804231072 2.24609505947016 3.16214765294596
3.68898833791661 0.847093883957839 3.54058530890625
1.64851602558925 1.55729242019723 3.11004675961137
4.31172448131629 5.91209768738552 6.22685280870178
2.76219591891268 0.764462202650454 2.77856702584133
2.12938219255421 1.41256045754783 3.73076296401465
3.34855071161727 0.179112944998727 2.49597875527473
3.88481546054799 1.98400586862965 0.69343571731706
3.50975453863378 2.4176301184579 0.474484575717965
3.06746990257983 6.15236279271687 -0.235091924317163
3.7685978549058 4.58722705813662 1.0694483210079
4.91914305670102 6.14700927504734 0.0303627485932138
2.28704751147097 5.8710251368078 6.31170177903577
3.31144999640623 4.60422255866805 5.6121921924718
0.463464101866133 3.94740376628685 2.75070795637432
2.02699705051659 3.6207289530141 2.68641358197085
2.08787128071981 4.64119142895223 -0.242417356085661
1.78973872239479 2.68330937483866 4.11695679446313
4.20593812983015 5.10987728224284 1.82407261415579
3.39403306769403 0.519274731302101 2.79279812341176
2.3615522087913 0.944234527325512 2.49836841829833
1.4716240593756 1.18103270857762 2.10838571694064
3.26220738396866 5.94473454214285 0.288876838812794
3.40387323777947 6.56265938837766 4.80591026193746
3.33666330149957 7.47783913318818 5.95701752661851
3.24322463374603 7.23790139733682 5.71810846162477
2.28821897385597 7.10283520212007 5.19461174915239
3.02005628495576 2.3801854093585 1.28781556617146
3.00879831768219 0.824737897121341 3.31088071679564
2.32547108055557 3.18393060112161 1.9108505262795
3.60226731054633 2.89728597929207 1.03656437486317
1.28141081546489 2.37454380018839 3.32921433100434
4.14655833308779 3.79139713604907 5.13191174814727
2.71709066936469 5.05830069439887 6.27752733070689
4.19739464276332 1.29265818570017 3.63101238271112
2.8023030041875 5.5194590505943 5.11058638763345
3.4611339524991 5.26302172431683 0.736644526967645
3.65669302331711 5.80139952278229 0.757063621520696
2.45410718983688 2.80652581262198 3.66545338888676
4.38053141350018 2.36924195289787 0.692312953363429
3.41331889801887 1.89096106673744 3.04042182025462
2.65024218653598 1.99091924002563 4.10195299627479
2.19190829795813 5.55730331718861 3.06807809141455
2.36021821726208 2.10565198401887 3.83713548847352
3.41236300335502 4.88937676360705 2.50767370245805
3.50623236499019 2.80120319401988 0.606589729665024
4.01210861132542 7.11886595938494 1.03109079619241
3.29574793326177 1.23318681344601 3.22009873344252
3.44578289282362 2.39048169979251 1.5910425925644
2.99172874545759 1.96890525267916 4.25098320679498
2.54565478306925 0.576658713355848 2.94866798451865
3.25826864306193 3.53270448830116 1.56209454312232
1.48418287640914 3.81970892592288 3.61333549446025
2.8874580082842 6.22361891514675 0.976479093611173
2.8687116368252 0.238844650729081 2.51972803008626
1.67474222222387 4.73855450495013 0.865143288562863
2.27213343611271 2.35537713705751 3.80801008506928
3.83534595976084 1.68983641659429 3.59230073372371
2.64981207741042 4.54174892549793 2.5798034898046
2.14645050339336 7.06540232330606 5.18582443087526
3.74926088823636 2.94672169174103 1.09775437415222
4.66493134911151 0.78424107297231 3.05196359518642
2.36376325229639 5.83826889666826 5.89341579504197
5.42639026250352 2.72310544846901 5.70994978368093
2.38010002176915 1.04817433326494 2.89503358229963
4.65850697947581 2.58651156021642 2.7401161804726
3.77972106638875 7.19703424260069 -0.798304260392479
2.14155881813274 6.74368687057983 6.32126691390146
3.69971373060019 4.425147754889 3.68801542707726
3.83290178665961 0.0406778348695696 3.5578756541448
2.15233606724922 1.08180413933305 2.77237971913801
2.81606210584967 1.44427454332925 4.22095363046752
2.18538585955806 2.08568275967398 3.95554014039115
0.776425444762676 2.69496060102653 2.94791772661389
3.06705404253519 1.75881186155089 3.53747628986261
3.71627793989937 6.77931192188549 6.20555973399773
3.28956839567602 7.18018855575206 5.66471853294826
3.49648237961784 3.04855611894529 0.0138622769768834
3.70452819150555 5.81738151546059 2.52226221604721
3.69551226182659 5.00049086755352 0.355771121080812
3.48942491614031 5.27390643560973 -0.173377672966878
2.49205705562359 3.85490798435857 -0.186047788221097
2.0484846584266 0.12536732580945 2.94837261048815
2.6826144898216 3.31772973782861 0.406565638749272
4.8068878528093 4.55467899635335 3.504504790069
2.08528386503919 0.0804236114685164 2.93988901694879
2.89831616003806 0.461075598087633 2.38833305527141
3.49419852469561 0.725726861347455 3.31335097581783
2.65467879963412 0.541459782065823 2.92502563600688
2.29188443220982 3.73498520863417 1.84513909073696
3.14272148851292 7.17323026852498 4.49412656912258
4.2460053037026 5.66437609507584 6.45280300452031
3.14266622924923 2.84653158612538 0.0538067202156278
3.71407969694634 3.64745501730422 4.97235681835824
3.65301387259616 6.34380534006214 5.33161972000235
4.59198150316765 0.283972839461256 3.02429108004062
2.19442144072409 6.90190808591987 5.54840247690386
3.69180779724216 7.36506787586199 0.313390017497152
2.53345435040166 7.21344747645405 -0.346154260297692
4.64444502589452 5.37220372731663 5.30128029319135
3.27802607065536 6.98146015156764 5.35109652919684
2.52737576524538 3.49962964779131 0.353938935729289
4.03627255071787 3.00967377547938 2.79456309418153
1.77621282783064 5.8277280217625 0.459336054741283
4.54936697199832 3.75867034635815 1.59418181642851
2.07140534590317 6.20003561942077 4.54975716330939
2.65692486217806 3.32331922850093 0.205719940690155
2.95068935854957 5.72499302349676 2.0053646052147
2.74654202626207 1.92794042872874 4.00848211858852
2.83165408742533 6.9524474855694 0.0801774340141357
5.10590746855961 3.97736787213722 0.324840047463495
5.0882478786134 3.74613349841021 -0.763477944750646
2.098329579428 5.15165157206494 0.219120699838917
3.32394837507053 0.981190081305351 3.70361454485746
4.28049674737501 4.12203160607907 1.39280491630043
3.88355164577519 1.92888399741313 1.21092672153638
3.45106054245323 5.61821335026661 -0.0987019772849718
3.171145922697 2.58957356547731 0.943766257855382
3.67043145660105 5.50559263181072 -0.19329844052641
3.89032284204723 5.26357107759673 0.420252734333213
2.55295315846814 0.601443810710581 1.49267338398132
2.22937311497052 3.11585117481761 2.24772041217087
3.7887841277614 4.9562292557276 -0.0200157112924631
3.47566948382859 1.66437488179181 3.9937252488304
1.35200980073789 1.406246379596 3.9378695085585
3.43890879458683 3.82885830251477 5.52699995108231
3.15380234346382 0.477003546026126 2.54760411667686
1.45898417603143 5.06645686374953 0.550574335133816
3.05373925667335 2.80375514600249 0.364207864109568
2.3925913585688 5.7753563568485 5.40227976598357
1.99721656670218 1.5540283977955 3.13727492040784
2.39837119170777 4.97168262537622 1.84304180847878
3.13644706498407 1.2974657335354 3.98849661686299
2.98908222233515 2.02132521044067 3.50451763049561
4.14004121574846 4.9757103616721 0.72443266683629
4.28281855962788 1.75535180102846 1.31728232313332
4.02213787794271 5.43386594063852 3.19648223900085
2.82233155726765 3.34325017975746 0.427734384207589
2.04442997954975 6.2639769012298 4.49067572676718
3.0081794347365 6.7444026061489 -0.498219020602442
3.62118287359926 2.68166200479293 0.711390143836712
2.68795704985083 4.27032420543305 1.56964882057163
2.18772403581438 0.899986173048452 3.17942815462065
1.40722615491878 2.70968230161784 4.67799373657514
2.87959038515129 4.31584860242029 4.56842949405808
0.00566906299634873 0.865639814450838 2.72008757297694
1.08396844347488 7.37320269660725 0.275497418713565
2.23046704058552 4.23382316305285 0.598749924859569
1.70377432150353 2.79608099682804 4.00233117574167
1.42361710479279 0.968322174511038 2.94530367668895
2.58086061968226 1.8896711880264 3.16798508773055
3.06944013413854 5.61266594404761 0.525189827139806
3.77157029454388 0.821727448028197 3.04105507815705
2.53090511923586 5.08676314494649 4.65442908188708
2.98436333540125 4.41428967577721 5.92297912885677
3.89583599956644 2.94021775139987 0.534496346281756
3.52670864461877 0.0476447983529971 3.49652427661688
3.46863082437962 2.22019849860236 1.34680830935725
3.00982053129473 0.701997863133013 3.26784537086524
2.36992991347189 3.62137362661123 0.970229522184858
4.06106091526313 1.89500775654265 2.36816346545588
3.86043672461997 3.73706574164699 4.38793915861535
4.43138963617917 6.18242488827763 -0.071714614393839
2.82972622900753 1.62545414216738 3.52850262364875
3.51578365948012 2.19148707162297 1.61575736086336
4.68298315039792 7.27058357432579 6.31729326040965
1.72164036504412 6.04796056749372 0.637314506271951
3.26122671003695 5.22583768366991 1.06680735989078
3.35249360400465 3.53146872656771 1.69496042115532
3.61082837191092 1.29269841596076 3.90253607103061
3.40806382561056 1.49567212180879 4.29461484001763
1.17907006457624 3.13266395261214 4.02455748820662
3.182622393867 3.86540405191115 4.46365380492816
2.64445332221856 0.399711368275316 2.49376255634294
2.41481122834569 5.85361929983187 5.39467094240775
2.72357302325464 1.97407191616152 3.93089559616023
3.44218570346947 1.56812657961366 3.53769812524251
2.99129730352956 3.82189847341355 1.4599050080867
3.44600508789442 4.60722106921819 5.4072583900408
4.75580489074687 5.79703849814994 -0.285444987144674
3.14330102137491 2.17415872911746 3.37018094662599
3.98572646092903 2.62584797438283 -0.467854449685623
3.00736216099317 0.960078033734999 2.91765311006006
3.11826155734308 4.22039439246973 5.67526871426958
2.56482406955813 3.82517662917645 0.725800138017657
4.34070574076793 6.01310847506231 4.69258308994622
1.92484031517781 4.12330062088476 1.65333580319536
0.908317485570576 5.34035640204956 4.90690234474586
3.2602492590041 0.962560727232485 3.32585573524855
2.59665130615983 4.28558612691431 0.622474416063982
2.21436714306275 7.26655188182816 5.0547743950752
2.02459727180384 5.54513302050903 1.56121567901383
3.6702025917596 5.63956240510789 0.853150739638728
3.24982108821901 2.4976148595556 0.340582214605597
1.96028845035026 0.349099714657375 2.95972898284899
4.05907259205811 2.60292734404715 0.517170561666904
3.69429060445142 1.98497184492356 2.43954735616491
3.11962704825035 5.27155052515267 3.33607682420686
4.42108222239024 5.16996342498704 6.78408410453898
1.85012286343672 4.36597680316845 0.961941029252908
3.29868862532882 4.33709809643532 5.90786612692171
3.61893182017656 6.50648468745299 6.15871560554357
4.93521434481826 7.33691871134607 2.27397507297227
3.29213750200036 7.44576660932882 5.15833191283271
3.13401828743747 6.25101410314934 0.140656535095365
1.95367547343501 5.10234607387175 0.556661536958468
1.57222548359858 1.76252086561406 3.00419688844555
2.45271788687327 1.08468168560467 2.90204096593737
4.1126790558183 3.36478582553409 5.49910666636283
1.95676821988491 1.6227973609045 3.76834749851812
3.59852928638423 6.0240370385478 2.73633525285973
4.99303092187933 2.26729327872942 0.781293375595499
3.15494430377213 3.09882534060521 0.558485550338664
4.1311586786921 2.313340231076 0.689501311354417
2.90946228180415 3.2069089426515 -0.745299589940041
2.40693516737419 5.99067245848413 5.68898960202964
4.6946441896194 3.06535567662072 5.78318304396002
1.03144407153569 3.51438401884855 3.3330242820438
1.42943549494745 0.933379316889219 2.34508046407978
4.25290449154879 7.28640842171224 1.32098638334909
4.04806283829121 1.17866538774587 4.26606249560701
3.71824013294283 4.59092182759007 1.98547809005086
4.00356370303256 6.5162980311372 4.3268773058863
3.78310910488513 1.80364737504593 2.34798403843538
1.74494047512895 4.61765203569618 1.04902202572186
4.80274885412838 6.38466612885706 0.348170985457851
3.42482316503317 4.05199774242264 5.91905430248107
4.42687295456453 5.08702902401309 6.46265655805711
2.45323976755062 4.9049122349395 2.27010074136399
2.43512256424317 5.16327502151703 4.37466180119709
0.35941507944976 2.75056345773851 2.83630694616898
1.75645774011021 1.14137353431481 2.83834764936824
2.30382764232862 0.838309657557117 2.69149685917322
3.64516859356226 2.77326728670085 1.59296863327075
2.75194216075014 2.41202107163408 3.44792212114786
2.36005482119734 2.19760685742861 3.84203275828976
3.43425839411923 1.86309906516147 2.44506303974706
3.82218622761343 1.79716873085609 2.24982309126251
3.64497776710743 6.74960565910439 5.81700413766993
3.41812763521392 6.54262239075794 4.89329033784811
4.02039225877398 5.73761720812013 5.28201794075625
2.20349330313972 5.1239449465361 1.1952827478203
2.86324763699474 0.868695884313658 3.45570546803218
2.38054428624469 0.976117658332575 4.05216429148749
3.15187205161185 2.10864573410797 3.20239762712566
2.55976601341229 5.23088187220363 5.37483658886057
1.77382824943931 1.83615700065743 3.96280241550748
2.93104825530056 0.87500448065616 2.56173351265035
3.66706385497778 6.10221029223137 4.70675883215513
3.36774111277343 0.883052940298295 2.84957222214325
1.55452860823763 6.12858716930497 -0.263508448186126
3.35388837973152 0.137958869385966 2.68865833175363
4.75365995927727 3.89113719291911 1.32719120515658
4.80293636506569 3.03148104157159 5.50509853966714
3.88483311678066 4.36094834767442 1.6630981679787
1.30546386826004 5.50871969909865 2.26601961634514
1.60479951776974 5.07090994000618 0.650995675689401
2.82469812663369 7.44908885776312 1.40189757424286
3.32908618141405 6.69707461223151 4.41293266372489
3.0215313880679 3.57481616390423 1.34658135843357
2.90799974783531 3.21055010309676 0.0495869940225663
0.823826935453874 5.99107629849985 4.11920871973943
4.22447994870903 4.84114522380038 0.0181838968476035
1.17473112878287 4.83801751382583 3.65869313302776
2.31774965579338 2.75250905100215 4.0316396468068
2.4910735892002 2.7735564223719 2.25897566437589
1.87567564236707 4.15454326953008 0.468022284843954
2.45419446339534 4.83949467539946 2.36026765559186
2.61693401190069 6.46906590544074 1.61661420979063
2.66867469868457 1.99695112051232 3.80139382129171
1.63293453231196 3.22510807336985 4.49585268498165
3.74593104504549 7.23654207252839 0.549288682448922
2.30124253987805 4.30438661407829 0.535951636370106
2.92342462964369 5.2341183683716 6.22096498876884
3.21254188314247 1.0401276171854 4.70876818688321
3.06439762794607 7.47249287784922 5.4110448234786
4.21996826722541 5.32060503017518 6.12197963410113
3.25415431441432 6.94141418975073 5.46045212272188
3.41494257419577 3.74372126697834 3.7835383489365
2.42145638735496 1.204483021779 3.15915483618074
2.33196839946238 0.622452812627676 2.54304028568776
2.2467780340995 0.308221758867403 3.35769738912093
1.00710752598185 5.93379109397579 3.85319943979373
2.39510152137418 1.97270969207931 4.54414625057119
1.30214704396802 2.74838219697996 3.87753840313932
3.77887459227718 5.03438535690245 0.0174350890421256
3.48639950433587 4.02553897057177 5.97631873277439
3.4882213806182 7.45383571243016 4.99163169454395
3.72869622816122 6.8316061180775 6.18004873934278
2.60116958805596 7.48686573454625 -0.304688348285324
4.05190705573559 0.591369345012188 3.8344404281899
4.17615701368599 4.2063008515196 0.0894089074282688
3.24971303202727 7.11807105920075 6.37657175168187
1.36054356665008 2.90240569186996 4.14408266127331
4.93182121712576 4.37961698297625 2.34785623386762
4.94937776133701 2.2728788840109 1.51737427011767
3.64494061642439 1.01456667434795 3.47939669317508
2.83438910695607 6.98257806129443 0.270355114005963
3.36629761165371 1.83497689317557 2.79658465303524
2.02791292107922 3.6435886209985 2.34571531652989
4.38158710396822 5.99449823825191 3.24867907919701
2.71385289811671 5.89739843858939 4.79881959763209
2.80128912590813 4.51334227974467 4.80252156236766
2.07145328171731 6.89396884624416 5.3332080535625
4.58066195322433 2.65838690747256 4.30823323095373
2.3729089454303 0.47291233573393 2.92084621884368
3.45696651404688 2.72543838161583 1.42990810541711
3.51327885735082 1.18903519474302 4.56677828015702
2.42541019947923 7.00283290091249 1.78405159764711
2.63172399492282 5.16899664998293 6.14195795404688
3.8606639271217 0.70669754447988 2.75543912467003
2.99890929572959 5.90717775918072 1.21687764967171
2.17283216822691 1.26682686380685 3.11052023417412
3.09668099553839 6.56186660222377 -0.314704236083921
2.74965764777346 4.94477124413751 5.61392655141846
3.70972901339417 2.17423591111082 1.94882302394842
3.30255867786413 3.19350194606069 0.0140657571998098
3.07216671696889 3.70608346019071 1.64150049743294
1.62617205648248 2.98826664410216 4.10183768697238
1.70181428472573 4.31386656255519 2.58665890035484
3.97626312745481 4.05911776158111 3.76393614288368
2.06241705908725 6.41173088821395 5.13667210119251
3.01203875024937 2.72818244138367 1.0709811640819
1.91902181715121 5.51312054925013 0.832812790837794
2.18384080148175 3.51380696266404 1.45758942411202
3.86257750123176 0.481863195383456 2.20515121824132
3.0737864444795 6.56991067286119 0.148068715303178
2.49857080985615 1.67677770922793 3.99282118143876
2.537717591053 1.00635195320524 3.06706360080654
3.88302568069073 4.19989601727704 3.37704766394026
3.83577318988051 5.93680000258023 5.90172614928921
4.01184868799663 7.15001671547712 0.0847397858214715
3.69416844084821 4.41480275047164 4.19274903632326
3.63544946286152 6.29074795634405 5.85311873876426
4.16804210531773 7.10705449774518 -0.767983839448254
2.00927359452277 3.55301790528241 2.57270978802033
2.69149435341837 2.53363561774753 1.70933161583427
3.20096121203096 2.83828578655323 0.187943111366656
2.0744606096214 7.49882733819839 4.92143095880768
2.27376599023232 4.90551844094826 2.07017289718602
2.48782449981217 6.79550149212916 1.95884865118415
1.90759746080908 1.66093653341183 3.44801725551635
2.1077410094916 4.92478953876897 0.891020069712092
3.07511667931672 3.08671868559232 -0.0511882515214959
4.8377029463004 3.15969178744521 5.57899514426829
1.319182919337 4.84971429851889 3.02200505786512
4.06485700598962 0.71335863580687 2.9682719294952
4.39406328478931 1.26661293900381 4.69513091695862
5.07273009201557 2.67703709850998 5.67797183691921
1.44989777848602 1.54858421215093 3.0682567384536
4.16013249047413 6.53412032908884 1.57116212698911
2.88824053312214 0.121268821679122 2.26331244014937
3.29490280649167 6.78057404091679 5.26935551751469
1.02045532599525 2.59396755260302 3.15429040834486
2.88791490051024 6.25714251552339 0.134762352302904
1.05827247952726 5.09388333055446 3.6441010443908
3.24274879396693 5.34189720975946 1.42124251293196
5.01857939539782 2.05212154554714 0.12050639236564
2.43743774936134 5.76999029235025 5.37131384973005
1.1254077352614 3.18981585982676 3.39010366683535
3.19743880726223 3.37299368624549 1.96095014509212
3.84567320052772 6.17223240002124 6.02025087066746
3.88516060181549 0.495062565512577 3.30023415903322
5.1491425259309 2.19596608282479 1.27260420817097
2.26340914066921 3.23205456890756 2.09873470603188
3.47562622727658 2.7663033438189 -0.0369515794282987
3.89675337008188 1.29499876492135 4.13417270148558
2.33041449954767 3.37408812032345 1.69361139031912
2.78922498635327 1.81445575934145 4.0319332124837
2.98667831371688 1.23798804938015 3.70469197711831
2.66732443145285 3.51643569770445 0.0867687250333244
3.3204190947983 5.63701552480229 -0.232863072758996
1.09594120844712 1.89548635447518 3.62052305545101
2.59254642471874 0.00327859362323135 3.18482535640345
3.47375244417277 3.81221805886563 4.7061563868257
2.46865722530998 1.45255427318207 3.9609967457524
4.15349439689777 4.24151563488184 0.691246780721819
3.35447953681529 5.17784487078644 0.64004614815663
2.55190657869465 5.45574229166212 5.10749744842958
2.60744380126056 0.268587083646062 2.07740263113703
5.10350957597094 5.58555601264679 -0.137450934200453
3.68188228710975 3.89341392296126 5.65912052718036
3.2442720394973 1.33812544746965 3.58929839022046
3.40922902091904 3.19831549656979 0.75532169075601
2.94733615603419 0.793901223498738 3.2100228918512
2.12674114393865 6.20599469174035 5.05161498612177
4.23816963104587 4.61260876519025 0.802999904564645
3.21435255946086 7.20422045194265 6.64976615276209
2.86384573265 5.90184974988525 1.43545589901419
2.52826778751213 2.77305075496611 3.43745224621176
4.92997547941255 3.43652212140536 1.49622299759951
4.28655260115655 0.139612506754638 2.2731473833036
0.95853809024408 1.96857714758406 2.96921366055846
2.8821235445438 6.54968502542738 0.0558264649827746
4.00404315985705 0.523215834534279 1.83640800206877
4.08026047494229 1.45503223820118 4.35260036072916
3.49590262126199 5.73972083601408 0.705965062675046
2.3824195651767 0.148458278845141 2.68529138938647
2.62884157837145 3.98860938225235 0.52610490472092
2.94739156866248 3.21490477172439 0.449175048756678
3.46647640839599 0.112685729294974 2.4466416971977
3.65864830779132 5.48304167378301 0.357349811477097
2.07579493298214 5.51764914743105 0.979486434909677
2.92574437010592 5.47642159027768 4.50623382036107
2.40005596498865 2.91648705834401 3.31619776514543
2.83956014619283 7.29834537500355 0.425203467916086
2.4750293410707 3.23438365689879 0.683837637863448
3.28902661631862 3.68833376762238 1.83965125261592
1.90527453661874 5.3737667221366 0.389717910723825
1.79804930860181 6.39655414297229 1.74221216245303
4.39192943870512 5.27418183817443 5.93709285239306
4.03691020036218 7.22603571659207 -0.414160327324971
3.00547832055258 4.48374791349987 5.3818037808193
3.90948923640091 7.20494140303961 -1.11744761832938
0.919562069077927 4.76008704006433 4.59749721572319
3.76708385414913 5.10654528613914 0.277690375545457
0.575931494749442 0.737873164935569 2.49706473734011
2.08309953435689 6.2175472904557 6.10158284338212
1.97346443862407 5.14857015966371 0.079274895700654
2.59026190157912 1.53147015087389 3.71899918853031
1.43444190242331 2.71090189125409 3.89262152723043
2.61834606708191 4.508011052685 2.00305044933434
3.02930874121806 6.19755328248164 0.587393964004669
3.56890903991222 6.73478076415551 5.73427772141316
2.53421687556521 6.13774760479502 5.18865742016337
1.67935327351288 5.7276318664332 0.65038632747439
4.84440166302521 6.52531147194271 4.5863482376197
3.13980780832504 5.72211510511063 -0.511281247120087
1.39554409818672 1.99606690652266 2.82934775839847
3.62052779446025 2.06178252204349 2.23111347817972
3.44995532139146 1.21028683951309 4.03984093497999
2.26572486914114 1.62895480395961 4.17562457657133
4.39053003393186 3.97193866398294 1.05340264381361
4.3266928505837 3.54403532311481 6.46171592686578
2.27162115787968 1.42109779110976 4.37302990560917
5.32702512188133 1.24655185713582 2.95036093751113
4.20066069114114 4.09931128820845 1.64421844474885
2.50321863523265 1.39277165835033 3.74934470582676
2.17811006747715 1.92049637337677 3.52418840486626
3.77497090423807 5.8188720091343 3.99098233712108
2.7878359616893 5.69983028456236 4.67672612568179
3.93970643813972 2.97906586748168 2.18691752681925
2.50608651254169 1.72723583639792 2.7057352307361
4.28195096221639 3.05446784761604 4.76401897793397
3.62902724376867 6.33587797357081 5.06650719125335
1.61222964339319 1.85952339280057 3.1800946174006
2.64334806079286 1.94319599065476 4.45280706499804
4.42636269355207 3.4891342370951 5.62433263505004
1.78876679113983 7.27173174277527 5.29943657148187
2.57368397892173 5.73114010214111 5.17768400050662
3.04855991707625 2.07161195888336 3.28590435970775
2.77114753719717 0.731560248274896 3.08765844381331
3.18044345228385 3.30998270389421 0.875839002485788
4.11706542733037 5.55596764732703 5.23511914922548
3.54132316175306 6.51683089169088 5.41532550133811
2.86865189212158 4.65326737624959 5.25566790695942
2.74370481860587 2.26020851336889 3.41513801829558
1.38625832926387 1.38771344918161 3.20618071569664
4.04275727152463 7.21651208243325 -0.00932163910293318
3.25870739022891 4.00689170474968 5.00971148241321
3.13676736342623 3.04113120669385 -0.577494551183916
4.61249033135125 1.99394298760521 0.215173818368795
2.38814375716319 7.12891654888788 1.72077286869691
3.47582086376466 6.51958626181993 5.7590003083201
3.06811440742607 0.10839256474965 2.43514381401113
4.89768520190052 0.967233832041298 4.47839221083564
3.73024097868438 7.16137585713674 1.58840218696727
2.10400836512834 6.3942985223051 6.00253919584854
4.0143255229534 1.3366682747243 4.99683666959665
2.586649739753 1.16247949540843 2.72740458202798
3.87717767450756 3.77636703345396 5.76140933450154
1.9808120313067 3.99452705573999 1.34418631625761
3.30063629308787 5.20712096248801 1.04810614716286
2.61996192432187 7.25185055373332 0.0386636410259895
3.42549189051276 2.0515959543583 1.28963920978796
2.68591856281933 3.47913105915207 0.562884223336994
1.63513762149826 7.3468094236288 3.28479192977545
0.200655957362433 4.15419014624284 2.77928714712565
3.85399554098644 2.72738716722673 0.268207862040652
3.45294557804909 0.831240889099763 3.44821660258765
4.28453622316277 7.34764053856852 3.92433674883328
2.38819925853708 6.68722426954149 4.93826691074229
2.14806079883789 6.26789918686463 5.17367939759892
2.25410646371154 4.74020770442541 0.433001692387881
4.15885481830219 6.30611814657279 3.57758443351902
2.27704681526114 1.3213157213286 3.61545728955731
1.97528774677687 1.43521840924985 2.33005033859181
3.39268368015217 6.59341517082561 5.50878205672448
3.93210605461082 2.5757625030573 0.732765559234591
3.39972587874092 1.05403749914062 3.79779194324814
2.69532402420983 4.10071972311708 1.55462728776554
3.86405337863222 6.99370257867284 0.817656459367346
4.30374040104713 2.84414761084632 3.21537773495383
4.01510173880907 0.642365459625799 3.09568477933852
2.81466193218409 3.88633400483957 0.590002326080302
3.98986410983845 6.94961590592184 -1.02832075784759
4.24827880436862 5.73595114481323 5.75612563391228
0.933907537467845 4.05372644094898 3.84198106484062
4.59720949470214 6.87552735643183 4.43213052063171
2.61599639576967 4.02734732049658 1.28366436075194
3.11712085673726 3.66246224082416 1.74011589267007
2.9447661991023 6.56371070758946 -0.143918044555386
2.86948108556424 5.0127722402452 5.31281463324432
3.73835385822632 0.433414173684328 1.8234464896693
3.13442798801104 2.6512758883187 1.18002183066179
3.02631361745207 3.69090254422368 0.869042783701031
0.990406666895935 4.15530952640039 4.51336331192767
4.10650733089602 5.59427499465946 6.3038490680402
3.8761313477964 4.46585769134524 0.321219851589144
4.12120941184861 5.50488865550559 6.46946112526412
4.11196350127953 6.60910950842956 0.864344908210768
4.21860700882624 7.27281477860151 -0.559608522070208
2.02701789260004 2.15709435173492 4.12311916071168
3.29390306191083 4.98711514990597 4.22850924065598
4.20606454514633 5.85219830128764 5.96317283127407
3.65558731129574 7.4042952307497 0.0364047103080484
2.62006191713957 3.83434316438272 0.835586189247837
2.06040338096762 2.7898321058578 4.09497933655908
2.07959594502228 5.59031280119521 2.04631406680038
3.48462392994862 1.49023283484191 4.52619901344504
4.07041840611553 4.16919403582191 0.931177516419304
0.357486840831466 2.14342130835371 2.26795784223765
0.291056689124491 3.99008765591421 2.07126005455959
1.56233262304823 0.861453647717964 3.06181098254575
3.27851291863683 3.63954848258696 2.94492971726272
2.01325312571057 6.59217794362106 5.42220610101664
4.05665335216844 3.39350466227652 5.23664585875874
2.91891719039407 2.49352505066206 1.58047642129783
2.2708950171228 3.9805874094126 -0.262847894498187
3.49217152462407 5.64281279372923 0.368077561599449
3.70684707377577 1.6780995713622 3.50684026235929
2.82733695067672 0.71121867476031 3.18512613090897
1.74485531539782 5.70308606448176 0.0842272125586974
3.09784900791577 5.15819808762177 4.32572828030364
1.91365203777628 6.84925149805063 5.04065709931486
4.35257959001865 0.266570679196793 3.00557877973919
4.09795704511157 3.62025856478332 5.82423771297576
3.01770295642898 1.71200118560716 4.04336216957928
2.79178750465271 4.87785929904611 6.53618104761441
2.7500148353665 0.333833849320309 1.82549165321746
2.74727485668782 2.05187409586489 3.78850675608567
3.4854588260082 4.67285498698468 4.03707441820908
1.79196008355182 5.1187145211604 0.856591408420924
1.83430648088966 3.72767674947585 2.31038677896592
4.95507145018415 5.58742761102567 0.24857289337445
4.54852146882954 1.75827152191364 1.54041105678545
1.99205525218488 4.44368633064466 0.698569170001267
2.81866433327834 5.89316490000923 2.94448090936667
2.67528969711437 5.37239414396756 5.48472707292118
3.10947427854146 0.0952624208414274 2.52883771867683
2.26594395799905 7.33621793187933 3.46338630171899
2.9598855877662 2.31111175065314 2.91520478582568
3.41830796176581 4.20634416770702 6.05275318459856
4.67393399768744 1.33437264072062 3.06935446531434
4.51546049815501 6.33294998818288 -0.605866182579532
2.86121859833722 2.70207615095507 1.21631959162706
4.53858295768195 6.76283194526081 -0.525498844301586
2.96866427236264 0.657782998329784 3.39255648155258
2.96833548043259 6.03098878112985 -0.252939068263695
4.21845502260083 0.658365912279369 3.55248672469091
3.04627984305038 0.576277257480165 3.07783844586094
2.79447400347276 3.39388271347607 0.16561487744268
2.38736170150608 3.12870544620202 0.42337211438934
3.84858693429644 5.6269900763141 1.95673687172876
2.26607366592716 5.15323805636488 2.96343151222142
2.67857472894179 0.826390679170977 2.12203394845778
3.60888424630803 0.234998003877506 2.36981060927206
1.89759195886838 6.39127293027846 2.99809064383773
2.29599441535989 1.91375070802241 3.61299342893145
5.20126468435423 4.87810558060445 5.85785973760857
2.76982545850008 3.3562925314291 1.06055785311516
2.08396827381313 7.45818030623119 5.24127859694376
3.2356882382129 7.42558826916625 5.82880360150933
3.12611480816504 4.00911378442583 4.78893341387907
1.88003657020062 2.98888252286749 3.10282392516154
3.29247095141612 1.75434756992624 4.16632097173297
3.31901695865489 5.24736049840255 -0.677804288105637
4.01994726728685 4.53292614917804 1.05422225192687
3.55142623753275 5.01355150132887 0.675473566456988
2.46709490616542 2.06753471846545 4.11199338464705
2.40286908355991 6.57476030774521 5.30195953136607
2.03099424091212 3.05533301029521 3.34459556477827
2.9309512624309 6.9067836872288 0.738123812465904
2.85568925622367 1.83613076709606 3.85855293186075
0.502997197539361 2.9185238939514 2.53419558908722
2.04761272379549 0.53046572801474 2.21795814337753
1.53479412016814 4.7659576017175 1.93694496876267
3.49296809878083 5.42424201715486 0.208453795446317
3.16606266148405 0.953278222795148 3.43258581605957
3.2627599447883 0.168440045011601 3.42986479868858
4.25747814729511 2.44541203302037 0.626193773588683
3.39922389128358 0.775374320692697 2.28864656589242
3.44112479761918 4.91018380027625 2.14378370041066
2.43750131965 1.50028285615671 3.25749257974778
2.05259118791069 5.4495216846011 0.49161727148688
3.52022963956993 7.13299454811516 5.67121723520855
3.76649239869577 3.86014131716281 4.86931710811177
4.31908523839477 3.27989337740129 5.61372048478247
2.80168826952435 2.65108478519335 1.57642442261236
1.57946611165238 7.44157852258874 1.50860904564971
1.86264093582724 3.84959796090487 3.23911809036876
3.56421900539593 4.1088223611423 5.9478244146116
1.86333145826748 6.90511190705501 3.99527070112683
2.32076414157146 1.49749070159411 3.51335755597135
2.94185720253696 3.79244920268275 0.428825279626715
3.32442012214206 3.30800832449086 0.925422806694421
1.88287330412125 4.30445903946404 0.545047397483508
3.50286042024504 6.43594239421706 5.90596744787668
3.8438112598548 4.35648100569693 2.819113682859
2.25238862582913 3.6335028375809 2.02115062839387
4.64825046283977 3.55573875489922 2.98491792644553
2.12476713775189 3.25178872524865 2.95531837999259
4.54325737291942 2.68031127426209 3.71990510337526
3.09490509173635 3.07415239454543 -0.49010737340278
4.55450185662366 0.562965581176019 2.49117151387369
3.85069848343347 3.16539483579694 3.64512314137637
3.67273684554729 5.18030497198358 -0.292698269879605
0.867980368105309 3.64709664016757 3.45934736801736
3.32375292338576 1.55413365150473 4.19737013078764
2.7349295442533 0.990661236361557 3.36637195391391
1.55224599413125 4.64805196543605 2.07461460495447
1.97899013735905 5.54192664442273 0.638334988877264
3.59875573742412 2.90339674160282 0.439351803037994
3.81609535550626 4.28540105636106 3.47195375704971
3.39935124017569 5.91609029866318 0.782491669783865
3.40664058488001 0.484860417601853 2.68358444907729
1.99803432043602 4.60159972079334 -0.141226581497947
2.40987421645024 6.92325989768434 2.61588766714525
0.82096795216698 4.90799099133244 4.83055685213859
5.49002477859546 0.0916280162276157 2.22423810796892
0.699502367511164 2.64493825534903 3.40873317393421
4.25026872617184 4.93322469524677 0.682241522721775
3.55276449300639 4.74428262490961 1.66599780283468
3.34625946152393 2.07473748193311 2.21684170887805
1.83506577808855 1.13262101110617 1.84781004828727
3.11535624273381 0.370561699753432 2.63086801970003
3.0681046129743 0.901829672651376 3.3801523562061
3.78185898889697 4.33231807583041 3.4152766411298
2.68696873892637 6.01895732474326 3.29245065543386
5.54407592565771 4.57394652769024 4.94318014284812
4.07161031337868 7.2432836280104 -0.604113511976695
2.32691921180864 2.52192932244456 3.99196988313977
1.85079192250863 4.26766929705762 1.07046082553513
3.75744512941382 4.30685669638125 4.21274089123253
1.93761596206155 7.39160110880516 6.40395272230003
2.92931148588962 2.76872528153503 0.738363857464626
3.66670385630415 7.48366357970443 -0.629525325193012
3.64442617260241 1.44521795564456 3.60569414807722
3.38482635357718 1.53214778353457 3.66696834711461
1.32876054556228 0.32723073150703 2.15485557520181
4.31435004548351 6.71456183137661 -0.100878768807787
2.54051753085922 1.27368223885949 3.7151120548944
3.79122421587995 4.47309063394505 2.19534000660525
1.45338424408537 4.06545071572505 4.22820895486243
0.725134080121928 2.62530874918553 2.59121753505541
1.46571861142279 3.96312908433495 3.20079794803325
3.06138275347134 6.64857629419557 -0.52262017380325
2.38006158596881 7.32589430315136 0.639457231734699
4.17371751179284 0.185306039218315 2.6024836877764
4.45399440301646 2.9722490096258 5.19545629788638
2.25791200100814 7.31177825740487 4.1968055957841
2.36111611831532 0.283266833351784 3.04411226963517
2.27643723507008 3.07563754422997 2.59792625116693
2.39065742293921 0.714160775105344 3.00071481969458
3.9762975535037 1.4037353493292 3.35082804203326
2.20825260950985 6.64702914337356 6.4593870111981
3.92889274906997 0.724164954587147 3.80011888323569
3.43020365628464 1.72974055660988 4.14415905706437
4.45727075678869 4.59018323003966 -0.0851926596192982
2.54246101003051 3.62809691331464 0.901083449380847
2.26144128892901 5.63837619092527 4.59528307508792
2.42099029871382 5.23703699363167 4.47746800424831
2.43674108273159 2.32112157297178 4.24780817933925
2.38041850162275 6.14805955620579 5.86811630528084
2.31871199410176 1.11769733929106 2.4112893527157
4.0081096701085 5.6241135217674 5.67852172558834
2.92164352978096 4.69616609385503 5.0693218474239
2.62856467381233 1.79726480103495 4.20964425624813
2.61168389226048 2.76462067208082 2.33918775969013
4.43323023661409 3.33326937802939 5.51970662987798
3.38775662325856 4.89420011769484 3.26705990367434
1.36595408045602 0.609512604243419 3.33269086699204
4.29719221438353 5.99876362287069 5.76289117862636
2.21023272024446 5.92023117519501 5.41866236439695
4.14141724389213 1.06361825195624 3.92151614612447
2.79407385318717 1.10532682081036 2.90772153176766
1.59309933940392 4.53927179243842 1.67539860205969
3.73012009632096 1.27373691128954 3.60782481817275
3.44086516489918 6.50997458261071 4.65145369724304
3.3431519383311 2.81621514950645 0.537485105964907
2.04149328080882 4.34348652077052 1.39671710803285
1.91988990654057 5.18404787523224 0.194724588595339
2.22740717417662 6.94886250322037 5.52877532719515
3.85372966161389 2.61208104243421 0.161766641746813
2.55800417353411 4.39933659984903 1.55453288020514
2.80017874636051 4.38425555956293 3.68189845200071
2.38731229375935 4.32314434020272 0.0542591605649004
4.09432769888814 6.54670197514778 1.213589910558
2.64254914907318 5.59664965692687 6.04321075803838
3.81142802446395 1.20159467237542 3.70243773089005
2.82688083632717 0.651882285629069 3.23720782797655
2.1071235048769 6.26581554213383 5.12552098586161
2.62653411812407 3.88609403666387 0.216182349086489
3.32654326382936 7.17408259328992 6.96361018130622
1.3313474024109 7.4094839945525 -0.0670829024470114
3.99192482655413 2.77956084491865 1.31775124590964
2.37702445701872 2.31641798848776 4.86043990800706
3.38161641836952 7.19927466256609 6.02793850696714
4.24250321272738 3.69135301332765 5.18035380269534
2.66596667299998 6.52761522105152 1.54990497255579
2.63386051537548 1.18996167885459 3.15997815052506
4.43137856841093 5.08662548428241 5.70846135474748
4.29834628567114 4.65333135436237 0.39465116053903
2.32035489669106 2.55033126346984 3.66353787217082
3.06653547985005 4.4933195618547 5.06953732909128
2.1304155582896 3.07465798096654 2.70856062633684
2.25143130183003 2.83368419472602 3.34248152080098
2.65340871515021 2.73724661944078 1.53583317825895
4.15009811753255 2.9224116159093 3.34485917170139
2.19208630627465 7.09508079189774 5.6507054567783
0.982591502456429 1.20979831829689 2.7475161259631
1.08447022402849 3.87707182169075 4.11460699609664
1.6223561278426 6.46427494317616 0.917587920083916
3.31802553169692 4.65614139115477 4.17272150353061
2.19116747648858 3.70257504925983 1.46237872849915
3.33167499538218 1.79274296980216 2.50386948322698
2.49427464573193 3.46956149066634 1.91339605679395
5.19676836659794 3.24861473233722 2.04073567825989
2.33664088059303 0.552880860520768 3.25761484591673
4.26607579076648 3.35058727456699 6.35586281328997
1.85133951586953 1.14849447956093 2.8075703251288
4.20654177638501 1.70841772296376 3.03272820648102
2.89722875248811 1.57333842605744 4.05080232121911
2.70880942683546 5.64649954484023 5.91390434785014
3.60668473512369 4.36762197686828 4.5076454510788
3.47197864949805 0.711606576408359 2.53115219067176
3.31668389897221 7.36962043440428 4.39838275230281
1.73309476719245 3.95782914769532 2.86639552488468
2.7391575294126 6.53416730416118 0.663023341562387
2.93812122990191 1.11836601997622 3.63066637638146
2.99697899927226 6.71304073052367 -0.342377376641922
2.60656530183279 1.23072344163755 2.74009541874728
3.44532765641033 5.37324621885649 -0.254853471441483
3.17523556185304 2.59693760778886 0.681868142848506
2.02518187323056 5.80570326673287 2.38723451735357
2.86052621740244 3.06646422542362 0.417997713789078
4.92128768782129 0.345719418508579 3.24360740593058
2.70895632267107 6.78791070013295 -0.0402446353988531
1.24423495354902 5.89542795456936 1.08079294059312
3.63512734250388 3.58856336695215 5.94213175686207
3.23153181382435 4.39052594688537 6.42603446181973
1.21500396357051 5.40656657643202 1.81813208065192
2.89989871136106 1.38391267416519 3.62932731686787
2.83640863360129 5.70369855351219 3.81784778363199
2.72206544445576 0.397880086180505 2.30576495899421
3.2447845512066 1.45558318332225 4.2132849770788
1.91714519050252 4.79136248410131 0.526160162279692
1.70974259109709 3.01290558509748 5.26288251178359
2.03940750887634 2.37438076150449 5.01174942800987
2.89146447196202 4.3104705138316 3.45156035683453
3.52793627878046 1.20227084649069 4.5193181237283
3.33647161883591 4.45138075818011 5.36678082060154
4.39854491186518 5.58440156340276 5.77354419805517
3.71996377687415 4.79752255574518 0.517802570568674
1.7598318572673 6.65738045872483 2.51493951758295
3.59430707091984 1.81348817500646 2.66722091955236
3.92403957563066 6.01414683589797 6.28265188310294
3.46556362718653 4.21299204495696 5.27443586850644
1.34719638119317 6.90439034678876 0.909892659202144
3.09525111868076 5.00177069362783 5.63499601722451
1.57606018684716 4.14260450804598 3.09291008546252
2.41370812282766 5.022191722442 2.6820398533914
3.36462188559248 5.32079039577021 0.00971835744527066
2.90511975723913 3.26800428690531 0.550608153580243
3.62780197698073 1.0378110486335 3.76943715036268
3.56509645422087 2.18513261127016 2.28182177583892
2.88436782226916 4.0977987814454 3.08310741820967
3.0166366810617 1.72922573715914 4.07210731110274
1.59575665044195 0.752310573614497 3.09689226631847
3.78858753310288 2.28796937315398 0.173671520430455
2.33675210372116 0.206494619550312 2.18141116973794
2.56427923601884 3.17348226011148 1.12330749062372
3.57104255563285 2.70159186055584 0.452145574421399
5.27822926015704 2.82201588210502 6.25234655692393
3.78605150749022 6.43925547834822 4.86495291165635
2.45402337131712 5.38138234122416 4.29834814758141
4.04363489011148 1.0205524940073 4.4951762881039
3.38225574329876 2.98673354607054 0.258666836384733
1.68567239711395 7.42177734395219 3.93561787838609
4.34663469239234 0.0526729968152351 1.80208998372023
3.93305399830107 6.00421094187478 5.91719763934684
1.71170800661985 7.42251895302305 4.47774076009859
4.60781815306616 0.845381977687627 3.52528094968029
2.74013564828138 1.30175637035093 4.28931217669415
4.88272021574068 1.00525354026798 3.89825218514621
2.72694527458956 7.39144018612356 0.886017380161267
2.05762228495852 1.89441382535711 3.40359380683359
3.39221175654589 4.42587540778566 5.80799135368966
4.7767014052594 6.28827942058035 0.780501047521256
2.2940390044589 5.33437663917666 4.1831160610354
3.66625116219397 1.54857100501359 3.4416300957899
2.90580088705488 5.29803729688587 4.65928855196398
2.63450883101284 1.99101493237993 3.27962026617096
3.23849233943554 2.25246027268955 2.3790157119733
2.78337969069117 5.27433088127103 6.65800442768423
2.2573251870281 5.93323478826594 5.56235963045799
2.34478326481062 4.65285973293574 1.46813387850025
3.13514826796694 1.50866407309419 3.28525333584374
2.31978322913743 6.15723162311007 5.79047230677575
4.81349793796878 5.48847537541595 2.86064634808081
2.98241407210117 0.365430568918029 2.90828210245073
3.37119246095639 1.50093680219783 3.99749073747243
3.15280587196898 6.38935696627663 -0.304324735830572
3.0337780036846 1.3258721553668 4.72460486362544
3.96496396097021 1.48528232254718 4.23707215055617
3.27723512260942 1.48965075378121 4.01969854229339
3.06210262010176 1.42468230557465 3.98055983522046
3.97508802812446 3.66365335297039 6.64934376275346
2.5780746544869 0.989476448019442 2.65154162826447
2.67320224681805 0.117780904212429 2.43535731355457
3.92330973045404 5.05059489746341 -0.139675210505096
3.24947511790938 4.86496138893633 4.22219178649912
2.5338244097679 0.959029345860835 3.21847994946923
4.3991747176511 6.95186725258406 0.277008456525536
2.64885114983146 5.14187543241281 5.67045753101744
3.90133185097703 7.11623178490943 0.377442325565549
3.18626389373855 3.39697375833454 0.895083102134397
2.43110198556136 0.158357403647934 2.22391994642434
1.06007863962688 2.44945271904953 3.78364018910886
4.31037419876498 2.53491524427781 -0.086919004081177
3.32956748047208 3.00890432438792 0.500117314592325
4.48334445164599 3.59273875130104 5.11238614388435
3.04872181877275 4.32481213981765 5.17006306198232
3.08582578855364 0.586790637856718 3.35728430005946
3.535208586893 2.1037501404268 1.22354134338952
1.58966285830949 5.34040993212432 0.908963050447545
3.52066349710487 3.20424022958893 1.45104076319815
1.73669646751331 6.8731231590596 2.31635323059689
2.33937648679034 0.416995363195912 1.88082461263455
4.85743235898851 5.98113280042599 0.695018904196093
2.14446996319534 4.23468906469246 0.903871002590764
3.6209568565013 5.17053447013123 0.0791017630045708
2.68137286982269 6.5358363824171 -0.378927827227675
4.73931483834931 3.02851814000684 4.8187284529389
3.33587257564725 3.39916956535348 2.03837781151849
1.9188413515811 1.61376869414779 3.23387169244817
2.80763704501391 2.97447403682728 1.37427408052324
3.76808397854756 1.91465562072982 2.70710625630467
2.87411656068243 4.46583724752367 4.72077950408668
1.99317015888744 1.4279752918413 3.66993647243588
4.05877631268271 7.34270677788658 0.417182390158266
3.75358591157934 7.23496760088677 0.558086411123253
1.72983511455319 7.1956691822764 4.22795210821309
2.61930101751837 7.05816833198342 0.146786180526023
3.13418357820365 4.5929107458857 5.10723658599432
1.23268596089224 7.4078063205632 0.573292124104161
2.54545459955897 6.95665382225658 1.39258151516496
3.33579934122732 0.836130735327023 3.52926338267016
2.99388952761797 4.92701446062196 5.83044703852628
1.93294288757685 0.140251847691286 2.11976908738408
2.86054052192805 3.79888218711036 1.15136057566636
3.98675998802823 5.48708219048257 3.92049210354718
2.83818852684304 0.213003555267306 2.73594230796273
3.36374868142329 5.45820722221972 -0.268235567516051
2.54289959143722 2.60181282916379 2.15737035167996
2.1039521382221 2.79294698843197 3.72080388859055
2.25134337012258 6.28633326081606 5.63320147402793
2.79925476385303 5.12520899756666 5.41380326371674
3.78656370871339 2.69513029916461 0.376737311850062
3.13264233604076 5.6696267434919 0.921101877349605
2.12556262399534 6.08354131198068 4.60832787863509
3.09684356911249 5.93850487564104 0.294477332220235
1.491959989292 4.81274446169175 1.73513057239966
0.797659391800272 0.332990097218609 2.60428854641853
2.6386279634605 1.22068796052468 2.97036914945528
1.56100029453461 2.45418873718515 3.43053627424323
2.69868973788006 4.27847670151898 1.93174679553598
2.51412256548494 6.57599007270535 4.15891168932204
4.35581174075848 6.82580546458586 0.24144366922481
1.71808217442467 0.818733742809082 2.12683590922119
1.84967542897274 7.43669692755339 5.55346355510817
1.74735106814802 1.25909651692031 2.74966814930049
2.69432056914932 1.81348536179562 3.53313060971026
3.32583322162428 1.68407354722395 4.05572615934876
2.61562834474477 3.4129539446266 0.0770916366184797
2.005391041355 3.14080599090937 2.76524249872224
3.16635150692675 3.65101184822373 1.22001775308737
0.33376813099733 2.00675644939629 2.80036562478419
2.61265281764903 0.323545583906125 2.29597638786933
2.76175567808576 3.85230859049316 1.68185271251391
2.679688457593 7.49673060238316 1.01981379103572
1.74965559628652 1.96776086513865 2.82495323958371
3.27773954189032 1.91234694664916 2.61790438618795
3.45451471005982 6.76622659420466 5.51687620778981
3.24593566693742 5.53672465873589 -0.129666822358854
3.56789890967866 5.233669366038 -0.421076350124905
3.36505183350829 5.0146639668439 2.37751413322035
2.6979256605073 0.61056771684402 3.17837482196863
3.69521078021243 3.09729267679623 1.33276641541028
3.78445811137412 1.65257683918453 3.43966765322203
3.55440383640374 2.13222110413601 1.76606388916738
3.06585925945833 1.44584464766145 4.49031836281094
4.36537327515268 5.96236520591866 4.82198420166032
2.12322516327854 1.71816980760481 3.8556248494438
1.42607615597221 4.1929434763234 3.3684502626465
2.33120467023807 5.19803727323891 2.79380160949225
4.39292169439838 1.92451121623972 -0.311199678459296
4.30537249779912 1.21283358547077 3.32318252645772
1.64712747539 2.00254868877217 3.57990077373876
3.3604041277151 6.56213399627621 4.15551192928248
3.34754055600804 6.57654915725437 4.15045941686744
3.89104795898368 1.35453412443425 3.81366909875858
2.88701996138856 7.26466556005435 0.791355389786426
4.35367464829806 3.0121246822726 5.52896595818045
3.19495954394074 7.24967420990936 5.73292694150669
3.72644140061479 4.25190580615035 5.06235328530801
1.20593765704367 4.32497380183007 3.14849307878548
2.86545970361424 6.98569037091639 -0.107519876385672
4.15779495143894 4.73294150798458 -0.365279856872285
3.20508700645796 2.72798429733699 -1.0169955272799
4.15596588139967 4.60696254842783 0.366098881859905
3.1776818303598 5.20400370960487 2.93892788685992
1.99844461610988 3.46275170363234 3.07890208005173
4.70991796408874 6.459682817018 -0.972151497319392
1.63705853693622 4.99568164367076 1.35977739074394
2.38688186619745 2.0499944948128 3.88847661878161
3.77596475556317 5.43924429403689 0.0835730199141769
3.40512018178264 1.12839881286241 3.87523820160149
4.28268669110591 5.53549679376792 6.11825539630394
3.33371273488451 3.6646538451158 2.96239610799026
0.895926406784848 1.55832021270968 2.02661272624092
2.38888224644939 0.739143482588212 2.31532788818966
1.89302696986501 4.74116364651115 0.585405347780178
4.58392080144515 0.298661487809021 2.62758878714873
3.0072484381232 6.50150776249679 0.0755647255593658
1.78387262426462 2.41824529857084 3.93677195504339
2.1294197301673 6.34794192492409 5.31168382375384
1.77053562727102 6.11416873818489 0.93767225091986
5.6101377878569 5.68121296393604 5.1123345499384
4.00594716176222 0.781179606996693 3.58086188792435
4.29103343324934 4.79464969381175 -0.0373290046559041
2.92767238457326 0.183276718129638 3.00462344547027
2.90608953282803 5.4900885062539 4.75162464935792
2.52855992918134 4.5138166878313 1.07145286203857
3.04463781172556 2.33530587073737 1.31111622289122
3.42496990945137 3.06068001258313 0.830954811292363
1.86712905232992 2.50943862960592 4.11567059697721
3.60108734872332 2.55551028224672 1.31909363848732
2.73117525047106 2.57302593704176 2.13557914278729
3.70377791841508 1.43918930817761 4.7964850305259
3.86743150537029 5.72428630214693 5.0366159954549
4.03619733342107 4.53951656116693 -0.00888001793241297
3.20963710695079 0.78408867835143 2.36418168707927
2.24992070492849 7.39932919262851 2.86791627265461
2.9914752246518 0.248806415734167 2.26829977813557
4.47414311536819 7.26682639148119 5.42249185287956
3.75782395385262 2.64766627768944 1.34881555409191
3.58003227113918 6.43171843514471 5.20526596729427
2.38206117368973 2.02099811144522 3.93791710834218
4.26722236594452 3.93249022991913 2.82598446343592
3.21741796795037 4.49192421478694 6.0370843729926
4.02980168264533 3.67548606560441 5.60360702571346
4.43011617617942 4.14966761281799 0.010073677946224
1.53898078534567 2.04990103067154 3.16273265451444
3.4872456402887 1.46063027284641 4.76077990201729
2.94147582415365 0.652541160356273 3.57063657416973
1.81311664243117 3.06986304412193 4.57304507950054
2.15878297307299 7.13204077574947 5.20693051027755
3.89041877863269 4.47695285351053 0.71122222733515
3.75996032642863 2.98786681332323 1.05328990044834
2.00377114717771 2.32255053727525 4.62325671642472
2.46926588895454 1.11065333783422 3.24621484811262
2.41404621243973 4.92111171675288 2.83484478448736
2.75067260089562 5.3129350322467 5.3632726389183
3.29554549922776 4.98163709906779 4.15161811395688
2.02567640259894 1.90936143023554 3.59079268784425
1.74421283905823 4.01791023368057 2.76870661421937
2.77011388017661 1.25354601282264 4.38404006980842
3.69987918568814 2.68372722940832 0.819197094010948
2.82880673288434 7.43734108498113 0.593680498152654
3.30948398386778 1.99908788790994 2.79578793029266
2.53538328348072 5.31509775739639 5.83191761654527
2.27080989158838 3.81696318380634 1.17240807799583
2.9277038575333 3.15644967415238 1.26018485512444
3.41879768496997 2.85938607266838 1.044028312273
3.16807254236583 7.29019695061999 6.10177963949756
3.19315036897588 6.15586924414924 0.373305473577582
1.13079350520294 2.17834289176728 2.75236960533196
2.5108744838021 5.81296759594734 5.90797056848767
1.7719725105713 0.123243297394219 2.24160476794768
2.52506862628408 0.908858826875137 2.876387376916
2.730057982215 6.24363835819212 1.61552090903406
3.46557298119897 2.884303607987 0.0527522265650691
3.62191812869315 2.80165176568518 1.64863528401481
4.00669273333876 1.04989409605518 4.22593572349381
3.32356081278718 0.0560086736971463 3.59327998284795
3.50870155255295 2.98538801467208 0.0701514196689996
2.71681933746432 4.3386099835034 1.98124393410499
3.45930032244743 3.94871117231791 6.23384679724072
3.26359154862421 6.60924469736036 3.12283578629683
2.53650883830547 6.07146191873952 5.5240193297205
3.53490964705436 0.265826570321252 3.5507208131389
2.17336056581215 7.25665937474863 5.15404009088796
4.58025501978505 4.50854651502425 0.326673847842907
2.37110789914622 5.01070126526814 3.02062576139064
3.05143732491939 3.16665562062303 0.201697523024658
2.87485959436756 1.10500333524998 2.97390754515205
2.61926204959078 6.99566297753583 -0.540786122403648
3.32131384491112 3.99248307529253 5.20462956439345
4.49140829343168 0.997268132917984 4.29545362032918
3.6320911160007 1.79396310991467 3.41107243093448
1.87564406241399 6.50219160332464 3.50231487440309
2.02646329143019 6.03686463109235 4.19242863403844
3.9224153389681 0.558543082489618 3.15683095659711
2.5308468253238 2.1452193133916 4.14012985053071
2.34395867784103 6.52579905760627 5.79295688823384
3.30448769690871 6.51724736851424 2.19760336943709
1.70482781214845 3.0127641874927 3.67398371918356
1.33060033341071 2.45000874130069 2.62516772278964
3.19829344165373 6.3347423213812 -0.0534900950222019
3.33103685843026 0.55178855817424 3.49563739487236
2.52965680629841 0.0484496930855016 1.38084690398413
4.27582524843556 5.90506738970776 6.41131249664756
1.81279071035989 4.74784610134988 0.832646725430859
2.83486372564829 4.53152830995755 4.42152560295904
4.14958391148753 4.14046328925293 1.53200899689169
2.92604735658686 3.47222102291542 0.855313770636271
2.99160111830122 0.955852631717163 3.50027188999242
3.28089706086675 0.545323004658948 1.69891258976333
2.92644270061251 7.4572778511085 3.7823700329573
4.26297310021685 1.81470087928018 1.02078848409798
2.62240884355231 6.88429411802429 1.05343096588436
4.37786140951571 2.22910905690659 0.165002035248479
2.9009024371266 3.55324265614777 0.636484899857312
3.19141406770639 2.11678983956436 2.56715993729295
3.75976203579171 1.4498050791139 3.76297687845949
3.83162989033836 6.12996883580772 6.17107373574421
3.94969383088945 0.576009214378091 2.42005753625863
1.53619442874505 3.44668384891028 4.47976481250652
3.18786767305279 4.82071613900525 5.78032466984362
3.90366193253925 1.10256193177022 3.32741925022319
3.5629851569831 0.648885623708762 3.33677778780531
1.93571609022729 4.47464259388016 0.474636084096667
2.23115868927465 4.40987486486446 0.761272381121616
5.69125492132044 3.77919946164552 1.80783536344733
3.05199903239235 5.99470328243895 -0.262363704668894
2.64989931702387 3.48130914078612 0.56854169308289
3.64063544899443 0.345012496626178 2.77684867659306
2.76741332620288 1.16643074673541 3.45215355337228
3.50282078611641 2.95399182999737 0.604774479021761
3.23988750419459 4.98234751278339 3.90200411495779
2.25891286653654 6.00819594094949 5.11837399372795
2.41891630282732 0.892936262351789 2.57006341560984
3.10677713760341 5.12354536655687 4.78715414195535
1.87030991157189 4.63491330260932 1.07835759860078
3.65213610524805 6.76808838527999 4.54262178654997
3.35035497029643 6.14451729870975 0.310128971278272
3.04252789892966 5.69872665221408 0.996828636938637
2.5457666762516 2.32550695219898 4.04666634031576
4.34669246661972 0.289811315093461 2.90985844969857
2.27606078851149 3.35015218612763 2.13532952018871
2.62654206644104 4.50335319724941 2.17529215112607
3.60454398517707 6.34527346364567 5.71840439368406
1.76567156379328 6.83669585358991 2.76957797865996
3.00756904998013 2.62725693371373 1.44237611272376
1.6784804209381 4.57735262959052 1.061619550474
5.27425841828858 6.88010427932254 0.880490079353971
5.25241339457428 5.96099832127741 1.30490440309956
2.16164869489643 2.24627787110339 4.07763578998115
3.37512085026035 2.59358286141432 0.732170479775039
2.37330161906806 5.70512423423063 4.66508229597773
4.42745812795185 1.69965397375034 1.3161362352714
3.15180140065231 4.48398641150504 5.61553605474867
1.11506531893151 4.97320736847865 3.85308488710899
3.46914481644335 0.565817141511752 1.87142372984699
3.76482960607666 4.06082211182563 5.26756309440988
2.42457971071684 4.05119591675217 0.279147960529335
3.59946303717496 2.88803248766606 1.08723664524416
2.6526603637138 1.6273250285705 2.68693726065632
1.85057912184951 2.32543099347184 4.08258073610801
5.17003577794463 1.80939983602759 0.863197621270073
4.29118233293956 2.55431923482321 0.967423188035698
3.04873909936026 4.66052319017189 5.88664356814426
2.26796045504581 6.46893860624496 5.28415789182319
0.665468221586898 7.38073086792717 3.92338523678798
3.40630731949993 5.08837573109207 1.24180104985715
4.9838713612755 7.17265096025578 5.39010158423077
3.21637401031248 5.87941548034427 0.00338526794461893
2.53056236004274 0.918960235078169 2.18356224648179
4.56205116854868 6.40598258606215 0.00410499978657414
1.87750633501647 7.14989978791879 5.8408012014787
2.0593181154431 0.425596749962073 2.92485399317982
4.74867184762482 6.35198508517386 0.355753485419511
2.20593702230986 2.92386029250007 1.81849096627939
2.82934654700689 0.921059535507752 2.28054584163606
2.6595166912293 4.73886215395155 3.82364816377819
4.07543190162365 0.079366048834947 3.05378826024985
3.61299156553058 0.614169973627709 3.20373047991341
2.59857906414213 4.12782280862478 0.211339189866386
4.17446762114735 5.91754260015163 5.85984188167365
2.10012696661483 6.9985947045846 5.7058956497665
2.1983717968914 0.421575337443789 1.70892815830961
3.41080517410647 3.37367086598542 1.88900038523228
3.09628283039661 3.23838653590415 0.128055823633867
3.0359598176359 3.81917829357554 2.0523040863599
4.21953894614951 3.52254820616255 4.89756246272344
2.84944401065986 7.06672798339001 -0.367187864121421
2.72323001881905 5.06311024297572 5.34027059013314
2.74925653946067 4.07309481300374 1.20400762310613
3.73543649009685 0.446835918279512 2.65758671742708
3.94128595842005 5.24535621807731 -0.287010583465559
3.13773545315599 5.15367406393613 4.25335900354421
3.37729342266942 0.546711615692447 2.4597890938616
3.75131515027137 0.63530740942942 3.40910848951836
2.48559871071619 2.91098949628133 2.21001605399307
5.07073291049483 3.14003210104874 3.87318553660006
2.1867196073969 1.90121260043099 4.60594927907195
2.18309781822257 4.98867382531133 1.06739155813093
5.37492288597293 0.995899472293248 3.32362006936897
3.63063082867729 6.35917011294836 5.87271692265718
3.74485448528374 5.53597083120003 0.767047011485979
2.53879225233065 5.57272091678839 5.44815446973142
2.61121037476982 0.223574577201575 1.7708115382042
2.79798449577069 5.54036960505529 4.17433825880477
4.68782505365782 3.20120768555348 5.030912527002
3.4241355328449 5.45200362336796 0.134124072037502
2.93682390260456 0.801382334917121 3.33562641862495
3.91259891356776 6.6524232499628 4.18541334738511
2.04906937265649 1.70728414821328 3.33083212279242
3.25089650260537 5.82928177748317 0.148617116350083
3.15950892361661 4.10141861942789 4.21805920128213
0.999875339295656 6.97484275148301 2.10672533818959
3.23878325585478 2.20126293288626 2.48212790394256
0.482788325638658 3.91666356415777 2.18003957348562
1.94523006618031 3.21594769855834 3.32836289257753
3.72495400977579 3.18127497060383 2.73750075207276
1.88882281982697 5.22738711521577 -0.78174743291642
3.70649150314862 2.54961549845931 1.24046474951949
3.55403826540773 4.86323569734202 0.622073414661842
3.67927316602437 3.6332601389446 5.18514303913157
3.87824200944354 6.15167269858557 6.22449209733255
1.75229688408143 3.95043019564649 2.75803619110773
3.9434089194811 7.17274120911916 -0.362499414421899
2.18396212813625 2.95364197097373 4.11481456558217
2.97627548197338 5.81083047702354 0.22945014380476
4.25144722922117 2.13642879424373 1.05575078416247
3.63662680270385 3.72114837224073 5.71060479113658
3.03679714002292 4.79051477195853 5.64180309626099
4.49039728158634 5.32129166083454 5.46476324828567
2.92290515166222 0.0898653110949015 3.63080038524863
3.34537675358669 6.31464389095896 1.54669483791346
2.80413694657833 6.71858185250744 -1.04650066618
4.89087541255149 4.50502087382447 4.38425725199024
1.35353718881908 4.4651851263096 3.1403208139495
4.73881661312973 2.85481316106519 5.61163260417138
2.31519352098219 0.9128418786556 2.71136555043934
3.81611838887017 4.97950355661302 -0.207652019900146
1.31784427488525 0.464833235580493 3.04661328275703
2.72758665907724 1.34605649307689 4.27848135572481
4.24435470934004 0.652129406193317 3.71269019427493
3.77377157092189 2.0368184647014 1.87017484120074
3.12379563475992 3.71317686661774 1.95937858943003
3.04599580146419 0.972882919954097 3.52700485152572
3.53579999622704 0.301600289080571 2.3170467382815
3.17180308895778 2.5756788459951 1.26421180990343
2.46294589756621 6.98964726624796 0.831290684495384
1.91395559283836 0.307919554186496 1.55528295640638
3.54272714355344 6.82478800196623 5.77694867807055
2.82238820924227 3.12909222475376 0.426117174495851
2.68316062746325 0.196207913526186 2.37422843242694
4.58943940249603 3.87265570615226 0.489198319417342
1.42863382465401 0.510048834715715 2.39264866449585
2.77176464731296 5.54115391567564 5.78397666505043
4.5244974198565 0.0899366179969476 3.09136247065494
3.42491156143394 3.53362066343935 3.42620422305736
3.71513317233105 4.54740940487495 3.40228405739549
3.47224153918031 5.9309488062483 0.648699017212248
4.78762744326875 6.99377076307724 5.54235510845623
2.82271707216414 6.98493496057641 0.618043249978487
2.96307052500786 2.56601482664204 1.76961142434408
2.97034568570692 0.620553881864783 2.88704090628005
3.06038145961795 5.22797587620358 4.97528166318556
3.07872024508359 4.30925834248412 5.25544657465447
5.65320862454394 4.66053575759335 3.22039722167114
3.03371560190805 6.33868528546753 0.311428199779973
3.6938254134649 2.40629813758609 1.18090411942639
1.20923133078384 2.06710590956618 2.59005000812435
4.16941302475111 0.875764683059781 2.95168856513395
2.41703223464971 4.89594509226011 2.83974924819426
4.34334686069643 0.830733263629033 4.55164300867582
2.2494099891232 6.51174350373182 5.848476571317
4.03940675617197 1.16036637716306 4.36022397221457
3.06328317980978 0.409013990865136 3.22784610267387
2.32931711154566 5.97718629448512 5.04335039363413
5.72809340790187 4.82059920873303 0.0935027018284676
1.40351488100034 5.03840852812555 1.77431955299021
2.46263746901561 7.38065227601165 0.637827892495618
2.38938854862135 0.472338658824618 2.45743338791316
2.42832888686909 5.90438584383829 6.08385978038981
3.41765125928082 4.71165625436454 5.92702026836132
3.61310189594791 2.7500530769556 0.627946155343599
2.01963385867309 4.23639546788259 0.527879790175033
3.10916600394361 7.43636046295027 5.53693900806425
3.12211445120602 0.499726851590363 2.33646246668856
1.44327786991948 7.27390242159721 -0.299572715255221
4.64379779239958 2.66275003042295 3.80214985768636
3.60342568562753 5.89021617890449 0.614318038098505
2.4599395247519 3.37711266624378 0.783777304012226
3.69501032447809 3.55334969619874 5.34502238205703
4.49227523957542 4.70005589404595 0.968485891456105
4.03928842637184 2.10339605171044 0.849969732874998
3.58203237396165 7.05965037390445 6.29452955566565
5.22155104124777 3.10490017033178 3.83764652182452
4.0176103789545 3.22344955797486 5.35326198800041
2.32631578032453 3.63857549839871 0.198284018577512
2.39262102285957 0.371422822604674 3.36095209781201
3.56955421879349 2.51247481461462 -0.546874976551297
4.20623654033832 5.57160323434537 6.75672404472878
1.36986465318578 4.64258544766702 3.34513277631014
3.58368109988091 7.05077936408405 6.17992149467076
3.84919205438797 6.34856774053825 6.25561154503195
3.36528534103394 0.417225133400759 1.77869926306991
2.04119135135184 0.100415356992945 3.05921001040656
2.89155041047484 5.84107615182434 2.06938968323513
1.42919835039631 1.85274741586346 3.02585342303791
2.81328114655829 3.64514502743147 0.133184214274047
3.98818873350987 1.52610919291918 3.62863179545405
3.32602924681933 6.0296422534844 0.0535352497870185
2.40230925937931 6.78835279841666 4.06039159830301
1.9219009406058 1.63039779853252 3.43877162939487
1.43248885840404 1.99911254711086 3.34038397170879
3.91942254750757 3.10052398808065 3.29513985051011
3.24336938210309 4.58154253727174 4.86244149257328
1.67886787369946 3.62734673496008 3.43746407593105
4.27005913687676 6.07018380083328 4.26185676547466
2.88500148361303 0.409897532437292 2.35662924353977
2.45706853808337 3.61267554746072 0.560100046447566
3.1485459594523 6.2144881885507 0.261599880114122
3.81360219360821 1.18043104781024 4.22657467323037
1.87565391475441 4.92440915771564 -0.425722164369104
2.79713880781444 0.197918684359968 3.47508869907872
3.23102435835756 3.67135889771026 2.81611551742689
2.22508514373807 0.461998299832318 3.02158872375516
3.48059406086423 7.29465844607552 4.76946032568641
2.90615093539024 5.24318084493762 5.50994491481029
3.06858830675366 7.13225858090608 3.93743622414342
3.40121279515048 4.44269332677275 5.35480826389884
4.71421928204842 5.00019215684746 6.61353111781322
3.24126819548992 3.08378145684995 0.21288650780184
2.74833740155599 0.665619553320874 3.021820766609
2.06920979259091 5.26330232240221 0.693050453552356
1.7897857681443 2.10604690181265 4.29349771373658
4.04966553259988 4.00112100529489 4.79070245633382
3.97519612512703 2.17452215108808 1.53500461457294
4.31268264673402 7.11894877759264 -0.0767137033195185
4.62377620124355 2.68744949591825 3.22459455576289
3.19911201705573 0.0602472745662199 4.02793106608178
3.0051731648287 6.82618364230118 0.932988226340437
4.25537322231948 1.62577115121204 2.66191578356691
3.66732301902471 3.16205900622551 1.5136896458939
3.74619378021234 5.80294306318885 3.24649002997023
2.97795855762235 6.89573743563142 0.550918155781117
2.63165643273189 6.09138782490058 4.72093874467009
4.17555661303741 6.62602811239462 0.300244733800392
1.89557445061436 1.37072916720346 3.81031586777151
1.76534627774839 6.76293601976151 3.60599273171051
3.75126151072429 6.30458907475001 5.28981094813334
1.09604538947849 2.71457621970746 3.53160394643745
1.80009544161012 6.83834602867329 3.14749822666019
2.69659286700594 6.21744527089693 2.68828992108914
1.84757588394856 3.06811226054709 2.96798825195426
4.31415831062056 0.0754471618382508 2.74544505527828
2.96448632946658 7.29637003998012 2.30730215798621
2.79754960734533 6.60578389392603 0.519309502005034
4.14166151663412 0.130445209610227 2.75073340315881
3.03409738404688 7.02442346389172 2.3673180543472
4.28866433366394 1.54068036773756 3.00535622530609
3.39508837384802 1.33087272146526 3.87488617920487
1.30856883868552 7.23669736030594 0.523141874542588
2.49550231651786 0.794641257312277 2.68732183446244
3.03395035473943 7.3601107237076 5.80366470956229
3.42718836541429 6.59836239777564 5.63991140828618
3.25486995565686 6.21189151679534 -0.324436662460807
2.13790517271235 1.84303421593108 4.56925001549369
2.73930945546567 5.55092850422988 4.94729803282932
3.17158163215073 2.78813879733806 1.12565122291074
3.66291893028121 5.05200065495433 -0.909287658336143
4.79636261421881 0.168104580545275 2.44240356741694
2.54778178646464 6.30051874894827 3.93383357977151
3.08154940837159 5.5162112931439 2.50995537000504
3.3191543625556 1.04548300423941 3.40035417618571
1.08662058239391 7.05562577691651 1.67625659985025
2.50059243417282 2.02886669138748 3.85515107534811
3.27237163265111 0.532051956073277 3.13301939547215
2.83365299574951 2.04649774964473 4.00037947086356
3.45883325080975 1.15640020215951 3.57025255164549
3.51574669335423 6.34805106270185 5.31023545593408
4.63560282987927 5.86996717863657 -0.152938375350612
2.64893380768656 2.05584913935681 4.082677336354
2.84265436967763 5.62971147564158 5.19485514413949
1.43453073032438 6.96466462505688 1.22791539814252
3.29112174362269 6.25131566422623 0.351144076716685
1.63004952183189 5.42760576801703 0.145531058327385
1.31791239591251 0.886830016559116 2.06757779060432
3.42518496053956 3.07422695096695 0.995566347824248
2.04214178379218 4.03124965154318 1.18812223304572
3.07417392005826 0.591385822825781 3.41455574955237
1.27006079326107 4.27258709356451 3.22498038746238
4.67631286774298 0.891717155106651 4.46552380838303
3.99712806526716 5.23194935944839 0.990127350758422
5.18343336464397 4.39481333714725 5.59539407236031
1.47171450846446 0.809371512771642 2.91185789268422
3.01328318865565 2.79352750654261 0.528760614184488
3.3703889290129 1.63041189152883 2.98758869979671
2.42496106571538 5.92392207799429 6.05123269537047
3.47145344098482 2.65361006109802 1.55284977073359
4.36679377727476 5.75044019960368 5.66590630315307
3.81800518463204 1.34214185596971 3.7406441737133
3.23383404143012 2.18720580457392 1.19503634648223
3.54179591115673 2.00653120958713 2.95872561636461
3.0361987562354 1.41340696907316 4.15725833734567
2.85646571482259 7.47751411227949 1.35503195733675
5.98561613582776 5.80654340824451 5.79172124447914
3.35789521983282 4.55240028747612 5.51490211863586
2.56151730624778 0.384216541609119 2.82581390322159
2.15013110345173 0.0488221552434585 2.49846813093485
3.67972755958408 7.43222056111883 0.783573610348687
3.02760673746718 4.77373115377571 6.417692147396
3.71835014647116 4.71707110376154 0.706303251301816
3.71255083501363 1.13517170662973 4.23307843931848
2.13168223695371 4.37372876648033 -0.45047493742634
4.47630213030033 5.84366036585432 4.92373011886906
2.57589494244623 7.47789785318688 -0.00102190595640949
3.77812048554949 2.48973779977333 1.0265428173766
2.76610826271296 5.30984464781277 6.24708645613706
3.19389547397081 1.88460340682229 3.77285638850669
2.16539471286847 4.9644263144752 0.886865758346838
2.99959323501099 0.663415559377184 2.61232938364194
2.97958708182156 0.96272346738698 3.2015249895049
2.67346545518923 4.05458040496319 0.286712346794299
3.3954176812542 0.0454916638817009 2.97731113088271
2.75972803426814 1.99257585649649 3.64830147096374
3.81330703220882 2.38588378570717 -0.0253091890607106
3.09163317479704 1.31896302692606 3.77778914938095
3.11991687198979 0.781656835566777 3.90512502207312
2.40639758120818 2.83839586873036 2.90491354644174
2.7260803290126 6.7513643765627 -0.676449016036598
2.49132112399688 4.82095215709902 3.74560623646412
3.41798842026588 4.78470109818023 3.86764121052226
1.69921151494034 3.99376169558186 2.80427139856187
5.18312567711505 2.83822298518252 6.0192754014496
1.71277961147409 5.45893342550707 0.550709177552058
3.54487169908189 1.42532840613731 3.77868355590891
2.53784087354432 6.38299802267524 5.50261547267168
1.8003032219342 1.03249770078603 3.00867726079492
3.47005268609978 7.15432676114974 5.79849167545784
3.69192071297277 3.173350563061 1.86137598796824
1.96455412085863 3.24653300397242 3.18628333856306
4.56616709994843 6.97093950613289 5.26652812610096
3.50754084787606 6.96541150670805 6.19276270583872
2.00812478526756 3.40033542753359 3.05563031504541
2.32947812090457 7.01071898648396 4.22775462301353
3.88688015074182 3.66415256611947 5.36115593331309
2.81387988358776 5.50165675934165 4.68693870521778
4.08787836487541 7.23927727720837 -0.715372944072012
3.44168400144923 0.885585542291533 3.79794440811847
2.9328426021681 4.491348667327 5.28942331589555
3.12709203621654 0.71993366210039 2.32291385944009
3.77584819612 0.484715481935538 3.12225703413536
1.36405817469403 4.44856342839431 4.54848601156383
4.66355546393488 6.37259684025861 0.153494376576202
4.8658238309656 5.14718666872809 6.1916590322034
2.9346285866998 1.18493327054625 4.35690878560555
4.55735032171849 1.82410602178765 1.25334641538871
4.14407373874087 6.3494602491756 3.81003214863296
1.99387446450607 3.06015408319621 4.3619956278342
4.20705519952831 7.09854306895958 0.104833132635594
2.39969408087483 0.441681749725471 2.16236373245572
2.36631289648402 0.189005504896436 2.7217539226875
2.65285159068802 7.04234802286565 -0.457588278809915
3.29973063936202 2.62375455819267 0.446494739823955
1.39752271966631 1.7686648131579 3.205232660155
3.60927979271172 2.1530919836002 1.95532594361844
4.3207663799436 5.24299352073151 5.44942519988856
2.46264965303833 7.06327817849721 0.904826807591222
2.38867135588661 2.71244471865713 3.43740121488075
2.24991333587166 0.935248281321852 3.49701856519651
2.96850826241477 0.993715859569007 3.49986396350544
2.79653962868888 6.32822214402182 0.858649568492967
2.5005785251336 2.15156037484723 4.44596805033851
2.19334094155216 2.94103420237007 3.21476746757169
1.66325363984608 0.0691744686861382 2.74913054984443
4.66479988192515 0.845400262018214 4.87962083238254
3.21118615380979 7.13909256252492 5.14303516646229
2.97283444476667 7.05801628336046 1.37822769003743
4.19299663838335 1.13001508629313 3.91374032479989
3.34753141056152 4.17876193765537 5.80844378484936
3.09844942390103 3.20000810269806 0.931146847294131
3.1572021713958 5.93930379626576 0.740173178137054
5.46290363445518 4.33085465980777 6.05276456182792
2.99179054589743 3.80135012261873 2.1867874577222
2.16595186763443 0.764362388307974 2.55463391927712
2.30782172895117 5.21885384604455 3.75794130013726
2.61837702248213 4.6841503809455 4.45175182424577
3.29908593974383 6.50693462901785 1.93111245220675
3.23790444535332 1.70187909861615 3.5153081780733
2.35077903061422 6.98368631703121 3.84006382323861
4.94840531376028 1.21922172767175 3.1159960526197
1.93529108379818 4.29128338298093 1.30667872878163
2.97097313366128 2.29687044676624 3.20680308506782
4.29733199193122 0.276432159670787 3.03457293748512
2.67162988129757 2.29109380234365 3.29077445484368
1.23585038686655 2.56028943770811 3.55128379103118
2.4462569969834 4.98704612018355 3.44527704033274
2.69291277587847 7.30840476491454 0.0998634868816857
2.69350354737364 7.10184180458098 0.439619747087676
1.69045235084744 2.1281199290316 3.72081974071712
4.7124381115921 5.15411054950049 5.70061310053686
3.04972007674701 2.34958589788686 1.63936021875639
4.24158436463116 4.21857608321522 0.0771957812446811
2.48665330472118 0.493661902874656 2.9244429020356
3.36959188422678 3.49048317615068 2.7069659881531
4.96949752624793 3.07427461805415 4.87141070320515
3.74714344608597 0.703230369577541 3.64159714479871
2.542635696998 6.34644273820008 4.38392392215389
3.47372875239227 2.21512992258106 2.18736815581139
3.76445169936175 5.37342260631874 0.217856883869332
4.3875146104896 6.89628492962434 0.0470949701853938
1.08606046723966 1.40457782351213 2.11969190351194
1.33660710752072 6.79100345094356 0.880445445898641
2.71907633736397 5.52416873346727 6.00688097065066
2.42664670279737 1.10281971307618 2.56970552683439
1.23364014843906 6.80506817134265 1.3294970395595
1.69334286358384 3.53762573310943 3.9146290243158
3.13604375557975 6.05428928714843 0.234380901465712
2.25163930687708 4.67241333993594 0.275386104599098
3.82930080175307 3.25654396126245 3.31444228448936
3.79876357169057 0.239390225614307 1.98094495272519
3.69284999884523 3.82958348750827 4.84896492192608
2.7462970542836 1.59804436188161 4.49684808216226
2.34687777807225 4.08850483377811 0.208144034019711
1.85760852258332 2.514691503698 4.26114796816845
3.06320026256502 0.628626156793106 2.77244618949127
2.62757465478585 5.88341770492726 5.99877825784862
3.20303760454364 4.57775269804101 5.64436084327681
2.66503502181534 6.99865309948421 -0.53416759354058
3.362254121465 3.77481327229715 3.92838195530293
3.89477127926276 4.81734408353783 -0.165932942360357
1.46494348803295 6.91717692183938 0.562301511367366
2.61375424756555 1.79615256135712 3.64916186028974
2.60013914722014 1.92882995744813 4.03961241133507
4.7380752378961 4.46166849065793 0.599736157211866
3.50750823805879 6.39377550983137 4.65627278020131
2.56676954722171 5.2172760493273 5.22243987523452
3.63665577861939 7.32529600566102 1.88014581901277
2.87213278892713 0.399704576949314 2.45189893208304
3.28970550331033 4.03597648907768 5.44503426127845
3.90859089774787 3.16900514954437 4.56132339921195
3.87250462592117 3.13381574851926 2.85969179946005
3.13512703996643 6.25411316988019 0.545060606645679
3.75831855756631 2.88197794274254 0.237257753650328
5.53649582154047 3.22540070085679 0.204677792927452
3.5086862088075 0.291217770814629 2.62325861712335
3.09946628632393 3.7818105622973 2.02059169739239
1.77755278248615 7.23125960784509 5.01875809814021
3.7124005504403 6.45502610175186 5.94045396533443
1.60397582357245 1.01469896204221 2.2694151888328
4.17742452635222 7.02988083743124 -0.613573385501559
3.71535497286554 7.37448997041925 0.332422106048667
1.40666638428693 6.79215378570103 0.736350236544308
2.9409216536145 7.03813601969926 -0.561538778802296
2.78960282284123 0.892932834238874 2.49267248630733
4.43499198416515 5.71220032020383 5.73654329147945
2.46317331377024 6.75380606636806 2.38151109335301
3.3478442889124 6.27761380479572 0.302876708158203
2.83461460012537 3.96629544350169 1.53717288224788
1.79360321768805 6.56430408851357 1.525821547815
4.74765208403444 1.83147020229728 1.06071379271647
2.57955450368161 5.93971124259901 5.31758345708815
3.56736184263687 0.382518401785313 1.95135959184572
3.21260682545972 3.49610273016075 1.72257486351897
3.72064281366381 4.69930714209457 0.910436684058472
1.01170729024176 3.70554309366151 4.40092583979908
1.09619591784719 4.75284893419318 3.85564039065692
2.48358541836699 5.7353960157416 5.41865359223788
3.13987471902971 7.36420519098315 6.44598877294726
2.88556686019468 6.93637509954168 -0.999551729848958
3.02244658060617 4.79562558093893 6.01135466591404
2.45048890505193 1.32763623844338 4.19774151999507
4.59838256428044 0.951835652997836 4.09963161194971
2.24316601838993 7.12110128174655 3.48206811200492
3.1340025454705 7.32051944581934 6.38459012778968
1.58466742651823 2.60297894326108 3.59182767622625
3.42505583193474 3.80730799431239 4.96985033241523
2.16508305230592 1.94371754279206 3.81486307041826
3.93614338545581 0.385407348164637 1.90963106771269
4.05505832241428 1.31049375479608 3.34862573847337
2.80012249102177 5.40417775584156 6.76016804928165
1.84466704258441 1.50986739016745 2.84868401798914
4.10196572591565 3.43400260468954 5.87120910166042
4.46799477673972 7.30618416328926 6.57463787826625
1.9919767218019 0.0814483507469639 2.67745715090919
2.96106346313789 6.13919102808215 0.540602465603124
4.71231303047903 2.97113730561228 6.09628114929491
2.85574406301843 4.31406123645037 2.96080422959937
4.19001261384608 7.23054452479422 0.162266852695881
3.44516348061063 2.82169256407787 0.743618359057645
3.0618666793643 2.92973270018851 1.63117941950608
4.72281150640563 2.88529774360998 5.59756002233268
1.69851301319092 0.184548946365013 3.27737126669443
2.58392482798015 1.45519241779556 3.81710668477254
1.91638115368386 7.41148379416872 5.69311773029922
2.74997765996245 7.11168047249591 0.345560155962574
1.45113385607878 6.04875918763915 0.687457769424021
2.72910599502165 4.56218330999809 3.53787104983398
3.5371552466309 6.25868596989683 4.27369527695259
1.74160311877812 7.30858143399198 4.58103871933586
4.34668312018956 4.41395194448914 0.305995882988671
2.50609987182355 1.2266848945409 4.07365178391194
1.83516190017273 0.160884957030706 2.45793770037744
1.91372836775902 0.956540787094704 3.17871435539856
2.56867549035965 0.701252227775226 2.34029538136079
3.97569437583167 7.15422160590076 0.219717589278927
3.45123354782329 6.94303045358076 5.63734278873873
1.80066735986362 6.29155076881754 1.85783686923737
2.47271248629902 1.18065817942565 3.35087640121612
3.62638302314947 2.52127994499343 0.726557452513846
1.97490172819492 5.32051119210532 1.14150469270845
4.34216362839264 5.65559487379707 5.02522003361877
3.0541663490581 2.67963925062915 1.19989324536965
3.85942919649711 2.11317332462639 0.686759852333688
3.02031615501011 5.34340754625983 4.51479681604932
1.12629722728456 0.939022853291561 2.59955540103909
4.79556556834138 4.18472865870724 0.2940298326623
2.6428787023227 2.14612530659343 3.19767153476428
2.88405648106015 6.55115505902434 1.20954739009758
2.90193554787262 5.78482773994913 3.07924881030659
3.53160484732463 5.14105016867344 0.80454733830666
4.62305417546798 0.0970995787920987 2.78035804421287
2.90190836454008 7.10091219511119 0.534891384760878
4.12309971006298 5.20182987035442 1.49571713195151
2.14054840017901 5.62837937726999 3.22139744435444
4.99241046888792 0.974574224041332 3.48102292161768
4.17789999735165 2.61252225587691 1.78293922328712
5.82365129277151 6.64613371164525 0.462362278842304
2.81390773402599 4.86630084466438 5.49872649504326
2.86650442051315 6.1904100256609 -0.0706466964812066
2.93498187862653 0.946562914413557 2.86064146579934
1.67729906973931 0.867880058695378 3.57382268319813
1.98485748963002 1.99969276736369 3.49812308618382
4.09482223156036 7.39245003498903 -0.322922174301255
3.5663493811863 5.6506967716002 -0.0320125217054879
2.48632194013267 7.296226441818 -0.505655088149189
3.9491844589762 2.83686941781175 1.75982484338783
3.53550972166652 1.42450666032974 3.66425225677662
2.69216238679989 1.43370481172691 4.30544534417559
2.13042329636329 5.79139678762656 4.36493167532462
2.7959775806258 3.91477980045519 0.319886985823706
2.14206603386157 1.78958205717365 3.55685623794943
3.85716128514223 0.743436225289217 3.11066637784585
2.75770939977757 1.48302283412945 4.16728067558594
3.10378472134485 2.97441562601142 1.27061240664443
2.3381116287932 3.05511737467872 1.97305000454865
3.01539228244556 0.971928913308148 3.24558017978716
4.30601306581885 4.57573956934945 0.603643060043976
3.21048721943203 2.69090007949922 0.767795895385713
5.91299566516122 5.83699707779092 5.76247814441148
3.41752387838355 2.64021187961331 0.555056927113494
3.48285811327639 4.49679403829042 5.02876228222586
3.49933449676473 0.454106259042827 2.39359906583219
3.4898845187413 6.40938957050081 5.95413259115847
4.26077475259194 4.22630857999196 0.132333979017998
3.67531264978397 0.243943370841144 2.02161578062249
3.53002317178964 0.0911131973158694 2.6391452220406
4.59797945735785 0.24477681805264 2.20234735834435
1.25416046241627 6.69874025040362 0.803780622157905
3.51106275847197 3.42144443300321 3.69317552425524
3.8252056682596 7.2189154935144 -0.449407901141721
3.40558545029002 1.06909092209685 3.33187152905045
1.21260280659805 1.5528942633175 2.22816694006467
4.52407857404542 1.32792987052062 3.74838915763163
4.7822128819953 0.950001397161252 4.70423287669752
2.17388336311772 1.06880669504473 2.75681311168827
2.91764373723291 6.39005816059904 0.475960047860351
3.92674387183072 3.72285793340198 6.33222653683612
2.30104523711753 3.262226044071 0.801981915969699
2.47095271200942 4.6788915407117 2.15358390731391
3.6184812942508 1.63089912863027 3.86508117715963
2.84107189506626 1.68588920118449 3.63194261944267
3.02506226561078 0.771820473220228 3.70491603733774
3.23675514584494 4.77413725624988 5.06632618788322
4.49022632426302 1.55690363302553 2.49381322533533
4.05847896450677 1.0475269625025 3.62792310138434
3.24309611718367 2.34205029840995 1.35732207138485
3.404439000101 2.98075707781951 1.62709319915245
3.3253307290209 0.976466115515901 2.61683099979472
3.27855944195988 2.4365806586652 1.28663909381738
3.84068998756537 4.0782411773557 4.94434759092223
2.70920188514236 3.7026607024844 0.814792419737122
3.37913753332793 1.86377900851877 2.95671624717261
0.947847422871633 5.21312191704173 4.55048302373353
4.81966285955787 4.05927877781545 -0.050924650857766
2.87785467535977 1.99223537788719 3.80007474874317
1.94846005517069 6.36190239694283 3.83623111976932
3.03063121223791 4.21574300593307 5.08610583405209
4.46019310664821 0.866320848041756 3.5792970305467
2.12231427477176 5.49518679637232 2.13852942160628
4.49231565591495 0.0690167306270046 2.10740086934823
5.21252552611105 3.33359321349986 0.578315065111125
4.14594182951288 2.22275130169634 0.342544243202512
3.49829082481116 7.30738606371342 4.92357315065697
0.0310122121790162 5.95101991304911 2.8047667066831
4.17270103329655 1.99299377294244 0.700855965245195
3.59356326908587 0.342756915293246 2.9194653543079
2.82993421948324 5.97637507493192 0.522056250949315
2.25083632934701 4.50778650144975 -0.682791218887657
3.57866018787252 6.63811748688204 5.95761123754486
2.40532322485021 6.97700044576374 2.83508149036984
3.77242950286434 1.23861537908282 3.80229457622287
2.8475848513873 4.88440307560261 4.82665425007128
5.61867494422738 6.51866664115956 0.0136786834217674
1.68539016271316 1.92709764185382 3.79730070571558
2.03290765180123 1.99177011938692 3.48384724282909
3.14467484965409 5.34802265105955 1.93367254634904
3.89282923888538 6.08710465798125 5.8759861738332
3.32625093816037 5.93395803840547 0.971892362120601
1.21221737769664 6.05490199809902 2.7945127244346
5.07076426832084 6.79078799138763 5.85988870025831
2.31378920743012 3.91184952071105 0.345638323035356
2.2676250921483 5.10476236305086 2.22066394164013
3.31340775430618 3.02445776477018 1.17251144641374
2.13024403512279 2.49043748802231 4.43894245415491
4.20599953851373 0.979732185113364 4.40199980568664
3.25411881493368 6.91068061962037 5.83890283443033
4.46794099147233 4.94193793411755 5.10558739324968
1.20648055154037 3.19778757159364 3.92362055028808
4.06334226825897 2.93303614214869 2.07112271350101
3.7112769617004 2.02420346364405 1.10641081738141
2.461830700121 4.98724622251828 3.28979423921437
3.70954064125596 6.82044033200487 5.56590012906315
2.980771491086 4.9973840566841 6.6779981796297
4.12234197114863 1.3750946986447 4.27262348306125
2.82539391692065 1.90266643724364 3.36472710734998
1.25156505742369 2.25083259859346 3.75023929999212
2.87872653034417 0.798971456221527 3.17357240548692
4.00040344807786 3.89240566472206 5.01546550927488
1.83594513508677 6.96803612523526 4.83687259064172
2.93301141392805 3.26355548751835 0.276186335373499
4.69133598406455 6.69272362566625 3.00386672068797
2.40603493364518 4.10082067406829 0.88271134713336
2.81608001158879 4.34368512295868 3.3879930642487
1.98387109517719 6.69727900514924 5.5306185158017
2.92591379664726 5.24805501084306 5.7239569555125
2.40761267271023 1.56165430208583 4.65756986428593
2.88130936179198 5.56309953870578 5.22941758894501
1.90880172459498 4.7259920313484 0.630465907710646
3.3794237288364 1.36827245657645 4.66609541248275
5.1237832539652 1.43486656013953 0.728514419693054
3.03776420040569 6.94307953523577 0.670295750828813
5.20784303809682 2.82067538125513 5.00567880400332
2.45053959355035 2.25387443569347 3.76023883420204
3.41073493049653 4.71820739059069 3.95537298331607
2.21969570052291 6.62389666706204 5.29778726143301
3.34356477957293 4.95375279394433 4.55760823873491
4.89590418972494 3.78411294754078 -0.279554951747739
0.965489755449212 5.15343824859052 4.03023752740773
3.80054877533793 5.3216378060396 -0.14653003783564
3.6919890790839 7.10293132515467 3.83679258020073
3.10941058900388 4.39082703406039 5.34085364428475
3.88669038432168 0.125167164327636 2.3544129209773
3.16683796436019 0.132706934596984 1.94226211947393
1.72464034987979 1.7366633437192 3.67216015152167
3.07504448900061 4.95553802842348 5.82882348976126
2.60319225402276 1.65818692913505 3.6583689338269
3.45405913415593 1.00184396201753 3.2635244469212
3.56879033507837 5.52095556386395 -0.188849627487794
2.56645377402617 6.07199386149741 5.95437557091112
4.84238437122391 3.34090869522833 4.40763228462394
3.06624367147468 7.32198329481412 5.65072499875474
2.9697162306209 1.238585570495 3.54730100942299
2.4631198264265 1.64875316410594 4.36990348352447
3.84966166650041 2.35686035377889 0.934414980467384
3.34733195051346 7.09637628623636 5.8944325051157
4.3418133191748 3.74658436516116 4.3673749445976
1.98629500694773 1.77013579269046 4.14068526724998
3.30675417867447 3.37663280536024 1.58677030820497
3.10672547484872 3.76480089314117 1.95971298173717
5.69821837830271 4.8098635469818 -0.26131183345636
2.4641306462828 6.36118338439399 5.41515972321765
3.22479755159046 0.848556966082548 3.74808256864397
1.3568159736013 6.37943460539922 1.58268251640719
4.20668559566121 7.30971152104504 0.0376806075104641
2.48704755932036 0.137394225145004 1.92103600581427
3.66710680113202 4.23837481777239 6.24154640264686
1.81814877670589 4.79310282034319 1.32052389432338
2.1927526744172 3.07182440664946 3.75801087266747
3.47165297222486 1.67442835162383 3.82151064522276
2.43185159424512 6.99037137074351 0.948394950342095
3.98755309369755 0.921977803992406 3.88954091203049
4.34843478175601 1.40286892183109 3.88316660522578
3.5688743231929 5.60010436744633 -0.239540257145899
2.73873900545646 2.38123192216171 3.70691257170147
0.597459262301629 6.46776959128788 3.87509046674128
3.69492969336584 1.92687221554841 1.51090722932627
2.39601931705241 4.14357335065812 0.973164919401872
3.67821459175414 1.56685580589974 3.70350788471863
2.96879550007926 5.2652355077237 5.46449179275392
1.40561537541904 3.49113204997711 4.10062926650676
1.02533225749581 3.3188387977517 4.0816711805039
3.4458717754378 3.58351658076381 4.59035256507062
2.33011683328796 4.17971168584483 1.36204906647518
1.22560678624238 6.73932171540606 0.0972858934443217
4.88092178037104 6.98313011736745 6.01715351841899
3.54309769345263 2.67549442046351 0.58809398766707
1.58532275360563 1.67473052708772 2.55583546022944
3.03627755130102 5.99392308470053 -0.508026781058459
3.77963272972917 5.86631378296296 4.39440482681896
3.98337521754463 3.33423071313651 4.86149972672127
3.32595313007409 1.91709595937456 3.10155087499165
2.12849345332945 5.86429589008557 3.50364843078508
3.82957252242852 6.25511512875093 5.60443457652806
1.35553951319674 4.53649307032703 2.75583332205746
3.24912538999745 5.93139150833813 0.495776572850277
2.37874458870627 3.81009489859507 0.380320348483115
2.74059328512016 0.659569091940217 2.2861974499985
1.13309687116534 6.61189183631987 1.56502223970438
4.47131874018885 1.72552206836417 1.63333561900446
2.34992668395811 0.144374034377426 2.02903214733314
2.76389986722976 7.0068760940554 -0.0579889065754838
2.16600640990573 6.24260038803478 6.05660913149143
2.50328185499748 2.3176411976336 3.70653796748936
3.1285292985942 3.73901853879284 1.58153128445514
3.4570028285229 1.85121697448765 3.55352843061496
3.6328979065548 0.390422794637131 2.7008353186344
2.65620919656078 1.30067810746172 3.76659012767333
2.15094489497438 3.14881166532755 2.72663921811374
2.64091440157825 7.39501121873897 -1.07608156336673
2.85866446910583 3.73776606022895 1.06277137521431
2.61059144525355 6.67483796975957 1.56761819331971
3.43599732817543 6.16468118496266 0.72520092164065
2.86003644241636 4.40955026402348 4.73495500905248
3.10271398059856 1.70801540597195 3.87561998823073
3.56747225900939 6.32229216699574 6.59687531864632
5.45339061462187 3.49300296932197 0.0779000444804402
4.21479501782783 6.66364448547632 0.26228175450797
1.1450369356926 1.87786045422371 2.05217828216732
3.36428633679258 7.24646461967968 5.19742801237847
1.34160713613947 7.43516359139496 0.638908483208257
3.21778683234855 7.45982691587389 5.7759773302329
3.2634080379282 2.45883521896047 1.09933059232332
3.21400892024882 1.87121940217592 3.6222754005422
3.78258642477086 3.01775832307387 1.53068177772726
4.35014994903987 1.35533881226739 3.36723514201138
2.40154786285972 5.81552210427158 6.54785163729333
3.92039256248028 6.23433433804473 6.66707943017415
2.37764495678901 3.93810026141579 0.569211442122084
4.58943185091353 4.40844415107 0.0480261501448598
2.32087760202215 0.15206808915196 2.52034979592701
2.80912231673808 4.89383037964253 5.84849211701118
4.50098961870421 6.81920306381229 -0.0743462409703358
1.61783057306387 2.72677011341937 4.19149020820906
3.1190720729446 3.43856643318656 1.11942601085882
3.63326367893 3.47464285823301 5.05688932925526
3.58256324918734 1.90314534303032 2.27846683685414
2.25625821340276 5.16477692545274 1.6516829926389
1.92591751872053 1.76019782413712 3.23162819799911
4.02789837457659 4.82041638597485 1.75900135621267
3.47507425758901 4.23271311138673 4.71492472170424
4.4642006490787 0.630070759973049 2.941468690888
2.80133355462741 3.57841488419611 0.936379070583961
3.56463382694145 5.03560517649399 0.371502040255192
2.50210410244966 1.56565404386714 4.76573394982284
4.10947907205721 4.86014108028832 0.212586596357832
2.73168312174967 0.852421490976732 3.45339278678208
3.3857469160769 7.36882526282308 5.3430661644393
4.88524751444295 5.26650660062979 5.18531347576181
2.42299099411981 1.71759847655768 3.84741229143094
4.06359908106203 4.8715519124435 0.176399378183341
2.5188986748723 7.12474397468259 -1.04088777071717
3.27581519764507 1.63058757058806 4.62079195970461
2.93045654057669 1.21224756452376 2.95292942672917
2.7757450950664 1.22419151571175 3.14065260174918
2.89747625128895 2.69616839377145 0.733465939393578
3.26232286062199 0.120294004870399 1.95756542379063
3.78546556034144 6.47053575446663 6.07120246142464
3.54712385869761 5.71592856433386 -0.336214828844396
2.20161423479373 1.56748327084659 3.32149229716614
2.51154746055098 0.155103939307561 2.20730881969137
2.84511037194228 2.08399824472208 3.41779855262964
3.23092636119823 3.20472247933362 0.568076815840974
3.97780544444919 1.81712548273231 2.78113886831271
3.37714003319739 2.5108240106383 0.318096485810681
3.16853017944858 2.30589521094406 2.46796745063957
2.99575379146537 4.39260220857329 5.23222568288396
1.34925843525687 2.38937294463184 4.73506707821598
1.24409943480152 2.02171448162594 3.67429411719242
2.24723123814475 6.49089002079429 5.83857119083844
4.75705352160612 0.566448191795949 2.7144946993965
2.02338562156459 1.32942130550559 2.82841717294748
3.84042443418954 0.418088644115242 2.7362919497172
2.93436109567296 0.325902323126214 2.97200979783994
3.29067253627727 1.34419321128312 3.6978551464796
2.69437718635028 4.47504934225786 3.12054124516931
3.52107454893896 2.13246951492132 1.95999595901462
3.49124970379881 0.433170386585558 2.12276558926361
0.573718602804064 3.86059784899773 3.12416858657037
2.49273676427445 1.83169774074474 3.89747836294931
2.99252680520722 5.2436871790374 5.4784295394998
0.72454393582928 1.61784400877181 3.03284984823341
2.91636578519155 3.75948707732624 0.562149164764381
4.23358424818477 3.42616404005222 5.51030815704917
3.74792615543824 3.91901435115548 6.7251330928811
4.03671295506749 2.95497910269434 2.28389490984229
2.00769721032876 5.98883630882376 2.66532110108148
1.49423205653696 6.5528881068868 1.03591236994917
3.22680247590516 5.57701412053174 -0.268211597119131
5.16981425345684 3.59918961796957 0.00709107721614256
2.19911584665885 2.26588080410584 3.80112007796579
3.41062511030129 3.94953430917964 4.89543528940805
2.87225086749187 1.85892041680855 3.83888601883725
2.34149694018852 3.97965514960327 -0.203877283919486
1.46023810048091 2.46697674521306 4.03601642758123
3.38646880992113 5.4881127383413 0.382173098289403
3.54532408518455 7.00972888059862 6.01096860590608
2.24123856218502 5.70764217212268 4.95327233437291
1.54847725846827 0.524673232607497 2.52957072373932
4.76360343843153 5.48044933462064 3.64587234729837
4.32541295651368 1.88963721404059 1.13418614490686
4.03867665502973 6.379008128577 5.22484323139004
1.47077294511017 0.244172313407137 3.948598892544
2.99959351893889 2.98006063485343 0.444621586923354
2.67362127167738 2.19589745464232 2.40038249712215
2.53690070806873 5.88988926541098 6.09390082925386
5.24445036207907 0.0249729586792204 2.27659340062738
5.70279205382959 4.23325492830772 6.52469260265168
2.73880750167877 1.38174204592633 4.49615783715614
2.13156054210438 5.68716886110952 3.48908311038787
2.35642309524651 5.40882855694686 4.57394047468621
4.16403587914937 5.00025002386224 0.679032872478527
2.53511977820483 6.35389523805326 3.94477510283173
1.74296579330251 3.15217833760434 4.06327099867232
3.75284586405689 6.98820852552772 3.75505571703933
3.45697930300804 5.41808392007203 0.315570332678274
2.17869540582438 0.508472287774552 2.61607605939723
2.0095707278159 2.39375149024219 4.42121345255897
2.68784746591068 5.93562984495549 5.19655748167319
2.45729123422744 0.337626970443203 2.98746115548445
3.45311151035193 2.22587613760594 1.12918606983409
5.18486914511191 0.246340059764481 2.42013506641853
3.83920547795503 0.160880883994523 2.96345789408018
2.98690993973662 0.259048739719943 2.95880257911664
3.84904331672459 6.50547676167179 5.56390993270047
4.21246072963492 2.90145680266543 3.67928629768771
2.53938645304504 4.73210661402244 3.18638006007975
5.69993200489539 0.16231026278614 3.25261247283897
2.87080420097537 2.0845268614301 3.40019780123852
3.29163072294168 2.62734053766176 0.245210667336371
2.32819670640191 6.60134780309214 5.40148318908776
2.70590021157802 5.67850380021407 5.20344858956032
2.44132723539989 4.20339837995864 1.62138941992316
3.46558432185365 3.22756972397381 0.792578708370165
4.26453562357575 5.29231097388856 5.17988134270914
2.5297870017166 1.89299690538179 3.75353361067401
3.33321563289499 6.04826037542797 0.282290908744937
3.26040981973181 3.01150373152464 1.04953128616304
0.550712748053988 0.782892065115166 2.28489579679681
3.55891967172743 6.91397355608368 6.12682858496746
3.80179205682731 2.90868755596204 0.968584763793357
3.35637905350486 6.56235561407199 4.42990258366619
2.79925438159043 6.62115431519519 -0.419725171950914
2.32226042333747 5.78247479766831 5.36537150650548
2.08482862446048 1.26655100942534 2.39212873557534
1.9172133445647 4.58619437009023 -0.142387007519862
3.3054998084209 3.09011597450168 0.854728047846435
6.06380196432813 6.44137295289474 0.228451823790401
3.11523853461859 1.96214175903838 3.65596786299363
2.81700759793223 6.68368990683464 0.34710544636771
5.18143826519149 5.83527057796859 -0.429628272370023
3.35558973568317 3.08609377712054 1.06376417733296
3.04900309052726 2.91791769398901 0.267121094870804
1.93730485227099 1.03077237148702 2.68207138458593
2.89582397726468 3.67058134482282 0.866309076470371
2.6232854289376 0.901581297252572 2.71156049019084
2.00546320731367 1.0732395239196 2.79138383927822
1.37196788850377 1.32710183450362 2.27109424640934
5.47969080719205 1.93284714376494 -0.0694003217462127
2.08300070018727 3.930469278094 0.225538058520457
3.19774361173208 3.92776306188939 4.48956851372197
2.78981909587538 4.19231731212694 1.66929264804302
2.49441110551709 5.90883986186202 5.20367007751697
4.41908861779902 1.82109466492154 0.772952350215646
3.07880819666048 0.387044108260089 2.45868879739589
3.64989900559331 3.22364203449588 2.47638722941903
2.34096090343592 0.171656187869899 2.7490011878909
2.86532970097198 0.0934013008208909 2.23993779625369
2.34408015940951 0.370994438525836 2.5447119848118
2.31122942184132 5.24933280877997 2.21440108128602
2.63754935330328 1.14765201579842 3.00433586976474
1.59317844019745 2.86380192319411 3.47590435673621
1.90226658861802 6.61846946802302 4.56190167077933
3.1050526790263 4.17855611859845 4.13513095980273
3.38640529662744 1.21907084027555 3.94162197047699
3.32745375544993 5.43506615506294 0.494023614234458
4.08316638190208 4.24723882658598 1.11868826688141
4.84105734480943 6.38121467678364 0.231543190678012
3.36127083674492 3.14103562277546 0.738563889588037
2.52059371074218 2.25079437916586 2.51516575554
0.974032880104146 4.4921051407549 4.73694902422127
3.74187234110722 4.66591954282481 0.0845114020853126
1.28717731486386 2.31513885627326 4.02544466687319
3.96160723034365 2.75946778058913 0.174792116005465
3.89503168654638 6.56507234478236 4.98793880302022
4.2446974279884 0.871620008375376 4.6982082013459
3.29648951682311 3.41753392228278 1.26720425697294
2.4087815540725 1.03857122476444 3.7354687715232
2.98709485124288 5.57095894906649 2.53580315197499
1.59365168053099 3.29871786156833 3.7875128975358
2.71184825082479 1.26418153928457 3.31853721733423
2.7733237383785 4.29001336873616 3.0396653637707
3.85377873327712 3.67335366650853 4.80638225828753
3.82029130633082 1.47341551127017 4.07525398541721
3.9787108182208 2.50125231652464 0.525552683118643
2.72933032730295 4.15762293528901 1.47908102376194
4.12773617086335 0.57280432091786 3.48244657250036
5.42554541113754 3.26317379828694 -0.307070137212034
2.0769267387842 4.6915960805242 -0.322294029873744
4.64840739466269 2.4992380299401 2.03360306002712
2.63743936985277 6.6817425484923 0.400658253303805
2.78202568603832 1.82677417828294 3.57137143789607
3.81107797598483 2.20790034282973 0.221488453296995
3.01875392779261 0.156194903126263 2.3997857041607
3.54885462452753 1.75351300735511 2.92872152040798
2.78939577408202 1.02815354844001 2.78995253205278
3.27753393425824 0.433911079788643 3.03923251319931
3.4535439468218 2.9715070724128 1.40464607423144
1.34708988931439 1.4989151293273 3.41093111166623
3.21204829012894 1.42861390908174 4.87357516776378
1.14540765392963 1.8346119425267 2.59975498093601
1.34884824464958 6.97607837232365 0.20891668625746
3.78610660623761 7.07755690444741 0.446423643746648
3.35269683449494 3.59082449602777 4.24425261402768
0.752084405664323 0.94559733912714 2.92071916140253
3.45761784404293 3.06598611113052 0.51989067349849
1.46366365799933 6.51832360448053 1.20340048183115
3.95363303911126 7.19242607317121 -0.0266304386698456
3.09986579342811 4.39339465312363 6.27372226653185
2.8870911374107 7.05520756808323 -0.236795105256701
2.06660468132426 2.46006206415511 3.31089422717533
4.13885812389079 2.19174393190627 0.654471037454331
4.08550197426108 5.36441271830891 3.5005760598137
1.76585847470448 2.04957423795425 4.00777599982107
3.26806174682306 4.28014692940854 5.13148041067742
3.10774045940927 1.68496506990953 3.03505649047579
3.96208814834646 4.27733206447048 2.26263329420769
4.4110316396168 5.26260197042507 6.03697462461345
3.16096422215725 1.90943356087863 3.81327285305441
2.00510496062336 4.1086351702246 1.01814075572959
2.56205437580698 5.6268934297332 5.75425211674739
3.38439386761434 2.19223903422799 1.17199632116899
1.78919428165983 1.75204824502568 3.3912037126757
3.17178846597012 7.06890594469396 5.36032865079242
2.38768040017544 5.72860589040942 5.02956484218573
1.02702193095016 5.30932249422576 4.40405990686996
3.84468063566213 1.9212406364077 2.0421128814472
4.40705629184364 2.35309976923903 0.830045079622288
2.2309467357506 2.23577950635221 4.44254053373352
3.55187788002999 3.48078456250537 4.54487390354957
5.00609295775225 2.76421366924859 5.72522436336596
2.78671021240469 3.42924048105014 0.320230071519277
1.38625324572585 0.417600892584301 3.61549518548071
2.89143281339551 4.38000761736726 4.70043490647818
3.97757082574912 6.46991355273217 5.4598671249436
3.62568822685265 5.11223328524197 0.129212865507577
2.07354047709978 4.61271769884148 0.482512804024549
1.42553061295572 1.50417030360114 2.73976348103061
3.49057841982261 4.44776158096021 6.00680225159803
1.19479855888872 5.49608389174837 2.37065872645717
2.75130927884669 1.93040811081169 3.58623602805102
3.40066882341604 4.91742506366258 2.54158500524404
2.5904357648046 1.81375669979828 4.23002290201857
2.77572489181243 6.06170560759581 1.12777311377392
4.34335137792394 3.17018958431932 5.61342189847161
3.09166778049067 0.464056821988239 2.03707472904713
3.15754996555228 5.45629174087853 0.531692806717097
2.92214223465403 7.05750705348456 0.511137569468967
2.58591294437332 4.403181387411 1.3112698732053
3.49783010095045 1.99809984907019 2.8197912390035
3.57412899799614 0.672960071426808 1.88213568593557
0.613619039784699 6.26819296849409 5.12095239271894
3.55038679919774 1.48654858864036 3.57153773436721
1.60836110290049 5.91478632331203 0.663591780993208
2.49136482997881 4.27178225694928 1.25841306442948
3.02191565038041 3.81720587076256 1.30713408709721
2.40610253877717 5.43658924109545 5.76552666475456
4.61297533927466 0.680966606801584 3.71969563180917
3.79400768487909 3.8496494071274 6.36422501535136
3.86566102527638 1.64649336580368 2.57024228497261
2.24060813502861 6.97788633466781 4.83298841883957
3.01639072516891 3.19208613868936 0.726442472205747
1.59293628505422 5.87338919440085 -0.375322268813113
2.1230953632975 3.31442629439898 2.43184356453049
2.26255794375698 0.40406321360169 2.40058920505779
4.9398647116254 6.00351231407715 0.00975582955900535
2.78674551070415 6.72415042535565 0.738705335911751
0.728874963271759 6.97134871251199 4.16988363053718
3.86908478517514 6.21809448039463 6.14047480231024
0.926157642101911 5.30192020057028 3.80634032200698
2.45283231831843 5.82663819224999 5.38062452522813
3.41716461674143 4.95369379566612 2.03806235321844
1.87804398182464 6.53445288686133 3.37237725241889
2.97736147775197 4.26640318549391 5.13276811528351
3.38642900121891 2.81983986661942 1.05581994152555
1.60357689043818 0.694184053413134 2.53597577617263
1.80465660361436 7.27340200341003 5.22434774328234
3.11891685953495 0.812467671391072 3.21355431969707
3.94907452234576 2.68862482893797 0.788075304132099
3.71615494761582 6.33672356786733 6.1821948777345
4.34030290926655 4.43875885909319 -0.370989974292792
3.01960722961371 3.11870322197331 0.887940294428769
5.19864006013364 1.2189661247293 3.63431777266401
4.1347189693337 1.03437079460926 4.15629776940543
3.29008717521512 1.84155993245622 3.16912530476288
2.80375941062388 5.30639627195796 5.54956421962313
2.723432356145 4.75388070839875 5.15290502152804
3.40195822710655 3.03722528993359 0.624608422285634
1.43933310469248 3.7187215005731 5.06153098784664
2.08973594204412 5.38752513689558 1.35729761446203
5.41022309755899 1.7248529163533 0.751075268035754
2.8219617901893 5.7189111976132 4.00020041460724
2.93539381529792 4.13499476865408 2.64663838779312
3.07997443074945 1.96270837457672 3.47218024539465
2.27228591945426 2.18891946626863 3.76128268607293
2.5225099596824 6.47822986183218 3.84147927647399
2.40051822558559 5.80519596359086 6.15838931448719
3.02954526978733 6.16115992254348 0.389112673007453
2.51881182185203 0.0346567280677315 1.55437207352794
2.35538850614267 0.555470733926826 2.79381283288394
3.0786383178842 6.43288761238473 0.701142095407219
3.40778465212329 3.44461653467649 1.52593023197043
3.60438314069448 1.4684381312972 4.24696265104614
3.7396725072922 1.95036172304297 1.65177404955483
3.5421540809897 7.33162470593995 5.9511807219434
3.70524625160276 5.99157167764109 4.65574700727516
5.00524911429766 2.27736971908678 1.89917983239781
2.60606723902679 0.225730457754126 2.2510049014777
2.59432224911632 4.50376646266255 2.83178375241106
2.79039012055663 2.12495414331695 3.81537162628912
2.82015247002852 1.2314119196184 4.37701787804209
3.1919602725698 4.76091697383683 5.27226355453166
1.98339224704229 1.15110146650673 3.61057339946103
2.90256410918891 4.27491667849871 3.63413718480381
2.39005510227369 6.49831198599751 5.64545680423326
4.69177287595153 3.64031230506024 0.743308262439439
2.09022839574888 0.930196745595146 2.83645454141177
3.48843648010668 3.14361209955518 0.489389298577666
3.33952591425113 1.03251244203695 4.06728219773061
1.9858199346593 0.0243094756603925 1.71388912401419
2.08699960603393 6.83677768209713 5.45946131736365
3.16158235946333 2.3248544166406 2.75048998145945
3.74377599828738 2.86919388178069 1.0673904762512
3.91138136797852 3.99441591924774 4.88916086969764
1.21801609162761 7.22834076212121 1.50608461008832
2.44473869627157 1.59272021290503 3.43101023294115
2.67351119920176 0.961578620329383 3.4161441837373
4.38308180955339 0.692010980428179 2.59912340938431
5.34905930403626 0.527626642848491 3.11903062028214
2.78894176542189 2.97589346469402 0.538735881244186
3.63463230759688 4.2180547911214 5.25308523340552
2.64602840610937 4.1814475173167 0.41116940474694
4.01515333731943 6.34224253331747 5.59457347337256
2.32794607703616 6.54848291208644 5.57213918538332
2.67455576034647 7.22014076758886 -0.149126158907316
3.62577429981466 3.21664391771519 1.94358490779058
2.7799705174539 6.30460706842239 0.524097775483913
1.42802485680109 1.73749107805934 1.10104297476075
2.35692834559191 0.451045675521477 2.23570195242185
1.95839751806606 7.14708579039777 5.11943339453064
3.99993212340442 3.78052248112845 7.12205548663418
4.19918813475809 5.17511229371504 3.53601851350743
2.03083402675196 2.57536183715462 4.17991297196387
2.59104340877804 3.82963172715525 -0.371584062807559
4.47419512088923 0.242706730955092 2.07429982566726
2.43766109927076 7.26435266194861 0.947683340940616
5.40128827804738 7.09761879954586 -0.20042119673473
4.23331861134055 5.16391642122342 3.58419858630616
3.77057795266343 2.66138182478939 -0.0212201153361349
2.8420961106237 3.58715666030937 -0.544149233000507
1.38451386683826 2.38431546064421 4.42558468760049
1.9774740241209 7.35265005189284 5.91444043356055
2.0251635357684 1.91425230075417 4.41072203569158
2.57494566355009 6.56088998365838 1.39037597458143
2.26898708004666 4.18979859966616 0.722081244415564
3.55169064006641 2.54412578110136 0.759252377557896
2.08075645197619 2.53764961638948 4.03768612120698
3.58685253968896 4.68131234226621 2.00355318097415
2.8413202121415 0.213791311081173 3.316327784353
4.27189541140809 2.71315073343847 1.18202880948333
1.40804954235132 2.03052516129629 3.37553135675864
3.8761379402571 1.87435839778346 1.85157285118855
2.48959928198496 2.70345931986429 3.04072960726984
2.98857343080916 6.01713425714003 1.20267697749089
3.3467198921508 0.566874668197443 3.33499598821961
2.65502610545273 6.04905920087881 4.87400006904895
3.37640614582446 6.40584010693887 3.28034183864177
3.70988953908621 6.18344951681044 6.25973728879934
3.57531797276381 3.48278419428393 4.46721916389067
2.71793804433644 1.04881758449814 2.91697497017506
2.49898706108593 1.30836789415855 3.68521881415263
2.86753875824328 3.54418071756088 0.530625089316257
3.5159337792427 6.24776305426706 4.50035361740918
1.5796094084231 1.70836148163224 2.58966680846878
4.223757682777 0.753037282733005 3.85582687891502
3.52412304710181 0.374327576538371 2.19660225610698
1.62249274005305 5.41339968584853 0.854469009893698
2.44438584508868 3.71010441083821 0.524200045167294
3.33162464185625 2.74297620588109 0.984007009874104
2.65813735136746 2.59488582923944 2.56449866658352
3.22116594172877 5.09971985600496 3.00992879795009
2.12228167141965 2.21571105155155 4.35976954853728
3.29277453681872 2.46743701568357 1.10796296077702
2.83249113583878 0.86774823995629 2.62174436086559
3.36213437436203 7.40944676944709 5.6619443485328
2.11554968360862 5.17717549043477 0.360555089650353
2.7204707510288 5.17308337493298 6.48078604177067
4.17005009116763 2.50220416008927 0.439222360193661
2.70409613661425 0.881882303685755 2.69613368265816
2.75408897424041 1.93909257357297 4.15025057251516
2.51012878200052 3.56829694621834 0.446196549038319
3.01395103802392 1.64216789899873 3.82133514078191
2.73871592221459 0.953527840089815 3.67894316756736
4.60551366958253 3.16778063040523 5.88895645980354
2.92607389326617 0.566362474761443 3.77528308498691
1.48199647439828 7.24310929930489 1.15385929894768
3.91719649060929 3.14549497523716 3.10716633361376
4.22951554252379 1.18928792283077 2.98569517233569
2.8065219185295 2.95326887408248 0.351886225461371
3.26170648559322 4.89412154602752 4.85335339061476
2.28323129516466 2.30423723250597 4.11641868358925
2.0102030773237 4.85821724600323 -0.274987643261712
4.51363242394536 3.95163906266024 -0.204812932314598
3.51795482234204 4.30093863288395 5.69561248779104
4.11628995187656 4.9808481625436 0.757172940596472
2.8253443776926 7.36423777939513 0.436250393992128
2.81840781200097 1.83875927942923 4.65522173693523
1.59457744920383 4.52594181942228 1.97862355605306
1.2910549392203 1.08586695308986 2.20639484933237
3.57017913207501 6.49071606926515 6.06848552217311
2.47844187132046 6.3061573642714 5.68251239483092
1.94168571673816 4.88943716571355 0.484437077300597
1.22571345886069 1.22208298473485 2.67583149761673
3.70182764824067 2.00046082267603 1.47587988112593
4.63302446086273 4.3774828112199 -0.889441348277442
3.46765722805236 2.72529712948561 0.205635495262812
1.80673027377845 1.79478320011336 3.75747538282621
2.32131401370384 4.56436291302093 1.19446126713759
3.27384085831819 3.47407275809815 1.65110674470002
2.5246518226397 6.98558473540646 -0.037630095287887
4.69969780099894 2.29180327765949 0.686465498318427
3.09227823650255 6.30079541327069 0.550127672018938
4.44322808158314 7.24190066988803 6.5420634586804
3.72282450305524 0.565895572073695 2.97175801803599
3.90072066472778 5.31247263369029 -0.0550207698540394
3.33295896194461 2.50038063988357 0.703241462576501
4.02209316101343 5.48435974091013 3.86810484817392
3.51579439161968 1.54090427415587 3.95842631002259
1.60838393163985 1.14818985840287 3.78996210994118
1.94093482963447 6.59830091202891 4.85333578796791
4.65169966809068 4.39005867325071 1.23724628737627
3.81977076834258 5.10292947020972 1.17721881750008
3.30659468236353 7.05337183138856 6.65203370070818
3.85727246839058 4.3416098547749 2.96126308251471
2.21613978941673 2.93351131819078 2.81878010485498
3.2578669721681 2.20616239392429 2.10443149729576
2.74017848992675 4.55796426919504 3.9795456562396
4.77267083024216 1.36740643402741 2.65641942368788
4.54299926951232 2.00097748839232 1.01217590375004
2.79352260909496 0.116519416957815 1.55310211320154
2.94257363556753 4.98089506439943 6.1212650912762
2.54253525619215 7.21919706304303 -0.778787219220721
2.43188712997017 3.99029129859035 0.714435481138679
2.95535376677962 5.15478855833509 5.32785649024468
3.87775967315915 5.34726000400397 0.538643564781064
3.44149029745556 1.86677280452154 4.20820569177759
2.91154555495365 0.896217092437987 3.75298691230801
1.47744679517101 1.28704875825605 2.12928183951102
3.33012451121466 1.06506150348857 3.26545774887947
2.16430105628571 5.97275824665793 5.8369756714711
3.20095652540163 4.36354493522689 5.82664559410568
3.94043178166189 3.67576672589292 5.30101577349679
3.55096489430569 0.372756428886134 3.04916329769936
3.24218316438091 4.43603289962618 6.32270144128292
3.83188215439811 0.610477922462056 3.40579276514725
2.98612620341763 6.5595053364 0.191673606241192
4.13216325105661 5.52379894067948 5.59100013995263
4.57121658133529 0.521554040616434 3.8049454342617
4.52519470077699 1.99593634225072 0.282396266496881
2.29397378558184 6.43971423547554 4.92128474844747
1.71076673952894 6.15972143630581 -0.295398735253823
3.47246394810662 4.54026803505528 4.79651897175356
2.90252584269816 4.90182573834544 6.44939503529014
3.28015125613942 4.17531207868985 5.99179545148745
1.84522426496623 5.74169627139029 -0.262900804602056
1.72003041884324 6.89619120213266 2.53380888779728
2.97411452787538 7.21870363687654 2.14772769093663
2.70572499114654 2.26351345528524 3.29575145526761
2.65019511055139 2.72847133378542 1.61242168145758
3.33609964031634 4.18882231117625 4.59543142750094
4.15210589224667 6.85490664909237 -0.612467567079247
4.8368962977281 7.21187088360388 5.91409204323274
1.75958677391018 1.83055015540816 3.82507821316012
1.85261255430568 0.444032382895422 3.35469071235131
3.11771675536622 4.29302643274114 5.09483309705227
3.01519858634724 7.12856249446889 1.47533613310787
3.28309163633642 1.76574104326738 3.7082488391642
3.3942087095849 1.64068598497331 4.18893873549971
4.98196607867387 2.27205914778843 1.56143425703372
2.51834195744792 7.10092901588903 0.700207551782781
1.5553445055439 4.95539866487745 1.95625799530472
1.46561536116505 6.94935385424197 1.20022201450534
4.17055807089341 0.540902852899047 3.06774266720357
2.39100131523165 3.94116656762696 1.05754847524714
4.791731838919 2.52832386805949 2.13671417139852
3.49025433414316 1.35004880177087 4.42098481101687
2.64936720924509 0.797364855948758 2.39605921754164
4.94429003961542 5.67401729083405 -0.0589933891317696
3.42441249897128 2.45687330841518 0.62661840800332
3.12453277020796 5.39643239188031 2.10916384823678
2.98577802548133 2.99527576388987 1.25975882670578
2.89998636082386 6.02767747064284 0.107489934109393
1.56297492435941 4.03552884928473 2.54824020360653
2.59515047514967 0.0137456744563265 2.86337407420662
4.81510014381665 2.75356771301295 5.16617736476996
4.09335434836681 1.25965701277398 3.88642996090338
3.45517063093609 2.30080676278865 0.944791425028531
0.913331281651905 6.78054428030074 3.58077357832357
3.80775874299029 0.119958098710963 3.28816424179509
3.13430799305004 4.63602134890214 5.90777563885054
2.93586698748636 1.90944514292276 3.20828775158185
3.84190646659141 2.17131621578992 0.930599018021773
0.337464982472493 6.09030941735794 3.40169496887268
3.17545681427915 0.03667299153103 2.53488960836217
0.977675084837387 4.61360815188623 3.7362172718504
2.35156336759107 0.877711913243805 3.48449136295588
5.82572537905983 3.93797235490638 6.65338940738905
3.49866343259621 6.33902010132701 4.15228924495196
1.23082518471158 3.37101938108859 3.83978893219125
3.16843024771911 1.25059521113836 4.68083513957023
3.33152779538524 5.82141556664265 -0.15474780202985
3.56957728530871 2.21973415076362 1.06847425900136
2.78457300943237 0.48657612115976 1.62966939152293
1.9785258787631 5.73580300911127 1.6325029824841
1.91496247666611 6.94462605067507 5.19116776711689
4.09020522292129 0.600995509260073 3.69923521354438
1.28772585251546 1.16013981566622 2.87803620730707
3.14541751313147 2.42606787007369 1.64500195315481
1.77923884689156 4.11527295824814 1.18711778870654
3.3058214256782 2.21916021415598 1.53953239783511
2.41465084657076 2.98240331422916 1.76703819091863
2.90220229356776 6.86232609452121 -0.744384451951462
3.46588413523286 7.06902448369348 6.23630590698697
2.85916684055037 7.08754527862085 0.911424363356243
2.1059539419784 2.52144752568891 3.94492670575415
3.15606875469437 6.4859358525278 0.628306230679079
3.53197042675276 3.46234256607204 3.51139966187263
2.94187452256717 2.34152711760484 1.67015179778214
2.12351581374131 6.51716609103476 6.32676360306944
2.28933460695971 2.18054528669096 4.30030697065612
3.84100757362519 3.63273804483994 5.18991234959853
3.49013768984863 2.35308301179576 1.81918931443049
3.26913844490778 4.11462822959805 5.56474784830257
5.80028914128139 2.88117115294365 2.56555880640778
4.27533403479285 5.87553444451561 6.31558945953124
4.03936201276533 5.40631115944247 3.96004970351778
3.77876653963173 1.81282728400716 3.7957654692189
2.26744143437819 4.89402080390713 1.26564282142913
3.2642111481081 0.177363716315805 2.60783935562796
3.19620091710323 3.14732328256868 0.639684333548799
1.52071224564071 4.18673853380189 3.11326337909726
4.1075117594063 5.78693976004738 5.31978065842733
3.75007834239179 6.10152857722701 6.53772988816692
2.69389534318456 1.49106449652342 3.53455916763082
3.85806452227607 7.41606856671473 -0.64959932452994
2.28935045513668 6.14534799084624 5.84913324679576
5.37882751890452 0.0549257214576429 2.52656831207055
4.27998314170543 0.597403733309381 3.34797671685401
1.87938950825888 0.0766884280717655 1.74408044885767
2.54262474396377 5.14731318416501 5.51807264990403
4.28346022407372 1.90372991365139 1.50438303877492
3.19969520979023 6.45428252112101 0.841106482600797
3.10875563984693 0.369845910063064 2.76493784315386
4.22779697842149 7.0710728251468 -0.167031900921985
3.37736412733305 3.04609697714763 0.458445517886453
1.96530377083601 5.2132293192457 0.15077436650258
3.43335745483107 1.86823589760515 3.12827289427044
1.63323577027317 3.72358217710972 3.75349023039377
3.31738016702834 4.97569429976127 3.84951969404372
2.03885824541897 1.66581322466369 4.60358376508779
4.15408840816339 6.01443223674563 6.16481021009599
3.2161820536871 5.54114393657415 -0.163787161102853
4.92474727756197 7.46483275789769 -0.0278831243642902
3.22934778336569 0.328957234060742 2.46396329771453
4.73163650443345 7.45556883352058 6.30279941059364
1.49870839913316 2.75603700763604 4.26849990861251
2.50213076938923 4.44900501037851 0.519778867006581
2.55119062572458 6.85835128739144 0.949003228209073
3.8323191895999 1.66281132060853 3.27090851846984
2.90976151199491 0.87501484670304 3.06572884373557
2.72550541134453 5.00151127963154 6.05176571699166
3.4766396393709 4.71598103321062 3.43188040159226
1.89428142517079 4.24228899016368 2.00808091331431
3.69099341866477 0.180342130783324 3.04899902959809
3.40020929031201 6.04186986960401 0.00317712058200906
3.09774774319108 2.83697994906699 0.336481725156981
2.11493706310356 7.25326691857864 5.5597294025181
2.44348984912927 5.87485130367106 5.21144777353396
2.03095385263834 0.749599680146464 3.10002900440907
2.93515103258352 1.75052610443985 3.74567838911174
3.70414169045496 5.59629823443893 0.0820971590744383
3.16047351276396 0.184400063351648 2.09386683430246
2.54368164971953 6.74803142430414 1.01450129000893
2.93422267206244 2.22064376524203 3.68846976297052
3.44559838130861 7.12713029614447 6.01089895805302
1.74487349059445 7.24556881943062 4.55390813866337
2.60601857046779 5.96954021536398 4.72414670655448
3.70833789337197 1.72592969951136 3.41190103598365
2.2127169612755 0.858329304674538 2.11500635001817
4.49448739043108 2.64800617511022 2.31570819013309
2.68611346269129 0.448308998663145 2.29852589495201
4.23223283786622 0.0233790594318837 2.56485115642817
1.14487276968594 7.0100102097028 1.27036452301702
1.93963857736938 6.472052513226 4.28763241429222
2.13421440820379 3.48208175274658 1.55462423236488
4.03288744729003 3.94085349613345 5.57688980475379
2.33620883223669 0.361905056748207 2.35987812477419
2.81086438567238 5.78692743326166 3.97381295373415
3.0471235916193 5.54807153784639 1.34193605326529
1.75056408207273 5.2647312349263 0.540542592317877
2.98983265470835 6.05995943557443 -0.488679724049146
2.92474232670486 7.07021287666741 0.490032577432765
2.94845092233032 3.11481990408975 0.482270347111923
2.50381576445941 5.52207362633591 5.5940588813363
1.79861438514984 7.26112422346589 5.16855186333404
2.99894862879407 7.05840460984628 0.561803770214085
3.1756489049768 3.14289858419674 0.966213830342205
2.08950752393364 3.65888184832041 1.56518777524236
2.25607947093274 0.267590926032829 2.49630892433503
3.55337665177586 3.7104092783164 4.89918966452542
3.49436022309695 3.20456321432161 1.98522609824979
5.6302023734949 7.29510718173442 3.63820028134499
3.82781557937875 4.54606931831044 0.512474779781738
2.86300944784779 5.51252460127773 5.14229360226948
2.91733620799288 6.1910075740131 -0.0853608595539911
2.41708092215053 0.80293830390311 3.17443449898727
2.79767479349423 1.3293273364049 2.91167871590986
2.67159155042841 6.79173559312969 0.997158812208926
3.50490104346124 6.5552269739329 5.14762777225003
3.65328015092939 6.30474524052803 5.08856103208611
3.17829694034219 3.49705977110901 1.1386134817173
4.09530154609815 3.41969372454482 5.74133396079996
4.94344156590608 2.52253226511165 4.22041235882472
2.30415538541517 6.60331692448649 4.79226771709739
2.09482659141988 5.9039266967316 2.78067249748781
3.78655203727398 5.82735171210367 4.29688293273419
2.01611230507449 4.98490809287218 1.07522795424005
2.61993517547738 6.45330776277036 1.08156291991353
3.10875430777321 0.772565415329178 2.61959803288716
3.81199672469656 1.2787582600948 3.45951511777605
3.2149383422733 4.79760903838155 5.24455382688457
2.87376077338289 2.55057035290149 3.04187634359759
3.44751175514727 3.21177875384863 0.910412053358532
3.06452581581442 4.2714638471768 4.70690097561284
2.78314495398292 6.33184577462217 0.919723539618459
2.79143887070346 6.69186369935982 0.294028081345821
4.50429063699133 6.42480324707556 0.0043980939548894
3.26959617919344 0.896851864339009 4.04316699370714
3.632653040153 1.16531095739276 3.97336515492642
4.01149677621736 1.063901314585 3.38018817116826
1.5714471696547 6.88775459149185 1.18230447537698
4.21536807928426 1.42136702257413 3.67613012811657
1.06361469443213 5.51447639100389 3.67216892698843
0.350216129532311 6.49962785766213 3.10715962042584
2.56086456843456 1.82051635056069 4.89263049699216
1.76039105269812 2.41138638387839 5.2275924876915
2.44300098089684 3.93343682577857 1.25175819072723
3.05019125949805 2.77423226875122 1.24658975513688
1.64493228775316 6.70541529610497 1.15262824430194
2.33634814077288 3.40839668907577 1.66619310709196
3.02332365181883 1.41534976054131 3.55060393586629
3.46707495679354 3.84079830766903 5.11542345360673
1.57638481322015 4.97567237709932 0.515262178051937
2.76266636813142 2.70957114703796 1.18846848493612
3.61904789627645 6.91537478573202 6.35941505648808
2.46512844500905 6.94387648921277 1.33581986529968
1.2906381937664 3.57349767075454 4.00608834853269
0.780935694443284 7.31394169098795 3.52411105704659
3.90931303541151 0.513103967931962 2.78184298205423
2.4493891875353 0.261220769769017 2.19317420253793
2.66652298808367 1.58271651970047 3.87308763571504
5.00040311969768 5.24386266008109 3.55922164298287
2.30280562421788 7.23343731255633 1.78826619078523
4.01528878056894 2.58337095515224 0.649898411995999
1.20884648344562 7.39242035780608 0.237122245589931
1.56211923291791 6.19563989289195 0.493659700326542
2.20363811975898 6.55001542051041 5.5880766623431
3.563806722008 5.89904676470365 0.745115948597662
3.05960980819699 0.143621195320648 2.39093660958705
2.78395556536211 0.915494864957827 2.66579371978923
4.3717921854409 6.89084733856644 0.412556543076427
1.53402660294887 7.03126887245496 1.26664157345862
3.07176958236757 1.36865648304266 3.66141802273868
1.55714826831061 5.99461434432988 0.380179553634089
2.45462340659099 6.53926252276292 4.70303652024193
2.73604521126857 0.787324049252891 1.93501186604555
3.1184211857428 5.64252817862488 1.49786664572105
3.12563362847512 5.39164871926828 2.43007117009929
3.14281153444647 2.40046264156922 1.75055205531656
2.36701508311708 0.303504013967769 2.276604124683
5.20182870599377 7.29540995112696 0.00671163250244968
2.55297568847375 2.37660462163297 3.96795095380278
2.68797749157608 4.40609728441489 1.10259919057258
2.8227420719993 3.28748988720012 0.402852673817659
4.04230070349334 5.62491691763116 6.45811941788715
5.11727309949449 5.44525305471278 -0.280198449883656
4.28156636739138 5.97223014038622 5.26101723092089
3.35460140432254 5.70844781649054 0.619177992596249
2.51411249869015 7.07374457484919 -0.850848452546358
3.35111041889951 3.75613767446309 4.60175972407796
1.86823399714994 5.30067973118482 0.286419123153804
4.1960660779757 4.38145949971032 0.0444256515510712
3.36100411938419 4.75374682606615 5.19309994329613
3.35229096460579 2.16668510576701 1.00038010167854
5.310899975736 3.27830784432373 1.33823003646942
2.09696991545544 5.042110914034 1.0622502713356
2.88411129768304 3.47632154544753 -0.867582993333222
1.91377099788632 3.66777830677523 2.18242813941219
2.21000713756869 6.25675936742819 5.4882795975803
2.90110906841554 5.28388343407984 5.54582487522792
1.68248797264464 2.55949342118006 4.54004568534392
3.60667252613823 0.414783741328226 1.96718141461367
2.53544588734196 4.0928548325486 0.578772378713501
3.73676306137439 0.553981527293418 3.42029316992387
1.25610596033631 0.537999687531785 2.36784112474945
2.9681411079455 2.14091179411853 2.93781270099205
3.13060339400327 7.13563241946192 4.77359736373697
4.41576633386746 6.13951578659521 0.223921031879259
1.7661417208455 5.05015155212713 -0.247560699481704
2.90545116155925 1.86359822530326 4.22714128371484
2.98740611711134 2.11046095075263 3.49756990390615
0.199941764444742 0.750123186947198 2.68828408673326
3.87735532460404 5.80489164860504 5.59607418386106
3.3416323912106 2.44562950592572 1.40557868733076
2.22584280660765 5.45457122453017 3.01821073467528
2.88084460047251 4.02048724950971 2.09976716780684
2.71603632808383 5.7193783051508 5.94545801889389
1.9409720482703 2.66277993134879 3.01342309497508
3.95833878253046 5.35253466378462 0.967244142276193
1.24293578616175 5.03829805937676 2.6270709940802
4.12262042570462 2.12750175573268 1.23044174063467
1.88156979142545 0.211780413547072 2.80594335572388
3.41072942786782 0.472638483898532 2.97383325996141
2.64040253948585 6.55463749147141 -0.00273279545160232
3.26727966673081 1.71375732755445 3.68179136353827
3.00168297822577 1.88407161813081 3.72332779141786
3.44568268964934 3.01660130422644 1.6455336580608
2.38949872157043 6.60349039950446 4.05945529269563
3.57674684165326 5.54582233448476 0.32666052746462
1.50534900551658 0.476690606509653 3.06278540712275
3.56297773801122 5.63673860714024 1.68767072557952
1.89576791052239 5.15885028375075 1.10345636208145
3.67058919119795 5.67693339144961 0.814710845598152
3.80537393379858 1.51495450118604 2.98183868609208
4.16605736119543 7.4098947817006 0.465389275904395
2.27908838515028 4.83634016137005 1.70354794976644
1.77398098783565 0.662387696997174 3.01983725002868
0.718538462001804 1.10855180645796 2.5065683442682
4.12276210471203 2.22169279366605 0.455793321780608
3.42141227489354 6.62061681446123 5.93935865940534
3.35462746423138 4.52043574625583 5.77977294229319
3.75630543097907 0.300723840868311 3.25208689030068
2.98827189191602 7.02873916264858 0.576147942136555
1.25266055796531 5.48994436539194 2.4455833296121
3.50585336376203 5.2238417329399 0.131099618551667
4.25777850930364 6.76684766800097 0.836423229688464
3.60922999739187 4.20251111730224 5.50516225308703
4.61734896066386 4.69534651558378 3.5011556789092
3.58968004909157 0.394426552798536 3.31168889569344
2.25569982777944 1.16538146393314 2.736288217073
4.79633563276181 3.11310531391065 5.17434603885318
2.72171200033058 6.6640232754777 -0.348329130574849
2.58302079080967 5.81296895622989 5.53934677135448
2.94948042396816 4.09223395126443 3.62688385092662
2.74387967833096 1.40289476199541 4.88255683191186
3.39195716307526 4.895101062804 3.0198141000775
2.22446092147456 4.82922891212639 -0.540405988283684
2.85618169201278 2.14375103247397 3.22755128692395
2.74903178908866 3.9836688149556 2.05023057047394
4.40984060500847 3.25811677627836 6.346560379022
2.19222469805448 0.00845373788061909 2.81292490262803
3.33128401199119 4.06756217971098 5.89772135848598
4.55100585139908 5.52433064345493 5.57511642732504
2.993784840763 4.48324179343198 6.06667987562075
1.50390700220233 6.58286317918816 0.244236207490272
3.47830917010218 0.165305742398161 1.46930402289818
2.13873356583198 6.23263442246693 4.40736942332018
3.32006606830495 3.6212809532316 2.45903707169496
1.05847427405984 4.03190390507825 3.94687808009249
1.135318439824 4.70694868770206 3.73089099113117
2.40752589771183 2.63231603011047 3.74079080066213
4.40369911002566 6.02570236109324 1.49874066087657
3.73101325849278 1.68757304252175 3.74353381526262
1.68288759521869 0.263573713800718 2.82439610898823
1.85473265351696 5.13263875496873 0.38180599692018
4.15024370470288 3.50028218203826 5.16014826123198
4.50262381127552 3.83248904262403 1.40852000141766
2.43546614685919 5.36331073629325 4.57494988230425
2.53702005704674 1.56698719172359 3.62458130028393
2.65995813956598 4.79435593877589 5.38760505003101
4.69008203268201 1.973836022357 0.696472233008429
1.36333200792089 4.45934514637455 3.83036631528457
2.27421989027652 1.54233308105407 3.33468397465627
3.4457910481158 6.25932952731164 1.69548970063573
2.94486165653322 1.00117056290887 3.51193470655994
3.50653970284285 6.68964806378239 5.11344080453626
2.77343147484765 5.15766713416322 5.47168329734092
2.79918123702488 0.502480738449004 2.86114053819135
2.57253171883684 6.51580898190418 2.86021743983784
1.21467731686709 1.16138451402592 2.58352897544449
2.85051732529048 4.96936210044785 5.04212552315455
2.76443182352704 3.62926262480913 0.234344531146059
1.98137490339981 5.94886712870797 2.9000338668235
2.07636543741364 6.67874777242766 5.13478751250996
2.10595847210874 2.61799850995794 3.78242031973134
2.96649039179601 1.41999720811448 3.84703301169973
3.51324670804868 5.36217656837096 0.68641407557237
3.81294546036812 0.389295499526615 2.09856039347238
4.07039695914493 2.08688805419653 0.523006387969608
2.61842915198398 6.79952948650478 -0.215842954296304
3.290126819802 0.766727774406099 2.76686455774861
4.01772380838413 6.69058647150363 -0.244958012419568
2.56754400583365 1.32083101779674 4.11199826460321
4.10579281665263 7.49978239217786 1.42202653700543
2.85093334716921 3.92856405526724 0.733279407839735
1.2660295211893 4.22724240774226 4.64614140692358
