1.58876349649957 4.81366343848096 1.62996119506452
2.66450440324665 2.2943547137238 4.55765198984462
1.4409444826672 2.69686998535763 4.50923153143498
0.846961535034747 2.15377832975004 3.47313883910937
2.16697618241161 4.71372155222861 0.380273732715718
4.48312874945497 2.42220123032911 0.853418583228512
2.95667446232185 3.07383104750067 0.218762908212216
3.10080174007897 2.87088018458922 0.310417540372927
3.64816455293838 3.00696088648954 1.48982517242504
3.55878003750313 3.21491231664145 2.3496529404037
4.21707290503949 7.42313709996665 2.61159127572518
1.02195818804519 4.89741035699473 3.77459298632284
3.49036666147221 6.97529654419115 5.67533280286957
2.99522034631051 3.59000601078326 0.488315551061845
1.65961695571963 4.52623305111194 2.15384252199858
2.6279096909808 5.31338835687804 6.09507857943907
1.63663062840072 1.02733502376993 3.83885618642115
4.55711119609928 6.18652437626592 0.721636020736988
2.89655867431068 2.79493206440814 1.68837428351515
2.60253774556034 1.86494929367899 4.808477977589
5.04804181026574 2.86608442466847 5.86189345725508
2.83082224221089 3.55630444124209 0.449530252231071
1.61654859124975 1.08398122685288 2.58341926955477
3.04664411064449 1.8811903125582 4.44191356021176
3.78486279599442 0.276475795130347 2.4837007963843
2.65619404435162 0.217905893476306 3.25590210849949
3.57061904979484 6.64427782139929 5.89122861610582
3.82028583518539 2.65600147345697 1.1458204228056
4.91664812036906 5.05634546250527 5.80212506239809
3.00936734553883 6.47045972127242 -0.762436757852938
4.8760777246198 1.8628086947176 0.435811917622245
1.41575019249575 6.54472941775051 1.06216033926479
4.0436203224462 7.139099914453 0.659761263530277
2.87578117193236 5.18357441102371 6.40714885478789
4.02099597601848 2.70675861395709 0.808341910286802
1.49905330241942 0.344873969225499 3.43703815476308
2.61578404504564 6.54463846314563 1.80492927726095
3.79047918335115 6.3898023311923 5.49349089840405
1.59148052066621 3.47521557937767 3.9350367601886
3.0017845579375 6.34051783921905 -0.466485934487401
3.46599539222088 1.22234922149259 4.61106575552549
4.00479496688702 3.63224851070748 5.11772894166448
3.81024340108063 6.08573813530211 4.96923352135955
2.62827558573735 3.28985959059737 0.596634419170479
2.63498207668009 5.29574992316638 6.71702447216789
3.69668136029269 4.37002056117848 4.97032934590695
4.21276062390021 5.5560762494927 5.96332037629348
4.60420588838766 0.333704031153879 2.70282509959505
3.76514384526661 6.73675418291924 5.99321769292298
3.12682206195671 1.48424391773937 3.89915831096787
4.36878044082041 1.47548773597869 2.6843106884098
2.89921956531586 0.867701769626551 3.2414530944912
3.07946288497454 6.30529265299183 0.428858540110899
2.6222668317266 5.50091014182962 5.96444067266609
3.07314370566374 7.48676593726822 6.65091261118753
1.86748278995838 4.05282269361682 2.16588104024207
1.32484306113096 2.257016831922 3.8971084456328
2.58588389255096 3.32454178230348 0.00133914468135699
2.90101439366762 2.62367531402851 1.89626810538463
4.11817109662176 5.01039164551014 0.0656786770376007
2.52858810287083 6.592078818121 3.13409112928626
2.97135604671944 3.20566422710891 0.856282630934755
3.20049592002522 4.67734873813898 6.32971036893974
2.62681176428107 1.71801033542775 4.57004351458306
4.07711905897791 3.58411415919363 5.54606535087426
3.73672719551595 6.00667932922346 5.9154299518953
2.62015289666961 0.568813388459415 3.04875295109161
3.31165769121131 2.50623102196735 1.36389074971702
3.39802798675374 3.78850707519159 5.80468746952425
1.07137289481931 2.21757266837291 4.17436179632143
2.96587448513458 6.77048775275785 0.556838479027867
4.24297831613882 7.46229306281899 4.86856384305148
1.40391840756463 2.15228955857902 3.54956830330504
2.83276354808876 4.89677929273817 6.34426696039064
4.00144889434153 5.76129146663755 6.35587713678368
2.73270491835471 7.48954884458428 -0.304831316934215
2.0322887463594 5.4308551378223 1.36534914919683
2.60395428312057 1.81600367537109 3.89357572638441
2.35631541071174 3.67032671472392 0.779746731826596
4.07567388070694 6.33822676636477 6.06198670179897
2.53519557252847 6.64166362666959 3.25178562284056
3.59923633403541 1.60741007418898 4.88411116859734
1.65110656609762 5.38167678047225 0.727504577080535
4.31711019306846 0.539965271910011 3.87229088905904
3.24731754736054 0.316940512807998 4.1033158947466
2.35530198258331 2.27847527658812 4.08056126049779
1.72490455084652 3.73446357327881 3.64696912027971
3.00577562064223 0.687100409579742 3.43168387388848
2.09545414226619 2.49072422806152 4.83424852908652
2.1981484376193 3.1108867534499 3.19211013531647
2.99650302394964 2.52059625468565 1.42332265063953
1.43417606977555 1.50937459808497 3.27387377108397
1.68210187761436 0.025326768770797 3.1509694552598
2.82743563353131 2.30382720907197 2.8419872026204
2.83153991067088 5.12462557874964 6.1124647455938
4.77184567677986 3.59027944228878 0.61928718367089
1.85437495282756 6.31912931805402 2.89172495315948
3.54188240079058 0.296111415949433 2.88227827640158
1.58783977069657 0.615619850138391 2.76101730103095
2.94095360476232 2.51170435148975 2.59443014178873
2.7074547558653 6.04417353465269 3.35783585645135
4.67291098643055 2.80073702277198 4.78237047359875
3.4727593796624 0.4244002736354 2.75983573054888
4.46812943082101 2.76134624903895 3.83962227110862
3.24311923571654 5.96398807098724 -0.647181574120975
1.55511790678715 3.39530224911427 5.67793964330265
2.3019960586971 1.39103114218686 3.58269205367021
3.74460483602641 5.5666546349207 -0.251573990161718
2.79206995139309 3.59736625884834 -0.152327866837635
3.39512164617072 1.68759601558444 4.11153401066075
3.27548976058765 6.81711873089915 4.7162664239549
3.15605681048317 4.68349687111397 5.94076571702155
2.97751643944223 6.71538300095492 -0.0900050860383704
2.08356784463813 0.961279996100619 3.11747788795896
4.80253389357476 5.601341937573 0.826999776599896
2.1682759194792 7.00309790361495 5.47263708434206
3.44232865696232 3.16300805342924 0.161853262676687
1.33757763271563 4.81965217547355 2.94516205864552
3.41674407711886 3.75623902307717 5.61405349631848
3.635350307954 5.71712700366635 -0.168728957163968
3.22113602031703 0.680375654908189 2.8787065722362
2.40273211932565 1.89489770013477 4.63095490256648
2.06037903804055 7.03047854542766 4.6883789548297
3.1921829425477 5.11736359675333 4.61368735254619
2.87294835363972 7.15431101923428 0.100455463398169
3.28101688296392 6.17965567215644 0.0542630836946527
3.4592061253863 0.676512890384565 3.65298674922902
1.48317810417941 0.417611915093472 2.66428524345153
3.86512227057863 3.18611696876313 3.93473725270228
2.90889914428033 5.49570153547891 5.34696869108667
2.29748425183263 6.09399432042589 5.85747236074949
4.68195332864358 4.80081096141863 5.69622760127422
4.83649357398502 7.29158141258106 5.61111257987216
1.80940079634924 2.98308917621811 4.12976508732363
2.42746705142971 2.1514090834482 4.80451897063088
2.14348886517012 2.27355545971001 4.25613687293409
3.79234752359543 5.53998448585088 1.68338193144851
4.35664119944564 7.01870428718608 0.0998780763945772
2.433753779996 1.61365787377956 4.29616836841513
2.36050031174044 4.09416801703379 -0.590578688409965
2.89886556908691 4.0062247072876 2.01671744949148
4.0961545171544 1.40526000188724 4.6774717328247
3.32594939974973 7.20002474697667 5.76710286737196
0.58295096248359 1.37478952837839 3.44786139690377
4.02404700634556 3.96359319267819 5.19434628201866
3.49305051197405 7.44928830325191 5.07444723753293
3.48022362970271 0.462387625719469 3.17698990772459
2.43698214295541 6.50825089687037 4.84393196675362
3.76487422661806 3.14453555896118 3.40478498745234
3.78667096074176 6.07276745525897 5.62581352082137
1.85163814924065 4.81897524433276 0.75704107342318
2.35593416855862 1.82654494547399 3.73605432894826
3.81347090234841 5.0790675140441 0.516649510786939
0.694878429027446 1.75114044003351 2.10652164326766
2.62867680622481 6.87284174962646 0.605054854838308
3.09973890356949 1.85015364728721 4.77813169358631
3.34773560279581 0.925349036190515 4.42447757106393
2.88936656729541 4.808172313237 5.28958844955225
0.728157053895844 0.766970083184963 3.3053371117554
2.85053762578609 6.8086255678256 -0.155094164611457
3.38137528133901 1.12501638323998 4.34504694168963
3.55046393012161 7.40210405424152 3.83793859807528
3.81525431900491 3.8365230504676 6.26449662168197
4.31244894885611 4.47717458763022 -0.0400133474114301
3.85762979219742 6.62808642981006 6.83499605208658
3.38506062694004 0.451005833514273 3.40837054238127
3.7220067913356 1.15798973717369 5.02324639743363
2.93211294439687 7.06806649343001 0.763500702153515
2.31830726802314 5.70960863625878 5.33062848507064
3.4338382175022 6.29057909427191 2.83718095303225
3.26771688489177 1.01915983593891 3.19096620455094
3.52650886214268 4.46420001379713 5.62671596326764
4.21496999794958 6.990384731784 -0.378746458646694
3.6523463878869 6.08909006969716 5.19428599325926
4.093339457935 5.25643436572782 3.24029809899455
2.05729628824096 5.11002709861057 -0.141775206349818
3.72826096296122 6.79718511021507 6.77630432086975
3.84753635916971 3.96214999557155 5.4881702539737
3.70674210620372 0.799049141535349 3.82628196274459
2.40365455277026 4.49965571138551 0.65277457458525
2.18854574018304 0.815391618137542 3.25997045491333
2.68958025865319 0.464941085354678 2.68653393170443
1.70950291836307 6.78152102606375 2.73740996243067
4.42875463171857 3.84524566084167 1.40791140139959
4.38827548227379 1.62438826532682 3.12594479482417
2.81794502064641 5.94598435161779 3.37755970228095
4.44327689180142 6.06453988958417 0.944855003603499
4.10039293600144 1.17421904557064 4.13295574540775
3.38055531770195 1.15695072440008 3.92050789720126
3.77071800354839 5.85651471906183 4.66692050058665
4.68675172060313 2.52005659916502 3.64260328468214
4.21312800468797 4.62068493985828 1.01486352863562
2.9998609055147 4.85484527834732 5.09471367116035
0.603978248941734 5.85922237729601 4.5342359543226
3.13314246708709 4.11183532738245 5.09302832321823
4.31763530500754 3.82301813587299 2.91416348366646
3.90034781834604 1.81710397082879 2.71929054469415
0.856706290383245 0.316986960881843 2.61729568818884
1.97323931994794 3.89952475226099 0.701872717616887
3.25874598754228 4.12189184794219 6.77764700006773
2.80652998880486 6.30761264552563 -0.351236757331718
4.70743659600556 3.21644741577478 4.57440479263476
3.13626784406855 0.936987255695331 4.08070804452304
3.13921361212066 1.86025241857099 4.39125202324323
2.89173196687908 0.654061061123184 3.40713151223323
1.67363890156154 0.540387498918962 3.95529969521189
2.21369593841258 4.45515513572834 0.650500094756841
3.12071156374311 1.03113066462378 4.04799384434215
4.03470800321568 6.61715017783801 1.84412086631786
0.84508005288859 2.38723152015796 3.08609256925764
1.46526129932097 0.475645397929148 2.92088725573868
2.84887548984354 0.693313256230687 2.57819061407938
2.08495713269065 5.58385876516035 2.68147662345614
3.75838374591003 1.40641461868112 3.89712835983341
4.77443030437077 4.17897136741216 -0.479079325457671
3.42511448054137 2.0091275742793 2.8893751148712
3.92276281219035 5.30828688013718 0.743706929179798
1.29825264717861 1.71227516683471 3.69374356210712
1.98957924478191 5.0357399587252 1.38120517781919
2.83756319910319 5.00555569136532 6.16680734448506
3.25090877351503 3.05288385509758 1.57605183971353
0.934631803259982 7.45497757543608 2.74065494306385
5.18428275749177 3.3538762691496 1.10921151457715
2.34385805136425 3.67537560526812 1.33323230987544
3.51683276927567 3.90092194485381 6.19639061463968
3.30813133009098 2.23881633726333 2.61696373321778
4.72505367008703 7.23675253855939 5.93948987255038
3.85272509668227 1.34408809734566 4.158366461958
4.78856836997453 2.71834067725529 4.72747127974743
3.63591949834283 3.87961680263605 5.93846222321
2.48203956906653 7.05316147545987 0.581437748166741
2.82776505277055 6.89349835880021 0.93806223466327
1.8388656413797 1.92682614534823 3.72702222537915
3.68162365969284 4.69976792640584 0.95632785842168
2.70064430300203 5.76888651089427 5.70886950119843
3.92313051972085 5.51821225250842 3.44573433599074
2.66519656085817 5.67270521560556 6.09391005375718
3.53934682876242 1.7381775665401 3.93312079508044
3.62672240489373 5.51470652347659 0.898136430829627
3.49195515013422 4.52204651016615 4.31586756369692
2.7525598080471 1.73742658228783 4.10297632924919
1.92472122584471 3.85749113016433 2.3561776126596
2.91453500665088 2.47453417522811 2.84103562042321
1.49590639821718 6.40329922145263 1.08734388108715
2.62785812323069 5.39885934972197 6.48683962628096
3.91362117806676 0.651452356178138 4.11342779191671
2.79811046816544 5.28392804036109 4.71145020597865
3.37639194070534 1.79191330768002 4.02277916276737
3.22578873701455 5.40151157598894 0.922284870110656
3.84245680773711 6.99857386667876 0.97365762827277
1.83793949620579 1.94313360191891 3.80660778083506
1.34346880380655 4.02329919687149 4.59093181137852
3.24210162759973 7.31649076292874 6.09895830122418
2.64041232559407 4.40220017787672 1.77785924135889
3.01604708684589 2.89268248087088 -0.217150046802042
2.61285768616678 4.72236787254873 4.45051853950806
4.36673719244987 5.56017616238916 5.73311454525048
2.60087318601311 2.57351830226741 4.05136763299169
3.03844612754431 0.397843131690509 3.67204982813795
3.05209447389211 6.96796229872563 2.1039148213632
2.54969167293202 6.21048033177254 5.02959581222825
4.40273311443282 1.35131821107852 4.11970402756691
5.31677427042265 2.08756134233338 1.31994398028159
1.30173217068757 5.90783762839156 1.22710881304247
2.37369253404551 5.0328193741526 3.38110922101091
1.83207472579638 4.28551470330404 2.2736151181121
1.90111591278526 1.38002928668518 3.99024980921627
2.91366617947409 5.32735486974522 4.72409372832235
2.15168310784567 6.71241472427164 6.481838704939
3.3285531449715 0.881770301063295 4.4416987621114
3.20733484239129 2.58181207100127 2.14408876183001
3.26928545164453 4.84618963457461 5.26401805038296
4.20739312225528 0.882880642788425 4.68733073846976
1.80468172297431 3.74193088496904 3.25048757989975
1.78929336740518 0.411751286435626 3.54105799978383
1.12961704473492 6.53410350061174 2.71830252209541
3.31040149988407 1.64984072128381 5.01278320169271
2.10911427649752 4.11215197034506 0.824988751554244
2.50822213572643 1.46492836492333 5.22825772994974
2.04369655294348 2.39321960589364 5.80284939591242
3.75230678666585 1.47790176013135 4.07165425100868
3.2203709373166 1.55272664688035 4.30603022357172
2.27491781366444 5.96303013876768 5.97802526132824
4.91626501265715 0.703668049681744 3.56305132882116
2.62153212811105 1.23277698918437 2.86362350501994
2.23366472430695 7.27612675978966 5.26002215709485
2.83867495371118 1.1533826879708 3.88592642126216
1.97071999954375 6.84867969247726 5.27480783807699
3.86085580806097 5.2247504419615 0.536876433250798
3.24563686409869 2.83319723330695 0.387620480282694
3.37494365655367 3.70039334850075 3.99692191917129
3.34260742325302 4.03904281700564 5.41752738837654
2.91242939843963 0.415885434792468 2.14897457461951
1.51138877915742 1.09374154242177 2.92906390235625
2.97911455603472 2.18360642911373 3.80007871535918
2.02420758819285 0.321524293598491 2.52438788471391
3.44993381981517 2.81264886549616 0.238570028390929
3.34780954380903 1.2481367341406 4.98917301815189
2.64681309785104 4.79335477296118 4.75526191056744
5.55779472743539 5.10179747728904 -0.508119143273719
1.55491595788115 2.98811177940334 4.4102949598547
5.87098590776101 2.85174204262407 3.18451053763793
2.85336289876186 2.26102624315729 3.14799197519939
1.82011785133855 2.8427866242509 4.14165902949241
4.09448025212496 6.36212322429827 4.18142862217251
3.24367143524846 7.3902841732265 6.10832493442593
4.26630084335565 0.60919696189782 4.03626473706839
2.21948823651469 0.509903725965661 3.78786032348741
1.69990752294211 4.28163682423869 1.74823886156981
1.64670980443634 6.25722649692839 1.42803279054932
3.64542986288045 0.910674311519679 4.02754895496123
3.22451992852791 6.45014084532237 0.236141170279734
1.37572946289189 4.05853478297971 4.51018006954162
2.28501790590391 3.2876462064719 1.51992006267506
3.2262393373762 6.24047264733416 -0.28763911336352
3.05410920516592 0.189495744228757 2.38868225089488
1.81547703404051 4.62268612239651 1.2381325916579
3.06311546010233 4.24443327120376 5.77896666830228
2.85360988389505 4.43448266525472 4.98663495591143
1.260066093382 6.79887808344494 1.52970699557571
2.91570717991475 5.23131518938941 5.51944771368522
3.4270486281245 4.56389390519814 5.40174471396705
3.21185522554897 1.05428798327468 4.8892443488024
4.42506542107945 4.07904962702325 0.925466866168131
2.81664585690175 6.56879328762274 0.194614517830748
2.78242271760341 2.41356668363795 3.82931954349789
2.42688915427257 3.11160506026782 1.76346596429858
2.25701180190731 0.725677497219671 3.70411959922233
0.788649682646008 3.4259264295741 3.71070695971964
2.50929644314468 4.16031665601671 0.944019725115598
1.77640389701941 5.39235902846482 0.37148924734924
1.54036345352512 1.90680149798553 4.00546123543696
2.70011493801948 3.58271243868363 -0.238368159531001
2.85679453377949 3.77659065828571 0.504779108041324
3.92555786147519 4.8165789119377 -0.383970965455602
3.55944257305554 5.91736115427717 2.01323637378583
2.97260997421386 1.20815791033655 4.13744812232959
3.03840006354661 2.48885535728509 1.71730989551009
1.22026858927756 4.46442383931621 4.1905143213147
4.29194749686948 4.60404491754604 -0.459863419300448
3.89370613242716 0.261323700492156 3.6143872083936
2.86011012168842 3.78886759403707 -0.293410040497226
3.70392336298932 6.17922908135809 6.10307762939189
1.39517964734196 3.20809182909869 4.02439255720484
3.78019235398502 5.66378466651325 2.06489109503963
2.61207143838347 2.89002778719329 2.3440131372734
1.37000822067792 6.87129157827571 1.15623443122407
3.91525981742309 1.2191028786357 4.72581464655795
3.12081949017177 2.29336462072874 3.40096040899852
4.74125801596088 0.164665772480306 3.25810242007832
1.9259165913253 2.36437814211063 3.87872532369148
3.87964071833188 2.50359478983803 0.580318803518217
3.56038931620858 1.33469092095607 4.89356808386016
3.92311119307023 0.191365040880086 2.79889781371736
2.94339224552294 2.79708732803685 0.732314432361339
2.5947465534205 7.03642993391187 -0.212830474818858
2.01781976893268 5.82947798234604 2.76475007073766
2.52104906508801 6.78511251939868 2.22846539316393
2.81377661709658 3.64186429563657 0.544317645955171
2.37582851889072 2.85460914422667 3.21739223131189
1.73449641652075 6.23018464006212 1.22073666230603
2.81208516086528 2.50423457084291 1.26472949620354
4.69029002819528 1.35249341721744 4.1297899679128
3.39886086620181 0.626151553471066 3.41483582256379
5.11473483246832 7.01039746302282 5.35764269507493
2.57380866772144 1.42166048186358 3.49838477500517
2.50571526479753 4.92718968642243 4.95604043329594
2.17157059128819 1.5462148712854 4.10536241971012
3.89379700641079 7.45273806330673 0.138560129537098
3.26069074261256 6.56664612485823 2.28165417878437
3.86439365357422 5.76160626012206 5.00592232214323
3.61637998719957 1.42805633354575 4.3756050999078
2.89506457298984 0.0093919832864735 2.67314097870394
1.87926609831712 6.24942071052779 3.78366493559138
2.63411303190935 3.66870106424131 1.39242479176588
2.82229885307298 1.74150118943979 4.73490830996439
2.90732588994208 3.88845660647345 0.490836206417548
1.10800083475362 3.0084230840046 3.96709856207125
3.89710908243587 5.60670063143383 3.90493202707059
1.16933295965943 7.38881425138634 0.225994683624208
3.73182626411251 1.48793645531227 3.79525460674127
2.66635016917651 2.85834741597562 1.25728072345514
3.92056087666779 2.41108497990245 0.822501909168903
3.99530570019309 2.72044081250558 0.242363921012396
4.19913141951219 5.94411838330686 5.73232384535041
3.649079880989 1.8109957022266 2.38122191491916
3.42909922241445 0.301675357450729 3.00399727259034
3.04189430755222 4.26717897332058 5.02162315239242
3.41107022964195 7.39463336411325 5.84303646358898
3.39914251286269 6.13782350807683 0.720642547544289
4.12353103034788 0.497788359306074 2.92443030518338
2.23651815229618 4.62303006640186 1.23065555903276
2.35860636428272 2.43550052235243 4.5410123964809
0.832949034046663 4.09043633155246 3.63977036362398
2.77895001793486 6.41240856920477 0.566929820487139
1.98376282614128 4.11420924873971 1.24239682595197
2.24326428951105 7.0753359228432 5.92505810828542
5.14924888598854 2.11642144950219 0.804893195783145
2.43154588239886 7.03550350578308 3.02093408433978
4.40389594602326 7.20992992954607 5.10365548991445
2.0828313527381 2.1940123273542 3.98703439082105
4.4215394733694 6.13918884890891 0.415665042682724
1.46450326152816 2.48219076487556 3.54928773396412
3.40990086994971 3.28311633502779 1.35977299364052
3.57687922219325 1.54750899076283 5.29907895205787
0.845406664478527 0.177383376584484 3.06034284551024
3.27906495801499 4.50033882064167 6.60622238649866
3.01373126326003 1.66271998544379 4.22582126007886
0.816522865233988 6.17556160175216 4.26913243563247
1.07674787225557 3.76886273047953 4.44859600887951
1.42491150630992 0.525639636310919 3.95378668252738
1.83428623146079 0.608572108627961 4.32780682103161
3.89889046134537 0.85499600116267 3.82359545611977
1.94461766601829 2.71797142748058 4.34240206709358
2.93403879657458 0.145398132807848 3.40382971788224
1.49671715188469 5.13156267434777 2.40326917114963
3.33931146020686 6.5724601343205 4.30941147633049
2.72233987208975 2.37747336053091 3.47970343026855
3.39449588962677 0.0600682960604288 3.15282045046973
2.72069094619715 1.07286890932194 4.13517470661379
2.46771103024719 0.779421039236458 3.31961343408566
3.59950589787277 3.67591468492613 4.95113894860189
2.40597819855258 1.79848026537744 4.82281555123982
1.48119379068828 5.73346256406087 1.18202541852116
4.22279071499205 1.14654104213162 5.04068789449767
2.91271704401187 1.36133570370083 4.90991785478035
4.14834030687379 2.14809142950587 0.565433783665036
2.29027589770116 1.17652311934802 2.933998332804
2.01231055048019 3.2299287574494 3.80506605400512
1.3673740294626 0.075318251646654 2.31832784476004
3.0496922506564 5.46803984137175 2.92818606633533
2.11258917030895 4.09521847616296 1.38491162240431
3.66125271077297 0.181111830959037 1.93312362122175
2.91012454852376 5.94127790617329 1.41221177225598
2.69962239213503 7.19013454306968 0.177683665050777
3.45373511903867 7.05262307785193 6.06133723028056
1.54518047101455 2.11412002166777 3.66969400887757
3.38074400005938 2.22709472520806 2.16875515302557
2.32011138234804 5.78288195121953 5.41169731550106
2.22424365952533 1.76291561784679 4.41971551116687
1.22150178569534 3.54549046317635 3.61382052403168
4.19310940027187 6.73795416548969 -0.0844382933737091
2.33628404913008 0.629577770199159 3.87283433333693
2.17955630134928 0.489217144566719 3.29645299142536
3.1439598379718 0.575675940854041 3.11275553238792
2.92349737994327 3.10661612850982 0.540365906501205
2.50192028854345 4.14374314129216 0.43886665189666
4.60397794484553 1.32955896715345 4.32337822997762
2.7712284896997 0.997954492862426 4.07018318601055
2.71400412832387 1.71942289723983 4.78579049791374
3.8828063113782 0.837481173285131 3.72364737662332
4.42644621974322 6.33670562147147 0.247804689515151
1.47228067394058 3.51225839177426 4.18142717239548
3.10202740170802 4.21411966105518 4.5122692697388
2.39857406138726 3.23077815221793 2.31782407368926
2.94255919436313 5.39709540098796 4.54391922887931
2.17275505250727 6.98168636474007 5.49514802315172
4.04097248270376 4.654672041062 0.700425801372558
3.56964535989382 3.9882789052669 5.82508414655588
4.19580118858109 1.30152844181601 4.36281892513646
1.31677557600959 4.98736460842318 4.1166200601319
2.49126607499769 1.0310977884651 2.98375897891663
3.08625402906774 5.45891609067621 3.13971742485975
2.07454121961981 2.58958453392807 3.75074308589942
1.95429027215325 3.67370839035511 2.24685035541222
2.99840084296756 6.79945470111667 -0.20632729286424
1.98486227832513 6.09444749818572 3.72685798669054
2.42951483196393 0.422037115385002 2.74113995736553
4.67920201091774 6.31615240394212 -0.0923857362338535
4.18469214555126 1.15229532638797 4.26585759352725
3.93717650075395 0.890722911471743 4.25861115595886
2.82847785872479 0.164622671153057 2.56659409126546
2.56344323450161 1.64987943858789 3.43860029077834
3.92941340267994 1.62889567319041 3.49931351916378
2.99808884003919 0.961033137207328 4.17771057869062
3.81746945789437 3.16531430659127 3.48949169244829
4.4324588506531 4.15746796339254 -0.181365380920456
3.72791583619449 2.12967247317122 1.47429464414951
2.13991996757351 1.21159599904353 3.65112135199262
1.90947253775511 4.79357415008445 1.06487407018627
2.45126598743166 5.63922975866232 5.51175635983363
2.9667841572927 1.13832205429387 3.66704764248298
2.0288698893595 1.30070086975797 3.64017233359246
5.02479261809568 5.65409719247967 1.09418073831091
3.27062834672635 5.45408517174608 0.337438433804704
4.36041543362608 5.69653945718373 6.12445839183236
3.59857111634412 6.76972760164229 5.92082955358587
3.0101521202892 6.23459761490701 0.578720040238838
4.16502701365021 3.73793098339338 6.9744250624329
4.69011782219674 4.0808122861391 0.65345325767969
6.55860280899769 6.65279405672559 6.38081973315516
1.9928252739181 2.4085712008682 4.85313579744089
3.81663591484142 1.83883065931577 2.68526289618566
0.645795252237009 6.7153741706323 4.77378459792
3.50026559078665 3.89665329499614 5.58859430557449
3.61847710461656 5.58622253349959 -1.4554250136278
4.44691083442454 0.822717660652759 4.52286615711328
2.67967708146852 1.16272889729918 2.38053858423036
2.5595689490025 2.86484286690101 2.31018320973505
3.94771163154063 4.70544243678402 -0.000996797941353766
4.77272854487694 5.55446085722722 3.29990925861623
2.61277474658449 4.63731769690269 3.1066858186316
3.25863615535287 1.74340594238338 4.16697125653544
4.64473581333958 4.00403182293833 1.27467739796144
3.50005597717305 6.84194187844298 6.52779999579993
3.34436040341412 1.03889859265146 4.12503105078523
2.09307929997002 7.22045085720382 5.89146538735187
2.5458892676546 1.41778366384759 4.34527411307251
4.20685635597501 2.59913986788975 0.94710255360994
3.4011727513067 1.20497453298287 4.48394043080773
1.95788626548691 4.41960574636918 0.943091483068997
3.07931310067809 3.06332078537289 0.789810309003588
2.32671404215483 3.21580252847232 1.42470729113093
3.51735966919096 3.86210331267525 6.24650673898399
3.59654662957344 0.952082157120706 3.65191391465554
1.93720587302409 5.13682972117957 1.3776217461342
2.69406674480705 6.72010760187803 0.610989500261726
2.48465564205472 4.60666357059332 1.83734696376494
4.88852987499379 0.588707307313628 3.90216623146369
2.38460508437169 2.95459298683814 2.86406556304897
3.17245911745304 0.752798567028048 3.39066262113036
2.45086664295869 4.83812799704334 3.29708439063996
3.55654675332937 0.505393136724467 2.62431849553724
4.455333827201 2.56198801447708 1.37174816092154
1.85943746264178 1.33681727790803 3.56593548710871
0.966836841091851 7.14613201095641 3.00179682882532
2.844242687376 4.40662985555819 4.17664223047082
2.39117069475967 4.03793156719284 1.14944289570719
2.71606810760492 6.32673954804816 2.80954470966447
3.71111858244113 3.04798914970826 1.70454956760385
2.50153419836219 1.57906004836591 2.99257701652461
3.40954680033882 3.83356529615614 5.54361881106291
3.91092374852515 6.52451623073024 5.72607570400901
4.47084099425664 2.44043641248112 0.997578947565717
3.96756284295574 1.5255415264019 4.42021505471126
1.62618891562912 2.11087281257607 4.22423323374034
3.19716326053175 1.57516238554378 4.14348345526071
2.4770074418047 1.64714917856428 4.85567825667671
2.65970848358569 6.42288745551706 2.18418513691509
3.3205299812226 6.09594289034478 -0.405016396098231
2.44815518697172 1.44979832684093 4.29649234095356
3.01614198560023 1.08545140916962 3.65079015426889
3.69418164077752 6.98383990547065 3.23143535168349
2.44564260860526 7.32832273267744 0.495781117955155
0.54767068583388 2.44938157570648 2.7572623904733
2.59661404074912 6.20139895567379 4.87576107015314
2.45613873042796 4.05965275878354 0.50534935493763
3.01646853669677 6.94639070590381 0.77067322149707
5.18092835788922 5.53518951032416 0.821152308045655
2.40380966842362 3.97799950678124 0.159713704990943
3.3776785863832 6.76232261709264 5.9996322533773
2.52358144522736 0.955606713662923 3.36064488248619
2.34174549691285 6.10965758388253 5.33694666646658
2.92731353398284 2.88739020867682 1.32856152499104
4.94787996943513 1.52922200341279 2.05268355508325
3.72115001178865 6.58389754729876 5.60181766642985
3.94236712523116 2.02188419448487 1.10310724256418
3.34303518122946 5.58736762499975 -0.0350068432043657
3.02077894598891 1.80289593041506 3.58855154407264
5.46803715777984 4.10836101937342 5.08769096757657
3.57836191333415 2.69200382540684 0.741955557799221
1.60544842682495 2.75848360541548 4.31346228927845
3.25525885991914 2.99050128124182 1.02699421644226
3.48111078577113 6.3443228492588 5.36962500815478
3.23341068323141 4.651020904648 4.86069954003089
2.80840977074478 4.2035712569972 2.07631019087293
2.92760367015673 1.05553784111284 4.63619708516957
3.27820580692895 5.71328679549784 0.588422191783956
1.9669664923956 5.87655160096692 2.50487163047008
2.85676506402632 3.93303027863326 1.88102927232233
3.19994029859408 3.77329931510749 3.56753984151037
4.70928633101777 3.55296612533768 2.96155935805694
3.40875194692443 1.91820375303399 3.84181713804462
3.75323181277252 7.15107727194667 1.41545232627506
2.07965108565826 1.09668834845354 3.64705663177075
2.15221192541762 4.49068125246024 1.01023259722565
1.30130422827235 4.2725024205459 4.15121400318437
4.31070342626019 2.4059208195291 1.053047837975
1.50551459569135 4.32248453235669 3.18267426858421
3.01688280282531 7.04438851523531 2.71707845350419
3.02463243279658 2.40630991442831 1.72917344417481
2.35556108342694 6.59700268513866 6.23360578360848
3.01715025387574 1.14412856509168 3.95514978649168
4.20598110448728 1.04502284394176 4.11622781376767
3.06289537190017 4.04991524525679 3.99784695986188
2.93321994989149 0.724516205571787 4.08750464236621
3.37514994448469 6.92654868659717 5.77187943570755
3.84918641157692 1.43152109262824 4.41429634706576
1.38353481726768 0.855142449396144 2.80560978263754
1.83021027917963 0.698672726181991 4.11880643665416
5.79831672194433 5.98830675230543 6.03942190634454
3.37924984288717 7.41027971457479 5.39786696603449
3.61741744722916 6.0253974974943 3.55837345466552
1.68916476081271 7.12992297760434 3.65459637567861
2.49211537989398 7.18919106940835 0.202806200261818
2.95905498396701 2.93727083656896 1.09645467582322
2.86780799785349 3.4302283934427 0.613738675270122
4.60411696869676 0.622521050005475 4.35204734675132
1.92522982952486 1.61142732824038 3.81179649234917
3.21450348875278 2.36555467407177 2.86707109768675
2.72439193217356 6.80692092906405 -0.467015628714089
1.04164458443768 5.91672784927579 4.24676541077685
3.99908209119444 2.64229232053805 0.561565646027872
2.08172801857617 4.12144325849787 0.504315254031934
2.42447945598256 4.55231083865628 1.45354643899809
4.05912918647258 6.16453958116849 5.83332488788496
2.73368657773586 3.74323103512332 0.848405027989808
6.05097953357452 4.44947381205649 0.227890972545219
3.31947459673957 2.87956865900269 0.453128394411495
3.5167797370649 2.06776950255517 3.1150020497729
1.46927305299928 0.81408911809647 2.64543568420368
2.85934984582048 4.54917024879604 5.61885582743497
4.15344514190845 6.08307738230541 5.7486282830781
3.76113538037607 4.04617933469763 5.70446151274433
3.28937616429038 7.10019642906605 6.28526011622996
2.54666890607609 3.16271978172092 1.13139388199239
2.15005993028969 1.9195424304244 4.76033474490741
3.09584239272968 6.42528515961384 -0.708496760582633
3.13323541562912 3.72243264913467 3.06967844380414
3.65669011851086 6.81325734050446 6.38749107658431
1.73469168043137 4.79840877242032 1.13521478278438
0.729659515010741 0.495499618800972 3.01917463665406
3.15873567829795 4.2099872135576 5.88063222756267
2.32474121848418 5.48066553890404 4.92065947270458
3.67472073829712 0.624254757783699 3.41451313778895
1.84638443737006 5.6024314011634 0.890065733676737
1.91222929397226 0.0632590121096985 2.50135797845589
2.70978791375009 2.38866485293983 3.32648027774849
3.51032608100942 5.19108174693639 -0.0208150850395977
1.30380477600427 0.02128334993452 2.1177434744482
1.50387108752375 1.94141674919917 4.0379961464184
1.55930840844857 5.42111012310988 1.37982884802331
1.93356559215533 6.0185687619568 3.42980693860379
3.44728526930817 4.5121288253264 5.56399980241804
1.73646259032774 1.60913434170189 3.5667253537166
2.23443492208935 3.45730205745832 2.11756907992313
3.69299605175355 1.36197863450646 4.31967128181835
4.42192104125017 1.01324917929351 4.16695648551277
3.85559745618513 2.45743512106535 1.80282324521668
2.02112229542926 5.44420486446854 0.741614331946353
3.01628423389648 0.970592065160429 3.33132755884957
2.1546048955755 1.25084445264387 4.64162105499102
3.78981590243484 1.26533476082168 4.64759018396937
1.78633274637137 1.59385971509436 3.94689112924498
3.74416545120829 6.94796280523865 6.16180528497246
2.69816990070585 2.88499955011463 1.63298504245178
3.28968270369679 1.22195461836164 4.40284740938353
4.22707596214773 3.56633291865532 5.77314748324174
3.03168736497209 7.39946538520763 6.38820655240765
2.37058515987206 4.60475009709824 1.60760375362199
4.28638720679614 5.93562620506264 6.61463535539302
2.64888485795979 5.91249565151535 4.92785715505982
1.13001264980454 5.2030486514688 3.79514283848136
2.16911681176818 4.41914469124796 -0.229258104725531
2.46189550339853 3.50685531893003 1.54545711078217
2.22925072517817 3.09039813098854 3.13057188159913
2.21893135957792 7.41941170011473 3.64666393366653
2.76703096341525 3.80220684457804 0.433385916063996
0.906723439378109 4.19733318642953 3.63304823016107
1.737841965815 1.17548431477222 3.42805928318548
4.37167928377524 0.140507964317766 3.09343042293144
3.68475403469343 3.40648815509421 4.32683781299949
3.11844423864849 2.46526760417997 2.15455706607642
2.21325421957274 5.77274604529478 6.09048326779431
2.52693316929676 4.43752094759438 2.51987808195592
3.97565662728549 4.6652773662424 0.391377827629946
2.76125219360938 3.17732089039787 0.357876890772994
4.33029411395705 2.02388426389737 1.6976483558116
4.89388987805715 0.204170979872821 3.22397933537749
3.07026459588395 3.97095155353166 4.22018106479273
2.88947534819157 0.816647088495873 4.00620740970966
3.89661839867081 1.47976415594786 4.4010996102191
4.89080779713996 2.44922669458088 3.07009098560779
3.08398695148798 4.53022317431551 4.47203896171717
4.97899613373037 2.25119090461495 1.96232388089368
3.82031692308714 7.34347633335227 -0.489712747324291
3.34746550769251 0.0652547346078682 3.21234353410282
4.06151340168028 4.48647241821037 -0.156208600923791
2.45691967217873 2.54566977982168 3.52584330872406
1.42185770041164 1.20755747654172 2.9203463337383
2.86064292079868 4.3114906418921 4.57312574437004
3.44505070799096 2.4560886274354 0.892703289839697
2.01776979882849 3.32878456212635 2.53304305384135
4.7131833182263 4.47995954906319 -0.124923015200697
1.94773173632484 6.12601881793282 2.66904064483319
1.31485533095809 5.59494340056327 2.81041468673906
2.9925987564161 2.27342086243133 2.82681702279948
3.20233596870833 1.33079427544601 5.60720939641744
3.55277173719462 0.169043762213261 3.64700323704575
3.39415415065558 5.26973943555272 0.486319396205156
2.44693544650959 3.71735307777223 1.18605945999973
5.0183900014816 6.44808300243499 6.97675637617555
2.82735773493618 5.77923601683769 4.0632999418917
2.21107435953327 4.63234812338203 1.29848700478092
2.34797444009332 1.73827235953874 4.37820945969922
2.9045530238551 4.20435464393468 3.15010990097243
1.04257032575498 2.98632492672501 4.16835018261107
0.38121097873823 1.28962728431928 2.90126945610647
5.37359242365648 4.32838011790927 5.73038860603741
3.58865929567206 0.588066254379649 3.26889283479573
2.23913806542174 0.482747537641459 2.63971996292073
3.85957652118045 1.30521970371648 3.91416092025593
4.40989444351996 6.38405955284428 0.193266479398252
3.19380305384086 2.79726177185188 1.59564883279454
3.16027637594135 3.47836738184521 0.748893894353915
0.588166115355742 4.12993078303545 3.69010845609854
3.9420060971637 2.61773407796645 0.722109816591571
3.14930149044864 4.21554351413094 5.63327498050408
3.24928892253215 0.947660928483897 3.64921889475045
2.35447037925049 3.12381026380605 2.37391308101876
4.36831529670206 6.25764287481766 0.0827057006587412
3.35808879077942 3.89854131488902 5.38838396598515
3.1701180102741 6.01863402878993 0.180436236710834
3.06287447172356 2.80859008081378 0.931784049087915
3.23362542287054 3.12906358626501 0.0250500396034106
3.6145258213657 5.48647765683032 0.0823093101803935
1.25113029930113 0.749125605874803 3.2700696653502
2.7956878424384 2.38640052255012 3.19180473189293
1.67076381979202 2.45609624298581 3.98598883926891
1.92171608052972 0.741583595186892 2.80529486480997
3.58702114899808 3.78340904710404 5.47726308004037
3.64257483148737 6.02077890776872 3.76536849073337
2.43866190394457 5.8734881971997 6.58746896829572
4.4642454062629 5.51781752893458 5.98921851099323
3.80595232466881 0.505611149415587 3.47677765275868
3.4226345211803 6.58472415405079 5.76557796514881
2.66491347453438 5.11365621106507 5.1740197326076
2.39348163908919 0.755281006918746 4.44043842557054
1.86366596626019 6.53913043784768 3.49367425236281
1.04288507465227 5.76103878236017 3.18066689265754
3.06133939371342 7.46487646221906 6.33483549674882
3.43450872347434 6.18192683008032 1.6531660462178
3.2200749594251 2.00539993027208 2.95256629064752
2.77321248461823 3.30378874963177 0.842892823977294
3.15134880109044 2.75023295183858 0.961086353053663
2.29175708221599 2.43313221187831 3.62558196241831
3.26682952192699 5.75735994359167 -0.0630278003137839
3.7360063698527 1.32788474135486 3.79709923883709
3.96724443207253 3.10491699971215 4.69412586030966
2.36429452564465 1.09598895040677 4.10659959280003
1.08926595855752 2.00012138781061 2.90123387045659
2.56197342169862 1.97012949143799 4.61936613886592
3.43614917695191 3.15419570213846 1.64637467039887
2.00276212130048 5.61925265924091 2.04198917099094
3.00771652978893 6.18564137801266 -0.104288970462521
0.35457768235216 0.743482934458719 2.34518764214125
3.94492985669525 5.10396906262694 -0.288965750962211
2.98681403971676 4.83887826885274 4.55732130135253
3.88708587444527 4.39079376391748 1.67728043090557
5.43205870500903 2.67545002457333 6.65081414492444
2.39108475434516 4.85247167653291 2.33676340098504
2.83549609499811 6.62838300476118 -0.302700170231468
3.47794323953157 4.9539000286026 1.54058391109117
2.26272770600314 1.868190905435 4.30338384536725
2.9730513601831 0.207820535776976 3.6105692718876
2.0622648693111 2.09622319255537 3.95205152103347
3.31607659555062 4.77733449295945 5.16909008834712
2.15666935443547 1.12293938488583 3.01880752102289
3.79025647642534 5.56053202957308 0.63659229614591
1.94462997912091 1.90925217199494 4.07897954504962
4.176887148311 2.24274018671032 0.385244120941072
1.82423831755591 4.95557471188916 1.12087123427945
3.14250946304892 4.46819750449129 5.33308520632246
1.88699508333646 4.7230575222904 1.49286879195021
3.9474272810048 0.524299315534933 4.33080748211117
4.15258995870742 5.6387161860377 6.3302207174948
4.06496702625398 5.05640485007066 0.0882509883437351
4.14016389255526 3.97360264214077 3.7541419080268
1.90331852356592 5.8745333894928 1.63503946548974
4.02130832447592 1.47832355026139 3.95746372111404
3.27551993248619 4.30060757972884 6.11570721189316
2.21828714191961 3.14566130974381 3.38944835327206
3.83232155322493 6.69566455836428 5.96645454190876
4.22039346125768 2.68565251507249 1.07406773976511
2.90699606035453 3.85514997988018 1.38302862942901
2.06505748454435 3.21643851244985 2.96894589216436
3.97001203833983 3.57228877949562 6.19726716515936
3.49711219312573 4.5653891501247 4.66969036019342
2.72079313574829 1.93271081481729 3.74136088727636
2.30098151604748 1.13733719170101 4.79606140944087
3.70070509571348 1.54201751962152 4.57605026334332
3.43670806279583 2.84642267052518 -0.913648305141144
4.20968764359235 5.19673632942625 4.9405620754347
4.65273185521097 5.32499832056488 6.04134137663214
2.80567629857636 5.30053331647369 5.59885892648002
1.43252197728819 2.59321633374568 3.49289893449764
4.74167935437849 3.71934741141949 0.580068580533414
2.37071578947004 0.214766232002662 2.51026092379977
2.67925017689789 6.05778517759638 5.71915119093656
4.29157585809116 0.861940444428953 4.43802224635144
2.90607095177856 6.31716078381524 0.542285425883892
3.03944992171705 0.672983335455237 3.01837757937639
2.3982403724492 3.22525285037416 1.91240161557653
5.01656320998203 1.92511323293513 1.41003070309761
2.84731581669765 6.41000801636652 0.205265031131162
1.62211297937317 1.241505469671 2.81863630070902
2.62958671888677 2.07628593422515 4.33621251733709
5.09012888059678 1.93228989970273 0.0495496728519211
2.88106651889252 4.22286301295232 3.58669008061824
3.1130054241137 0.160859764008078 4.0922258174338
1.10251357199852 5.0192027126369 4.54773144395798
3.761569726082 2.08297943200973 1.89732825781901
4.18053263618318 3.44076810117263 6.07463709075605
3.03781952777828 5.44894089892951 3.27823791005538
1.38380266312756 4.63669108128126 4.78699737575982
2.51481311017839 5.17563157257687 6.60844935116813
3.07511334015838 7.33062847308062 5.64881728909302
2.71216990080859 1.11248681585651 3.77359920438482
2.38874839451963 3.99141969471097 0.6370607404957
2.93246693316772 1.6873407834895 5.08682730092946
2.51541822054396 2.48680006162026 3.28893415930584
2.84415540669063 6.62422871269632 -0.0818898223129742
2.38997055798191 1.75299828529198 5.34678683658376
2.46229735175211 3.24590565419619 0.312325105192274
1.80088350177834 5.582612391695 1.44744675198589
2.86295507587753 6.09426049950324 0.181774896166297
1.68282495685923 1.35942484929759 3.61856902664211
2.38568197811454 5.70558928452721 6.02744241969532
2.71444231631862 0.543107587236772 3.40773824578916
4.14782187493541 0.116676330192228 3.0988630471705
2.96723885935251 6.58297120812842 -0.495797133017928
2.2924191660671 6.63402075763293 5.75512055005416
3.95090608812894 6.96217744568897 -0.68033310765614
4.78381474445584 3.37892947411242 4.96284484731196
3.66471300247458 6.62216358138065 6.67948748794505
3.68277115368989 6.38576442088196 5.9005207275053
4.20422109846401 1.34407665242561 4.67712359165083
2.38798461088973 6.92641779969469 3.94242389752025
1.57709154000051 5.40175582190216 1.49200928959487
4.8419533066901 0.759889351090687 2.96345801144542
2.15597199650012 6.03724176357113 5.23105934674355
3.84355588196193 7.33883069730072 1.19154833853752
3.95234887016423 4.55127142957754 0.242785377305373
2.00579285839069 2.02628645418618 4.72885752818245
3.63737238053207 1.42917087971835 4.22651042784079
3.04188879703591 0.159707948329311 2.87281747438303
3.48999841949987 7.28408204494953 5.59199736795268
3.20071744127479 4.3521436715267 5.52329506584013
1.09043122287818 3.38646505877049 4.16683082980632
4.30886560688362 5.02425117361586 2.68743419448705
3.32393505553428 3.70672862512152 4.24614181046062
5.55632551216639 1.49255524054723 1.24910127972522
4.41341622601344 2.97775253749024 4.81995090705247
3.94205128787722 3.46935257563658 5.78746500415782
3.0019426401849 4.12277380648051 4.54685775572885
3.71307671893751 6.02011915718093 5.48484678224516
3.2269345230302 6.17476526579575 0.702559830795808
3.87330837881592 1.18219152836709 3.65916137959313
2.88976641655697 6.48352024869051 -0.0681299743601444
3.05272812006238 0.600687572630791 3.39801092140557
3.01302528554546 5.08296826772248 5.29706951254092
3.91107653894106 2.09882497125873 1.61209518308553
1.43805303870945 7.21689951450616 1.05327538819197
1.59120532442565 2.37318358019012 4.0006088582927
4.26846864714388 1.76950120621245 0.95431303908149
3.52828588192869 5.09760319376939 0.153817711035051
2.09494949611806 7.41210917761174 5.4658030643736
4.2268069713014 4.15589744926128 1.13388441841137
2.30651309087056 4.79170076939311 1.17309267796475
2.95069873721985 1.61965288858447 4.6575599063669
3.37356483897616 6.27281961303409 1.98454509386348
1.21452007563823 2.17098973339394 3.11630232359925
3.00385192985483 2.53104837968783 1.40846640684624
2.96428833056069 6.63185184485304 0.261390882742686
2.20912935613075 0.87878778370628 3.72288651642711
4.22562035009577 1.84819798693655 2.02354735413482
2.98982885288049 3.44814448145007 0.664455664784739
3.67315986769493 1.99986728937793 2.80513077248768
2.02911409342896 1.47512784724625 3.28567575583754
2.19523068159565 6.66408172856538 6.39395861164328
1.45215921875472 0.896246239540642 3.51350844714246
2.80772963750496 1.67664187853702 3.93922998407622
1.71103440471094 4.98122540980924 0.265388577412251
1.72222203860028 7.20482202936336 4.43087770824786
4.80439035996643 0.398824602163718 2.36777220718661
2.98080542664711 2.06130779007025 4.0227776631471
2.43305167002086 7.44395859365054 -0.790037898944576
2.21018345749442 6.90828467171818 5.37688671195784
3.73231830710134 4.47789998520688 2.59801115067579
2.44030579438792 3.83379001061637 1.40710234811507
1.66879755744122 3.16890536274536 3.85168659584551
4.17876445023232 7.12841331876658 -0.361428745291058
2.23410741064045 5.21942607739523 2.64556960825893
1.96956567192725 4.40385473740727 1.01618594303333
2.77877030367593 0.950679428869948 3.37137211137889
3.76440573170666 6.34400036366492 7.20700402042631
3.43640966810815 2.16367048400792 2.04554639525502
1.60549292479613 7.11512967054193 1.68571124159739
2.65320541333343 3.9193001657565 0.966458643105802
2.79754283523853 1.86676634725102 4.48058706646617
2.92710722908866 0.445197400243424 2.43306800547963
2.31490845424616 5.63465833951405 5.99766833592481
0.289967839397877 2.63062169582995 3.819800554362
0.864955761123411 1.55522106111477 2.92606807623501
2.83153705651066 6.08608897136935 1.07624969861649
1.85615105920797 4.60119038666029 1.25702479476535
3.00876362535305 6.79124094719285 0.12636601296986
2.92375835988332 1.30667600327912 3.87360008750799
1.25724440829317 6.72072566128664 0.771291855539647
3.21652181946054 6.27394675926601 0.0580889023430212
2.94581913903173 5.55373002899738 5.06717355394937
4.39143094796487 6.04372130992246 3.03949711684254
3.11644459107839 2.75715836898207 0.634481067099736
4.27682991879781 0.38268260342076 3.22751342853473
3.15616543655628 6.40403873665245 0.649364439577577
4.26219628353074 6.0120625057544 6.07663516381487
1.98643450278753 1.356172370793 3.6917164234752
1.53932332125518 5.89057503116136 1.6822326555319
4.26435228065036 4.129726501627 0.336173002745118
3.82836635759546 0.48627090782698 2.93600797207932
0.280439841132861 2.3289610526804 3.68725521187661
2.37906420304078 2.87514577916831 3.00085529476204
2.11886194920961 3.89765979344038 0.503036719699424
3.32900882011512 4.83126139164933 3.90320180443964
4.15953398578476 1.36596897306683 4.0546444230893
4.32972667292268 6.78460569088629 0.264045214742116
4.23862180513694 2.88662035180634 3.47107964065143
4.14672422724515 6.84920852960039 0.506958297516755
2.03162293351511 4.97640073973995 0.58166342188068
2.75525085625336 6.88324237898034 0.640503603613253
2.95397454933556 4.38994644407065 5.55446483027907
1.63631247775404 4.84988514276349 1.43417191634059
3.37900204668789 3.62883196190011 3.94076410573178
2.97641836685938 1.48110508328235 3.5284153208863
3.76312820635713 2.74709976417952 0.456255857144858
1.25604201897895 5.26544120743852 3.75892386351948
2.88317640018032 1.83375064151324 5.05692266376924
2.88017480160924 4.37632682979377 5.14850212104205
3.3345357818488 1.68444436209555 4.69416266684804
3.85425539615847 2.29992027548421 0.717853233677037
2.08125901199848 0.449947185882883 2.96421132914006
3.24056868000408 4.52317414872064 6.32650601424239
3.13691186821167 1.73234744114642 5.47785035027218
2.35295330772856 5.32849505791024 4.40444931823971
4.93431047240971 6.02688690409832 -0.775652412899607
5.74071755058848 1.99938727779021 1.35087109170146
3.53801093781873 0.329170183525627 3.28103782330774
3.35356821933625 6.74358708199436 6.19744497391644
3.19251876219387 2.42243627564834 2.14077516460514
4.92243815141422 2.34847941391739 2.65070402574709
3.71613120899845 1.00973025962826 3.3417267772137
4.00991999444915 1.25133816587876 4.05633812958807
3.39747786975045 7.24692238527496 5.17989620610989
4.15664103282388 6.17472719234186 5.25502625781787
3.17817773130751 0.298772162702082 3.14055220885428
2.8863068686545 1.83058341478595 3.8713939191348
1.36609261508758 3.84055569354336 4.76068448552934
2.50925888308643 2.85149815976212 2.54296724379042
4.75882059900074 4.82576236754313 5.81887189977605
3.78007181195902 4.78009451647703 0.835181860410842
2.24987350817525 7.11083314279573 4.96256641153609
2.32107460250629 7.1108709643523 2.85739650085856
2.40427932660776 5.39328966873629 4.74034541999071
2.2117502334718 6.63445008421619 5.89163333563151
4.47871692004805 2.0888976660336 0.0515364437778612
4.69042620760195 3.16755330139065 6.22961236837873
3.55279293693703 3.5159390915119 4.33782746537364
3.19851854234582 3.7343042666621 2.98191875511826
2.07338486696828 3.88795130182312 1.15588706447226
3.75430583256898 0.723537820235726 2.1279832841427
1.16623321796509 4.57508900274526 4.09837882675177
2.78521858711951 0.502853238597781 3.36332712124109
2.43482250180023 4.10743346720801 0.58580367641362
2.30736246005339 3.66649278623019 0.619733849989162
4.59133400890989 2.27856068244568 1.67946458752914
3.06206247288264 4.50801002362821 5.11244294875622
2.0952571197167 3.31141390982353 3.267644482889
2.88678162714068 4.91234112031389 5.58295488114076
3.71298223997161 1.67887126948429 4.04199672137871
4.69939840994053 4.81047480337827 5.69178839316885
3.39540936042383 2.1667465048715 2.57439762396273
3.29611331460078 1.40892237104767 4.3443714825328
3.06034358007326 0.744642239778762 3.82534139879507
2.43272534844216 1.05090659361782 4.27213519495317
2.83511770042353 0.0549157540170624 3.52599230036296
3.02120711028958 3.38880558106504 0.405371544719684
3.80783282482876 3.96645436064804 5.82277713878392
2.72273059905342 2.64153037284298 3.14207637157065
1.94503328649153 5.1307098783264 0.0328411697443601
2.99815170826029 6.55721733116756 0.979997693329976
3.62916950491368 4.21610543413248 5.18549454777752
3.05886382375458 1.89163294346046 4.88841429659802
1.56975580156906 0.920570845956671 3.52835201341688
3.58036656380149 5.32637298810434 0.409475633564435
3.24846418042005 1.45991556167978 5.4078023870009
4.06295330651186 2.0110638645928 1.02248998191132
2.60737488640326 4.01594032682807 1.06740206869709
3.36772789653537 3.8653746698472 6.21889978362954
4.71383783657266 3.61491534476111 1.32314890150691
3.01638975458421 6.81442204194594 0.965664652343016
2.61634645252447 6.62896317951915 1.94986479269251
2.98598526072849 2.02118364438379 4.13782385836854
5.05126060803043 0.0396855025041267 3.26657565994032
2.77300044017715 4.71091714607921 5.44530951667958
2.43135733788458 3.23147020468617 0.989278540001084
2.85351393419004 4.94491681031457 5.41991328650977
3.70528581262069 5.48156525796162 0.517544302528798
3.3879059393927 0.359346027234497 3.16194028594683
3.52476039804074 0.584308445830719 3.75673724180683
3.74381334729529 3.64377687066349 5.7244058584494
2.36680075908255 6.33365100128132 5.85410259312568
3.22424864072202 5.66871338130418 0.15882646273671
4.58248873297856 5.22845454079365 5.79102964830795
2.7846870057234 5.37709812836876 5.07956948696021
4.53642634350899 7.40341987919873 5.61569444076994
1.76030288215498 3.74218260739874 3.87970424425805
5.62156607320147 1.40958128849077 1.01177618136612
5.44818696659997 6.65830187160013 1.92006403925904
2.6367884740917 6.02611301638792 5.57267687797533
3.49158186365391 0.00749253795791915 2.22220901285601
3.91270893882548 4.32482992537829 1.55163406214747
3.53065793575528 7.27659102289695 5.33113795119797
3.12032847699683 4.95886798337021 6.37312579395854
3.82464986975095 3.44117179212665 6.28743576086993
2.04503891073664 5.92763570514661 3.74955106603324
1.74404464049723 5.5090016789404 0.841925877661566
4.32970989634708 4.41036566884305 -0.305127577611942
2.18538816975412 6.59431091687851 5.44640727496427
2.33404543602164 5.60859180769811 6.41335575444068
0.912215344705935 2.07408133822805 3.77929330530249
1.3689684053661 4.71701784329888 3.43730853214284
2.34024407824865 4.55530272634987 1.46358826777003
2.78313470204687 0.639907945735382 3.57706189561583
3.16477340621451 3.52860777392217 0.71475661683184
3.00414825604423 6.09188905195632 0.167063884270298
3.75997183088282 1.55095002316244 3.66760198429768
3.68410125382611 3.98265087358949 6.56600292679341
1.1146252615773 7.36121564958168 1.50129296539924
3.65489812891816 7.48583336020651 0.329497249178824
3.09368300267995 1.27140069388207 3.95106467462073
1.09300733333745 3.05732209635396 3.8653960353298
2.10366895466965 0.522712998025143 2.85855440265825
2.35920608797151 5.91490230477012 5.94860202567703
2.70821681963053 6.57500622914895 -0.279639973697719
3.41653779299704 0.148863535070706 3.31991279781239
4.47760191703299 6.51005288973736 0.0740471397536184
3.98420721806443 4.33763448945348 1.75802031267206
4.05656310143875 0.101435753404086 3.93813941966854
3.90314302097759 1.841089432953 2.59149812848947
1.71175675277046 5.09676400504214 1.46899615794615
3.62338513619657 3.63167228036359 5.60003232322553
3.35300266338433 1.5828359539762 4.38907955655853
2.34098671217061 2.61063849484186 4.8000983051075
4.56814121597954 4.53044896133037 0.00576799626497543
2.47323062736215 7.10261531189797 0.0638011594143606
4.11462032676289 5.15921463249572 0.903850218690504
0.509741445341657 2.03500292535273 2.56694475107661
1.49156278030812 2.99810680711824 4.83395637273368
4.44619349989485 1.81540176043922 0.954487184797465
4.33916172465988 2.73868074155538 2.83733300069688
2.77226257468401 1.61330093833035 4.81872612925554
2.65411456207797 5.32086746454593 5.48505711610014
3.35131864951227 4.23219719458286 5.98407485803768
3.19396823484989 1.41946107246225 5.33460221397874
0.674357633836955 1.78744800116217 3.47980322039903
2.64298765352903 0.340033322534582 2.97620636889501
1.42984393663306 4.83736057108637 3.22639547495051
3.0396389476067 2.53493659806827 1.50514094139782
3.61522505499761 6.96917882626762 6.28935563313994
1.72177544176138 6.73000224095339 2.29596503996173
2.55104007163099 6.54489136780679 3.73088334866578
3.5838268262485 6.01465639096312 3.19252922508269
2.89143251046179 2.70553971994566 1.67164794269518
2.63620410805588 0.381218315140295 2.95611612419561
2.18850713592619 3.49981338193256 1.95817252203078
2.78806712275107 0.18928136710746 2.1749873055582
3.5127587766901 7.41583507622194 5.43204740229396
3.14652990291576 0.278896708763074 3.11633644857438
1.76172343268443 0.44136669131744 2.61010278122305
3.60400390815726 1.14356156456303 4.83739018629213
3.36034877725248 3.75748826053095 5.11456570612683
1.68396292281508 6.66327474240885 0.417122918865081
1.34409261554443 1.69786194514765 3.9500978521745
3.9602102069777 2.93059887041673 1.60796244007791
1.32519328709993 4.77672392429023 3.3741914164138
2.69669160522221 4.76987069572799 5.35846596674744
3.70585415954419 1.34139960740615 4.24704941571961
4.90319022795212 0.349402785386406 4.25407430627966
3.40529783902526 4.07777026254225 6.26779469690828
2.37344254328637 5.58928779903214 5.31611282833846
2.64603676753674 3.45372303523679 -0.147082107338841
2.91184682609603 2.37182210248522 2.71630974774483
1.86285774885639 5.30339926936436 0.820354272484033
3.56799824597701 1.04734850426198 4.37792971274214
4.06356514753718 5.00782976743346 -0.118593663691595
3.19053316136937 6.67037199442048 1.82104917461267
4.00496183185149 4.38600991757348 0.852658149260947
1.14626385397046 1.48714354584304 3.00590365209775
2.6132855859108 6.11026670315598 5.56089265306085
2.38578267765693 2.11225979623397 3.95965499821342
1.84323847505539 3.36171160742999 4.67610060710414
4.49364993395324 7.07088466757982 5.35940306267189
1.25535110655681 6.54418549722321 -0.317069446929623
2.98339013789876 7.20182772269393 2.41054381212942
2.74767879011105 2.98583058294056 1.64364900992458
2.9531580191648 4.77020302586495 5.99101161777516
4.27288743331112 5.51799274672438 6.72698113494848
1.78317070402451 4.11175424316523 2.87828317491293
3.50609759226861 4.14045694842552 5.30154071864268
2.10078333537914 1.19339183157938 2.7900499632878
4.07863395482643 1.49023282640422 4.00029691726818
2.83375211308185 1.21198199682734 4.64374021502467
2.43440360398397 2.6432432733959 3.71633307137361
4.03302972898209 5.85605620783654 6.19231620430838
3.28568872165146 7.43534675956816 5.737285055249
2.20350384812093 2.45691652715398 4.89761950856704
2.06643124450063 0.513089828623762 2.52820465372258
2.35132371879404 3.21882151140465 2.45870935419853
1.35446721705526 1.79019321778834 4.57473412741309
3.00916840238953 4.04995276931522 3.02594619520023
2.18371123754375 4.6620563885595 0.765785794286926
3.10647796070815 7.26567490559671 5.22125898440285
2.41886302319845 2.44367490960899 4.15289449385174
1.83384014191739 2.73861923031098 5.04751663405362
2.83840334091228 4.73259655972532 5.15431059760085
2.18304294933513 2.28615338596752 4.4136526489087
2.83076287898906 0.212738606877209 2.6525456614698
1.42045231998177 3.93370723003649 5.68118408090427
5.74920199126476 4.84561223341167 0.328874698362657
4.09885863322575 1.54525095321905 2.36921540575441
3.62832641940379 5.46360870566108 0.147853436843627
3.92888430528898 6.47868642650028 6.09956213746101
3.71224074639583 4.95753429381891 -1.07660221998964
2.10317193662521 1.46212708512512 3.26356573220836
1.99196218674597 6.55451618675813 5.75970126528279
5.00760856324241 2.2953436628001 1.78449191420914
4.73778390766946 2.12394484602314 0.370502692719376
2.98876841798572 1.22272659291131 4.20140296086501
2.58620495939051 2.66704403952953 4.22841853967871
1.40931044308688 0.174146778299214 2.46369574547367
1.77243906160509 5.30038099803381 0.812582621603666
3.03831517420174 2.23832133093631 3.56290037801822
1.3571529368226 5.85264636324748 1.56822177517653
3.20423731339012 0.567807039407697 4.10037621870968
3.18245929623099 5.36439749210428 1.84257332541737
4.32290192616969 7.22877349587734 3.22837824868731
1.02593248685477 2.76783306316689 3.69819047924549
2.00108911026805 4.35449184399973 1.59385214953137
3.80997242409327 3.23149668392322 4.12319175588068
3.00048867344175 7.2713734428942 4.09943169253221
2.96243994197546 0.329423305699611 4.02316077102345
3.90670524826078 3.60859713917791 5.38836549947309
3.97256504408339 6.26995852601018 6.38190233191461
2.70979946740752 3.81496383435061 0.18760834003378
2.84792154001046 4.12616805800435 2.96710941671405
4.2383466146964 6.37796847946956 -0.45967688904927
3.38784334040618 0.178121723530694 3.1659434209109
5.07031956138531 6.76066887761883 6.22870659677763
3.50275085000462 4.79036263263251 3.39573158906674
2.3332235495036 3.0605625900046 2.22819028290791
0.987371173533893 6.19066493985762 4.32450111925482
1.35700104626172 1.75329391578477 3.98380053961635
3.47737971347945 4.7388818780125 3.53021810478793
3.96231893946849 1.24157930011773 5.26737170231052
4.12035683768044 3.10267838275076 5.1964961131293
2.13781460929524 2.76849135460283 3.52592194414547
2.3346335572631 2.58567502961454 3.89832113568267
4.01257395701131 1.60741123577197 3.57356086762184
2.49288159376581 5.19867011856284 5.42126873353283
3.01421079786725 6.98732880326163 0.515029584536262
1.92492835974642 6.51663426191988 4.85128223411589
4.48051815995174 2.35471704009358 1.01621312021309
1.23501781327354 6.645100721453 1.21859230175663
3.79484468193681 4.43582758721736 1.56146658207416
2.78474721788463 4.87238223451045 5.79190742969399
2.38519760305688 4.08070504120618 0.652689387796951
2.84696820429268 0.951096763053102 2.98253872819065
1.09326583167937 4.17556057427967 3.12067123692767
2.73037989254761 6.57315866330988 0.241874293926848
1.27046138922849 5.55471016785542 2.71603315846845
2.78899424877461 5.15545515178407 5.81768632042498
5.46087209690486 6.99054061305663 -0.899025344739133
3.82202269474341 2.13618182564691 0.780652300272606
3.55954374747369 2.73352922875852 0.588211945523919
4.29486626332845 2.52627831037899 1.42366202226815
0.805533934294948 5.71878553707566 3.71342584620588
3.63817075677366 5.24814202400027 0.4177459030648
2.24206721083962 6.03439265748879 5.46556284365184
3.09669825030005 3.48134094892496 1.01427599809762
3.45256311874692 5.58880749452788 0.162519252894552
3.27158663406961 6.96582834665423 5.94920880350124
3.70327232999783 0.404465160444366 3.50790415400814
0.948319362957965 6.88691307004517 3.58996695386876
4.25094874614584 2.98551438273941 5.48697887910616
3.78214743277881 5.97549225437653 5.43241053734169
2.06709883924057 5.68431915478252 1.96114327563454
1.02999151280899 2.35284444024939 3.50077340072457
4.20751713096882 6.5591874725754 1.37160040068571
2.58180495744361 1.41722437463958 4.20993017572115
1.74525767383288 1.71973960323928 3.78871148702714
3.91365476330939 6.21070305716356 5.43328569590845
4.01644341985974 3.66193583417159 5.0421348679546
1.94757065769784 6.0723724131963 2.63205147801292
3.79314013983899 4.09751947940439 5.25106153327304
4.53887878506833 3.66537712742288 3.07550483349065
2.28359107783822 6.04469948217517 5.61259200942588
5.24912371827018 3.13035590497519 3.92901845356646
2.44154672728095 5.49560550145455 5.11021902103669
2.40549016071159 1.11256165930002 3.4035657447586
1.67740513728791 3.42064321521636 3.40875363753092
3.69484615832103 1.03823288838831 3.30795421206154
3.83465799207828 2.15751273330591 0.674783282230231
2.66950295074914 7.26209911109729 0.640769643030204
2.25447797096747 2.12759819258833 4.29699374676131
5.53317008770211 1.13232762669927 4.54955860044983
2.73340907792696 4.15447411856936 1.59176288870086
2.65706483423007 4.99751789756329 4.65480813258198
3.3195630662285 0.95552190556834 4.22193187207875
3.3584720308656 2.64598954947571 1.3766661938724
3.91723697754529 4.00282576863767 5.29051442257143
2.28671948987182 0.865137529025428 3.48487945741584
4.05416793197537 0.987411701562736 4.10707784901052
3.37386142476813 1.27965170646493 4.13739739086247
3.4917342915028 2.43774300636138 1.40110411722174
3.06846541314657 3.89744831229327 3.94533786994381
2.9769031629943 6.75524286208912 0.488054846890002
1.31324040775914 1.23539273744984 2.6335598739375
3.5888054850562 6.56887160868884 5.66106421683207
1.51608314915253 0.491519814001138 3.04290548113192
3.75590235235313 7.31073364602153 -0.287938778538899
1.84009108816576 7.14805744842218 5.66089242128138
2.15271674562314 6.82274173357514 6.3309028747297
2.8473384442131 5.9287160357283 3.0069543147622
2.52607768532976 4.84713956645267 3.82542029884243
3.87342080086853 3.43151090599748 4.47149403340672
2.64610366857836 6.3045325074776 3.63666970149974
3.49745749992168 7.19981186994734 6.4692690760405
2.47402388765485 7.40575775752508 -0.623601162463173
3.0809578452944 6.31309257723608 -0.44442782599284
5.07548000645767 2.73379156273997 6.35251050781183
3.25737701651557 4.16603118005597 6.03784459436778
3.19786255692955 0.160939606168167 2.69851641236839
3.33948015696572 6.43605502433414 1.93121991085059
3.06182037220057 2.12011999010897 3.60025988126738
3.26043298286902 6.83533677302878 5.59480274199057
2.83971092738277 5.32107268488825 5.33517303644343
4.64364229619956 0.865959060136491 4.54568089980422
1.71323980641585 7.01827182539062 3.28707472223912
5.65732926475197 5.63743121672994 5.32032543712836
3.81160258077912 6.72149186574448 4.6291866911053
2.55616723238424 2.72965537160501 2.82058371767743
0.991534151718876 2.82040921058402 4.60563361327394
2.43755528152434 4.94719164383224 4.24854747291501
2.43630381979379 0.171762458349799 2.85975503116602
1.9444430167364 1.49791503421492 3.93614965573576
1.36804603538667 4.70221392346482 3.78980273168557
2.05980800943982 7.23156051249053 5.27366667778178
3.11171239081564 0.955110130489777 3.49763181210136
1.68689048047506 0.0335813629881017 2.45008777566262
2.84464809696318 4.93119431936908 5.57398584081906
3.60696450388688 3.2754710611244 3.80383259845325
2.69143769545941 4.79084889769081 5.13787964440893
2.31605224081825 1.0186939369696 3.14474111444284
4.16965651441074 5.92859097116142 6.47570048707096
4.10033136140515 2.25294987345658 1.39167253230159
3.52170870823542 3.10607203764733 1.15388555242721
4.19573834743891 6.88616053290338 0.0801651612668474
2.92415634948283 3.61080687822708 1.22345506105355
2.95657118725494 3.04270841320642 1.18193581795922
2.66601105828436 2.60205377320673 3.72890121451646
2.38437587756861 4.06827487718371 0.313145315293183
3.2597589453389 5.56596509882428 -0.182534115581116
1.74471225842228 3.14692987305098 4.83319299108997
3.45965746330937 1.15555024280353 3.68718236446491
3.3192772905757 3.80032543015826 4.85180882180545
2.93621901129314 1.22884061688058 3.76998795856558
2.64711080334668 5.18745662396011 5.43466141086259
3.45201879230225 5.74413202470973 -0.58486484728045
3.24326743601182 4.63313432509958 6.17923588184252
4.27775820244476 3.99322844795593 2.062681589734
2.30310812188872 4.81157848326828 2.21895349976268
1.69810662296051 1.0566045081755 3.65543991218179
3.72480510313143 1.77154443939515 3.83512809784126
3.14455623325592 4.32889625444668 6.14814965993361
2.27265277951408 4.50056437452856 0.84186988653599
3.54186386688929 4.87089376573004 1.46760212364316
3.60494900215462 4.38370865034688 5.36288101160595
5.14364337903148 2.44692841986191 5.6275014327496
1.7818767623801 1.43993923430052 4.3757890952706
1.58510217986599 4.04441443826643 4.49946851943194
3.68143215700303 1.06346980083782 4.81981155137388
1.62083572791866 2.95731590547674 4.3233299992567
3.40210151487602 7.49023875074952 5.62115340706279
1.51922911698886 3.41655717985844 4.57550411215861
3.24385832219852 1.74358697748815 4.66714345247132
3.66998854387806 2.85363509433374 1.19271188910197
3.18604942001585 0.326060871343396 2.81380172138467
2.42480592117362 4.96332634784603 3.71400272248067
2.60028166020864 6.95533597984372 0.4321274469278
4.77739311581674 0.631822847129712 3.29968003294026
1.38261768443652 4.94458844584858 3.20824026425336
3.37009818485063 3.68808109016413 4.88276409717181
3.38793630575656 5.79458872239979 -0.0132737911780799
2.60943146194305 3.68192461734557 0.720616212896805
4.5292186492078 3.85442760877924 1.2146356843397
3.21970026690315 5.84535056557864 0.277942724908462
3.61250881714197 6.87085038993451 6.82534692868879
3.15863153920115 4.13128030922581 5.55486713110637
0.968497768658794 6.87945046144645 3.89436569479024
2.95546355559772 2.89318631698703 0.940409078340342
3.02294095297123 0.983699756751247 3.98410463128136
2.39213688113422 1.92313822685296 4.15912772154686
4.0729017522345 7.11554730235079 0.915987548341893
4.34052401736984 1.27335885444069 3.88901183850483
4.85698063618895 4.91077948105398 5.55624862053998
2.04624978911117 4.88217023625321 0.51381860196203
3.17570110881488 2.66562006823574 0.803791973151538
4.65760366507552 7.43027933128568 5.65268612178322
4.31776712349246 7.2567942736343 3.53381978816778
3.28853261487728 2.86249472181288 1.8631313909504
3.01088763758058 0.570110541508734 2.66788733960333
4.35722166780451 7.15105248528481 2.39447821089143
3.86011790787486 6.38608785990393 5.51699894720351
3.9951412189499 1.52441407718327 4.53606124562771
2.99374943888706 3.78047044222548 2.14203035376604
3.32676412621352 3.66801006353074 4.14622798338959
3.81874511669732 0.648087544074365 2.92162181718068
2.41827102134145 5.8372457683301 5.63628290998609
3.84312090809489 3.54280745241342 5.46303399746337
4.87321590415565 3.41058706654229 3.48763830280624
2.38929890390967 5.12531001106278 3.26514435025826
1.35706760811744 1.52036557246583 3.48289434976171
3.22023753986065 2.18619994556042 2.83243940638016
1.89398832904404 3.994089384143 1.77106888139653
3.28854652086645 2.62918746760467 1.05742938670495
4.08590292926621 3.78659228752088 5.6524646395985
3.51773726322113 1.81803829570428 3.83969669017241
3.85849665791878 4.5493342700926 0.650291787593819
2.93702414544258 1.45747559476122 3.69087255628599
2.86669676636564 1.46442218812594 4.03776190101894
3.30161451125967 0.499441418077551 3.49676321020904
1.42985322686944 3.52005037576591 5.17636804035424
1.90914265439699 2.95087984029446 4.54956328063279
3.6037099030639 6.83164111834137 4.96601339578279
2.96719111368253 6.15259753500813 0.268044621313556
3.09252653686029 3.35778664349734 0.397311446743098
2.36181397436339 0.158809441553817 3.36686374920634
2.96937979761007 0.192497668298533 3.16838649622686
2.14128283536464 2.68996284411468 4.23739896965775
2.62798302886835 7.13591411341721 0.131436294949037
2.79775440894872 5.42870825410287 5.49719982156192
3.42378894581648 4.11444988487409 6.55394782199406
4.92210937593362 1.9311703853389 0.598180196500662
2.11090699866915 2.31554684912298 4.11376796235483
3.63675099136395 7.41634606329295 1.62779238566608
2.62751273178444 0.267926827614462 1.96680312610955
3.66070165304419 1.59878698370093 4.33578851987174
3.64151439119325 4.62037200632799 3.2034532873085
2.27189280478221 4.08383672258963 0.316793458379233
4.29351498972644 4.17921361824366 -0.284857370623779
5.16869087471188 2.52690521072857 5.42731345630519
3.93854254856715 2.57063501163596 0.906933558704541
3.68412632488467 1.50924308817132 3.34930423118058
2.02324500603587 5.13529073160811 1.06310334324374
0.453102682909335 1.2653446972374 2.91943166074048
3.9571214089583 3.04108016458322 4.55380182993268
4.00208355860914 3.11198005030236 4.23053016293947
3.10166483522626 1.51597656201512 5.10929873421263
2.86950761556281 7.42801683038453 1.89739999124117
4.15799248762585 6.38588123263177 2.19205381551034
1.8724594421812 3.75633865662987 1.9412630834322
3.1831875571606 4.25626133898081 5.63163226376467
1.59272966018689 0.0542960310595273 2.90119792818361
2.93349420226908 4.17354422913484 4.02174049614795
2.78168969249964 6.46121154434918 0.710587754278626
1.66469599462674 5.83625043167545 0.0550654821836423
2.01655524005155 6.24189333781607 5.22458759842733
4.71718261263323 5.66578516168088 0.809784736208834
2.90003758634578 6.43671264747413 -0.148658251995476
3.55011789499193 5.06414401883387 0.218511962026315
2.11061050864853 2.6526929497153 3.3451321954745
3.19778229078108 1.32591470478891 4.93285192788295
4.03068525723182 1.17713686210223 4.10805235805228
2.6036648094801 5.21823130655753 6.1044435313852
2.60097396977824 0.218692101103098 2.80437258621549
4.22430597005232 2.13304157261351 -0.36236540232396
3.64532701002237 4.41252910665166 5.38127558129583
2.70190466902788 3.85111266367084 0.0815909744458067
3.35995890431568 6.63137905205677 4.70565672311596
2.94942881741614 4.05774766835064 1.9065075562553
2.75496905111161 6.233399129808 1.31416378384051
2.61716623641423 1.75882805080025 5.01511893554125
2.41060603415842 3.94729684906496 0.743970800757487
2.85989584691535 6.3544298270133 0.0579945632662008
3.2947131596773 3.73231078887001 4.49214522934949
4.1066049274037 0.546897916880746 3.38070029763421
2.14445242112864 2.27072876130091 4.33413603182952
2.65138136211015 2.73524363783875 2.47220524019081
3.87536426316755 6.55898788721793 6.20017102457765
3.62627686427696 4.50375172394846 4.72901735988404
3.6605988578313 6.4651706181262 6.20141278333943
3.71952802702127 0.406956993061885 3.6236605089943
2.68013947159021 1.82855797162941 3.59662346829673
3.00878523385707 4.80742082917805 6.11603183666898
3.34767153657507 1.53218930589544 4.07213574411566
2.94002056447116 4.13057021623147 3.55261035737644
3.84751817510861 7.28089158897556 0.634129928163331
2.89714479012629 2.94365916720527 1.35360269408282
3.90736391271413 5.21138749660387 -0.0364769519658082
3.32094114606793 2.93484684440401 0.609363013940572
1.3596914488591 5.89405760275612 1.67695790029546
2.02191275258914 4.00072658118551 1.39618450220745
5.03014940965441 3.67695159183295 -0.404157790431001
2.07515510130726 0.828354925799505 3.78388563064667
1.77480339827043 6.99994470480702 4.67092421855955
2.1950423514323 5.5660058158413 4.75269713468575
4.34750467808809 6.75371699377496 -0.309488971791148
1.35436983106034 0.265302998835389 3.02708238799238
4.15950365074152 1.3679380702815 4.3552471730562
2.38714236558421 5.58478203775751 5.9830316356778
4.46832159266302 1.71923403123674 1.41191987342289
1.6241088863777 0.80972747068981 2.51220328767216
3.78246280049592 6.66568064908358 5.17973352963176
2.68793399316609 3.52257796913433 0.604012865250187
3.59545619987702 3.71133056449363 4.64209394412752
2.974108676906 3.94829175238007 2.45998791810153
2.31057944747923 1.2294381887942 3.75700936669674
1.15392283476815 5.17203714999097 4.17238529330381
4.22673825273351 2.44925921967861 0.147555629943855
3.99957802207796 6.97766355135584 0.108966139563168
2.50961671579115 7.31405053240966 0.448847749897605
3.17865936696286 7.43009060928214 6.12167628533445
4.08215187592799 4.13252168269661 3.20252983326947
1.81886268395048 6.25911358933237 2.62992292268483
2.35571395526799 4.45622105252872 1.21580315659284
4.0528789728193 4.02844248156201 4.27433806553039
2.046373708656 7.47615523520711 6.36204018443713
3.91306715483611 6.41831717688256 5.85273991232341
1.93642758349398 1.26690410573349 3.735174768464
3.14522322441455 2.79776140731943 1.08385198895057
4.42283184011746 4.8635982538111 2.698389148128
4.60278077777147 5.66132094400439 4.7828037587899
2.79111189102252 3.90230478494849 0.933174010738917
2.56223339559488 3.74333506480981 -0.208131065711058
1.11765768705419 2.65614708719047 4.02452186076085
3.48170831460218 4.03961770874371 6.14902443146971
2.28326594127226 2.84793915685032 3.82432420756987
3.63068151660201 3.54357143184478 4.97615679124396
0.67319438730346 1.85160288458925 2.91497519597669
1.75877382264562 3.84360955050115 3.56058326631695
4.63075481870762 2.94500813391627 6.37041682887903
1.43777326875802 2.86352198403505 4.36384052179159
4.60950079168381 0.264323275270808 2.82618988612341
3.33809010221687 7.14201911913662 6.30458470036569
3.37449863188007 7.09908534340153 5.57053687548312
2.54814809928199 0.653487255685984 3.00356857980756
2.36932154333254 1.99727315054913 4.0613880228427
2.31850111754742 4.59559481568357 0.338454530157544
2.83951154482322 4.82369214250364 5.8420996399446
4.06339856068446 6.82374347021113 -0.344382344229129
2.25675018786006 6.62063168602476 5.58484174981889
2.91048205845592 1.23388242025848 3.31809181260072
3.13802078011347 1.07048645796627 4.61042465359158
3.83457686009166 4.62256481474075 0.473204302578005
1.33505056946403 4.0187939094862 4.75971555664279
3.79494445703581 2.30526390962211 0.313494715973148
4.06921608587597 5.1518351743197 1.16902002862434
2.8026773222639 5.56506072730555 6.08766267755532
3.04497666508047 0.177503618783154 3.05906321394681
1.01028835490573 3.54471383615355 3.90684462755988
5.09857106421992 4.78403652776597 6.34086135494911
2.26941696793736 3.65994650064723 0.802164077179169
3.82172144343949 5.72301620561061 3.71240891551985
2.59058220700886 0.294848907965015 1.67816920549445
3.25190921573465 3.69280394367937 2.75655488509399
1.98976264532427 3.58249140825616 2.9515656628419
3.01490399127356 6.90612026183366 0.964289080083658
2.89749814080599 6.91527240821556 0.229842293726082
4.1717854967355 0.75039951696966 3.82732673473216
5.62999526472299 4.93365968217358 0.522085190448456
3.27950104608008 0.858119967902311 3.45758537979985
1.91821251898128 6.76040957563977 5.70586787566686
1.88028242662465 3.69972934768201 2.88053152588392
2.74679977163296 5.65691131099578 4.45191562107067
0.260532366463238 5.44729979829575 3.00716330332645
4.37246175937626 0.513568738615916 3.56785143105562
2.8560755507759 1.86503876642311 4.7493593783779
2.57813985687421 2.80948902998795 2.84653818201463
3.52327857595838 3.26483073491809 1.93855469751919
3.1452299849496 7.34745592993887 5.15881542776647
3.30784876656038 2.40554761401513 1.70169852446094
2.57465048206942 2.05665487750993 4.42702214825364
2.16977332347384 4.86884709134072 1.15750329274976
3.82183492041729 4.56273894496151 1.15199881151155
3.82039423189912 6.43877226158735 5.80457648664345
1.54914774671355 6.8358035397463 0.576241670939759
4.16011060622987 2.60517705352178 1.1752426445196
1.73788202390656 3.97262034997247 3.05747385306654
3.94473140156294 3.43472262673062 6.72736329833605
4.03364956678496 0.271075910364744 3.15209645066211
2.23872013786853 3.16771270381814 2.46715538221712
2.60259248601098 0.571617588677586 3.82364579277267
3.58040852139096 3.81039235236587 4.9962024572012
4.20096537408345 6.80993001520411 0.0693687585422599
1.56620893054869 3.88897926374187 3.18416950793552
1.18281952399773 5.97373266006771 2.75260732584256
0.810844731987884 4.09276725906166 4.81523109128035
3.09309347658889 6.1713069341774 0.602615204541954
3.41359671668209 3.9925944406049 5.15907762183249
2.39218953090536 0.769033113945397 3.28675817735835
2.3163489652253 7.41609111092803 1.18489662801572
4.39746875873058 5.9316668234777 4.48156960286402
2.538656833081 7.2787973114005 0.735117557664619
4.00065492636756 4.01558537263588 4.56567581579505
1.56733499496397 6.99936479094509 1.07919788211025
3.39263276039811 1.25770454336295 4.30591107813695
3.05485215936786 5.92490865176897 0.572863226896495
2.4589837290933 0.591533171183463 3.34203528914338
2.75144057737009 2.6632824879421 3.03635927065448
2.9379028494942 5.28826335066145 6.3332228332629
4.20323348750357 3.58666300595532 5.55633453659567
2.47169230670818 3.67370400708437 0.303186852985347
2.08478635951781 0.371615614909365 3.4353664719452
2.39629177460447 3.21608146185722 1.45737278476375
3.97369923591303 4.34181975141492 1.479689357911
1.92406263772855 4.7165870833403 -0.0279574923736727
3.30378183606065 1.71720021452384 4.92713972250214
3.76464742197548 1.16195671461945 5.94042884856005
3.53013491850597 4.60985324145387 3.90457098526547
2.61757959186809 4.80627217224213 5.56887496210877
2.42746168374691 6.08629030708318 6.37106255880194
3.36435782004429 2.27675127086016 2.26910419847618
3.53337943898988 6.7195640693677 5.65869242984064
2.75939567011347 2.63374633689353 1.61691192234686
5.27257330424554 3.02939910456934 5.38384102970363
3.72445308005798 5.88074511183521 4.3374773616938
4.17668075952155 1.61950591023962 3.15023518954135
3.29820247865403 3.5087304377466 1.62369058322293
2.32967674601143 1.94281855466926 3.61242400244883
2.20133855127338 5.66840152973994 4.23859413161969
4.26575070378763 5.94943653876191 7.10132414035161
4.16420751223608 3.35838813606301 6.29637308885561
4.10804212314535 5.29385006405454 4.73646718970703
3.41946902331799 4.2566857288798 5.90931032662338
2.88341397773435 7.25524608135046 0.445635363740562
4.1339553043209 5.27596689862625 4.57705435312439
3.66774322529229 6.59182918180449 5.54283832659122
4.1077453180112 1.29596081400034 4.04839648670354
2.93012783469674 5.87566746054223 2.33846425273715
3.24729612059782 7.1198492337688 6.61421868188343
2.26043653030234 5.32996854494098 3.42281308005333
2.98890499768777 0.0206338995443938 3.78524663928238
2.24452109458741 6.3244834685701 6.00183970545496
2.30995395200481 7.08522259478621 4.51760837743666
3.47881911300121 1.10293441555755 4.79649666495496
3.17948498348985 2.17624226274102 2.80459638501008
3.97316127751711 1.25332653313052 4.09604525647269
3.95605850273634 3.29048037320157 5.1358117950087
3.85484385418369 2.88771308050064 2.38722562737799
2.56394826141326 6.6330315996694 1.89153088437543
2.37987026455989 4.2232838065981 0.639910443590336
3.87507178365036 6.40567643384189 5.46416111976366
2.86297751146814 0.163464021635536 2.96261506827891
3.49593390702349 6.78997069638447 5.2270966410885
2.54969910696298 0.815200476491043 2.926244935111
1.15138915286155 3.20045311552628 3.8803633118912
1.92709509943987 3.62639536848926 2.3513406040522
1.34113047522163 6.6703692552652 0.601928787892754
0.406667281330825 1.43535346332199 4.84551841524495
2.67013014893136 5.52675003137072 5.74102136270927
4.21336439763803 1.82108569991513 1.80269837146545
4.07291493758218 2.06872624938724 0.858256173213018
3.8067711524348 0.555528589870908 3.50461422437
4.27965500797217 5.9787121930691 5.76165969204934
2.61154304034144 7.37074474055499 0.598885258323541
2.43179668834637 4.45355257236128 0.463437223660942
1.96671511825133 0.127976732515839 2.91935776522939
1.66619443296079 6.41419323015077 1.39854181987352
1.93974899551781 1.37306893465896 4.02890202090381
4.3215122227963 6.49267444220509 0.671973876258883
4.19880529318553 6.82436518650517 -0.0139594785826357
3.78563149483585 6.90003034104567 3.98041377702601
1.53537859426709 4.9909553174793 2.49263416859313
4.99556276381783 1.59154315262928 1.57392578566236
3.6488559154212 1.95167765712526 3.25338790704954
2.89993989236202 6.62547110789617 0.186423855311528
2.26365715940193 4.3211894768508 1.45860796886101
2.78110627511347 5.8516546092438 4.06910454029031
3.92703541854302 2.05141130121765 0.112248810710534
3.17446381208344 4.1802604645994 5.2674858858793
3.80011897123668 1.80573273497577 2.75364703887824
1.21270880543359 1.74118384890921 3.91595180581122
2.74315239751454 6.9710234791563 -0.617544938806866
2.99468032555474 5.3850457159344 4.84665391635469
4.54824609138459 6.31182578391051 -0.12251935701814
4.97199997622462 1.75375852148502 0.529411893683664
4.16149573502356 2.82399733289374 1.96956807405128
2.47386438922759 7.33794114365806 -0.526123489258451
2.96212779441607 3.12600162646526 0.401670543868195
3.264735928723 3.75602382095142 4.20205845697318
3.15261469443893 3.13932120905868 0.46777434008166
3.92331305726709 1.33164121041296 3.912822257154
3.15382293329023 6.80719721864693 2.78166170148301
2.69540530285065 5.41710288648069 6.19675453511862
3.2786194646483 3.52366296123478 1.7707681778708
2.22991256888472 1.50870058178192 4.00608085837361
2.35182956979646 5.88350625558603 5.39661539962886
3.96787901795797 2.98211714846837 2.41370907808386
4.76214071745967 4.94971834527345 6.64908546128256
1.98080021824348 6.28139094543275 4.53803224860118
2.85772224350443 2.30540914130233 3.41856880632786
3.62924120851463 4.75627506836279 1.12510550118538
2.75458128807858 1.86504209054853 4.65062999166625
2.69295063043204 1.19863589657965 3.96708182248199
2.48534876754063 7.11648601719887 -0.1626193942085
1.12893882135162 1.50516285833876 3.58408002032112
4.37381580137713 6.1314782203527 1.53657065859627
5.12926825616335 2.4338751654372 3.83286274958865
2.45932514890899 5.69446785713292 5.539499852815
3.29880771691492 3.16159718468354 0.764643135544835
4.06055733188684 5.33577566036908 3.60615295503364
3.19932309012429 7.26790944810977 6.00206956179706
3.27393187023639 7.04769964939189 5.9310684758148
3.03022788810472 6.61795393943862 -0.326479634021074
3.35302412566082 5.0526700543135 2.6266368367831
1.57452204594836 6.46450349947237 1.14532158051314
3.94486206374136 4.30659163392906 2.1095021472558
2.95143080606975 1.18238362274205 3.8391123999446
3.84014144023519 6.2203978077529 5.57881724446364
3.17410648448287 1.44085293712784 4.63157744468039
1.21235696796766 1.03669360078084 4.05747278922327
1.20634177649495 3.10686158159332 3.7971155033354
2.58022418244523 4.62514085171105 3.61907451963038
2.61776458049213 1.09061928114831 3.65775757631175
2.73655601396091 5.29115407729958 5.84162424740718
3.33263921244631 5.08695997723889 3.05858549885601
1.7045154422432 6.32408190610046 1.08412852418645
1.71254075921513 7.07794420649064 3.67580069396656
2.77041658104971 1.13999559159845 4.38243893526888
5.43893670020783 4.47766879771582 5.70035810430914
2.84187183006401 1.51103770905522 4.53640934947037
3.46772726129796 3.80953004572231 5.48055112826119
4.31561888889902 1.49364449537056 2.72203467675879
2.31610044530358 1.75650750566705 3.91043799298382
2.15424837566487 0.263257306818415 3.4009026233591
2.2673330116152 0.215980932009877 2.56508688036252
2.97621227775684 0.741856485923369 2.80133021723206
3.98556082652856 2.6053009698835 0.693038803516916
2.92654581732443 4.04202892350418 2.76669100392106
3.01545686095217 6.75192275345169 -0.215466420184437
1.87586489984394 0.0249197085678361 2.78963771235137
2.58822362169279 6.57256537563954 2.45148587788747
1.85791452039169 6.68067752637723 4.30232551429029
2.38878672230662 7.1508219711395 2.46809397056902
3.17467236316583 2.35360081325975 2.53980937153874
2.26989628292968 0.305220055595823 4.12854861289972
1.99837905666421 1.560969468655 3.70669965991535
1.9639263418956 7.15878114956764 5.40951473383639
3.28960500683764 1.7491951364404 4.45266812710079
3.15845943986757 1.81254796442764 4.65651525539166
1.79315081383392 5.87370482342861 0.699673926038098
3.31464908992359 3.14916993705022 0.354233266244267
1.98185734877851 3.001720798345 3.39739983109681
3.16058347782521 6.85159798540127 3.31091150864427
2.83174326330609 5.15297432644207 6.59429807250832
2.74889151077208 1.81802081019771 3.8321418011925
1.99527762817123 4.71617781201176 0.450812916016533
3.55050635503642 7.20230461344091 5.93502559673494
3.24732910201185 5.66288847126403 -0.0301880179380402
3.26283596853978 0.936548258774743 4.77133547203792
3.12881596746456 1.80946829174704 4.61197254617368
4.02197679534004 2.33123403570685 0.901120939528676
4.28871624035896 7.06376575284242 0.610115932952384
2.68221078750778 3.42537530541405 0.648398753046541
3.90409004461596 6.10515014176618 5.71782373163572
2.27786889251721 7.21036878899048 2.81530020345819
3.87355271720884 6.01834198886353 6.50632501263737
3.41750209330837 3.8822918723062 5.38897856426665
3.4820633086026 3.9348159188219 6.4763825706234
2.99854849647661 4.45024428070835 5.77126966507536
2.21019805413562 6.72319523828751 6.09608437562518
4.68539113567656 3.56352482009363 2.57592458605396
2.30091941112084 1.24120678401677 3.3357158802818
2.86132709567269 5.16832061924175 5.91255241822041
2.14168599827409 2.51887811763707 3.85047892596191
2.92157259627941 3.3891504053684 0.895792362043532
3.96251225089805 1.46878735328825 3.99578091598238
2.37189119477882 7.10989355024682 2.39363402860705
3.15149995592582 6.03773756341405 -0.578364980923355
3.53083753573345 4.65165668797036 4.2723762996219
4.29771808528373 1.44012300718972 3.90131011686215
4.05857733887641 1.93860283153381 1.98530436645655
3.06589279804749 4.98992679809531 6.09654416027341
1.1409392849234 3.74379565288681 3.93264331634374
1.33778531744787 1.46805409363855 3.270914037823
2.59297444752536 1.06838691560411 3.4433198013398
4.51277200755311 2.72563687601557 4.1380852698522
4.72727951216546 3.57555621618643 1.5139535520084
1.13879113924575 6.15707590702846 2.92621437763249
1.99467153819303 6.61500155705497 5.08909351280044
3.62179967301471 7.0547912605525 4.82180847206386
3.55827646694807 3.78784387361178 5.20953264200361
1.97396352320408 4.4239569525478 0.838655022715539
2.76884466134954 0.678579567382195 3.29841641196878
4.40909268578861 2.67997129274808 3.11069874796074
4.04975759298943 4.74138286940695 -0.207098035263341
2.40525298285785 7.45005648637921 0.139844336198718
2.82747123489415 6.59629827049196 0.686710855564179
3.16488955045768 0.790564724964259 3.34358871570417
3.33499732346527 1.29496599082676 4.17248308824735
3.18739742398514 5.99335269116638 -0.106785418372725
4.08057908049205 6.23823003177363 6.45960320458849
3.46426306267655 5.55121375512746 -0.671948290411545
3.29437006951554 5.46378211002233 0.220061886746908
2.20345052058705 3.718998240442 0.935700552043793
3.11938863845556 4.59711312875335 5.92524788194641
3.29448565091062 0.988023381045603 4.50913499792861
3.99428445179739 4.35886265294264 1.41002456059537
3.63041635086258 3.56954812471135 6.04196450969695
2.8321021402344 3.91601438729878 1.25972833839687
2.97904399631873 1.4720963772887 3.93407989516214
3.34546301900005 5.47909902114469 0.812568667022132
3.1457237915562 6.68050076991271 1.18447155116829
1.14725789203126 3.86336148258631 4.02179483799883
3.34525711713021 2.03390459514985 3.47671455937421
2.98038945312889 3.34898280365593 0.876592136645974
4.31445426519873 7.30057954774816 3.87730431103799
0.841464377577597 0.144911718582756 2.86247691390081
2.98759220922412 4.30260985661721 4.78919537670194
4.59196503741952 4.48716053030535 0.0181966558529602
4.99845992796592 3.53571268195013 0.531281778652456
3.85476613856079 0.0924071750998525 3.53730748841702
3.50150763865507 6.0368989347811 1.41269334813391
1.1553776632536 5.40910258414371 4.08265665625169
0.83802241659959 3.93244495076689 3.27411511834169
3.75256550340948 2.5257015968715 0.63798844747709
2.34192709162817 6.46161146785381 5.89059236543007
4.97029272201212 2.26979682605062 2.59176183648881
3.60494001491106 1.26896643963586 4.45711369916865
4.33746706611418 5.30845251770145 5.71874906162351
1.79690823763624 5.4902880322135 1.23921394937984
3.10611716278932 0.871571824368346 4.53289099602357
3.2815504834896 0.938223037765385 5.19815218007314
1.92393792199443 0.929301209350802 4.49549605398373
3.07419253048634 4.02488619383556 4.46085261089419
3.5327296906124 3.78851169973098 5.65502463567956
3.40254885130852 5.54290965522626 -0.117995062686282
2.762223931981 6.34808052580522 -0.0671829110020502
3.55107196887089 1.22059114183521 4.32917697497875
2.54398711803993 2.35332082281366 4.39627992345702
2.40158673554299 5.91442420958599 6.11873428217152
3.17841807561866 3.22513567926469 1.15509794724758
2.90642291826342 0.596014001538367 3.14381820090801
4.58308624134855 3.91473378801847 0.4355689449097
4.19621314267129 3.06198713150363 5.43506488139472
3.72471686734371 6.72560739106067 6.34822929756761
2.31265594050836 0.844101847838907 2.81909976077159
2.65877915081435 0.170791283680208 2.31158064041506
3.4508412378988 0.71084890251752 3.66831346400765
1.04809665026556 0.440027256164121 3.03328776177831
1.93039512470164 1.49817555749719 3.28830907633548
3.54043693452352 2.75704757165787 0.527975762116739
2.15223088298923 7.18038742511352 7.02493678466679
3.19034237863763 0.777193731852429 3.24289147202
4.56102484736969 1.77278579221558 1.98330358358148
1.28642516274681 3.06450922446964 5.02021205277749
2.24393324178643 0.75689067568786 3.46616833690105
2.47029178637591 1.74769512628107 4.31565176944483
2.73396442781088 6.12051287463324 3.083570130969
3.77824286086607 5.10120235038453 0.75976333582934
4.25720634440665 4.09041037975807 0.831965728295288
5.73868092546066 3.11987971509021 -0.0205447997994363
3.47693705836991 3.23566062732835 1.44147410779402
2.98271526572662 6.40280150501951 0.27849378816293
2.73243925653848 2.61256602170459 2.67320234934536
3.4966455342402 5.91446138817857 0.717673619702817
4.87811904078639 0.0696402171083212 3.01908720507644
2.38176238452957 3.08759747466315 2.48095864651231
1.1446358762247 6.36330402558733 2.27894125465306
2.36492305242465 3.30539901213439 1.35848472063153
2.81284849901472 5.46156283043827 5.67329088393338
2.32905996189489 5.64685415525842 5.45356841432081
4.17381438783643 4.10538117128521 1.4415656874332
2.64940935181351 6.17851880956809 4.3475590521325
4.08417510373215 3.72227591496481 6.02836881049604
2.25982652610292 1.41902442149387 3.28261798726966
3.63019531429587 7.33812094076825 1.91467567930336
3.42766865658031 2.68465848835214 0.841955543267054
3.0206253037494 0.768625017479832 2.9571368501125
3.22952144835375 3.10240853673129 0.328219989619343
2.65597372252387 6.33120985812948 3.26209857125719
2.83608127934672 1.02830021361074 4.43670632849209
4.57675310807583 0.473791823415157 3.47121024730424
3.27444657833311 5.59022451714355 -0.340699855650523
3.20271729763623 3.71212268800328 2.71066792242004
2.85952026116515 4.02541926364348 2.18310001210587
1.6883670177654 2.79474429613403 5.60300813253521
1.92419033997886 2.91480757106633 4.15966624477969
2.5792242975569 2.6043541271685 3.54205389552206
5.05241498727619 0.0474511276258909 2.11082811223959
2.74055829430505 5.68178388235613 5.79470041038139
3.06389462378957 1.0377655519864 4.33014016690912
1.881459048554 2.5606628668795 4.54080138776402
3.53325831246739 5.33228555499677 0.714681920253296
3.08626219833724 4.2238866675563 5.3669423996561
3.22050971434142 3.53311099991761 2.11721547984872
4.3040502594954 3.16330490988155 5.32359016727997
3.72480591680013 4.40424271669552 4.83663406188256
3.16194329940348 4.13928106407827 5.56730988835699
1.56369305646466 1.61551309731699 4.16908299079919
3.24289067996557 7.26597431078637 7.18567213708785
1.26133770511181 3.56624724580737 4.02225197049446
2.18717502685807 2.04301497769613 3.72352729875657
2.17208820166636 1.55108489278762 3.8006040397458
1.44098558702515 0.642966503523589 2.67802433931485
3.5134286914388 0.97919526306395 3.21962142172089
2.85332034215519 6.11501100157905 1.07016116683521
3.14175327868142 1.37076789443329 3.80223913048174
3.74187511573191 3.28953059427748 3.22237463474337
2.62538416805846 6.69296839851666 1.46497425457872
3.55795825264706 2.42617690581782 1.46377617926723
3.37733506221832 1.44719514631254 4.05189918210116
3.99770514849483 2.53503864104223 0.372215928838418
4.19008440882502 3.07727318038088 4.75562904378287
2.55308026050199 1.82579941890464 4.21239874385065
2.6364804461119 6.61302821758899 0.999419030065382
1.60815716023924 1.58397413307387 2.55337030542668
2.79700110930801 6.38396620191793 0.95652194737688
3.88854807918069 1.22284862287106 4.64746330542426
1.99747927471095 1.54806700152536 4.41778011921519
3.86955167218816 7.13265116079882 -0.191939864421286
2.96108615941561 3.7289316268645 1.88623463012573
3.52220979926964 3.4985546970346 4.29774422704943
3.00537260427582 2.52018835689458 2.49105760882786
3.37181383082447 3.41184983721701 1.98083257223253
2.98555194919489 4.58031567620919 6.16166303862154
2.51416290854021 2.70868765665394 3.22414566903827
1.77687282841568 1.36453161368612 3.69884778242701
2.09511576163089 4.28636427324505 1.00056136168016
2.46262869002025 1.56198786412963 4.12052830244551
1.56359467666318 5.20446742047771 0.658196003324685
2.56854169007563 5.66476718542776 5.76191443222745
3.26190050767374 4.10963419531789 6.46255143536952
3.33051418967303 4.35276555753539 6.47169948946539
1.63063321055521 5.34146883859331 1.2054311495159
2.787535100217 4.4803657889846 4.52800272689691
4.77846071830383 6.42936379748326 0.589892510367066
2.29216049795493 5.74587373791314 4.5228188409585
1.24556146361953 1.40539472402977 3.53633037036106
2.11281408742322 3.95770818360833 0.888859253975714
3.78979955978355 3.38864306467068 4.78004484047859
2.91651604477403 7.23411228104605 1.21579838368941
2.88654825312772 4.16646284303644 3.61475421215815
2.67476873239771 7.10935357208868 -0.334125381253229
2.96097363996737 1.8379351338677 4.256430022243
3.26428777613414 4.4164364226628 6.61989224589933
2.72463271356773 3.58981339144609 0.358501705969423
2.41841931920201 5.69664071152428 5.32968276451418
2.4045859839339 6.02793495526857 6.01879784982111
4.96265578058899 6.01060187648249 0.583542688136779
3.42670213649831 5.71378619841016 0.128801267753676
1.44181586778656 4.46944199177042 3.93274876965273
3.4165955553695 1.90915977684729 3.24944411308467
3.80213916848822 3.76311834797332 5.10277406836134
3.26349558681192 3.20335626081494 0.451017833081378
2.32990767304811 4.97792947321328 2.3357762545482
3.73297423687706 6.31734878234926 5.6900156859775
1.44010911572591 1.9638863301226 3.29030675599328
3.50047678972185 4.99653193301151 1.10790993766222
2.93353993216872 4.07643756958207 2.41009204279122
2.26858121517585 0.0469494539245474 2.38400528878817
3.23247405353132 6.13996284312478 0.373272384285565
1.35864521952492 6.83067651410727 1.33953056606834
2.76455752047685 0.0445525607806472 3.19479847835502
5.41028337011719 0.868265776231316 5.39293507139544
2.14723954245292 2.01057066279138 4.7142282432855
2.99238377490427 5.23485072111802 5.41919187786764
2.44432827560441 2.96492522912146 2.20422674538216
3.24145284208763 6.43543743224731 0.862047816018125
1.77448292073179 1.12829543447464 3.17488604401544
2.26496162757662 1.92403999822832 4.66045080313809
2.95450659633873 7.36090663664381 3.23393856401422
2.60139858907492 2.36965733032085 3.93268771349564
2.99204123310114 1.87496947878717 4.55097166418495
2.59448626624411 4.18661376886697 1.20884812994406
3.31375323009338 0.665190634585181 3.98979751488582
2.16603844720078 0.65935122932193 3.04274215028268
3.79592182242032 1.90138956162274 3.00546196456353
2.8803468513666 2.58482998421071 2.21929041337075
1.94927544621548 1.42802758183346 2.43450575802991
2.14665522318836 2.92564243071864 4.94174289458097
1.09976171337055 0.939618295012383 3.13033465735023
4.91137693165056 1.02813536054537 5.23492156202724
1.55670393970491 7.49864790496249 1.76561921959974
2.78352449111441 4.07509286294191 2.00684880038985
4.4495409097805 0.198950945397554 3.25092395148805
3.17614334799866 5.6786946362834 0.00196731559337632
2.35867949614995 0.709246995377329 3.14045736588825
4.55710892754376 1.58628242376061 3.04016156461545
0.87163366408581 1.94504378384211 3.52389352195191
2.57389174681046 2.15921599334691 4.1789468327571
4.57534853604258 6.70758389338667 -0.257091302074984
3.27854699220778 2.15488835275064 3.21841153314347
1.00089852057178 2.42499038673218 3.97011388378834
2.3366717785323 6.85326797405427 4.28375791259416
2.93360986969837 0.0916379793774276 3.11539238936631
2.74996393703398 6.08459530824602 2.84006686661846
2.46097379527387 4.51546117990623 1.15865133234627
4.40768668351687 3.53615251139865 6.49931951603645
3.02350189791669 4.80308469238982 5.7565231442352
2.45449163105062 2.59569548572787 2.93159321046352
2.5436534101314 3.69554361692511 1.32362450837385
2.1981131490267 5.9918460546515 4.61051241452433
1.73147750993154 4.27172532017207 2.42860691305833
2.58014327971235 6.96239146835407 1.03199914372507
4.64495460753275 6.61873517412523 0.643680796609822
3.31669486552601 2.67996162243004 1.44478451078838
2.38309338575062 2.16153478926699 5.14420075306112
4.25442948200565 0.714747510521656 3.58114111823768
1.77468700593421 4.79161744197217 1.61678470474383
2.14496563174483 7.06845922532734 5.47018669481877
2.81376354949514 3.96495884528548 1.42747124210235
3.07768979099726 6.62495129435157 0.720910728057797
2.24481763912956 2.41344858307865 4.64868061548287
2.33561658158195 3.88755231593243 1.83543534202958
2.63419358269012 1.65861321677007 4.43935728412786
3.92931319362626 1.98342361918033 1.81634637145328
2.80554296617215 1.98601598355507 4.97627082008028
2.01172138374847 1.2406492956624 2.64169151889391
3.29576509252225 3.92907244858828 5.32333034335818
3.34876382631017 1.31467158503223 4.35748721130492
4.30778362746334 6.80487330840131 -0.061740288755435
3.06692366029339 7.21490501308728 4.19039386907982
4.89787324276701 0.238069402424209 3.30154030098065
3.19098593233595 4.31871192839772 5.67278910914064
3.11206447456122 2.46933857491946 3.13684721132256
2.61211719778121 6.27753584760427 3.80946804154013
3.4776883436323 3.74067982744411 4.33337555885914
3.3826967141309 2.85774541647525 0.978353335836013
2.91531603114419 4.04773136401017 3.03284423495486
4.35614099402682 1.27357425012139 4.89889662580086
1.63644076982735 6.84729329073232 1.18054578848154
2.2847356873599 6.11215804158582 5.48662487152881
2.99678791648206 1.1636956859158 4.16536896993977
0.891075088949637 3.3516829805153 2.9967742527772
2.91687999743138 4.70193963296073 5.63541455050043
2.33378007106336 1.94954474434296 4.17749888040985
4.33615312119514 6.59965143407271 -0.181539003864696
3.51769475476709 6.85607501363818 5.61259578323263
2.17622715063445 5.46011338071231 2.3555371291783
3.68967645055038 7.28626383924783 1.07513035397908
3.59632214842403 2.7034624755308 1.18488170220206
3.09395710490519 1.97818679915276 3.68959333965093
2.17752964409213 1.84434723829241 4.63439165778416
3.09877967092405 0.979024177573813 4.07095968893679
2.71303869134354 6.50459420681539 0.195055056184113
1.54059123446015 5.36239495268287 0.605199593781076
2.67321963267503 1.61987944685633 4.67849139484623
3.64510077961606 2.84086346403661 0.973669405947058
2.90022523570175 1.94009865256427 4.23955516613053
1.67335559286764 0.98459538287167 3.05781558124021
0.720447100839988 3.50062807682896 3.3912781244316
1.96213196419461 5.10208702830188 1.68197018495885
2.21615504787461 1.11963416382301 3.91313197543486
2.17038793113831 1.46723223335505 3.58793252595468
3.25494984475598 6.12082388145984 0.502337183027138
2.76173227667785 1.95718272908355 3.51195922296599
2.24522896012393 0.771186991847649 4.19159549907816
3.82899227670494 1.7791185372692 3.8306793903188
1.9155485192159 0.413191881435156 2.56580083980525
3.71919849315458 0.529668203892201 3.34590974578842
2.16267322778109 0.422136052169688 4.03051228516024
3.17095607542628 4.09737310569453 4.62270222550266
2.15541751002104 5.43145220048132 2.438476679831
2.64700656383256 0.310959045780885 2.82933264420292
3.27029135329887 1.90510776642985 3.85663517225478
3.31983233832498 5.20509848741388 1.33028471690413
4.58522251669912 4.09052031418379 -0.65586437156957
3.4398471497037 0.951216829692363 4.65343686051429
2.76367157822763 1.64516759960463 3.77176167833934
3.5465879939031 1.51818526617279 3.50638101572317
3.66140576743477 6.64813330923412 5.43792309324003
2.59529908837611 2.31271606905588 3.86980148024096
3.99376378258146 0.424643147323886 3.71348227253115
2.13564381166108 0.919817074434961 3.26481649555808
3.11923153459219 2.548936433487 0.643811245257424
1.73451406822032 0.502789220294364 2.90477717683145
2.40405178316541 5.44770071254352 4.94711203948884
0.144690514615749 2.19577006574854 2.44194031033181
4.89778010986757 7.08455126523725 5.80137827773664
2.28990358125301 6.49266880209694 5.56744312801081
1.82199725499449 4.68521484422019 0.8107176212365
4.07098136177853 1.91720654217192 1.19897805542358
4.35785907536845 4.92315063729882 2.05956938922774
2.29328855965784 5.27789027238096 3.56531113414004
2.9779738688272 0.893390634969634 3.27607821064249
2.62193085339165 5.16047110250711 5.8157646122618
3.59128806740271 5.80593465251899 0.448343606177318
3.68931861747229 1.19907881993678 4.021492148096
1.59307910926422 0.684924959635326 2.95070590421473
2.50745114812811 7.00089914366532 0.730470998921142
2.66991109609061 7.23334508207542 -0.18063619101506
3.82044032620552 4.93590808390016 0.368105210404049
2.9687460840031 2.60942734409694 1.23422273580368
2.18009144028813 5.86947534323071 4.17551756377639
3.73224520460085 2.15655099711344 1.98144799845422
3.56572290090003 7.0179102570685 5.7148121853946
0.74700921337334 4.68562865332935 3.55943418858037
1.85732213930316 1.99974491025841 4.26052648382644
3.6094974633162 3.85760116720798 5.63473057914154
2.65914786115452 6.48414295939563 1.07140038876186
5.02737922173577 0.660254279468377 3.76652400769904
3.05853421657604 0.00785657774923187 3.27743152079262
3.17385872968058 0.617204989920851 3.04202833993774
2.23454212401701 3.2634010394054 2.65658127045502
2.58701817401536 3.94866663158932 0.906736933864185
3.63675067486784 5.45278679619936 0.452197930698879
3.39978043667325 1.1152681808003 4.01155964110822
3.37120450503599 5.14983899132226 1.88180540045016
2.88735709692599 0.588428706260475 3.24511404586969
3.9392287973598 4.12482838867811 4.37959552608613
2.84036132296453 0.494478313495214 2.43828740526737
3.53127399444864 6.22225663439319 5.18603173550483
3.08639733041518 1.88127736971767 3.86917502702783
3.46156223870752 1.77597840676613 3.66564456138007
1.36071313094283 4.71968907843807 2.733771261386
2.92824599529924 7.10419080006764 0.792284689414955
2.26462915031302 1.59628757966473 3.75565344100952
3.50938765913497 6.85925992551905 6.40480023895919
3.72780920844232 3.74452484243087 6.30263270086546
2.42444690691491 2.38320397579813 3.74452022036324
6.00378626074691 2.30278791124079 5.93133001264095
4.40092823698133 0.821086366498111 3.98206007241657
2.90510556660211 6.90598133834789 0.406767691131251
3.70470644639373 2.223985249185 0.657871543284012
2.8072686853627 3.5931149345361 1.26518386927171
3.64448953795826 4.56306917079748 3.8277485049011
3.63756935583663 5.91897453816699 2.5346790867239
3.037375323369 3.72036637949016 2.02922778304376
1.71946567467714 3.52499857035146 3.7102497189744
3.16246385733982 2.61893986188381 1.57963468648753
4.34406948393701 7.29650555510755 4.88270800356117
2.67792813871701 6.29181469911954 2.62526045445459
5.34657999247817 6.77475834233994 2.6658122136302
3.09256300076528 4.74905901513368 5.73197362130766
2.82229179312542 1.64991884835305 4.27602527978662
4.16267960068013 6.37734611472686 2.24636945207029
4.79009888236974 6.93898165014975 6.29400261352326
3.27556695308102 3.46509775073423 1.61166232891563
3.42998855797742 2.08521668895019 2.37419356899506
4.627842930503 1.02568999476631 4.75666820063251
4.05474111260156 3.61039387644488 5.31449193731
2.05323902789052 4.38194208502309 1.18836505904086
2.1797529916415 6.41272147161935 5.92987913918166
2.27697798433647 6.452815928721 5.66978896653701
3.81239219074083 6.88775874985315 4.68207103120065
3.73624426813745 0.939504760295161 4.3313335088699
1.38578828143563 6.45203930199686 1.00186384058818
4.74857596098521 5.85642955410354 0.454863168693771
1.86818010488649 6.45502820990371 3.57283162912091
2.44960313060606 7.35234825226732 0.314724087198329
5.74177559083345 0.110296255102105 3.3366249385835
1.83253199117163 3.83886194252172 3.10745613627527
2.4585028082846 3.49494828966436 0.496109447227028
3.25068912827499 4.93164954761011 4.89430947321599
3.63779647969997 2.28438703318046 1.49887504022882
2.81057719071787 2.76376363837949 1.94780243385711
4.33802649039329 6.18001827010274 1.8657793557054
2.60489720881142 3.43300666562418 1.20376644001341
3.73435108859306 1.4776110222865 3.31506899738025
3.28318093898943 7.26487181273016 4.91332811154919
1.63474237452899 1.8666608416437 3.56604622932212
1.92813983321201 5.07034870846998 0.706128516482354
1.52378509116826 5.70742133694944 0.402302093015615
3.83403090447213 4.62755774297453 0.600745176350326
3.06732862534933 4.28151784444417 5.98381195689361
3.12143429567255 7.00946289484272 5.12453950015914
3.08570276497535 0.28160171120638 2.80207567573369
1.71963019545382 7.33820979540381 4.69206482082065
2.39356330728808 2.96021407257925 3.16013462258593
4.567723653429 2.39003314799968 0.71773811018073
2.36118104266296 6.46242463992814 6.79859051532095
4.85880205271698 2.20692543857802 1.40634539294536
3.57355201454532 4.18984458054529 5.9190253910421
2.38877816596002 6.56951453356782 5.88416780453262
5.11747597296257 4.80078540831571 5.26369271634296
1.53286985335653 3.46933002281707 4.28840775492727
2.129198911279 6.74097324168186 5.92649298472516
0.891538710222977 3.58767998214873 4.13337776927445
3.40752493907352 1.19972859493881 4.02659841589698
2.06087332029168 1.5504766995882 4.59244122430613
2.41945986928576 6.1783604992357 5.64168355918524
2.10308421200169 0.930690516482985 2.9059535170518
2.03305169618971 0.533193865849482 1.93879443516988
1.6185676102506 5.43248383551852 1.70772381195953
2.16746504489654 0.0155126115307125 2.7188557411707
3.57713130833771 2.53201042697511 0.217668599485216
2.51672008023705 4.26162964804349 1.25345498295062
2.96277537309576 6.20106559925085 1.31931398125887
3.96422470876399 5.81984951335196 5.35624362333976
5.16396878999302 3.71726475230606 0.409918842671733
4.08396547132746 3.28132503190351 5.82973926657699
2.01152399390414 3.30117864356245 3.38230548473811
4.66624385588377 2.88396102497169 5.75383937441116
4.36769824159073 1.40771843952736 4.47871254386978
0.0408004807201694 7.46712842653465 3.5147523576816
2.70580798467646 4.37769397388549 2.98183460202757
2.95358246389803 1.07440216707794 3.68755089691757
3.37782470351636 4.1901725202981 6.1496779460471
2.9524354552352 1.65506994376409 4.1133202174043
2.64362011072189 6.09448985046605 5.38894159654488
1.92882681151438 7.23304075515952 5.55851462789458
4.47248509883976 3.88064716698808 -0.148297248030777
3.60828542347151 1.27528993783936 4.62356143250266
3.80125710399008 5.61410770526928 2.30765762712291
4.65202367837573 0.443900510151668 4.18007564431701
3.54698064755264 1.62685771435888 4.01867294408544
0.971771828529648 4.96787506502988 4.40991615621215
2.7335845442427 1.21038719089421 3.73938147289495
3.58526444873151 5.29597408732435 0.912832593307936
1.74958981575215 2.04405781809089 4.24023937426458
1.68351509655027 4.52724034540568 2.57827544491167
3.0737287139446 6.83695938108659 1.15693933059658
3.2947328755031 3.89819352592837 4.83991136059955
2.03669435533713 5.85867183241048 3.14532249117852
4.33683083619329 6.27193964650256 0.800281043748028
3.38666438812324 2.61360863326411 1.32557010981431
0.780861580713375 6.58200388977774 4.63866030237082
2.2182619056564 5.51503292448824 3.66344202531402
3.73047300010547 1.91518312209001 3.00998619517094
2.0190164878562 2.96266967897489 4.74865902740044
3.55092175802018 3.19019373543974 1.59234708203203
1.81631141937796 2.74591099725524 3.90666835542134
2.93516078631588 0.532930186271098 2.748347856566
2.71500085360661 5.19609848285144 5.39497235649209
2.48335627421843 4.30058448774077 0.630430561672941
2.0365282375644 1.80113421294113 4.54530396484056
2.29272754404892 6.34651153748903 5.11020406943316
2.1203020414044 5.3075299470367 2.24034938174871
4.41255041748445 2.43253626658432 1.15474015533991
2.34242960034174 1.307427819026 3.72413336496084
1.61943558647359 2.51630056325152 4.89575905652183
3.88488768895844 7.35551791575813 -0.453231302595288
3.76952686347662 3.67514723703237 5.89556854978322
3.35147507371522 4.42079885852562 5.36256332415948
2.94451074340618 1.49319120307761 3.87293391356262
3.01581296609918 4.7804348627776 5.48189265296108
4.45464934567076 3.23853944942249 5.20099682688192
2.76875532682471 3.61733018330771 0.63798626169916
1.38903401175361 2.95529204924923 3.89820485817127
3.41581553771219 3.70709785780354 4.44070212963012
2.04852455679102 4.23665335719431 2.15415745343534
4.51200738409035 6.23113119543989 0.269277910922525
3.79720422279412 2.35885981245695 0.446093615383781
3.34076579745625 5.92063243719316 -0.219384148615263
1.45560996822367 1.40817257987689 2.89343554618054
2.79215897997847 6.62710628216729 1.12775391798416
1.5347777613075 2.22517434945704 3.63645471720818
1.31797198055195 5.67672703356921 2.07822258268551
3.59099024651953 3.66289138584573 5.302066120674
2.34132253444852 6.86264288697345 4.7963936778223
2.80823501428466 6.57364352195831 -0.17649104735451
3.24614734490265 2.36273738494138 2.91739936061131
0.900598539481528 1.55048215856841 3.57128695436551
2.29268118367955 5.309508438774 3.38597960190941
1.6703498664904 3.5401910364993 4.67368771864772
3.32071496071054 2.8927364988314 0.562791140391047
3.81546889016397 1.70316512823823 2.80614088542497
2.41552882975726 4.70345209266258 1.64867702161901
2.23835896784897 6.08751957605765 5.21371252023579
2.95879145940917 5.65488353076318 3.41079733059599
3.08713809891695 1.81251288477085 4.22939429358321
2.93013981256792 4.27017344077586 4.65801763982621
3.66474142040163 4.30310003917763 4.96995898341461
2.20233153170525 1.9407916803515 4.57801434541177
1.74242185255979 0.0233628023842991 2.74005589251362
1.84795751291279 6.34711045749765 2.6695329576522
3.00527817210761 2.62984169159623 0.96956488448498
2.51241972502287 6.31256074421222 5.32844345534304
4.30195640398382 1.24589658467103 4.65440501691994
4.48608143800684 4.08338676666784 0.154166178369075
2.28460666997333 1.26980530556573 3.78214421669398
1.67752643086002 6.11482852465615 0.953570324706038
1.99719588470117 5.89073390588868 2.56950989756468
2.8121730818044 6.50097081705231 -0.142408660552944
1.64853122129478 2.04650115318114 4.19312780737559
5.76317787570491 1.56289130505935 1.02782502276315
3.92718864000286 1.46884202451813 4.37478871972745
2.95764427149057 0.307524773375066 3.85306471083378
2.8492093614481 1.79009820223832 4.80893948779296
2.90337767576204 4.82248703649925 5.64883921534849
3.10023064506423 5.70072366474921 0.52648237596013
3.2927171487325 4.64092681430312 6.06859996554798
3.55198222386601 1.088017152936 3.95619934420415
3.23821884124989 4.68893738801578 5.87918770953287
2.20777858969986 6.03823491752914 4.91107496023211
5.28580294912169 1.28844562102949 2.42033411791961
4.13821798712255 3.49262393464741 5.73467932182656
2.33043262649527 0.29281602091805 3.21400863357086
2.7046537622426 5.03932788874643 5.71520279583876
2.45422241965708 3.53256548416231 1.25293180478031
3.58012077367594 7.11054393755805 6.04180484814116
3.27230749136594 3.06623660271938 -0.0452822710939838
3.59418298172942 0.698891715790928 3.26889929448957
3.92711509851835 5.50984754264742 2.61017033314988
3.7595364876614 4.5222284666065 1.01372082187743
2.41846844269845 4.93298315215535 3.59153381885674
2.94028264825983 5.33106985049381 5.70168604475567
1.61094308550684 4.52465589525744 3.0715453899316
3.26400344306477 0.558583369703319 2.87011910251721
2.70444916022784 4.50009939168387 4.64273312240643
3.11136051832731 6.21760437418475 -0.307536965568762
1.25157978808948 1.15274342239132 2.94021127181216
2.00032373770445 5.98768274733853 3.32091148457437
2.83461275199909 3.69040706832306 1.18899437919562
2.03624732410516 5.17693372604945 0.616128927340528
4.0932957522407 7.30098221143835 -0.0971472064414807
3.68108298803978 3.94315532844421 5.18518171015899
2.84820608654681 7.22973571743927 0.77388742506915
2.33678996557305 2.32631236939745 4.50862506881148
2.8083759303028 4.88041373517387 5.55804427100161
3.58771833799654 2.5426267506383 0.977438787012016
1.55579212005002 5.73988152268253 0.941447511210511
2.61825043941184 4.89961466840434 4.93396987600318
2.69168252516789 0.433568745837102 3.27238924111025
4.01142580188288 0.743765265472663 4.30479183460673
2.1919620411371 4.80003056840943 0.802394176497088
2.83636132178181 2.2257296374591 4.08449840694089
1.52838716263286 5.42896735898961 1.49893989942424
3.00994753458436 7.13662791401494 2.38007669687046
5.67310960900799 6.40108693647528 1.03385662421458
2.00609464946052 1.69264404327944 3.56063929538321
4.26679276733007 5.55994100473655 6.64710707511397
2.57999840326203 7.27439758624786 -0.118744630262471
2.83864017324773 6.38201117861469 0.537786282920112
4.80123597283175 2.59128630471041 4.189426601839
2.87937787653225 1.63019795049004 4.48330092477775
2.76716419335716 3.3803309941395 0.694081696933896
2.72716924467207 6.22420582411055 2.36092062902487
5.51432711028487 7.31701196341354 0.113294136827401
4.42296632803618 4.47961786555095 -0.818468238744214
5.27666902340847 0.436874894320961 3.74140220839886
1.27484044616323 4.93836066117968 4.14014082684833
4.42226378471976 6.0124635654063 2.00615899127282
3.21992325943778 7.17940482326967 6.12240897191412
3.22859478594587 4.54951525133368 6.20221447601403
4.08201706502319 0.734182576725063 3.3774699373207
4.08587230235923 1.72915641065937 3.00828051280127
3.97393779648797 6.56788463363033 4.33306411410613
4.06497701558248 3.43390414160434 5.41979671186505
2.46681131412331 0.828928736370887 3.22029341479978
0.472985500400583 5.39182260763064 3.41605795516629
2.60542393073511 0.0766534321236794 2.76420842396202
3.78624479174004 3.45941181124028 5.42860505730079
4.92075505675536 7.41624624131056 1.79512281333408
4.51056207509128 4.25071161754144 -0.194227927053281
2.02115765495108 5.38788114645489 0.58177292949642
3.70975923079471 4.84445756451566 0.395038233349066
1.64930139829758 1.97716457055875 4.56746385108712
4.30159067085056 1.58486833859907 3.94210335182301
3.57404505225819 6.3250385627949 6.04894185336094
2.77726295268045 4.40965996623327 4.06403326714208
1.5149109251145 6.19850571608508 1.15470129856541
2.25327819848813 7.3771475400538 3.58890544825971
4.10158626002312 1.58620992934668 3.67778586734596
4.24385118999273 3.44442209771331 5.50003145830354
2.41168952487293 5.62342564840048 4.98649048093221
3.36140180600637 2.02012354949564 2.57237841604075
2.05700073967283 2.05722372760603 4.21876681142694
2.69959128506548 4.79488675009601 4.88370383225157
3.76044868050431 4.39969915856875 4.01045834715408
2.21173271538297 2.21995972357063 4.2716534792102
3.52824179511953 1.842968301998 3.20795611112196
3.53197008577172 0.169869038255886 2.62655379251151
1.85198593579657 6.72177089901058 4.09930283542336
4.35544675367762 4.72548527843685 0.048210516083207
4.5062574942294 5.87085665390037 3.71237938992399
3.65782762007754 0.8992264146708 3.12621407294421
5.45562887412506 5.7767826749591 4.07830845593329
0.498914894707926 2.70426499081073 2.81596424971546
4.30159371323581 6.6093178146814 0.423154964397736
2.51524952141027 2.51288578895136 2.56056791574148
2.42113193073308 1.11692978219466 3.28719381419117
2.71505051720077 3.23231007563621 1.36328498574695
4.77019249900976 5.31100847232369 5.34277929406097
2.22211197201375 4.53386665139395 0.514767670991375
3.7579377992451 1.22829819160947 4.51333446581519
3.34968428631855 7.42709057792178 6.7498772515201
2.39805471034884 0.854333899936019 2.9081282317861
2.696388328876 0.567268261256552 3.01502955708866
3.65448588467087 4.62720821967643 3.07116134591231
3.0859119940909 2.07564064898951 2.89368145395665
1.86006502683306 7.23722668281138 6.68756123300522
3.74708401761043 4.76163498654805 0.461883909742424
3.7077216338979 1.94772638239182 1.99514836250745
3.37441943936095 0.846449293375957 3.93734563633819
4.15719372438237 4.83916128198271 0.230068537697164
4.77382388759176 2.8088998662253 5.14378540822293
2.57557671676793 0.737999705426546 2.78809231301338
4.66432698581661 2.57327321860362 2.61757683715561
0.910063681611035 3.9230995764116 5.22341068394417
2.08930447378957 7.31238994813681 6.4136060201918
4.32240104681006 2.31533311851519 0.442919162316071
4.01305482123041 3.66250527698044 6.61915121270088
3.64893081278659 1.06683940525767 4.44412135008698
3.78341311028756 1.28011071988654 4.14726153936638
3.15093891227192 0.401312292981729 2.69950611686362
4.14427171524005 3.40768657569116 4.39007711441454
2.91304214493617 3.53883709740372 -0.254002641384472
3.82036294100672 4.38889021654387 3.23677060976661
1.62040271296931 0.594288924585078 3.75879979961453
3.38558852992777 5.69305055634053 -0.416097777270013
3.48799032137791 3.30717129666561 1.62684025563371
3.79809548370965 0.17116218548786 2.43868982056616
1.80042162115954 6.24549235930577 1.52804833556296
2.10417045034275 2.66200335699584 4.52820768492013
1.33131828509859 2.49972746169752 3.77306974034818
3.00038920557121 5.916578026875 0.574607092458805
1.9620141523834 4.97814389044577 -0.140479859864574
3.20478238450825 3.57607241628472 2.83889353577179
4.44200871687717 1.44519473384251 4.06452795215542
3.36234503830687 7.34377065205111 6.10539276835001
3.3872287414421 4.09180112873902 4.80037445789426
3.60297845533643 0.250532426660175 3.99898718673548
3.51777110111357 3.80161030232532 5.67094814909673
2.10025262432505 2.19385121036022 4.94927226091381
3.56480266782237 7.06051106003315 6.16750104911164
3.29691740347176 5.25399041656987 1.47488530360712
1.74237647452478 7.31161416423152 5.27255563605281
1.85991753248417 1.89603214679112 2.99945336665717
3.3753367247266 6.32549063170434 1.9166897698624
0.901251670977928 3.15292024081017 4.70410095889537
3.01225742984234 5.82490725563859 1.29404904022622
3.8594351910261 5.31497099076669 0.0599131639838375
2.79709604045157 4.96340607346343 5.39209399499919
2.04768629018324 3.57495391181834 2.98591466056553
3.08617335826561 0.0587756355389102 2.87194892885646
4.14923994714897 7.13153222872177 -0.168654609373388
2.38263716482571 4.60686943895849 1.05214889582705
2.98529717523541 3.57543856308072 1.19418253840278
3.80866878985834 0.121422806922772 1.96054237934238
2.42764130222222 4.00460672760373 1.10140766639808
5.07916740898253 3.93932455980523 1.03745389032853
3.20082817472006 1.77844974458588 4.43406199245852
3.07650699071715 1.60299790856154 4.56406247636915
1.61903212868017 5.30910151900232 1.31424896904658
3.95198496615347 0.911716047678472 3.63114449556686
3.11506027872242 4.71198281397693 5.89251041593636
3.17118094580114 6.06554493241472 -0.0817910276611398
0.674247666213602 3.59672117587192 4.52533837535219
4.92682114818385 1.47830250606741 2.9294183427456
3.54634101416918 1.82396617292735 3.97434322517608
2.25272686112508 6.60962152201455 5.64746483968276
1.74343312814665 6.12109905171298 1.11828163481336
1.66385647016575 6.93075483205255 1.13942567072736
5.32661330944152 7.4993949545338 -0.00653038164662735
3.53962760763945 5.68648743967556 -0.189752168332887
3.54169433864165 5.92502463316731 0.466115328300596
2.96563912041607 6.49417762943533 -0.16504509362932
2.42968065134976 4.26235035813008 0.959696113891817
2.90004223403486 7.48957806843916 2.77846487553902
1.78339113258273 4.78561855277329 2.25653292539099
3.43060290003927 4.88007502729654 3.32651051918293
3.05801946945071 2.6627711790872 1.16300518997907
4.92766464635931 3.25444435519115 4.98413190944891
4.19175186057826 2.13091273084633 1.90266221568854
2.62207865263708 7.33865850358985 -0.421450841990277
2.62569535174456 5.69065982663352 5.8480747269714
4.02018020233843 6.0123456842554 6.02241472823275
3.6979964725558 2.5850794569941 0.224291005608663
2.32680455655521 1.50046056057473 3.44038876379598
3.60123369005699 5.30617848246292 -0.194007546000883
3.23467958078228 3.63770952530675 1.95643343347222
2.04070318007266 4.82394315845931 1.00597271243345
1.01117102370689 1.34196410945939 3.43201175310533
3.01092697734466 7.14643242241791 2.97375175373094
2.38504203661823 2.6879993863909 3.57834540207764
3.2247394665022 6.10110789436603 -0.0555775153628005
2.11834233537553 5.83975968491071 5.26684295444664
3.35693612748954 0.681298867949886 3.59512723720391
3.06743041799453 6.71704097120546 0.404159829488071
4.22104461562138 0.26151116362916 3.0634561680664
2.6881619198767 4.324743884237 2.54832330500642
4.3807861189273 6.2391253743963 0.400216414041448
3.74019506123028 0.606991184880545 3.55541849477783
2.5686361624191 5.21404800383096 5.39802427785412
1.38255721922471 5.60711548478901 1.2157142946618
3.29627870304286 6.07180381831341 0.298584527923851
3.35217222384224 4.05840275269401 5.97127049479397
3.06590022956154 6.4268154013621 0.640580045084358
3.08121392310949 5.1691563259946 5.52264036208475
2.80116293923322 7.35901738681761 0.43251839488759
2.05568561669638 1.12115114279203 3.6054404989809
3.31277060278047 2.44932903106028 1.91260198340676
1.72779136885582 0.660652334871707 2.18074220982054
1.36164247191443 0.8985576824807 3.84181953706019
3.97900950907798 7.42904690383537 0.59080733920996
3.4816222514281 5.2032190779009 1.81152024733813
4.1083863081355 3.28443076663037 4.16546445955107
4.05137107437781 3.12141072452479 5.23554306776886
2.53983725079168 5.36330102675327 4.99367447215425
2.53733036173442 4.09837323826491 0.114442257857247
2.57200539346893 5.53731774457792 5.80310927863411
4.00567020869584 6.27937998842865 6.05944945607629
3.4194232670517 5.83251418013577 -0.370080755372873
3.21426592342506 0.111086549402416 3.64474159963692
2.15635808600916 4.93316949752056 0.269589134615799
3.36009388574547 0.688046194572446 2.79593407140252
2.61120586801566 2.74721435546866 2.57154416605228
2.09057472580502 6.94438213963264 5.89244089816299
2.80050750672424 6.20661186421147 1.37335401342793
2.5978641263115 1.917503726915 4.68706782934224
3.67623215841281 6.74185240584276 6.07720934649336
3.87756349013706 4.34676879378913 2.20290645169219
2.37725335925698 4.68134789887784 1.31332630704248
4.43175289378569 7.38145395625671 6.79766359853968
3.48003366023259 4.2999481237771 5.71634428745798
4.48884593861557 4.62869193204867 0.472754760690725
1.6507033741752 4.59944092393745 2.44994700486187
2.21002790017763 5.39442097707027 2.50748973624653
1.68735875498906 2.34391339231232 4.04812730239116
4.38028294766249 5.91442298540278 5.12797442118986
3.05298016919988 6.99599484294374 2.19978589927156
3.21637153518761 2.03135379749601 3.88040666625485
4.08299365840546 3.70350428055021 5.29772194609213
4.01307588489794 4.48809396879457 0.0456748913909154
1.83570816500983 3.59654945694337 3.87432657844831
2.11570519225341 2.06557039454471 5.10192410060795
2.89562811114612 3.22525828126656 1.73311003773908
3.1354642083013 7.02690693445484 4.57925564695772
2.09311850246054 5.86312377400761 4.54179984404626
2.88418217091258 1.75572162327193 4.24869563577814
0.517420440565918 3.54882878359227 3.87751012448607
2.7411592237068 6.39948620880243 0.783278901631378
3.47512713932083 3.08650653841933 0.193472956221781
3.03579601823701 2.99092999730234 0.292413997249467
2.07579740428069 5.96246172580978 3.95094831936701
0.960507764348132 4.71934737153663 4.82345690022943
2.62458335692588 7.03840822274347 -0.825775445578483
2.44388647627459 7.22206263127135 0.472972983171252
4.34405364560165 4.57817822250966 0.255035043568598
5.46996934162425 5.81883983662343 6.06585882616976
1.84788379804317 3.39208854383671 4.09864152535398
3.79920746893299 7.14749145591738 1.02140046578807
1.82321462597344 1.83240235178314 4.20682149600074
3.97247685440993 4.29270521825713 2.58707599091603
3.42403658925742 5.08820773191039 1.14655936539561
3.04853011632691 1.34898919653101 4.44763659944347
2.86883924300251 4.36833340441055 4.01013433186081
2.05608399963954 2.30924527590271 5.18791680124505
2.0780167531904 4.64982694279699 1.25081691240292
2.6622315511112 7.0719812118412 0.0476878224580525
4.49624641362085 2.78770316188472 4.48150052155159
4.04154902670284 5.41289054006131 4.15870641207458
4.54139642147292 3.99158067040803 0.742467318089321
3.53976518906513 7.14021010732513 5.02146628317786
4.31814114368925 4.02022165347885 0.998522735008766
3.36812041870747 2.54422041510794 1.42532751401058
1.31563239113961 2.40954255459415 3.41769279942319
0.835295736147303 5.42951210631495 4.81545548613283
4.28019053088902 5.82550300120484 5.70682248869197
1.8919340385084 1.01682114757532 3.40763262754907
3.04845939228997 7.16260730378085 4.75925536492078
2.52477928720281 5.78003413889357 6.38727168685322
3.69655748657722 3.92496829440495 6.5086958612998
3.10443650914022 7.05576889107768 4.92163850826055
3.46317743136475 4.49479292630449 5.11672559401957
3.43284284226214 1.67098265387517 4.18124679618303
1.70096341308005 6.89686623043732 2.1857948759052
4.15702207489337 2.71923355987122 1.63583504926948
2.9778260229101 0.373836494657207 3.50077094213179
2.40945481708441 3.08170548336217 2.28053665928839
2.09458520241632 6.92592268337652 5.03390208043143
2.52399378742951 5.85563755502766 4.75696940911504
2.29132458690451 0.79210884945586 3.10296076334718
1.07096245315564 6.43157054451549 2.87996684978884
4.14631687950552 4.19165826634413 1.61916159933222
4.56150627606329 4.97099052401599 6.47429381651359
3.94551664341537 3.08803403011552 4.20538309299184
1.42397066539291 4.85574120423658 3.33746812334173
2.440204970339 5.34856555052052 4.98085144348538
2.28935336856152 5.48997830867836 4.40497696711614
4.29526665336773 6.66416587750417 -0.434193094103463
1.3768264252633 3.53681310430856 4.20028023894162
1.97389616488196 4.66166612835391 0.978006896478053
1.32011980649051 2.81682244531866 4.26555758242071
1.31558868561119 1.15411346282351 2.0055161099079
3.707738856158 0.633392882305454 3.03602285096531
1.83331220832438 6.59544435061345 3.01564719978941
1.41418374275212 5.70649452150859 2.24235436031837
1.61913463993779 6.4603236374025 0.835887441758055
2.0596011734791 2.80806242495798 3.26718276273397
1.96817780666001 4.87509631247889 0.415399242529765
4.31062258313962 7.31171291184926 4.34361452793463
1.26980768559406 5.90412926721662 2.52708679506088
2.90745606940716 2.60456384942524 2.1178156232674
2.50182864215237 3.26477527423968 1.54505442043959
4.58592751268746 1.43238998716549 2.27982809338297
3.69753281803551 4.87844381368759 0.196014587467978
1.74364563222764 2.53062120761714 3.85690796049952
1.47719049001346 5.0505458543471 2.13071703397874
3.90453453472762 4.02281424045223 3.33318842023464
2.41753546446732 0.85636315063263 2.26588159228576
2.84272300912663 0.594828946605062 3.05726991386345
3.07297174229863 0.772654672807024 3.96966068953027
1.8233681668586 5.60637484014354 0.720583398643858
3.0668340494493 3.64625601293914 1.83967241651399
1.59048589114595 3.22537719626457 3.7295865520999
3.65991310665061 6.29867495227369 5.80380842913618
2.23740258972935 5.59002567907645 4.82721793911072
3.7253198261243 1.2180933580246 4.39638982891975
3.6792508498289 0.895572719976109 3.44977013846985
3.77930430157509 6.59116966140863 6.20097092338267
3.01158804945755 4.76675719038754 5.99413047543076
3.90331341600908 5.76092559852634 5.79402583447762
2.80613060119161 0.130842949818871 3.51002038653239
4.37426036489592 3.60245657502984 5.40752191167529
2.15652086643076 4.61460185245979 0.76215804890477
3.64974872377008 1.78708141770926 2.61996877271354
2.36267105969285 3.57297685912691 1.0556507830364
3.43728970244654 4.49609861447327 5.4181960783546
2.91839061264159 1.37878128736374 3.32449185924927
3.4840137504463 4.72005182769644 4.07303187075993
1.88779276372553 2.46263625746366 4.25547887171768
1.85925959330248 5.12549442740953 0.605634257262566
3.21628676394528 4.27050391396257 5.69840541927678
2.79748708653642 4.08493341579924 1.91129433168903
2.84242679391722 1.63106251720902 3.76186606226429
3.59791612383037 3.98208685953367 5.70454502178756
3.31084380292432 1.73212484847951 5.1750535985459
4.25336758711532 6.44297265126686 -0.675712961546758
3.85881824039588 2.24305825413756 1.02895156721779
3.97578457503616 7.12816590915692 0.680649607934479
3.17648202430592 5.24740934729314 3.45949847351664
2.52494085087591 1.38948976074448 4.58330783761213
3.68517150662604 2.38163423834875 0.874406872279759
2.72565937173632 4.5465692987971 3.74764216484071
2.37599433259392 6.67857996373382 5.31616351390146
3.42763102960529 2.03752093952856 3.11853550976887
2.69287861634124 6.23973748718674 3.17169149485636
1.28890258300335 2.68453790279568 3.91327464298779
3.86009500921264 1.0183545028568 4.8124817479899
4.36886700404325 5.72229176893436 6.10001004168187
2.37397280361431 7.3384569633769 0.750057011212093
4.04168877828542 3.08437370446319 4.43855395173987
2.73297802168879 6.73173265826755 -0.375586642143251
3.6449404025349 5.6299880072171 0.529509742466095
2.22023958026978 1.45722294975786 3.35741050064598
2.3127959492143 4.11605797525589 0.117006973230265
4.51295874245323 0.591548747227844 4.01277189594646
4.00528066001971 0.423097436794118 3.35564012226457
0.51396082367813 2.62645335019508 4.25545847120451
2.50856609467502 4.37395347757709 0.620926453895748
4.53800069225497 2.9991558277811 5.89695459849034
1.70173459044399 3.58738649222885 3.89049426509978
2.79801911039787 3.76796425016714 1.59637639517253
3.10752915849664 6.48214979152924 -0.42315961248445
2.11068029453933 2.33714320299615 4.6208251859274
4.11490611589422 1.80496893098046 2.11011221423863
0.724418719445699 4.20853420996769 4.12396347068774
4.24096128087548 5.16193363201666 3.21404550187256
0.415758402272947 5.84679296453847 3.48265492684718
3.04586713223006 0.420871118142768 3.1178891421153
4.26421773006277 5.67898908365037 5.62885687819632
2.41648735466234 7.13961228796667 1.22970115496976
3.43603216655823 7.03196370304689 6.32159417569519
2.84093469115423 3.55370104368026 1.86285328234872
4.09309654053634 3.77965144775053 5.37948904433443
1.33777882676811 3.56259784689274 3.42070945865689
5.26012655190061 0.898621588165037 4.42977989825869
5.22657630634371 6.91655244583354 2.9892861138217
2.46180965723284 2.06614289896514 5.24151933527722
3.79844602653406 6.9898586046704 3.10054333246333
3.25242449835832 0.459684335550287 3.57376401400784
3.23233000334376 3.12520318554726 0.51575062162612
3.27046705798648 0.00864782537130004 1.72330827829965
1.31743188724209 6.29100583027059 0.973947891847207
4.61116430983924 0.34356627976203 3.92097271006165
3.51550684237287 4.52518713168355 4.78023412395548
1.93568140153852 0.585897195142566 2.98384587131966
3.85666225744074 2.61448793589131 1.11599938000457
2.88749787141072 2.48918948864634 2.57628889555144
4.58376157368241 5.85502024149139 0.560832725466885
1.61608177357955 6.74130926001088 2.29717428436035
2.88275761006852 6.58744048940948 1.81565189355942
2.74946338278411 2.67194391312268 2.59813863850701
2.94915089659623 5.68089200485672 3.93575100091494
0.919324644005186 0.174949856037233 2.87240209040705
4.50854329039607 4.69542654162731 0.711096819971745
3.67510357009287 3.64995856607162 4.14536960850644
2.25650224640638 0.676164988368433 3.21106999841378
2.50423048905111 2.80990743081778 2.06774356526233
4.00272579353911 5.1980287796057 1.14428333975917
1.89898349244033 4.22888364070362 0.622494399540409
1.80211922524001 0.615511185017368 3.20466533683374
3.99110824080681 0.365667346102206 3.52698498951615
5.57175534568298 4.89392135758239 0.703693872152594
2.82349782317698 0.292084681719452 3.13631992459466
2.95519946026952 2.25973991013626 3.2302281679388
1.77981345542352 1.03629073805892 3.29935625872614
2.95252887284312 4.43759401555327 4.82041891110696
2.39772671242827 0.330465325591957 3.20528058150651
3.42608397982555 4.29924881619362 5.69530116693659
3.1458404581487 7.47223582779092 7.04285491719239
0.720562723844036 0.953160647686925 3.38488374008123
3.0597520983104 4.00315578394171 5.24737723273284
3.18615907009497 4.63067506615346 5.24767821556008
1.46324620178721 6.14882465445181 0.126569314988173
4.87345314610118 5.73313429697274 0.131345211608076
3.58218975886645 5.69161640778188 0.740611808393152
4.09893806581508 5.03602785238951 -0.26222632080261
1.61051085546683 5.32146625962215 1.59786685551171
1.91861600941191 6.90058454541178 5.60058307883478
1.38157390362774 5.29674183008466 2.244730949264
3.8925105393462 6.8142739889726 2.11669441366312
5.04690267742953 0.384698616421357 3.86607918159818
5.06610014052337 6.03284789256274 -0.378654129225994
3.06398315427179 2.561349877309 0.654215223827737
1.16766702526543 5.30353060054529 3.41779884259132
3.57732651354002 6.39338047510188 5.74120962800215
3.55577244851867 1.31916802546857 3.84319572603379
3.6238195682988 7.18208355963908 5.71977003381364
1.36193806618451 6.69240413042108 0.884480483059345
2.74947466201008 2.69220117799874 2.78656812678924
3.20976914366067 2.59208002545946 1.95714645985039
2.58367900020577 7.42179743665549 0.0545885049059209
2.29530341060318 3.01037827007591 2.57788198506731
3.3769443537164 5.76543128860714 -0.0408806047464576
4.22026830931683 4.20495921417723 1.12639330418952
2.34077876547035 4.89121590364022 1.89488408974173
3.19367241451767 0.785833803971205 3.35317895281271
3.04129792606289 6.88403726401197 0.937525094929029
3.18646015221537 5.7704685722896 -0.102393704433317
6.0003472332649 3.10664067039361 0.539087297717053
2.70662291455542 4.24654315345569 2.54550446773366
2.28042137813835 2.33622252044313 3.74947771881219
2.68872373546657 2.15998257613665 3.62871837871182
2.220619121876 2.30247349161937 4.26150940364468
3.50856075626754 4.06879654768544 6.79520798258926
2.60066019803152 5.76021252553585 5.47142379428111
1.61754758071054 2.27436963271379 3.98176467671518
2.79425631480467 2.3200560724757 3.79657938124562
2.71663710786768 2.91268101815808 2.1122568489027
2.98246593513927 3.81802303138148 1.83479725582323
3.91490589862683 1.08167259868047 4.10986402353124
2.10778336719629 0.48420147794305 2.59187800241461
2.36480558510939 4.19662271822455 0.776348961480432
3.22283496022129 5.45774110861841 0.50217810016922
4.10629986336765 0.173660916277826 2.70445573935014
1.84136930548983 6.72418208784772 4.8044763172515
3.63222972356539 1.34670744045498 3.89211344632555
2.87169402639167 6.76775438579457 0.101628084132339
1.63177678446117 1.15330049079438 3.17264588151768
3.02631768445573 6.1443297886753 0.445289622556767
1.45843954579097 4.50904185948571 4.45892619831714
2.65740317312619 1.07990965939184 3.5691688447226
3.33189125096935 4.49159258942737 5.81818761908089
3.3993268307896 3.26521898508899 0.264714796547649
3.05306927801547 3.46594989912057 1.11277874364651
2.93633322157305 7.05442452695503 -0.228342180883303
4.25100585835594 1.43402675902128 4.16997452038856
2.454276967123 3.78013616019489 0.90549900370181
3.40806204997047 5.20184156554592 0.649567696385764
3.83699787740365 0.630955230123364 3.6710530471962
3.23435031837657 1.01534944712566 4.6108616050898
3.14860967404964 0.337125032108157 3.98180295772259
2.05904174662737 0.446830558275666 3.97449760123326
5.47962649861801 1.56780608954591 1.45856654212967
3.42900905115396 3.32320602404913 2.17786544804029
3.74883916604576 6.94611112005652 5.40803977297249
3.06792578128489 5.51366584287359 2.84076426636124
3.55422995606067 0.449642359131633 2.43745547815961
3.06751015310061 3.34929387586158 1.1546439354861
1.77705441919285 7.42615413142547 6.39313554781835
3.91885007516114 3.05083138059617 3.20623515424191
2.07719146301819 6.31930558343474 5.02167909216375
3.06278015616949 3.23973709669079 0.297074004585621
3.25025614353335 0.745704067901588 3.66820930731662
3.12795762401329 4.21814314248814 5.78024727794305
1.73993897402299 1.62396121463731 2.79625494863821
2.38229890050147 7.0463040644728 3.00223474291791
2.72310427293212 5.14180251469241 5.38682453629984
4.14282783073263 6.5262210130934 0.243378654946662
3.06931525352831 5.53038704783911 2.22141757187527
0.798937574512131 1.3379208829735 3.29581813669821
2.2146861993344 3.1295009701585 3.57295096818653
4.71423642930527 1.7545223822049 1.70985444685758
2.14061787346369 6.6807134290097 5.38007437867098
3.50774486338975 5.51065683797779 -0.864845554908446
4.85033520206138 2.86944454623378 6.44675444416285
3.62695043045725 1.23119925794093 3.75165408831008
2.3286585665355 2.56471953764286 3.78961517521633
3.75995644247757 1.00251722670173 3.40917467187732
2.29840498331842 6.90701270689761 4.69570019686866
2.38501954294169 0.550434614066321 1.86994166852492
4.26075437560691 2.29078127778024 0.834489473590962
2.51216614390375 4.476825847096 1.45933664416271
1.20451507151336 2.20665173290159 3.37974533401393
3.72787233676184 7.31658507203933 0.187941419266054
0.9815383471758 6.72298590744811 2.92002620466431
2.28418755791938 1.38070071235595 3.66074533653258
3.77464077442388 0.618102605669682 3.73398639375077
2.8275210575101 4.99328099724116 6.18140700148514
3.06825808319384 6.92461416267785 1.02653626848442
1.44229667955217 1.60167282230867 3.53209002549927
4.37708324256652 1.39201181063997 5.21329181479866
3.47459512333483 5.176782072151 1.14534030472599
3.6802788869533 7.15524278811459 3.66405088926724
3.06025061255911 5.54976540767956 2.80867310624245
3.09062442761809 3.0890990027632 0.13754758507662
3.57100763942959 5.61987801486424 0.99213561916298
4.07967537725689 5.79919519327511 5.3296446988692
3.53142791960984 7.26653086133345 5.85415099780943
2.81084689132059 4.25095273176338 2.65736431888542
0.783439499602612 2.1082453834876 3.34776712987399
2.53604035334777 5.74498686266687 4.92683212826316
2.95262030066419 0.815865406077412 3.79148151951455
1.91418621362156 6.50811838071082 4.69063409265737
2.84567318398798 4.28538686857827 3.29288207829368
1.00488403251954 4.45355407114087 4.68071519487902
3.84328900482706 0.288192356471836 3.6089128250942
0.385231302076505 6.18180105512171 3.8916068857909
4.12349299324892 5.13698418356205 1.31339443331121
2.68657856762685 4.93975576518659 5.25997628915453
2.51377443837121 2.85480186189412 2.16646037754222
3.12245494953146 5.74118673758703 0.460862320256249
2.95265224636443 4.36385673479528 4.33253481525659
3.85964565774728 0.138327540255956 2.17889526762651
4.03119328455099 6.71270647089991 0.151156110994754
4.75096145064251 1.21187012508742 4.43660523066205
2.43946064507536 2.43885624427363 3.70225113848279
3.13934197302577 2.63947438697314 0.843689441580719
3.8001045120129 1.39954712492632 3.79033952373476
3.26680974382753 5.82076440079451 0.119192674889503
4.30349650884076 2.5724529063264 0.296720932944557
0.471840800132324 4.23350616309059 3.27556651727896
3.14375714022641 3.50475764555031 1.31313708570557
2.79142374413977 1.76570025856783 5.21871363123595
3.19491042881667 3.79952331539891 4.11580124412277
3.69249318556229 7.43210963722905 0.430543470066527
4.46719197382839 1.72086575799395 1.63019261096904
2.87777416088088 6.66673066427415 -0.218316892504243
3.1877547946101 1.42509137453328 4.06653365821939
3.60865481188331 4.09878121192809 4.92072212879852
1.41952788517496 5.33607562212837 3.05183749211586
2.23045740935128 0.478095140419019 2.53173721671574
4.22076715706627 1.15772809602255 4.5993150704558
4.40897705389031 3.81116055015815 2.84257015809378
3.37262480044462 6.15145480584255 -0.0513426523335734
4.54718878885195 2.32104561107256 1.53687430598566
2.92907701774751 4.42381053914141 5.5806785924698
3.46686253456491 5.33961078001263 0.440543788971454
1.00645409531884 2.76631520244942 3.4989714536192
2.84681511785961 6.43643107003276 -0.00200019437981153
2.51299321702803 3.00577706497618 2.24462482596931
2.59499092623785 2.00799219085165 4.21136819209171
4.23574229948647 3.06798716472942 5.86290733266626
4.32602363318869 2.87651771026865 4.39033433853086
2.27642507771969 7.35207671098054 2.72446612054303
2.23494000295926 7.25931819746113 4.95215439313433
1.81071129841018 0.338747006335202 2.21926332527016
3.37048865169042 7.22697385831503 6.25160475690624
2.97879993301446 0.913282989574771 2.54714780599174
3.8569728449017 3.3979461116072 5.50644757710899
2.26274493140499 2.9753115787254 3.42877164542701
4.53132765278104 4.37195863675451 0.0142125616155876
4.18972195528552 6.79351217660621 -1.03914535271762
2.31134001880265 5.79515678706836 5.79279467302831
3.15244304672272 2.39389673964817 2.31470722239161
3.38162651556341 1.65565929787634 4.14213712934374
2.60218444245497 4.05083255625045 0.290011770113257
1.46267866911071 0.311011356353507 3.13731812543422
3.36312912829112 6.44453928286145 2.7580551343474
0.682942076015188 0.998018492364224 2.21506656918095
2.49322571955212 4.29610930876137 0.645453107535476
2.6492308977547 6.74008285151212 0.788908272913448
0.51434880549816 1.37751618382243 2.80457426100601
2.85660712486033 1.18190431796661 3.98284659063128
3.67803108208346 5.3792801005719 -0.112468353033416
3.52651701730342 5.72248072150503 -0.101070708798982
3.47239720707322 6.20975846954749 2.74916837404173
2.61854088694632 6.47810990844337 1.91907076448528
3.0186227945304 1.11450755873531 5.0391855486557
2.76863581134726 2.63866763730391 2.62127561254442
3.451184413676 5.04069430641937 1.34963518778744
2.84971204209524 0.773555119221332 3.3564266487135
4.20136257160778 1.47824275455254 4.78233939628033
2.98244086757484 1.10879348102642 4.6859474247779
2.81310611700927 3.62597658156389 0.999850514617519
4.28441498108764 0.795197272847086 4.42639958489812
3.76577829300664 0.682067599992192 4.24467995144699
1.43300311515239 3.0886185744401 3.86558081073815
2.96662362712741 6.35924087078286 0.212120020184379
2.34523221491278 1.48259220166862 4.04817582473914
3.50819430571064 0.313452875143372 2.36155109149732
0.365897540231719 5.60074869087855 2.97971300670062
2.3397155480176 7.06126549352642 4.31415278780485
2.56902126928937 2.72339265700171 2.97567906578905
2.3586458739083 6.85569189335763 5.51567521713443
3.78584164765068 2.86668654295776 1.26533310660127
2.49561180512459 6.64555485717577 2.92824226010606
2.42203397585064 4.68235204653242 1.53570594899894
4.92516088036728 4.54299447699164 5.23225156792665
1.90274126923502 2.72353287427121 3.90497146614935
2.56103682388857 3.42477454736643 0.910750114313802
1.7570443580653 0.205673266249973 2.7604731977329
3.53791649379571 5.07534298066058 0.770539075691597
4.22092409509108 0.465072556223876 3.25564188211834
3.69070755424665 5.50923251987778 0.405903197022028
0.26886482861251 7.26096677799873 3.31488051893771
3.20298553121678 6.11205301092686 0.191349526443298
2.86878773828211 0.356154552337059 3.14176265257944
3.99477175139006 5.23297668327632 0.823103577413558
4.8189083434028 0.733091952374506 4.24400690840639
3.66484869019908 6.89623575860417 5.71674756694015
2.58048248855275 4.34602220847533 1.55405752617902
2.66511305431451 2.39158034105922 2.56134548075716
1.40773058055346 6.96557667833112 -0.373356480362629
2.36780842420069 1.58039068375188 4.53549717831403
2.05989015812228 0.271082041297761 2.81063336221289
2.31487687882741 5.36524119666812 4.07358703642387
1.83287982908226 1.82208082400404 3.76531666825956
2.54541753251398 3.0326807648068 1.46482833922769
4.04215641667842 3.18311525764302 5.7238595583039
3.15953913048142 2.32893001917144 1.77172736783273
2.88516380920643 7.11287971298756 0.674017197468606
3.18125335980336 4.25391245578571 5.87645436722449
3.29435512414875 2.95241140831089 1.1348539687218
2.54534732624971 0.430811423632241 3.17649313483686
2.37742970850058 4.50378478853854 0.51138055182098
2.6196727982702 6.04416373506644 6.0564034250599
3.6443393244053 6.74215158738769 7.84059193197009
3.86746924721504 6.51460792401742 6.22354916566493
1.52966244920429 6.16035198692449 0.319693540660343
3.14687873883629 6.15702294125496 0.323846454173998
0.878608607209682 6.86820687889273 4.08078685239866
3.59449471166807 1.97573580724919 1.74010132783053
2.192155445011 3.01900940941189 3.88309817510447
2.67001754391565 7.10633643999748 -0.306769069893819
1.28088475336861 1.03688508377791 3.27410256988514
2.46317353833405 2.38717412357701 3.69631880358973
2.68561513990145 2.7397045772341 2.866364409334
2.35131814820735 1.31792182856405 2.66834059259079
3.18286236891097 1.27120145163319 4.89466608197086
2.15600323418205 7.05810818243919 6.15504603443569
4.29660728372286 6.87008260011187 -0.884760841649303
3.292219204937 4.87159363491893 5.55480223019305
4.4054530885517 0.296963133402969 3.16571860199385
2.42638990883361 2.63403040734812 3.20873938645384
3.31364662678291 3.1404455657958 0.846141266537881
3.11827730078558 3.3829797076338 0.526667923381703
3.12987796307912 5.8270300118004 -0.0271835794060752
2.83873920446421 5.56059348114464 5.04645114164608
0.999164885443372 1.43063717322079 3.7035076802697
1.98454399992219 5.70941429551102 1.24794167614636
2.84036135064108 7.07946076646811 0.385538935125349
2.84513396434293 5.01827603746344 5.6041452517588
1.61029361306196 6.29057366330489 1.09793432630849
4.07434699753818 4.28183675267606 1.06384935995819
2.10423516518089 6.13337871994777 5.38369864287181
1.77149746331289 7.04497902369999 3.33509010502298
3.71434226206735 0.510171791060031 3.54390783866052
2.96216559751886 3.73123046440721 0.718821207288078
4.18863709284028 1.48578055939875 4.07062730063733
1.41869510611918 5.51119950783534 1.28837277729219
2.72979581907388 6.08098879752263 3.95265736031633
2.38570366123186 5.38524472677062 4.80403487415661
3.14337408575737 6.61628859540091 -0.0691947191208198
3.34078901808962 5.03850555596744 2.2133609653957
2.8358224888879 3.91478356190627 0.951479163146936
2.04204180037746 2.32780322565158 3.71538053249954
1.36528433398915 6.11855007500021 0.409876262291539
3.13006362805932 1.18133116507707 4.29527189034232
3.62380137962414 3.89902396895156 5.89668786687353
3.40728819975739 5.54143345067608 0.779390326117397
3.42477114691229 1.57519961476969 4.05746456917031
3.16757341115584 3.98410373139473 4.25041375337742
2.36992153873618 1.47641896495376 4.38436505674657
1.75228474534492 2.98344758058498 4.29653185404241
2.61364970693754 1.7376281072006 3.85351465052982
2.44787530812557 2.04696087167746 4.87340155369576
4.01893009155841 2.3303506295777 1.34370525347015
3.62555226214323 6.41132744633821 5.24664406068841
4.88880902965494 3.85599472242797 0.195207192301225
3.33113433929848 5.81172657384998 0.412858224237296
3.21665330517546 4.15460204032702 5.8054655020177
5.21653117374986 6.17583049485034 6.65471576054091
3.31554817873377 1.40575607706565 4.74328997177202
2.00922843971872 2.96719939085953 4.14184172939331
2.46478603633537 0.782096676436394 2.45176183012833
1.69118506683117 0.961379956453791 3.53446477516512
3.18743033290669 5.65589724279574 -0.115535656565412
1.87189092963468 3.03921022952941 4.26561775659018
2.45273362537822 1.34007757235426 3.48374420962601
2.37883230286191 2.98711254688194 2.71732103170596
1.8595218147529 4.31656053704708 0.819958739170997
3.25108092087118 4.89828462370888 5.60232716210593
2.61088775012361 3.44945556328681 0.204656541375972
1.57735407999687 3.0733381332962 4.30195318115075
3.21134326270514 4.84249548726531 6.36336789221397
2.94787866215876 5.53193093589486 4.47711054404083
2.90461280128992 2.77877609368773 1.1456155854166
2.39983783059075 1.21095601215402 4.33000343273588
3.31742886820926 3.26656236374008 1.5412388738667
2.92007288527713 5.37273478779356 5.9337528503224
3.57847737543589 3.77748868262305 5.62383140805372
3.39879662629112 2.62128739402814 1.21218147128932
1.72660775850924 5.12663179645201 0.50135883479547
2.32589854707626 4.16507312349881 0.413939539396651
2.05015917005803 7.27493404065348 5.36486151779346
3.03268805283795 7.0429459438167 2.16398133737865
1.128048614793 1.72078047591993 2.91490324147784
3.03149217120861 4.01717153778398 4.47138414228959
2.61852272937637 0.0596652560400912 2.92667364637043
3.41220456601052 1.02428217693698 3.94198579527746
4.49579233696592 0.878536851432825 4.15325188493628
2.85808036487694 4.89861777458906 6.10038028448703
2.63998861438872 4.55757065475977 2.89662555941924
3.51316842383008 2.67409605188631 1.30539184091273
4.27410734313923 5.24862118337991 5.63742965225191
2.02184150797348 0.921257112431781 3.5018938576958
3.09111444066197 1.72871106255093 4.04268851115349
2.99301978406401 5.273915936366 5.39015944645542
2.77063548815826 4.93705454606429 5.72734791090272
4.34821320568542 2.68763765979181 2.75471455457711
2.58905764027393 4.11991213011736 1.63468824715809
2.70236723701471 7.24666970668427 -0.225583798135363
2.98754138386849 0.419198960218242 3.25900879316284
4.08045089980483 1.4000627512881 3.94304430126523
4.06897404200861 1.91062112188755 1.28009523542258
4.35892956813875 4.01790089783645 0.671255242803154
3.62610134720656 7.40752546702789 0.313384039368319
3.01551543848411 1.79805170784227 4.53143695190424
2.69316606504068 2.84636733388872 1.86400427613864
3.5166125705752 4.0538211130293 5.14471466088247
3.76486529162225 7.0299414724068 2.50489199963827
0.7429892709826 4.31064308037639 4.23519501480208
3.12553624602765 0.335489276354979 2.35981556859956
4.29398217709728 4.20513027052222 -0.0645395261633472
4.70472125625571 0.42711277833233 2.72041267014602
1.9694169012997 3.70493146021364 2.85419012757099
2.60396216803228 2.59174458162509 3.1894874453531
2.1402657817426 0.582463228562246 2.57838064242309
4.82807913735179 2.07312184136811 1.4007577412883
4.98992785874974 1.37018712208585 2.85271831282162
2.73278169988015 7.44135701907351 1.07600432193065
2.04971783809641 3.18917765458576 4.03224306503269
3.3500185679199 3.60230283080551 4.529969179915
5.45611090917377 1.44411137999402 2.28083643856437
0.55431196845205 6.63805716769116 4.37861912588495
2.66981910921568 5.36008667896234 5.24405486495494
2.97328084384628 0.372574216903956 2.98826912377294
3.94416230147841 2.71310694288369 0.542891356231566
2.71086363861907 2.38630910017266 4.01050294711272
2.17228582818363 2.98755818821431 3.04846648529723
3.16840848861936 5.26824301818422 3.13089175332551
2.02105780893961 1.00145996234437 2.94314308798465
2.92588114603114 3.66112784700297 1.87806244716527
3.20625097287765 3.22381167191533 1.55835309343535
4.49142420597321 3.3065416948751 5.68262577339916
2.14423102954216 6.77241143341653 4.91950503610559
3.09768048041211 3.97567141531281 3.93045307665211
3.80334805791922 6.80185289639619 5.96454773324113
2.13542502049417 4.61931678024309 0.868064595750448
3.13562213118894 6.87202463182123 3.03427354351492
3.3796444680102 3.16441432324388 1.81173137318761
1.66535547548932 7.47568228512777 4.1051216966756
3.63914907141757 5.40009950323101 0.3710386069396
4.2103868500134 3.68736310301812 5.69666108136289
2.79346053533727 7.02928572918527 0.442670943664513
3.57653896535823 3.58550256901686 5.40745976408733
3.45501856034874 4.00790538772324 6.02581261132517
4.25832346521885 0.515466156840675 3.28943020959675
2.58435553964511 1.74425980794052 4.71852127071246
4.51243216985573 0.504372405365263 3.42318385861754
3.87901619593907 2.07186224377495 1.42533000381578
3.56011091762868 6.81361719801769 5.662990351619
4.26723164790368 3.29348433205997 6.69971655029836
2.17733731792862 3.65444472990195 1.68035950733889
1.86830611067796 7.32097907561007 6.19646143711968
2.22542694175503 5.32780203056448 2.40915447370237
4.87210171615312 3.45931927540441 2.88872644515692
2.28788438090264 2.92403261910513 3.07308095078621
2.16660793868488 3.61641605099007 1.49226774807991
2.75341909649495 0.209766296162832 3.06415943803857
2.86278474877458 6.69815422905461 0.951807994949727
3.68737057623343 6.63887224485759 5.57596212755828
3.05716474365909 7.29262457312638 5.45541554567099
3.73811125552856 2.25991695653172 1.34255647497042
4.53708140328928 0.124123918619286 3.26093817274053
4.25375830812873 0.419086384856495 2.86731203854258
4.10634174686223 0.0323035387096695 2.7774982427464
4.05040281379888 7.15204941259874 1.61877172962877
1.89768213259985 1.28618383743383 2.75391415251778
3.60956154741203 3.97396470887493 5.87916675032743
2.78000804024746 1.85535468715685 4.29339446847354
1.52306998912612 4.60473858940896 2.61121724432751
3.23792653792146 1.94749013444879 3.97593316384533
1.83226211213178 5.64497653678658 0.720632360560682
0.0978628601871878 1.52573302255906 3.33030062071802
2.45741749417539 2.08333094581817 4.90736214702308
2.80935066883317 7.05970040279104 -0.144335652810445
2.7707251778036 3.16475788178189 1.69605183838501
4.24186510041565 5.01812408803833 1.79350392069626
4.00531444646666 2.38501232075161 0.935388082610724
1.22162750379953 3.30764329514743 4.29019942777426
1.89972812017692 0.236561189669088 2.17245944427167
4.33930390868461 2.91466274333968 4.8238962728369
3.84933479308543 1.52862997036886 4.91146248962429
3.1250523171225 3.76408785385639 2.37305188084652
2.91263602744756 4.06025396076295 3.09939044315331
3.50146023130545 1.97510409556216 2.75060289170946
3.72667061682247 6.42618185909273 5.71940420272407
4.37570438557607 1.5361834938224 3.60085605615283
2.5952146832084 0.814122484420066 4.49089479859327
3.27821573676647 0.859978506693393 3.2633330787192
4.46161352669068 0.0767810028760154 3.24932349697822
1.48346117727854 1.54177062334894 3.83431035806218
4.40532286311665 4.21250079796054 1.33905098739137
2.71716743695975 4.8153662684367 4.85394111384456
3.68887574863649 5.03849396419718 -0.530488254903736
2.43005448769051 7.4639175998524 -0.00870616054958795
2.41457523331046 1.84905828658134 3.83588319453936
2.84711553780943 6.20503611876278 0.900120060935219
2.56087267615052 0.420951227730098 3.39021080428577
1.2359135174086 4.59750010149783 4.53994276333262
2.50628081234662 5.23610467814483 6.30287269813451
3.24647275278631 1.57557698989875 3.68598435879177
2.22025367675423 4.19536696363484 0.661094275108982
2.7447154333588 6.4814678186439 0.148551083560119
3.73242749530895 7.32600373908038 0.425869164114782
4.26942424919732 0.246354014538943 2.68402282471073
3.53717062660719 5.32989204437244 0.706119070678816
4.4391595720064 6.20820419388429 1.56546020256389
1.56857037814976 2.56726426178113 3.44400002765086
1.86236770173631 1.82999595362952 3.24725519953692
4.15063454634262 4.75659107999228 -0.149248503943953
1.4971365614365 0.936352663109557 1.77588232045539
3.49799042827956 1.32655546499341 4.0855042673941
1.98786108243453 2.41483889368032 4.57009552488558
2.71974132073789 0.927105795390648 3.23067669187135
4.01500234967601 2.02208628693805 1.58194911229211
3.92288032024208 7.48376965707681 0.429899421544067
3.66310237483506 3.34779372218854 4.07206675629169
3.6522507055588 4.55451672609549 4.47431541036158
3.19690836875182 6.10818520257069 0.147763526583986
2.27020594872823 2.32990342292748 4.25317462727875
3.31428452969771 0.313974402656697 2.97038027934746
3.43251515717024 3.97675933370319 5.78667478230682
2.63743984281066 5.80096635560038 4.65604125092278
2.10938060485146 5.70481692662062 3.86353578892135
2.63356220816023 3.11076809872014 0.432959891556734
2.49680759176909 4.52810899695223 1.03070719868727
4.21229783148837 5.64190286454534 6.87461108879242
2.51894968298495 7.03342903022284 -0.214244409927156
4.16416736373725 5.34710207000793 5.39713344276205
2.54149242787242 0.187551233716979 2.67054982459924
3.60074464071625 5.45267050663232 -0.474978917355424
2.46623253765268 4.31406833257877 0.855279772009281
4.21094936645594 4.37307006908004 0.656217986456251
1.61795196440139 0.691433607965808 3.24603185673234
2.35530862314146 5.24498065489836 3.54443833613828
3.18149776724422 7.30560452644945 6.44623234616912
1.75097630400124 2.28466650346818 3.94836614232663
3.52950025569151 3.04231294897647 1.11365411725805
2.34128772606433 5.29389821598333 4.08792095495754
2.22998704657334 1.47143003268726 3.26422338141394
1.18544249867592 4.21091853171015 4.42039761858376
3.53215668865783 0.609205934799659 3.59037251636874
2.71637656954207 2.74816467154583 2.1743149105569
3.16518959949788 1.6105619193625 4.72709935165566
3.01203003990392 6.47190068841628 -0.237434686211652
3.84309778227125 5.64560338020037 3.15403356717554
1.78958115805006 3.85137968692519 2.17727272315807
3.27655432347419 2.0978783214382 2.8265591791986
3.38330398705231 4.13288972733646 4.90951701070176
2.00298691163126 2.43867341319193 4.9414659892512
3.8432991287562 6.33496601897727 5.74354914741653
1.34872151713823 2.96317066519336 3.53852519165927
2.31829183008665 4.08498185126543 0.874030779011786
5.00014687356593 1.02517249777957 4.45586485319952
1.29157632276755 4.45397749336547 4.46150771403692
2.85688935315043 6.78200890957274 -0.317098386998237
4.34151996496757 1.64249843286671 2.12421111087386
1.68152782447111 1.99722898194967 3.99108763486516
3.92959761479305 4.1138790802877 4.58234757987895
4.69545623590172 3.69343852396935 0.885647773193365
2.92490191645531 3.82277399494874 1.57535746591805
1.87626227860979 3.33769253357231 4.3810231431518
2.32727065481498 6.64740861336066 6.36984759529147
2.59019820653929 4.05724457983786 1.5100952956499
3.92789552891633 2.14740969700566 0.967452634801823
3.82503895394698 6.74695428410219 4.78444232504033
2.17010025077049 5.98531511460965 5.11947988030049
3.68804030750011 7.15256245429472 3.16384664834843
2.30003692576652 5.54146467717501 4.96241383342161
2.40815779706263 2.07320750387232 5.68970780166136
3.65956724127649 4.84306549455791 1.0436494551205
3.29939267066359 2.35848039992795 2.11134068227616
2.77044461072196 2.81767885633188 2.25606827810475
2.40422858988852 0.637839467399551 4.00788128553289
1.53898576868815 7.45653567399624 2.08951161648276
3.7210700068235 6.99595226445973 4.72603497839966
2.16177225207099 7.00467784426759 5.55456739841184
4.20848531358818 5.46684997748764 6.08844843826974
3.69094801170113 1.08972635357535 4.29482731430069
3.80531735882721 6.81899152998104 5.23729726341089
2.74835187568564 5.55769879746391 5.57351791309634
4.25342379602902 4.31357072719583 0.678255406084922
3.69808369318178 0.54870769767221 2.99245583461062
2.29313170465791 3.92931504375093 0.363097048801562
3.95818123684844 1.39719666152306 4.69192056307199
3.04603167992161 3.26103765670748 0.143127183669768
2.12461647457672 4.9524482296484 1.67905592184373
1.69048687947236 6.86618448169856 2.11873416964604
2.63305589576941 5.73038688780582 6.22711197933543
3.11399512303203 1.69181120341316 4.20710451079121
3.21307802212004 0.426105160007379 2.67721929985658
2.57207145942182 7.09796468034795 0.340202888035596
5.48912047930324 0.331973542754142 3.12723856655351
3.88180934675806 0.404487649770483 2.01589006846826
2.35828361405729 1.38190484589588 2.98963702039543
3.1873010065204 6.37589811585045 0.69021809888757
2.40021654794681 6.72458108029428 4.33899397967243
4.46908810882256 2.05857618137145 0.240879159693872
2.46251431179567 4.75367117284675 2.36339099738097
4.59896756806266 2.39532487789611 1.14758963324689
4.67004444314541 2.21613734040164 -0.151468648962613
2.33289341675223 3.25365121298296 2.54640694292976
2.36935929538833 4.33707065867021 -0.221442007619334
4.25981397388971 5.47518143457181 5.28298204559566
4.85718007119295 3.5700898824985 1.38597517075972
2.36047841573769 6.79305868818874 5.15177212795711
4.18675734830226 2.90248290750912 4.19482381101089
1.55487422927424 2.75054504830763 4.84451331393976
4.4565761277423 2.15898787217661 0.516906580430279
1.84864172772403 1.33192857911124 3.65773961859968
2.84861818620855 5.48637769728979 4.84151522472969
1.42851566618311 3.1008424644615 4.79540826762408
3.58210951284951 4.18817631250252 5.21931507625547
1.18235576918093 2.89896386728312 3.47464658485968
3.83998224027919 4.05930438315303 5.70862686042353
2.91854802487346 5.35294649139179 5.86025228010756
1.23489179597042 2.6086323888598 4.00232776524006
4.22355401567269 3.58373524559491 6.11172410173997
4.41480494039041 3.91556680347174 1.50673922879371
3.07804029694197 0.430730860430485 3.29575452962455
3.21252630564726 5.83444565506519 0.548619644628451
4.21136839007922 1.40757037988411 4.49044576178292
4.11270947150984 3.79246724633978 5.15639817910967
2.79748954531309 6.2277364914079 1.55442444417547
2.09877153827408 6.46476107780901 6.62560466768885
4.19872374386396 1.66203826648176 3.10049656477762
2.57283001117535 2.93998188973141 1.81489376867856
3.01855177173923 4.38744965469841 6.27160022899556
0.898443856224611 1.58626540648341 3.62983997700746
3.21558317005119 6.63137949247793 2.1821033437025
2.71718190388481 2.91561470697218 1.78731747115833
1.93905359905916 2.98299289030739 3.55713646769431
3.88608783170339 7.49613819417706 -0.536604290173429
3.56286511049125 3.46101056643414 4.35691768154944
2.4219486550716 4.47368713107269 -0.140578537839118
1.3977044635925 2.11886594634606 4.16519305477076
4.37152069490667 4.62585432814725 -0.772112843555426
2.32812435317574 1.83864771078703 4.11456916382576
1.98365473833052 4.12597224026553 1.01761710700655
3.63002728138783 6.24641737809367 6.87633261910806
3.3937685139314 1.3338231255111 5.00213931561456
2.79294898908144 6.37326781024482 0.615067222786562
5.94244518723537 4.47420880092196 1.77156444350564
3.58034484764554 3.0644636297885 0.100417029015697
1.31981274444277 0.74639860992561 2.6044299036162
2.59483205922103 1.42009423650321 3.58458976284175
2.08493346693064 6.97420740074725 5.81848553195138
4.34726820441701 5.45833175459803 6.10368559548979
3.57233055923948 0.287965048154914 3.22721677766218
2.19566564097974 3.46058236546024 2.9419861103583
4.23553325292487 1.56292914121532 3.83393396688147
3.49682451810043 2.53985255479506 0.918233911537267
3.09609077145958 6.66266922697663 0.191068434669561
3.37394764101803 2.22370801062464 1.77021544258042
3.22139972988183 6.09184978921 -1.27728856479405
3.56303125958417 2.51725744224393 0.753168944679179
2.55987631326651 3.5271000641128 1.01477807292464
3.33831974397484 0.809082818807544 4.53515288958386
1.10141931139195 1.81523827527568 2.77809225614827
2.05000505340441 4.34249114457642 0.840825395250624
2.4788683611025 7.47585114229721 0.697198305253297
4.56669010426376 2.50731305060402 2.00388908388687
1.64856709323812 3.10698530910866 4.30549498598271
2.92184411020103 1.93622030213602 4.04937024731592
3.51360697896111 5.76823263001243 0.0288520713091477
3.57025400641427 3.58959861405271 5.37005567179518
1.50161617695412 4.38033026638147 3.51096886399902
4.25879492922466 3.3841665294615 5.78565143029913
2.44609484861325 2.45581178153048 4.30965356757733
1.91060619410849 2.11749412616294 4.51433871291173
4.40491201625484 6.75513289050125 -0.547844918245471
3.95801931812869 6.15432886481581 5.88154868082843
3.23083034543657 2.9077886765506 0.436403435503422
3.1356566875964 6.36146875473553 0.449620436307568
1.47393702671234 7.31167331270653 1.27681133731499
1.41645429601912 1.59917582575349 1.98467208362164
3.79728991690242 5.52813709622138 0.670534168425218
4.63573226755193 2.17105927691004 1.70370745154874
2.34866657411613 3.25176010665027 1.72302884144329
2.08892775538815 5.12748028989804 0.968677205709594
2.95243902596035 5.18805454660066 5.89905320627201
2.46017993964574 5.40332464893807 5.61796141017308
2.81121815496987 0.480261570537383 2.54774682500496
1.88780426187398 6.67046355074468 3.95998782869474
1.42246497946518 0.349504764741344 3.24446708358678
4.05470091439944 6.29295523466326 6.24152510666411
2.71246812525595 2.87753648580793 1.62044664432849
4.70944438395929 3.16300294273032 6.29080468923473
2.70102873747335 7.21304204696143 0.0393906940527266
1.35978823603331 1.08265742049506 2.87290163382862
1.1069405789538 1.14254445312645 4.19111761275764
3.53160980324688 7.25655829466449 5.45114202433764
1.17522841768728 4.72833754798201 4.14220526780166
4.22524806614683 0.752565966204108 3.2303304624787
2.69398915385984 1.77688606966256 4.68382032313203
3.33192099366295 3.72010702123674 5.43591017592579
2.8939106388476 1.66938143528076 4.55947312084144
3.78632795939975 0.170538302621278 3.36186156241801
2.54168482199465 2.06068342543259 5.17710695857478
4.53080008225225 7.45910609176204 5.35755334053967
3.00094710860121 3.10677631878411 0.591822202495291
1.49359363136705 0.913804114864336 3.82238138236553
4.49687978442022 2.5461487034166 1.64824947912064
3.10621173191296 2.31935939701407 3.3746871637783
1.90201830369462 3.43456250450654 3.10404580370062
4.14400383520885 3.76941186200067 5.35906194619916
6.1389029277475 1.29290998074974 1.10894856806921
2.02968359751831 4.54889249620337 0.768910189619554
4.53214272624632 6.94409963152348 3.51500228396374
3.75785404361183 7.3679232389364 -0.556809606987496
3.46815582460211 6.42540760227648 5.05831901405207
4.15200025868755 0.0719689834864488 2.70876973448812
3.96530423507096 5.43425779270896 1.89700334197402
1.78307556066089 3.36975593429872 3.99885379273922
2.8654375322819 3.62562563178914 0.858156847333704
2.86829475020885 0.0806986175796567 3.38714184012072
2.16141547294096 3.05043612989693 3.42460530608238
5.30433242034244 2.09606009505004 1.89422103124655
2.90497284365371 3.16160328547816 0.86335158839549
3.95976328224678 7.3540149583624 0.21016181160316
2.61907104595864 2.05236320182529 4.62118503800854
2.04570447180355 1.36312257004394 3.47628567227171
1.49289118523089 3.79448502434535 4.5966896610393
1.72738643435668 2.06337859566822 3.95233065032352
5.4835314467502 6.92782648215428 0.302133871255222
3.9806581852258 2.48995580868467 0.978438284917878
3.41750529848632 1.27624182012037 4.75860134878812
2.73413028495542 2.04884995669998 5.24183633775104
3.17066244803652 6.28755619212394 0.656155482358583
3.0510044180987 3.20303042950061 0.635101245612497
4.48528331112871 4.91195540685031 4.84289320300153
2.77482487065364 0.3281568993093 2.51945933013456
2.38558111281983 3.01655692541425 2.21276082715898
0.847261135482567 0.633211943993419 3.96262518832151
1.48193563795775 6.68169188699813 0.139730498426332
4.52478335591789 2.06367153452003 0.80027242209236
3.65995632839989 4.1203360153577 6.4856250538442
2.32849029885189 0.808794928213466 3.61881558880212
3.56935285376487 2.40023591960128 1.95521694165027
1.91734235222316 0.456775087879556 2.95192005525238
4.80686310689826 3.94408051108033 -0.111118231183364
1.94145408427077 1.15862133825631 3.8858481430916
4.69457117812706 1.94610804893442 1.12079535584794
1.63963257746785 5.37409373040507 0.531244194692101
1.38935231981143 0.170676746663966 2.52197229067704
2.3170085637069 3.09542816293633 2.09173260911566
3.01943072064492 3.67650982018704 1.04150125550756
3.61851397201907 1.89772818906571 4.03400137668122
4.24340254250528 0.885262512741242 4.64237101211171
2.83831767492253 3.13299224998139 0.474247094139367
3.35496480679749 5.64794735758364 0.918063924918238
3.36044659261609 6.67194647198752 5.26030653258205
2.64918514768071 4.32864366855036 2.34520077400095
2.78212726726022 0.796185477675023 1.9009490122676
3.94194914997044 2.85040771986763 1.87629499451784
2.54554841367 0.0788920291279513 4.07383020037447
3.13271063462305 5.34937246590969 3.28383751503586
0.990800886986726 4.97936549795076 5.24255719663287
3.42394481120885 4.95367630272979 1.55711080144666
3.2762817102587 0.136404581913372 2.46195961956583
2.64400102261959 4.93104001295339 5.39513960411775
2.52553762933644 3.35092130790451 1.2546806842319
3.67943230066828 2.48638366019258 0.886438758760675
4.01842373119302 3.72343292929427 6.00670067342044
4.27443382875091 1.90479815860583 1.12660642500393
2.73757806780056 5.37493674727272 5.31861443547379
5.05319910324433 1.56439626514447 1.97912751789054
4.45632079643291 4.24890333066004 -0.16641407002245
3.31049638765936 1.5918519146426 4.39460841373444
4.54257646806489 6.92691737595208 4.0617073468282
4.0117355255428 0.494166640933489 2.75067265322958
2.75174738554063 2.42507873924411 3.29348872760725
2.88537923771061 3.75306719308139 1.05456150352543
2.66948850014189 4.30933903392067 2.99989334863954
2.22653642763841 2.9710424046016 3.44683697379123
3.8402014377472 6.59492409292598 5.38060921121584
2.40509727121461 4.40432873299432 0.705260814819638
1.14495933769785 5.11051296799786 4.09411672544766
2.21581905850044 4.0021768111504 1.33757163370565
1.6338206671776 0.50133013948521 3.15789863765275
2.79233617390435 1.11569107024993 4.01745262337949
3.31108398472092 6.83124607958352 5.88232851978447
2.29267933461689 0.316104308586735 2.99877791296485
3.3586169887709 3.76879701355598 4.35301046668133
2.81745234478817 6.35887847732334 -0.428780757232387
2.68190300861015 4.5022544273813 2.93451955880085
3.25175936448023 0.345777112543596 3.04849034597722
2.27378567818346 2.69093833747663 4.0243973070555
4.76123826049026 6.33961479840209 1.03840373964367
3.4320474385247 1.29580775013227 4.01411248578675
3.54312079066878 5.33798010211739 0.608165195931028
2.71328621829515 3.42165656473067 0.596782324585885
3.57895385775033 4.13785786775892 5.47240389817883
1.91103128416469 3.14645422968757 4.53110895682163
2.50791560272257 5.39241861905688 5.24841141657429
4.77704791424373 1.62426329886882 1.36845924028392
2.54415629881211 1.98936572968481 5.25457934704474
2.87232245655447 4.82119550401484 6.70465703951146
1.17813602093797 3.36164011246191 5.3625843234987
3.95398979393862 4.51133102999188 0.880792416260508
2.66324810265358 4.90439489388551 5.11932084262821
2.27113830317329 5.99278247888658 4.69284395221632
3.99080635592107 0.793996557325065 3.86274857015661
2.18502432128137 2.81615293535972 4.79057550510981
3.60467080952716 3.37184330171554 3.61140205874784
4.93863963175203 2.97129125787839 6.01677769570877
2.02275697857033 4.91939297511481 0.187145161452773
2.73801813290501 5.8917343875238 4.40939077101248
3.36902907215717 4.36357001434594 5.84175875948231
4.36532338276129 7.05030748226244 1.38031351608253
1.10948832911828 4.97943330761545 4.49188506363868
2.97795993814428 3.45931830968788 1.00491954684862
3.12077846428295 6.00386037382395 0.515838693459864
4.25552209174605 5.70817842954216 5.97441688926363
4.24627300259079 7.40364900089435 3.06982934665116
4.11725154131654 5.02012366566588 -0.274747657181014
3.30463744005885 1.36257641287817 5.55862521858795
0.652606534150063 4.72956001311145 4.60414542370375
3.48132170652468 6.32647737411582 5.06201946794859
2.85584124099384 6.99958686087287 0.295843540543664
2.9870750194707 4.69880557246912 5.77977821338833
3.69724545454228 7.42911881933595 -0.679831793350186
3.40862839602228 4.35368993569048 6.31136404198036
2.72173922279805 0.819147660725698 2.93477443421259
3.81974615973904 4.38326548281002 2.57121879012193
3.65965487696633 6.51633515284364 5.72736566053972
5.50984399615518 2.53859158329567 6.03918336387079
4.141273808112 3.87165363667161 4.75770714569168
2.82434739927024 5.83770291690738 4.15903407083371
2.21589405117208 5.74877132023929 4.85139788112362
3.00026618905673 5.57571269383171 2.53011255211447
3.30737986734487 2.30177785275284 0.692911907625186
1.63027288287743 3.85418429110024 3.81591783608262
3.35164830426282 7.02276812136073 5.82587379118085
2.56967331867522 3.55713262771279 -0.212669773997879
2.46050153299411 0.724252840791956 2.83587576448007
3.31133417064578 3.04807434948112 1.49393209741249
1.11099568562691 6.63598299620559 1.70877733171937
2.18138406049425 0.803895732353521 2.73091659433162
3.63615009688847 2.58219305889284 0.438857729515057
2.13250679417389 3.92668219153724 1.3745477999631
2.84548614856253 1.25628332924531 3.17314317317168
2.95587615075214 7.46082757553754 4.67358419843022
2.1045321969915 3.67184272142416 1.55603597915772
2.93922761463741 2.06811463649547 4.24740845726685
3.21090639212445 1.75710666486246 4.27768447365948
2.39181398993741 4.89491242673884 2.12020148677106
2.50653858785242 5.45844993055398 6.43517841965012
3.00675229690702 2.46080933731561 1.44181314814103
2.83999405201922 0.788861632437441 3.07944277813552
3.37787495873306 3.69499003154281 3.95270933243477
3.07935835700884 5.22553668620985 5.65167215557377
3.90603191522148 5.02088160005454 0.47956562011633
3.23103167200657 1.05048398666475 3.38192458923638
2.31050744264423 3.59877705121729 1.59866684115794
2.9606588323065 0.23997278403009 3.88932086603917
1.74406755825027 6.72575489877424 1.91795797223836
3.87262474454458 4.57994750920932 -0.149240520840174
3.55849543318871 6.6375614195903 6.22514970616439
2.60265394599974 4.02158825706189 1.46268754213608
1.13467260505476 0.803243227956523 2.6638300478814
2.81654822793847 4.31981522845783 2.43906537065168
2.06584240243328 0.46870968038894 3.11289946222881
2.97710779948434 6.01989809806363 0.47815634022135
3.44007682749095 0.774058951145182 3.27342907148532
2.93086626900439 1.04735199434943 4.37673440695273
3.5789171424755 5.01926715194725 0.0502261956643435
3.45091752878303 2.33205927996423 0.882736257143214
3.92133462321897 2.77642545208369 0.833735032282226
2.22221915566569 3.05882618379577 3.37594017878958
2.09646774298962 7.28674613344932 5.86119893314182
3.83480919873963 1.90070890507259 2.47475800644435
2.77952077986147 3.16006961561367 0.824514673031675
2.83739576786687 1.90045192480157 4.00457252655194
0.770560003908168 4.47963337295869 4.15799157457795
3.8704180284444 6.2060297750294 6.07204638078829
2.51356628651309 1.78029257736805 5.18065905766614
1.49667591031174 1.39600342563842 3.33034300344695
4.30089027935843 3.3593492471493 6.32357443189591
2.35444817072884 7.40072765816502 1.08581285233642
3.70797881671212 5.29885662377253 -0.0814061045814043
3.2291600835791 1.93209375485009 4.30933295713029
1.95232073622558 7.41873636433392 6.49183822621615
2.64307967965048 1.33847279206902 4.1774845485628
3.67752008869471 4.36446355981539 5.81350426421529
2.4348904911425 5.64061393387346 6.78472671598912
1.38259533133822 0.77906418531076 2.54473202238386
3.4493873687598 0.0209100212553706 3.65617440573528
3.15719263602553 4.55824460994474 5.23403749700305
1.64560904745744 6.41016101040267 1.53016515517115
1.73059667911064 3.41596421663352 4.08110124902214
1.60166893282532 3.05386403408159 5.25852911302096
2.90191902391275 1.41143334578507 3.8091569129791
2.31526975938127 7.16618040135234 3.99974676318075
3.69014937101013 6.26577885921775 6.29894602742709
3.16411614276808 7.09839038316762 6.97079653671067
2.1898316105589 1.84722212046698 4.09168157056252
4.61626159412522 0.447518103344739 3.03722957371035
3.86477716113807 1.41709315896558 4.34893947644517
3.66592000714216 4.65397956027988 1.15256304312658
4.34223761363881 3.0950760144026 5.46447531966345
2.38380957880909 0.431253299206921 3.1111319066553
2.21301360004593 4.39825519618378 0.217381697952454
3.45053379794359 1.70843149502987 3.15173227491865
2.44457125976562 6.41489527262757 5.09601572258322
2.61148150786997 2.42549766404842 3.1386636605888
3.86239903671351 3.01188445533365 2.1779978862716
0.730126936613141 2.79419744702335 3.90285263012919
2.09854362621106 2.19543031960829 4.56842663623978
3.19579303978661 3.58159536719961 2.08146568864156
5.1122826745693 6.77784040716503 6.45076941799761
2.35145299012308 3.43899612493104 1.8338649468652
2.44134193287176 6.02317160947746 5.33887104093657
1.93829811587724 4.92419607808431 0.615370219799051
2.55292203373752 5.39236316626161 5.2719109996973
3.12745833853991 6.1082900197403 0.0862317187294094
2.76974446061281 1.89271760775232 5.11609685844923
3.21727312588313 4.00178491755817 4.69133698859588
3.21322889856105 5.53679951161345 0.332964909568536
0.820955271646201 6.02649114236047 4.59276672415853
4.2664707813887 7.46498454224227 4.659464877201
3.16135046990381 3.71802502691937 3.23543508924837
1.97584255609015 3.64550545693264 2.09181145305345
2.91861361820177 0.442469844342821 2.99565535798625
2.45925683251056 2.3231627275704 4.50579014933842
2.75158195092905 3.42337123182702 0.962263294062696
2.29186397663852 1.43907686859689 4.31867466267425
2.4143788816574 4.35927586912514 0.846723471025044
0.930458246684197 3.55551001615529 4.44012781103677
3.49725078701255 6.60770416525553 5.2757971783384
2.46865563783346 1.58206312181695 3.52099561904878
3.4075882977637 0.826502346934282 3.88503871138332
4.12230222662003 1.19719107081279 3.1936182601184
2.15332548233737 1.05587272773698 2.70500867152547
1.99529404660183 5.02871443012618 0.677549234964703
4.26355488172725 2.06264567634019 0.384838815924658
3.27254529235224 5.23531223713924 1.52997250818435
1.11017551044981 0.457282387286949 3.92121766484428
3.00837676953378 2.17738149311868 3.77633573256217
3.42963996744 0.474694190748385 2.94442271681615
2.899341006876 3.51901284849348 0.69163489791663
3.17743984797943 3.09967063253595 0.37413431070712
1.13979799375537 5.76892408066062 3.79231977861086
3.73914856264743 0.632156629864485 4.59787534032896
2.19643429435174 0.0282016686264477 3.18980541106373
2.39221686736239 7.09197683353739 1.75720700684179
2.13463545757372 7.09459773683928 4.92706334582555
1.63291423453985 1.54882826943927 3.31798272194871
3.55550015624706 4.49168929665331 5.69367674116786
4.66763946450714 6.3469191776578 0.247906693988511
2.98941643201297 3.49872080880949 0.189774397097546
1.20057769013965 7.49547535719741 0.168259030619998
3.5598292450094 3.35062052133048 2.55232568638105
2.85674909594481 2.58713995387791 2.96524764106518
2.48655677181624 4.37627367574677 2.55439411297393
2.93928584125215 2.94881881731089 0.864680633065679
2.80212526227604 2.53968709741732 2.59861627768928
2.63304278496088 0.870342142300362 3.3907867539757
3.59671745253732 5.56457070480784 -0.912699083491546
3.28799331529145 7.10712891077144 5.98534935573115
3.09637286770977 5.8587055729605 0.134220592890922
4.70876528766378 5.39311822915469 6.45594562633326
2.10109884748679 5.04677513151161 0.272412729708969
3.8670969740281 2.83627711261673 0.770039971706287
2.42666369039694 0.269314029357663 2.0522677983023
2.05312923691848 1.43259197375165 4.27954201322291
0.708499071741402 4.13146678346863 3.12198561368755
3.79963676137586 3.26765727633176 4.58296820944854
1.91360347162122 3.18122267591518 3.79320714136003
4.52450991194907 5.83404705796986 2.5592077656083
2.33788290673426 1.59536554774776 4.95684563019868
3.97752933828562 3.69728626031562 5.54217156979802
3.99913198027517 4.6870429645439 0.577492440234655
1.43283269129251 2.18881492368898 4.38683259690799
5.49279674816748 5.76536182741778 5.21027426618767
2.87474095620658 6.05498628031007 0.484535009303185
3.09615066048041 4.41178472044322 5.35583181653155
2.97326445343796 6.12173885572558 0.126563073411074
3.2802010115855 7.2517078041099 6.14583010611761
1.91637530436157 3.21475090105735 4.37202869908436
1.80626801241408 6.98826366273051 4.92329944549716
4.49249119173053 2.02540865518021 0.871589989993165
2.80862176916053 1.95901071256796 4.30565907948269
1.62487557559552 3.93989081983066 3.90512498974453
2.74336650953656 6.60044118381431 0.15753206741033
5.23442665635461 4.00642569922225 0.709261789685053
2.04029883893674 2.45663228055683 4.22250048415624
2.02343372278536 1.17463130236916 2.52479754892559
4.19131461787248 3.39228501686763 6.26294603270193
2.83727970286093 3.64181884518092 0.248600630310215
1.60708687754283 2.36474053853253 4.46367491456391
1.04537636518375 0.327644367341507 3.17164904707781
2.73758726942332 2.69141965760445 1.78138474133544
3.57311410592798 5.07880140508173 -0.118397734978013
3.32233426203579 2.87799930641144 1.5068766623044
4.00589448558739 3.93253162557041 5.25150603908669
3.12754795392946 3.45679456615782 0.480653260677648
3.7458282237277 1.39359588607515 4.73813412028005
3.04210420673035 3.87773162927418 2.88884835050542
3.66122461517367 0.0878504211010807 3.17182043882734
1.90611957203936 6.34008733567451 2.35130470400601
4.90034129247227 4.6449442268375 6.57982790430956
3.61738327295793 2.69430359081948 0.966598668407447
3.9395415452318 6.32786795699446 5.60815965864263
3.4592483527684 5.12616042907168 -0.192517935416879
3.66261495792549 3.08683118305598 1.64917836492669
2.35414240294155 0.485221472212183 2.66039254377245
4.48613249793341 5.52169194659935 6.0113774537048
4.43193025354488 1.52982092628468 4.31852946090485
3.37727728918785 0.56720592546745 2.91433381500901
3.45932436975933 6.28905882349785 4.08109924303006
1.57205371108404 7.35811621570295 2.20483164827545
3.369611519614 4.81102201219389 4.70837086796628
3.45378874387977 0.0502964427809207 3.16213274907628
2.95382949570494 5.89942436005924 0.773397622988708
3.90358078010481 1.15857055117948 4.23652881981408
3.92423016693273 0.643149718219072 3.1980518953064
2.9612798665303 1.09804489409191 4.54198289218816
4.55932159970816 4.92394110302063 5.47498415722044
2.69275274685898 0.00820538444813401 3.08338178964413
3.19782463419277 6.50758504549237 0.439991706535794
2.90994219475221 7.04727828214568 -0.0814665195202203
3.03142212602615 0.405886879593824 3.76509858291286
3.58944122323488 3.38126052590378 4.09326018723939
1.20344278411255 7.18067229355187 1.53681634630317
2.50274699921853 2.95625122286539 2.0828203632359
3.80342075191458 5.56991248830522 0.919776083326218
3.34674766683933 2.15128939319064 2.0801618649499
4.26510762035031 1.77235212613055 2.50301871712564
2.91693314354922 4.00895445525862 2.95846002910322
2.05644193128718 1.3351601313633 3.46741139076323
2.18456410505891 0.937466411028871 3.73021207260653
2.19392448528755 1.95146283919977 4.24584454838682
2.86354910022891 6.19512179981307 -1.03253970543911
1.2386368113859 1.37271167243564 3.76127542423911
1.85550565115964 5.17220405427084 0.437494872541721
2.00464711680233 0.390263022502853 3.22283500895621
1.56408183629625 2.62293057130606 3.68545732173651
3.23471477105626 6.23488647766823 0.997785694984488
4.31236982033974 0.387058104068589 3.07894536447124
5.23880363894839 3.66486884396303 -0.327079348482389
2.15495425560757 5.5170460987733 2.8041389800774
4.40090433532571 2.4628974551988 0.194180202232309
3.21495426101375 1.99878748046684 3.33842407557713
2.60792936714134 3.64358874907875 0.516441121982486
3.35933057060253 6.8647090590689 6.57475351588607
4.35780440874569 4.93791905942199 1.91100792299501
2.64230875543668 2.81839019955533 3.05553891526874
0.996810124609276 0.257812289169492 3.68548884703842
3.83174145436334 4.6054856020467 1.26694659978079
0.934775675769771 6.6712014083005 3.31357488832996
3.32604561130747 5.74076673971147 -0.456991962091677
3.46394449994289 1.28850891078989 4.56985234070072
2.84994985232023 3.56101401829037 0.917734231806461
3.30346238358312 5.8926803159524 -0.0101542862172127
3.1434998609736 3.17559342091494 0.479732838328084
2.51093410851137 4.98803325301388 5.08253060971888
3.61553112265853 3.67869687735954 5.28716740753193
5.01058234205164 2.844683735464 5.90762571198054
3.10272252026839 3.81613842328316 3.96502823476332
3.65395246185968 5.70839404384756 0.701618639721117
4.60152757611226 5.51189363061487 6.69379057935215
2.68605499754053 4.10214201664965 0.666753449887783
3.32697958961954 0.388313631300156 3.36041241941927
2.64620158012301 0.503896993823167 3.31731353671545
3.28058332563945 1.00224596449884 3.64954852977698
4.42825020620843 3.90479475410369 1.3739217157269
4.7531644744134 2.91717750607731 6.00851109835951
3.35461095207815 7.07678683362369 5.47028554807982
3.66309141913366 6.3400051478169 6.44864933479847
3.26174131884916 6.03717966034102 0.183458937015503
2.76060474892146 4.89924634250737 6.15002954247
3.18044053779171 3.27920181096995 1.27651232011675
3.80690421533016 0.334351244651129 4.41787426764668
1.73022750013292 1.42267033525387 3.68404735523902
1.40140845835362 6.91387892191819 1.30488256769661
3.07930342619659 1.7020037606408 4.6810890855971
2.63432508168626 3.26078878961158 0.510367269642894
2.00617971883946 2.35924933921057 4.3789334669746
2.66408216465121 1.86178592061018 5.00975779761523
2.10421509980409 4.5221767649278 0.33650554033137
3.24551696837119 6.70538433788058 3.77331064157124
2.57415648924786 3.92717988689612 0.951878619404753
3.00399307297839 7.44941579355756 5.60847158148677
2.29549240262475 3.99216837280808 0.0713169380168474
2.4459001288614 4.61610295942347 1.60599645581059
3.45423055324188 4.45661369295993 5.73608073725831
1.45413157418036 4.05486160886665 3.90411445245267
3.03011532531357 5.04315766727043 5.14575244511146
2.16149663259177 0.276757600103196 2.83126144523251
3.91526580409877 3.62564845698941 6.18794446763611
6.0730423138146 1.16346949420543 2.35860153582367
2.96891628078107 2.2491411271407 3.97783777653218
2.40908675781345 7.17822102609304 2.14758803972958
3.5009019105754 1.85455602391838 4.10217295350265
2.14291159727668 4.14318714804157 1.56635622915205
1.39528145761811 0.565047874916492 2.83402989618123
3.36832851867246 2.89233308317762 1.37403708883438
3.67027400119711 2.16687919202845 0.736916516092475
1.90619162685899 2.80068721396848 4.14039259741466
3.29517103425786 3.20293801986692 0.944465588814524
2.45494698202129 2.84884448491349 1.3711620247984
1.52100815119207 3.08767796151761 3.95706057325923
1.32537630972654 5.93908449620688 1.06555111938444
4.13333728731878 4.17446520765127 1.29579800547471
2.76923927598793 6.32204615987584 0.296649892796963
3.80082534929643 4.81151795805609 0.201857787038397
3.44096632458863 2.89979913668116 0.165376881139766
1.94476982577626 5.5828252686441 0.948527528867406
4.18743354423277 5.34791640106734 6.18413808832015
2.0853961174043 6.06581252736909 4.10880623144142
5.95186900364691 3.65551953882567 4.51230659337518
2.61292966970012 3.36738578956204 0.194276009494459
4.46674056755615 0.774391834652975 3.84350803381319
3.62389201798802 5.39635132102844 0.907877882395039
2.46251862566508 6.83672894443373 2.98239072133119
3.12489642915215 2.83669790067735 0.323608537966204
3.7478585504873 5.92747423720833 5.04189448472814
3.95400101148569 6.8942197745002 1.22247859750577
3.21002878749044 3.03447621897054 0.911314167100941
3.01414669938199 0.806970689800417 3.87676816563116
2.09063277287653 1.83265664591961 3.77174427853509
2.75352220947018 7.0257197818851 -0.318552523730636
2.51727607882325 5.50973931318649 5.1339070452167
2.90011064882085 2.54504735968765 2.52071779731467
1.74731703721599 4.21070369290939 1.94441838086795
3.06030765684313 3.6425793492078 1.29531996944905
1.12531565719057 4.93249440095421 4.46805115111547
3.77007410912746 4.70238189156731 0.190248856616203
1.01991915385177 5.3550835331151 4.62703293672014
1.69190158528935 2.90229259910186 4.59249403153473
3.66535854896927 2.45422046845478 1.35262068794421
2.12380654344766 1.09294077223426 4.62717694179102
2.79173721956887 6.96274535800962 -0.0181400477315987
1.70141420063135 4.37145014935921 2.132963795227
3.90156507550805 2.78873217926386 0.678999706691333
3.51124664735208 0.637299773967637 2.78601293031844
3.86250855371568 5.12506149330705 0.00617833974471214
1.80237360745619 6.33342736626534 1.79013732369952
4.06779418209568 2.89181322976903 1.83615594464985
2.64309153107664 3.69812037080477 0.766717128400208
3.49031101180764 0.251464772676596 3.31445577742418
2.44256434365362 6.29525463421983 5.31442952489804
3.99648476042851 3.4163467918409 5.93590921987835
2.97828437811286 6.70102985434684 -0.047119747338836
2.60327323922927 3.64503988101407 0.674949246754607
3.2590007851285 1.56871300839842 4.93076908064557
2.51752105458846 4.46758038845602 0.716392162642213
2.58737681167706 6.15381012745286 4.00390403512324
3.41165100705585 3.72515975711386 4.63565897188721
1.22884867998483 2.97950992185618 4.28081174806684
2.30001777784569 2.99983428127749 2.89781290938499
0.98704543579714 4.65590592671596 3.84246596534751
3.16562847301439 4.90864519947278 5.5615797271397
2.09183864765331 6.60646522899025 5.80158970765559
3.22737653027721 1.59692674666073 5.19126676731476
3.78705870848878 2.89143796531927 1.94463548736403
2.23097012885213 2.31027167050987 4.99082755795169
3.46990075186607 6.0903867386275 0.280597284470922
4.33925048467945 0.0701700717762073 3.10444087532423
3.2380024943244 0.943953718845822 4.3802548739676
2.03585613916927 5.05175243344645 0.0412335438199649
2.39055248873684 3.49129196862096 2.07161710560922
3.08818513581816 3.45377868238825 0.733734241100405
2.98362704427399 6.24813790433269 0.199878152713449
2.52347051385052 5.36469368150783 5.62231801224107
3.43285380982574 0.292262426251002 3.7203718963921
4.24172708820349 6.39961993788617 1.22779392352739
3.12066201753261 4.74819714219382 6.67982541120817
2.30828740690325 6.38064148045657 5.2760298999405
5.24287989505953 7.21737026508206 0.289012579023679
4.5450815592779 5.0523519266352 5.93302288557616
2.1565523745317 6.92457220253492 6.30597231081017
1.56794198911797 6.01174878113318 0.715725062153253
2.74747224755029 6.2388895695245 0.881655205190775
3.51414653768669 1.38019948056106 5.10626030388186
2.02602521988305 3.19584205378198 3.60235386743379
4.5929229205961 7.04195071992209 5.37585149822412
2.18752122299178 3.92166894873932 0.766103130377038
2.78286570339367 7.34727517966113 0.400512087377114
2.10864232038295 7.07688120731554 6.04518964435397
2.67120733406711 5.56418453375721 6.42019664487704
4.12728068717371 4.39799581023582 0.483572411635255
3.89839649881751 0.656792669630881 4.33487992951942
3.42202127525325 2.97258979148168 0.847646277058585
2.33420206500478 1.85054932225664 4.8737601950005
0.579493944679176 5.78179987174304 3.6936009246759
2.6556538494432 3.45676740622513 0.478043755459656
4.07049660388363 0.513500676464882 3.84277246482264
4.31289870545031 0.608188104568264 3.68307014549714
2.35538538502188 4.55634280996174 -0.00732311658223062
2.27407009561915 5.00370885753984 0.89073903338388
2.44944414633242 1.72385667054266 3.97320024149782
3.74937900175102 2.07490752893991 1.19506392630855
2.27620060977906 5.22846125226117 3.41549091971469
3.60622713231245 4.74274601090169 1.29603923691597
3.07948245939853 0.558034034495785 3.76556545087305
3.1552949262935 6.97773223341809 5.63524152180934
3.34951390627048 7.09308659452654 5.36517758374672
3.79157080097354 2.93364499341381 2.25746316770657
1.95516443543647 1.21944497896402 3.09667600029924
1.62489798111914 6.59283572803614 1.72433235408279
3.3298040201164 2.17504379556815 2.6733020184547
2.11064243873962 3.5038483620473 3.14190598001608
3.70473555922154 7.15489158021202 3.79010493395814
2.69920696441149 5.01874931883841 5.83516454848634
0.721433588711547 5.40883700026648 4.06353605872914
3.53394818693427 2.83445772346433 0.963198652744845
1.87811003346933 1.00482851711672 3.50862180096322
3.11822455382499 0.0782270712349753 3.0919708895339
2.56077833763878 6.66983705577614 1.79365142727733
3.49923780473374 5.75946000675866 0.409979221924579
3.33353599885066 4.2805880896036 6.04389325627826
2.40718410739256 4.90189916684472 3.40316677233602
3.1255737640719 1.1254945263133 4.16011490172328
3.48338587186446 1.49116888309178 4.08761544261447
1.62960315732271 7.24002013279893 2.75741334886586
3.26303883369589 5.02721207748896 3.73569693010288
1.40149271053284 4.8766759763142 2.85749989796932
2.11585382772029 5.06864378072013 0.222124424623254
3.27676947267114 1.27403526866318 3.72152500396622
3.99249571133721 0.138344439416366 2.88088328011068
2.73443940920453 0.645689597587308 3.08370115628563
3.76776022484122 1.52816875702743 4.09943445562601
1.96741051274247 7.05588948134946 6.01874058885672
4.11803132924669 3.97836468877731 4.2088553683885
3.9162146730654 0.85818288862917 4.21271338341232
3.19102818260763 5.07390668717607 5.3373004140553
3.11872021424095 1.89106103667639 4.3906870497362
2.5043750889334 1.60865990939067 6.07158277041258
3.75560047410625 3.81054392783558 6.0226595193857
4.27840136663254 1.06931341674293 4.39169129308296
3.71681611468222 7.22357954849797 2.19811409665937
3.48480130992624 5.53934372439748 -0.352283978951594
3.00762466410791 2.42751008612133 1.87301150925855
3.43212454761685 7.42082254194366 6.39804452063762
2.71677481819569 7.02649570052577 -0.106894024335982
3.70581867450984 3.7402475266712 5.855855733001
3.53203379547448 6.46491625895336 6.54349013485882
1.76442924511203 4.14612296949969 2.78808788293233
3.48557151600112 3.64255629880005 5.00448223110427
1.98998414953409 5.57534415773438 1.65485388672869
2.74939637791205 1.35591720454842 3.22800633709614
2.36212822182319 0.0111146487105298 2.33451460109578
3.10858127527879 2.1867776357981 3.30712941734574
3.56500540982483 6.66145332004664 5.64283742447009
2.6852228998678 5.37754688635174 6.20204178973347
1.67371068559795 3.80869129958232 2.70577000269761
3.12211625155479 6.34447343059056 0.749026117265721
3.06365195940062 4.02040629224309 3.81230829030106
3.50621094061543 0.520455697399761 3.69038474167456
2.43324145258698 1.50057828062865 4.40985929280787
2.80372433408561 0.701355210307369 3.86967742463903
2.40608869538521 5.17435354339195 4.78888334234534
1.70313501890075 1.68543240163699 3.61346446414331
3.48008373024969 1.11900227487089 4.02937221710319
3.4086962915307 5.24681745267019 -0.224842001419284
1.3509876339394 0.675550571902344 3.05822183755999
3.06534796676314 2.60192447699328 2.14801945758455
4.13077665114061 1.72053418857188 2.96203996591495
2.02940684948206 5.55531008278808 1.73725426756185
3.56345778468921 3.53835866087216 3.94243737211699
4.07934955797014 5.05854539036324 0.629095064012542
3.28151350793035 3.81794806268758 4.20575368833991
2.71548744743734 2.09035220296934 4.07318607768235
2.26499630909409 5.02226216112787 2.43574983406151
3.75508674216747 1.65070190888957 4.34194788003843
2.68851061098191 5.70787002201887 5.30439203819019
2.26166784622087 2.82787041942471 3.32486381249698
3.94538790706313 6.03718525076415 6.27753711024436
3.07803722303355 3.22850574539968 0.506422414884197
3.56484455509884 7.47409625187249 1.78968302472498
2.40242273070878 0.859169333934362 3.75744899757365
1.60033659545307 4.98690287452746 1.76884951093831
3.45469093655556 0.488964362389479 3.32805071831414
3.02707817725167 7.12359787485926 2.63548089928182
3.76386308801198 5.95498713708973 5.18684473556637
2.85736507300629 1.90808891393265 4.93253534689416
1.80980967116781 4.44384306603175 1.49426276383522
4.39534296565251 0.722692372149501 4.20078398302613
3.95885579722994 1.58453209235614 4.24844306966442
2.62654088822127 1.44720678491375 5.47401210085859
4.2172086716929 2.35249065910253 1.4338392980282
2.43125898277295 6.50700408080868 5.22446884922092
2.34196430999709 0.971703693260819 3.98503167520546
4.12338350867087 0.279333636674436 3.5145804985637
2.650703288173 3.56745978580765 0.813574297205593
5.72496114185568 6.60827633807733 0.324644817127804
2.91351178072854 0.127506212437474 2.40484582873828
2.10779614384138 3.07061894443499 3.71300913068571
1.40291307902017 6.21088756323874 0.40415474032268
2.21519459080788 3.98273082905181 -0.236215103592718
4.83091071700544 6.15643344533373 -0.752104499587129
1.70860914405028 5.49732113956624 1.00570672854651
3.01646951363658 3.66690207434053 1.35153532495374
4.34064153738725 4.85765080004851 0.878861410366975
2.75576548816061 6.55149376401952 0.688698758197061
3.66192896484988 2.45538169329349 1.26905196047452
1.24141103978083 6.39010873043493 2.0164895670351
1.66998143276197 5.70116308867885 0.549719999107735
2.04972026349548 4.24671831824807 1.11052769891404
2.73919693463722 1.19469501470716 4.10645754954361
3.29751965703504 6.23295966603761 0.304970790750251
2.83066069809076 1.29793198568301 3.20403873473334
1.8026090189858 6.70945420276783 3.62854318517413
3.89962544231777 2.66327441162267 1.3973954545768
3.01942636715086 1.62607687805889 4.6712113581767
3.07651282329446 5.28667494536744 4.67112438151155
2.41566891364787 5.36811971013615 5.68491257731736
2.96084698195214 1.91824522867832 4.18623102678331
1.84520713583054 1.90817185231874 3.34290617593905
3.62777304336806 6.936637946931 6.47719821197266
3.53111204869308 5.69686216035767 -0.10301315382701
4.01495234886648 1.70330470264417 3.9975957406468
2.37108380536994 5.48746252180638 4.68433006042259
2.24564504616653 1.55236525077971 3.72686503592685
3.41938809640586 6.591944513726 5.7577910793228
1.32990749202183 1.868777076142 3.52921419788713
0.829542814896048 6.6755030746768 4.16501849131901
1.23922779737288 2.81408776746965 5.47026358224874
2.81022653850253 2.68761205028213 1.71700104169489
3.95018959692935 3.12710293047868 4.53730381071104
4.53534694230508 3.47916229599752 5.76251767911059
3.34458071962335 5.48675089259257 -1.04353757428919
2.71532600125537 4.12382581765233 1.53954733554062
1.18920956168318 6.00003141562219 2.98049105526212
2.76227203650483 6.8316918282852 -0.338353164733753
5.44006090800984 1.15954681416771 3.84791689642279
2.06804758152247 1.5964811205792 3.70992718103812
3.81389490727812 6.80625523468399 5.73560769906513
2.11886091519485 3.62031587833962 2.17189735353168
2.57302407891126 6.40169238678896 4.1678116677776
2.72557461375191 3.38396418506787 0.648067560423975
1.34281305370351 2.46436786714598 4.77200231283943
2.67874887630997 1.36902428522032 4.52321136567888
3.10087236228936 1.76180813653184 4.77498970615042
0.944313785042968 4.04074207116744 4.05142280455815
3.22158447043803 1.09234703469146 4.19005862295565
3.83368663158277 5.91461297203468 5.6104169390059
4.87196472076424 2.41064203901236 3.18506389900785
3.50468497667423 4.97186407018268 1.19187892874357
3.27804257938419 7.3406063757612 4.82452735123523
2.92265067124338 5.46204162246683 4.58662845370595
4.12630926306019 2.17063848499735 0.761926123423268
2.05987376021863 7.02372770361668 6.02404927606863
2.22840922647186 1.69576421004521 4.68004050364214
4.71542668193871 1.38690375012242 3.85832941002287
2.16824770754302 4.57813672245809 0.643070835355812
4.95803747975261 2.22399367762504 1.12115826925332
4.67077463711982 6.54251678683417 0.663502076409107
3.90346633842533 5.05126264638298 -0.00980919544604955
3.13963738549259 0.108142347411898 3.21161875559177
5.13925721176957 5.02127914266652 5.64929929971462
3.69643273542291 3.96921516109127 5.57874365692774
5.47549797771281 7.22464119743232 -0.0499852059005529
4.63878041652284 3.17930970905778 5.12781706134685
3.36577648504598 6.98866871317419 5.60332647506485
3.15629004815745 7.43248430694123 6.76189161478936
3.66739307569866 0.521448248937907 3.50160603451824
4.23604703559682 3.75667057587796 4.53387944785938
4.16356315533472 6.8196856142146 0.0225485676475697
3.53419531910074 4.7757741776014 2.31712591457696
3.12620872875638 3.21886311697877 -0.0603890583004781
3.04903068399065 6.26651098407631 0.306980962851177
2.68125863191779 1.28839099111178 3.63720891338523
3.76191749038402 5.6238075828359 0.808662206252456
4.61369231103858 3.94841763132436 0.0454301408032663
2.99559098731112 2.35557444706357 2.79615549209219
2.66476716849984 0.286524512887232 2.38932995653026
4.25978671724474 2.35363294486758 0.93283492476174
5.0745896304553 2.39269448315982 3.8918759469172
4.24075705582719 2.09424619355272 0.223113578823351
3.50584563141836 7.42173997581109 5.62913233766518
1.88089321943493 0.622613977432464 2.93492969832865
4.44729392855763 1.09688634493684 4.51537528398319
2.01191844558085 6.29977600607266 4.50825886669055
3.51376391089226 4.61217110008078 4.46847736353021
2.37357572877256 4.1770457831507 0.526032475741561
2.46699009249267 6.80588861738801 2.44317003344294
4.18779468179194 5.59136770248849 5.25419306127906
3.38964033434365 7.27818290972633 5.74726005307423
1.75006455425174 5.44272001000113 0.430487629746724
2.37594789641876 4.21583019221987 0.322249499447194
3.0525010462925 3.48422461507039 1.27351458431525
2.44677875288282 1.89493383862899 4.91942084839051
3.23244433226627 7.10740501613449 6.09596700174137
1.87715490040426 0.470193361861623 3.42325850994252
2.68871086395321 3.1734977028352 1.04556604941733
2.18252956813066 4.67972676337024 0.898458842470824
3.98785300693596 0.462708958403348 3.31472317376651
4.75817399739894 5.84969451444669 -0.552177287589625
2.71857891871029 0.695370597378541 3.3291629987016
2.18150899569288 0.345053506228279 2.46413719228843
3.57758316266532 4.84942984654791 0.474210381100466
3.14129213816599 1.64302954970458 4.81026468383971
3.09176335847841 2.2375105048849 3.29383413923256
1.08213760090255 5.52142926794428 4.61385252971441
4.52825227807888 1.30148955744654 4.6550779889919
4.237708050263 5.0816428682927 1.71875202531374
3.0204036581986 0.756740300418389 3.37917723366248
3.106927429938 5.16028280976185 4.65277570909477
2.2668865911164 2.89309690135874 2.81343003118444
2.70355043726825 0.304310253534186 2.77602444218154
0.0852138278735666 1.62861899448889 2.44203795126088
4.11714911971674 5.88282589513227 5.58480088119814
2.50966061388035 3.40021207489709 0.754559410754739
4.10854009999674 6.10545855707403 5.91291142324081
5.01681610462696 3.39797101313355 1.41197177651022
3.29882270880088 5.01049989386534 3.25677212056342
1.3235393315983 1.49897033645518 3.21498756689202
2.59697718501795 0.595899387927686 2.61585729794224
3.13669336534601 1.81090632685396 4.23827085579745
3.60621163390744 0.0215715624518547 2.69402070599663
3.26697894376691 5.00355499287779 4.22436853196213
4.00041491641891 7.37726735587498 -0.166121839238059
2.78676836039024 7.47087490560362 -0.749819893215666
3.04723076928198 5.99910369301666 0.355838127027243
1.87956886896159 1.86962784073822 4.38131255890907
3.66960908891032 2.60932182376005 0.084228160827323
3.75386896596171 3.72233690296093 5.14296447510879
3.79718504806549 6.4059945961557 5.79764955148795
3.203449837416 5.7764621035201 -0.109906283809473
2.24549755003394 6.94424415685195 5.24036147259298
1.94593052604638 3.78093899196611 3.10711015743672
2.43027213981996 0.679365433461649 3.44233281477249
3.54395146740998 6.16244422375969 3.83008860131143
4.01824506517992 2.12080903286963 1.11229318427398
3.54379630754648 4.45073781840749 5.2096473077694
2.29411417395789 5.93662863643185 6.08457950324014
3.64369066080583 3.58950977064461 4.3382664863904
3.68881577239096 5.79444162719998 1.54665543261513
2.54214990773518 5.588549495346 6.32672386527993
3.8736299443759 0.517943072789368 3.77892158827577
3.44548700016091 7.17971155209163 5.73947548325479
2.79772059308796 0.211875461361535 3.35601317566373
1.72568004484505 1.89160611944648 4.49611720026854
1.93679595077366 3.12508532217176 3.81991205703285
3.25999915229407 0.195334253828573 2.97343049498593
3.8621576398503 4.43888964235258 0.918306519372544
2.72398749380026 2.07635762366377 4.43905928524823
3.06704607396819 5.10137480499194 4.81203988296881
1.17866897564769 4.16760919741127 4.64452945607824
3.26226748919978 5.16708622994372 1.61530820076582
4.12987302658266 5.16006431764598 1.72954918453225
3.88688094997373 1.93841708079199 1.15888072674781
3.38894568670819 4.73145922020739 5.47576354522908
2.80776421612888 3.91767957463527 2.41672391039306
2.08499304403499 5.85732087427957 3.72254292420298
3.86903721908235 1.21984839399678 4.51658381085686
4.36119992627446 0.949809386666646 5.02114463790868
0.707319558754603 3.50364968732437 3.5075005087626
1.97318313586182 5.01729812798787 0.9635256548547
3.07918518048539 0.296522611865491 2.64957327215246
2.15475461538315 6.32958028378041 5.98874348755762
3.53199603349724 3.60467970270151 4.39944827862954
2.50930174226605 6.90926776513949 1.36497164129388
4.3842010186978 0.7474566920067 3.94736247362599
2.5118582705845 2.00289043208211 3.97091246492875
3.33588083329081 0.925054391550693 3.64671209520595
3.51895939718672 5.26834706157582 -0.268059546852653
4.63751652307294 7.06220193044223 6.64175129340697
3.83702863798542 6.34577420858469 5.81726710080614
3.49025621923565 3.23982556686873 1.66978213702944
4.01984407189347 1.63072322918723 3.59675171877528
3.17350302271575 5.86522300683 0.230016157199223
2.43244531209317 2.60326625077421 3.40543550940096
4.41986766022125 0.581359599635387 3.51482230092022
3.69530841005199 6.48142769304954 6.43694813535129
3.1954222036442 6.32335849378608 0.334706560250151
2.29190508265107 4.75975574493524 1.38457135055847
5.12928636617723 4.72158333767413 5.0062391938358
3.09599725736629 2.06184857326277 4.61415930217018
3.57240164862572 6.10895230737876 5.08241597762537
1.60371158901153 3.94839947472698 4.12693709453861
2.8708828808496 5.16080604408626 5.43910334713856
3.10278526241213 2.81065184367691 0.894583001323242
3.63420224112045 0.569495614484739 3.41959487949945
3.25314213474206 0.924544177895408 3.92356868862468
3.17665650510929 6.28324715979395 -0.371123809201854
2.57946214447446 0.340175811786392 2.94604951182126
5.16314289675382 3.12887020495633 4.61070854256977
4.89824023072792 6.36403474299226 1.81456483193713
3.73223521903515 0.451192526519396 2.91167564978746
1.02672060041071 4.98088091254931 4.15073532808049
5.67985008120082 2.02643319129775 1.84388624163991
4.16931729094862 3.87182084614345 4.75821315564151
2.37935940446348 2.46694849548392 3.53137148903697
3.2838428988769 1.84096999335921 5.37581117865979
4.02499365417413 4.20629475563859 2.89548136001899
0.720884890252048 3.73771662190173 3.71581534050178
2.67327959885622 2.81641509590649 1.59823752558774
3.31973170744722 3.01966356284739 1.4861119399381
0.613002101882551 3.58094026810564 3.18616034640536
2.56296996963304 5.06543753472368 4.80339783303381
1.02841700650289 1.22704458886817 3.03781163161608
4.15797807825572 4.46406436431836 -0.0290103898618737
1.68553158483646 2.33054301080082 5.30083016943182
4.08017683888464 5.81086344206958 5.91678949268958
1.60620524324256 1.16634611306804 3.43457254380985
4.76780500260853 6.43465760560248 -0.227113574245332
1.76730940188092 4.37155623293933 1.56408164929308
1.06056910545054 1.15893079935805 2.29133704713937
3.64204104834525 2.14599691448106 1.46564448057954
3.8918236098439 4.86893791166513 -0.632151863292267
4.1602475801181 3.42398373817214 5.01307571565032
5.35279869505036 1.87031696235606 0.822998752137496
3.80420470815656 4.62500110952041 0.6362970897766
2.75909034499657 6.02505060423048 3.54323722892711
3.97571831033089 2.39717726812894 0.418896350500557
3.36810525635359 4.34707351866629 5.59893499389635
3.34709189492372 3.80439538124048 4.5410340468464
2.71503483761335 6.16527110596674 2.8452739022847
3.58489106564793 5.61588742479663 0.249409801263937
3.52267782505817 4.21335076335155 4.31913538939238
4.07108788226364 0.729775466789304 3.95486961877625
2.79686256908252 3.42756118680889 0.939044518241387
4.31514743595844 2.35275943438775 0.0496838642008883
2.47928549345546 4.98119722787616 4.00138226919236
2.89430445275359 5.28369031930078 4.34920431529911
2.39873201209684 2.84071471186829 2.76860788751543
3.50608133944381 0.746066441164575 4.13444750621613
3.36348212678701 6.45502062308939 3.95328906515817
3.55315199492151 7.09890334316172 6.31943181683254
3.02941957943339 2.61126687490813 2.0103851929802
3.38115841269921 5.37095719124127 0.607946295023142
2.84627130580199 6.0696915805951 1.35299891517508
1.52756001742563 1.472714333185 3.27453129562092
3.87205634424102 0.369252327420472 2.77466752673216
5.27849923844808 6.19793013313049 5.56629310260745
2.40615897738113 0.437503509324804 3.57316836909203
3.73149256256147 6.30507893149706 6.64642558298433
3.33556965124638 1.56244154670413 4.47166081424235
3.55531575738301 6.02209585662193 2.87070398332285
2.90927179658301 1.20436363629067 5.03564941181388
3.54627417070404 4.86951809630715 0.646284290221559
2.88997581213299 1.88992692075594 4.61470024954025
2.6965743835247 4.78737498981742 5.33560313008936
3.7205617615895 0.493684500049333 2.93072408746795
2.23032356253838 0.971465044234408 3.87948807599506
2.91191539731391 4.78812307931416 5.50380963820496
2.13557165242096 1.61082475508161 3.62591435371092
2.94566899829945 0.877523820099555 3.9163044673719
3.27654081536912 6.75278530369255 5.09470419860482
2.46104158024384 4.4868809112234 0.891828322350956
4.02340359245933 4.13696617297286 3.22480351693974
2.08918197943661 0.413316347982763 2.28163790965292
2.15810906494872 4.46336810197726 0.277446484548323
1.90411753553544 2.1610819897967 4.83058103720999
3.06943539131395 3.21033131018423 0.478981524016963
2.1593412836819 6.15805692115901 5.11942590292716
3.39309748878942 2.03052928754518 2.81111749374221
2.40673709988553 4.49620297882628 0.738644822497486
3.73635427171422 2.1987517454204 1.44680754496012
2.9259198497435 3.78405844958212 1.71320891087742
3.19546489151391 4.0137304471484 4.92575802636621
2.03783188261591 2.17456697329085 3.74895723152427
3.91184031355002 1.55518399615813 4.38230010950558
2.83357981241201 6.94177591323857 -0.156609482399296
2.44182259821431 5.16724970385338 4.31262663692477
3.41666920991345 7.24031653043274 5.774031742606
2.88283921243204 0.461649053194031 3.3924358923321
1.7604610207427 5.49441915616826 -0.100896410055556
2.19147546654823 2.78917086350131 4.57031266685158
2.77306189645714 5.44181990273687 6.59587395209167
1.90305030440348 3.38650293539016 3.97456599524748
3.84379984405764 1.90413580318623 3.45638986831807
1.77787442184759 4.91287535889717 0.556757568274189
3.41191893099228 5.29828328792609 -0.245307795986359
3.41248804913863 5.35906468184828 -0.170095480174176
3.11358156770606 3.3229320895475 -0.166184138781501
3.94692840560614 7.01985642522449 -0.251390726847588
1.48683287335538 6.20066028497989 -0.511595503552326
3.52173573948939 0.424185666199225 3.08033107218539
2.75585826578852 4.89458792019867 6.73205674328817
3.82157846515645 6.28058521138479 5.96408207300136
1.53363198368184 3.02423595154322 3.66625185269931
1.62965785616495 0.591705870289432 3.13935383901186
2.41103648575505 0.577099308531788 3.37118706631931
4.58042606002312 2.85017428768512 5.97666208775512
2.42093998302028 2.47811977576458 5.35274797415607
2.63002503160273 1.38659497218104 3.65501697638048
2.80970534827328 3.20618767837122 0.502520285480593
2.37259406936378 3.45837815389893 0.836401659787412
3.52502140829169 3.87844139197293 5.23532798694833
3.06258920860537 4.83221440779394 5.91229754770714
2.51869981994669 3.81431114203088 0.253658828937962
4.47495915979636 6.63810988344121 -0.676989601277371
2.76787041548156 6.71344940647167 -0.417882332149534
3.09650780332397 0.375508490286021 2.66523301909566
3.46534144146849 6.54735326467328 5.56118778383772
3.07364166850773 3.90181536267522 3.12023933504357
2.24460107085697 2.20348515903811 4.44238709990631
3.5941129384263 0.707250641281793 3.92138779792595
4.11969018016195 2.58223611985633 0.0867467289951538
3.94166959437815 5.77846516455253 5.384522740651
4.57472374588312 3.09189143197198 5.09989890246584
3.36629080810802 1.63884059133024 5.22939741293896
3.94388204749803 6.42706471022118 5.89248393784639
1.34491645440411 5.652341633422 2.63570081447213
1.35217922974253 3.74947075495236 5.11413026614438
2.17627775445728 4.24389423829562 0.040095418158156
3.5058407628425 1.86843303303911 3.5017756668394
4.44587331453536 5.23906032199583 5.33198650292492
2.97593023500816 4.33845183056394 4.60641352126251
2.43910958214766 1.12893941798088 3.98307795602662
2.31168220146961 5.24467594952724 3.24423162986606
2.02304082968053 3.99157957675631 1.65641261785444
4.05631802831396 6.97546361796041 0.04021080383204
4.46297289579149 1.49072193717443 3.29795076809174
3.31908217450459 4.23037823711626 6.34803942607155
4.5423063441214 2.78673770058626 4.16475680222819
1.84511547561434 7.27922511989892 5.35430388521549
4.49013443107459 7.47273741774271 6.20568629372937
3.07776608179311 2.51106777180442 2.78261877032717
2.49887613040537 2.28503057374665 4.47511966904528
2.522205422747 1.30926769431595 3.27774961455054
2.67724117991936 6.12567813058857 4.0513588991792
2.02238183851504 1.85618405063799 4.21924892409638
2.56640234230255 3.45845184781944 0.886248277599182
3.90077311692735 3.66944622579393 5.32884094182635
2.61376810898228 6.63222813803793 1.4852872488951
2.98295904013832 6.3640161236976 0.158462735180763
2.75910524240475 3.3248879865864 0.359620272112163
1.36646378332464 4.5739335767251 3.46763227390767
2.62863430610222 4.49892045326484 3.26496574134787
1.83644574543553 3.16185107203739 4.2050872471078
1.90665242193073 6.27618447633303 3.10406610896675
4.49312920823475 5.35507472575752 5.67186393756729
1.5170439064812 0.737367588777472 2.75184605283523
3.20106169277619 1.63198551684155 5.49475040168284
2.75977665875965 4.99936285913916 6.17864085142553
3.87146368609866 3.71071465117477 5.39016577733929
4.41730592219808 0.151447156599844 2.73192164889721
2.39936553422843 3.95001086269371 -0.060513561983078
2.99276058410827 2.10327688523253 3.85357367496489
2.70618815495866 2.96936848742753 1.06570897773691
4.08320117833624 6.03699908300234 5.51246546628597
3.42435598486867 2.91167181394674 1.16580569418289
3.0099610837399 5.8928815345457 0.0927508913208209
2.83781498806239 1.62274735422741 5.21745142567105
3.41723388616804 4.00023191103909 6.39645283883119
2.71648478228481 0.875677589340833 3.66262776846278
5.75272609805489 1.31880215561607 3.02513960929804
2.18811179057516 6.29832600450755 5.87208470914867
2.58888194239851 2.95161397139139 2.4542302856508
3.91823350441852 3.58207585855897 6.36041227885353
1.54609896107259 3.22637554934737 4.89486623231609
2.63165402928464 1.42534647426265 3.66351483235948
4.54570642500092 1.63663950401584 2.60121873883866
0.713745234964874 2.16534815598146 3.73882890484295
5.05851082177899 0.674023209642133 3.24661786907844
2.29746911314028 4.85880550605049 1.35389876354359
6.04493688686849 4.75211743605878 0.172659136277418
2.39055738812442 6.77348195666718 4.8876537106704
3.62552659632071 7.39160636790115 1.02209709345859
1.25698069740881 3.73191751045992 3.96815901538075
3.23793736562443 5.75940918949763 -0.357590861980186
3.14541213967375 4.49120360930056 5.82959774225457
1.7254292049588 3.23470662171226 4.30997536436042
3.08261483503038 4.00656615633543 4.59948498338819
3.14517337550124 3.05733547597984 0.821329789410955
1.45908790784655 0.916508974722237 3.48023708762993
1.72064898184572 5.05893982818004 1.14636018383565
4.97312733540111 6.44489240428624 5.77887397300896
1.78600661867801 3.03564206828467 5.04616393829185
1.99019419154173 5.64190208041631 1.15940123638794
2.24644923059758 0.626805892674724 3.68870760500452
3.93840291999861 7.08873123959703 0.170191775030562
4.04346261909456 2.05298286288821 1.93982075270697
2.61829962836588 0.619429456703597 3.26112800403771
2.5969953017051 0.669631480202481 3.45424944767278
2.79280618653509 5.43509978112321 5.40714226991009
1.29547614773428 3.8646431240206 4.10325439766825
3.14424634845391 2.60637647325673 1.52164690438297
2.49822838843182 2.80440255213796 2.75714867152509
2.38870633985192 3.14237420385454 1.61538160462931
1.79674736504462 2.91776153214038 4.455838627195
3.05004625462179 2.22846384153424 2.4893578346088
4.63417936796637 5.65600121647222 3.28237409641682
0.62041301136592 2.38053331694948 3.7494621099783
3.37401789980364 0.868259597465274 4.05124838341699
1.51170471230493 2.02177954422352 3.9843059548039
4.70753498269481 7.099943269009 5.55777897475695
2.02137847894859 5.74403611910058 2.61555073661715
2.57725942410938 2.85477776954511 2.19878854843265
4.10195731255465 5.67848469845218 6.46061093583821
3.16542825889968 4.91670210251676 5.73426879778265
1.78119321010893 0.648453685021942 3.43624059122269
4.54469434185544 5.45459840494308 5.59906443652734
3.88406772547496 1.18832938789506 4.03993118319832
2.70133790699379 5.94388425884881 4.98211379444516
2.96873230388865 3.03941107943695 0.350488168410027
3.53186683511793 1.61299504952411 4.51522550118591
1.69710222605046 3.05723004944452 4.51964987409351
2.86218612269513 2.41125543476139 2.58735051507367
3.2069536519577 5.6020325467492 -0.299914462011114
3.44650450245799 4.73526309899392 4.54394751254736
3.30063973000365 1.27610144957594 4.36658472763291
3.08680874904781 0.29732085943514 3.85597086334386
4.34026256890141 6.81005265493898 0.873380375138994
2.93636367538506 0.381386260648311 2.86074389848229
3.89346841391464 7.45984443021203 -0.467004090646024
3.27165762459054 3.18490049951295 1.11210052199821
1.91551059101975 7.40190141826338 5.10856228071802
3.01856368767395 4.00948328979858 3.39489185058988
2.38455011724282 4.09730688541615 0.649673856014823
3.27983730283957 0.638146857021654 3.12614564394488
3.35492108411182 0.343446046544818 2.42988709665603
2.93223461147314 1.98302753108554 3.90589737055345
2.59501414116413 5.99304600023833 4.83154007497596
2.05985421629189 3.733989054825 1.50014463188525
0.490869996730929 2.76233291337647 1.80287568470853
3.11488776041898 6.16033575072477 -0.329451982333633
3.48727529267312 5.26134200997814 -0.652974510300631
3.38779673673091 2.06950853929578 2.2972154158659
3.41842371257376 1.48502361852662 4.68376534616807
4.63125180254295 3.03485115413451 6.52176423399435
1.52549794950255 6.53710105367176 1.5124597540275
2.7739174763241 3.70661274851725 1.51417189057544
3.06318738882162 4.63503355206948 5.74925846603874
3.52386923551019 1.40615187108157 5.52009588316403
3.85112709122306 6.18341102025063 6.01293923232229
4.45442407159934 2.47454463390983 0.971296720231413
3.49521164503833 3.07687493301135 0.53936496321674
2.12616529923828 7.29604270054669 6.01342114387052
4.02379798214265 2.94492326783049 2.54036020513227
3.30482716052614 2.24822250165898 3.15319345807998
3.40225575816008 0.919337868689817 3.16757602766095
2.39845400994316 5.10116967825452 4.57323250661093
2.41498974516554 5.26446957539618 4.677959987264
4.68699808881379 2.92144128589266 6.09040710452015
2.94535195149208 3.06006986703938 0.962481254558734
3.55011107127293 0.624116467237632 3.50342283219402
3.33260681006282 1.88737254525371 3.71726644616922
3.28424146193389 7.23664536122802 4.99378828105174
3.08960172387774 0.280424448799768 2.76489661557299
2.6074722387288 6.65133884585802 0.986430605382707
3.00309776793027 7.07013220760986 2.04714704927244
2.47766967414003 3.67044722830184 0.66792224516235
2.00129038005958 6.43209610365524 4.9691949595378
2.15296538409945 5.49670704467698 2.74976488907715
2.62689563699999 4.24916646274465 2.19026184311792
2.27191460951118 6.57214486819035 6.2725601524356
4.07640099551516 2.99657189132388 2.80994424447239
3.07254589191308 3.87501797153551 4.25879741171385
1.54305430353018 7.45814770152046 2.1203507308473
2.97838486947836 3.80523087769556 1.86044909417613
3.06740777436367 1.12754107798421 3.73263528415969
3.05971948081129 1.94331913149299 4.22452756070281
2.47220002595738 2.24456881770958 3.82516993935009
2.89581743254443 6.13199356105145 0.13046785524344
3.56469575701716 6.92308152038578 6.02427782894854
3.06289353327831 6.0824014847812 0.709947443573759
3.41170958537791 6.97523687467356 5.94921439347219
2.38038021973292 2.80959540088277 2.61860193582383
2.31463690144608 2.06241504781606 3.96372064106697
2.75917163057045 7.46098924904827 0.764859122968052
2.16422728199385 5.65106456889389 3.50566184782596
2.92821704090384 4.82788000260795 5.56723321985626
3.80445498385763 3.46016009373775 5.26938756969827
3.83853683659806 1.07641611575789 4.67326450844065
3.12628399875172 1.35596522170917 4.64335266572212
1.76990338694352 0.827985475670721 2.25430258676757
3.01388053364598 4.07950432938342 3.90407494280982
3.63536705217792 5.08832442474612 0.738479119043499
3.93470250314039 3.67018786916973 5.59507877355409
3.09532431619415 1.36054010138711 4.04649499258031
2.30529697983803 3.04214415356767 2.30117335202345
2.81909506820177 0.878938493758723 3.67190390910696
2.08217918162954 4.93139004548133 -0.45164719670974
3.7679956122124 6.49793575620622 6.67613035950317
2.71975078166422 4.64517517102281 4.57533977644054
2.91250360993782 7.3572613748734 2.39596227618634
2.96726921931121 3.3789455161785 0.626935424986604
2.98540127656911 4.97116105902494 4.9772469295909
4.21354092628467 3.18432186453213 5.12260759834739
1.63186817545264 4.08563792167207 3.22760485016288
2.53741817220727 2.52650033024156 3.73811272368576
1.29144175688187 6.84651664093905 0.859024207797176
2.17273594633281 3.25785013803094 3.08402493764344
2.31131726562216 5.18265196231036 3.67425005346062
2.78900615129355 3.20596494793499 0.511180743434668
3.39314569700954 2.87895814261386 0.521233248755134
2.42922689341353 3.50992202811671 1.15572340164035
3.17164382555368 5.43941273524549 1.12801336259586
4.44939936337564 2.52233646293892 2.27607161869424
2.88775810162994 0.272910229441473 3.57656258901926
2.35470384720798 5.01384971884404 2.11253588307565
2.43039643205501 6.59397482932068 4.83315192151274
2.47350763097015 3.3980288230614 -0.0313881009802506
2.32744600453777 7.04822811205861 3.47270225613818
2.49255042004263 6.36134637143024 5.64240633572303
4.19158425291881 2.43157863103939 -0.290903076534791
0.82178973115998 4.40079968779414 2.90650294851611
2.06857486202256 1.667462085005 4.68631795319069
2.92433034959059 0.541652706404592 3.73254859744104
2.38327621100576 3.66867017111166 0.36181231294032
3.57091567797986 3.30466541672634 2.66688153572442
2.30898052137202 1.46132331734929 3.55127753616383
3.11163804123133 4.81137917886324 5.59290443206996
0.824679571716433 3.40075529540751 3.56810749495113
3.79889638480965 3.78223266277168 5.97275663154041
1.80550018668948 2.53142102796321 4.71670278396421
2.94022683074558 6.15077159962359 0.623840967746796
2.97817666483242 6.66324936928659 -0.996287551074175
1.05925215172001 4.87106499345869 4.40918920139992
0.426605203681836 2.82442323389071 2.61268949024678
2.0367712012834 1.17104256417059 3.28843783619123
3.15830760710391 2.83816173156059 0.765134597406177
2.70760136648353 3.17965540306906 1.00985267899698
1.4776175344354 1.86871573837189 3.41018517936866
1.4712693329573 4.02775761882377 4.17715537759635
2.27877828097937 7.0525063825861 4.81434804767086
2.97856006574748 1.84316638692535 4.11787833927506
4.6462114846197 3.58051881348642 3.69770008598388
3.49592708414415 3.47551428374307 3.51711335184888
3.52823114020793 5.62867817293067 -0.179595381404966
4.30478974411651 6.47354192488017 0.628004526977025
3.82570452546108 2.89154279147439 1.73617044455579
2.6913014180508 6.34247702784273 1.64837360957681
4.29301671814307 2.40732367193648 0.913050641560524
3.07745986409993 3.25164129936373 0.500085847486764
2.74445137465834 0.235800527522011 3.22128604015411
2.75362687577462 6.14269689056569 2.07629130365616
2.62050957158529 5.20545852562877 6.23951057682029
2.83832088803524 3.20162603385779 0.553981295329979
4.53459238982802 5.15062548327087 5.45259211435324
4.46923152769718 6.64876500838709 0.870293683050007
3.05780722721298 4.70060642003917 6.51293289342662
4.83347883141202 5.89891644880468 -0.322278833448941
2.82834261791332 2.2447835040136 3.82206504610374
3.28595209563388 7.10849192388057 6.54075296524383
2.37125168553411 3.66625256272815 0.513445046753901
3.75752666166216 4.13182471103899 5.87675472040944
3.1476563067231 6.54667938168113 0.592462898276581
4.13897178734811 3.21416738370099 4.68359055742043
3.07810018990016 5.98406412524028 0.8703857345912
2.88984052831301 2.9215085245188 1.07790676152912
3.54635730670629 5.25161678634275 0.100023439534807
4.45561635072992 0.18203087289648 2.85283118866754
3.43415134458971 0.910700041721849 3.99063401166593
2.87579149530831 2.41880161212256 2.55866847984464
1.70249270613114 0.418015467836447 4.52877787290163
1.9528412613987 5.8561857568484 1.87512837515608
2.9297710158541 1.99947582460345 3.73206044551966
4.23254120580147 7.09125154709892 -0.60903204367447
4.81621097329733 4.67153799889864 5.77223281876431
0.906651264269859 3.74680322046266 4.43429007856476
4.21626073233652 6.32421563603444 2.25825014531561
2.85614311174324 3.17639133522169 1.29215916866324
3.01110939201086 6.77024799363802 -0.0172132876771545
3.78133737589753 3.42603610191868 4.97753635305098
2.92171452327449 0.541965430919449 4.06906260631383
2.80264782516978 5.50361304403186 5.6713553613232
3.00811711620999 3.06997262084063 0.840250925800212
2.50277434623169 6.22396906886375 5.67819094292651
4.44548847756936 2.77951435825583 5.16886237244658
4.86434280276007 7.48758205115828 1.14137023149788
1.37138383170209 0.516149449199406 3.15423661658447
3.30487862952772 5.45524495424949 -0.0325471935641387
4.35610532365233 0.646791038453146 4.00290983339134
2.05554398120095 1.15052984744357 3.19649836038727
1.87036134328484 2.40698730601293 4.81338880335452
2.81218099141174 3.10885319619533 1.07922895410881
3.32796556411473 2.69896753290867 1.26499348446106
3.93621470239377 1.42721509805524 3.81429170620284
3.32903815182145 5.69450099119205 -0.0416544763657502
4.69935496184548 0.0332430325743971 3.34341470419197
3.19893519071692 3.82568833820981 4.9126205348079
3.73886716627625 3.02777161996344 1.23743174216063
2.49684614671383 5.46138234217358 5.8208921786172
1.84847126536279 4.06940351939829 2.14318679066276
2.47669728936664 1.21875788610778 3.63845973894505
3.30168514423929 4.83821799045959 4.55226004811404
2.89743999960779 0.140417715979845 2.12186929948279
2.40512161815032 0.834587082300795 2.62324695773038
2.46795033447492 5.88277002839817 6.35604882665004
2.83765228427998 7.03870216975886 -0.246643924854539
3.40799433513457 1.66920516860336 4.50389075756269
3.38959849908105 2.71397432621489 -0.622429199656601
2.41103065245168 3.73654896873993 1.35550726071405
2.01561840914612 3.4064710746311 3.48932678798096
1.41940954678763 0.69505536735688 3.34966747102658
3.31522046933663 6.183575482144 0.608650609087572
3.6050383044343 0.000892505459711757 3.74882054413714
3.40957771299386 2.94266581775172 0.562526064045159
4.31029735076345 5.50234074417127 6.42508871757527
3.24371180916465 0.349310325065109 2.78438119798043
1.87769800753452 4.73998921777894 0.285814055720461
2.38596864866855 3.59668429534033 0.866641676152361
3.47788018900063 0.39266863491401 3.11287304804398
4.4098280827181 2.41635565838737 1.38808883316418
2.49395994346602 1.66118152247893 4.89950800261364
3.01777137374874 7.29311468680375 3.65135322046809
0.384939719420213 0.0811430808671858 3.04806562565329
1.82112630071585 0.561722260359244 3.1942807722018
4.26064159180434 5.27035730653674 5.56683336194279
2.1143654265011 1.78102562016119 4.25863772660273
1.55082319455808 1.68036301922437 4.23120751031183
2.67076634440747 4.73322894922613 4.45765292373772
3.7686522109134 0.0689989749958491 3.18441381754598
3.35027009534781 4.31702524946451 5.97090552811075
1.54295671906475 4.37460747067348 2.78798821501806
4.11418549502332 7.13921709380981 0.28391020462955
4.81651011543522 1.17085832004312 5.14720384136039
2.50399290221812 7.32462429223596 0.111201428992983
1.42996034727159 7.21781277547034 0.49624723655191
3.14529624353906 1.98159739373783 3.02062865338152
3.55207661959864 7.05246790228939 6.57284627715179
3.67405759787114 5.38493770343812 -0.135476095241526
3.68887995244839 2.77863091981712 0.59755712086207
3.58426598448752 0.180235718437717 3.32146912385797
2.69708494972573 4.60504523903601 3.6446288291221
2.80947395232929 3.88982375978704 -0.0486201616858264
3.26677541618432 3.32809345842489 1.1026835697293
3.57215591814529 2.84956031547129 0.600402943759518
3.58453182137135 6.1987309040187 5.96324000232346
2.26489869533987 4.46791299003813 -0.458268776263081
4.55011593016158 0.504163014754661 3.35179489526171
3.33871097910199 6.79555022515319 6.12096990315653
3.5650551151698 0.456706575768805 3.43769689069365
4.27615443442802 7.38245302352395 4.9769758215282
3.41654374908483 0.270997296273084 2.26650630700974
3.52177792228349 3.17111665150091 2.15679084456585
2.95938001304453 5.58424843752341 3.52688167084584
4.27240508841648 6.49201400288166 -0.207381805287439
2.87637926600214 1.94598584646801 3.96644250492997
3.34953341552827 5.0453100271527 3.24012540713789
2.86728325741517 5.51890816290295 4.59592479058045
3.41907477617936 6.88109063323537 6.46419399178644
2.5555540953195 2.1595131319251 5.13452032968179
2.7639398419068 7.30759771534172 -0.213602561266018
3.24395142629882 4.61101795737999 6.10248881185477
2.01349115022309 5.61452594878237 1.61825536773191
3.12163741882754 6.90072507926209 3.83249930606383
2.39754956208339 7.40598689387959 1.14080326563319
2.5205753340139 5.87392555756759 4.78251875691063
3.96842007075369 2.90312417002834 2.41466024133318
2.60373735719443 1.70581845116532 5.03225112954498
2.88299970872777 5.73581445201386 3.93605287251494
2.33191714059255 3.59531251993363 0.811659484628168
5.59510436402699 1.66932487811314 0.630620224888685
3.95356430391734 0.897973941805636 3.85002128852142
3.3596650337719 1.67502579929763 3.8457476467699
3.26370518558449 4.00009780791975 5.40829398575025
3.57231531118543 2.23919634238806 3.0102821869969
2.22365442046061 5.59841017695975 4.14799093616931
1.59511452537285 1.1882730220438 3.65260377221433
3.17963150875432 5.68073719808294 0.648118961679205
2.26718724326873 0.862444216161077 3.33286709493441
2.15053141792627 0.345453229325162 2.8109378382127
2.60494588060276 6.22169372347189 4.88931846498221
3.3809601372054 2.42890836773787 0.0283913072917457
4.53271070587414 5.00149337041579 6.12469202729116
3.51190107010923 3.62863134324137 4.49149108330813
3.13098441462005 7.23752641642901 6.37814400360664
2.36430166796069 3.91687743411171 1.43712409466383
4.00329939508549 6.19606928668328 6.43016119719143
2.14643357694621 6.03268014636719 4.16592739943422
4.85454687791284 6.40223426015802 2.13447331118527
3.06433179453835 5.66361854117935 0.782124022522514
3.26811494879324 5.82420177950752 1.01576911487594
3.71901469659967 4.18997201118896 5.14149163151718
2.6012760128706 1.89055194308162 4.13959699818934
3.71292990092915 0.0650202099410579 2.57733952718269
1.00885436199275 6.31113941084701 3.33359903003642
2.3739095863396 5.36781575599604 5.56421784841773
3.12147383191459 5.72003143769665 0.0504946462771756
3.05406572677636 1.25736233689128 4.91525324188612
3.42707889435289 5.8770246573114 0.79004873541472
2.02777563124012 0.990954875296564 3.99211368815769
1.58434951881639 5.26230795459649 1.38671049865316
1.72608742982484 5.21891470391608 1.33750327925842
2.05480702244693 3.0349253250917 3.8223729676178
2.75117820643858 4.4245573435438 3.13326446060178
3.80221997838344 4.22870812824194 4.51968758031581
3.01734955415272 3.53215650935832 0.676611302949911
3.08770583355505 5.87729316340485 0.139522110232747
3.4261970075496 2.73783305459318 -0.14914472095194
2.99689544424065 2.42227527724891 2.45988914288341
3.58948453885959 6.88770124973321 5.76397472802699
2.27089502682767 4.17907824925887 0.650269412981032
2.71933009073228 2.95984391854772 1.77369562767187
2.22231030250748 4.90964613807918 1.86990402148861
2.916047160528 2.65265367620112 1.53133340684248
0.713881593067848 6.99701615392127 4.94710366534407
2.96651018808809 1.07120514496504 4.63461828415894
4.25329325912282 1.92746178383911 1.84461765285736
2.69961254972922 6.98782045366704 0.0751053584984333
2.91761182812135 1.98086841641854 4.86634717705998
3.52349940337225 6.7813000211857 5.7456702973862
3.38488504916537 4.05370013500333 4.61864110511364
2.30707356799269 0.524965024964782 3.01960246305328
2.6072552737881 5.89701802954479 6.1951003383534
1.31518836070204 7.37672109342053 0.809370066714238
4.10633930476716 0.131910368226376 3.53862428302876
4.56357691735736 5.92895711695598 0.638937794876933
2.98906076750331 3.4798119223634 0.624751812396909
3.54163124643022 6.55809613118468 5.51042885090481
2.34683648960426 6.75954292743885 4.72990625023165
2.8970502671275 6.84911931821553 0.146451354339913
4.19908984245859 3.67354315605982 5.62508137576285
1.82090308961745 5.13024827687576 -0.181643021098495
3.38649421284432 7.30479213964616 7.0967013453201
3.16580918711101 7.02644051362648 5.28826941057461
3.90360410916265 2.8669807649098 -0.24693104037915
3.90815743071105 6.23278320170426 5.49575486773775
2.69638304785297 0.823177879598709 3.93767789355771
2.80141697152219 3.6851176100524 1.18157675164561
3.94900447176855 5.97344672776176 6.45020384730159
3.03375905714627 5.81572167205653 0.354315604842186
0.731746412758289 4.6926221256717 5.03645413014087
2.97957336848391 0.627070881972052 3.46884723576597
2.37713311650706 4.58876198444292 1.3084154071117
1.33616283632231 0.142454314323399 2.71401363023307
4.10948701364561 6.59040405338021 0.96809612764942
1.668507159257 5.58241606710087 1.51753079177001
4.15734856084144 5.54919958418866 5.59559310799192
3.83484545135065 4.18140360961784 5.85498609147911
3.50989845562048 4.27420855715227 5.94028781541588
3.26550527746854 0.650896973571617 2.8092579632007
1.5989571775239 0.818214446234504 3.05776279058171
2.7356315504263 4.351174973041 2.83697432709503
3.70190224524605 0.945899307561474 4.0264321565734
2.83025934349429 0.209308501773933 3.56257255556037
2.80028732659963 5.31672871344778 5.8539464114834
2.88604082432644 0.704963590590788 3.67303934467061
1.2205572901117 6.18659335593505 2.47006526314484
3.08383990822198 0.306780093853938 3.35258415013981
4.10756215625825 3.90444628883543 5.44579962804812
2.61300119361123 5.10975703835118 5.90941590371638
2.99779368596033 0.713313973227663 3.95295502983446
1.49613012314439 4.36115866586327 3.73752579955634
1.79282712615075 1.76248577266599 4.52494401044257
4.06454922072307 3.09343337232642 5.70014622753486
3.96486705370434 4.14386745543584 3.64324708265902
1.41047369736799 3.06545777216569 4.49300237957572
3.53116947657839 7.2727393779972 4.78392481734541
1.41440589469585 1.39924604173434 3.36425655801351
4.02001571521975 6.19528388109175 5.51456770632339
2.16120904616984 4.40172392000061 0.232421182386558
3.05060774012766 0.92430500638191 3.04513238209895
3.96968974456341 3.75922625464629 5.28511341836336
4.3509155507912 4.96953185462382 2.93585054012483
3.53995067227229 1.70758741798045 3.57818476954065
2.64282051256139 0.598063351461387 3.35936174478297
4.41223567659364 3.62665455105273 4.72774860058637
1.31967336058636 5.28038496327467 2.89343866006112
3.92503298705266 2.18820177111358 0.177510908419089
2.1201529048883 3.1498519294649 3.90120911991324
2.63675289698485 5.5522995418576 6.37235159213331
1.35223268625658 1.86742543935352 4.01584820598104
1.34915525285137 4.71534406199147 3.03941540377188
2.60762266247623 2.62872329710256 3.76609912660065
4.37584838943815 6.89546353073018 0.132030648682415
3.11115582230548 2.05865705846154 3.90821699427259
3.75761492344077 2.83737905927866 1.13337192509819
1.63289760678977 5.90383449240032 1.67963616510431
3.78580177076121 5.91242756338065 5.13053859666285
3.9114951856737 1.70369421058192 3.50967715850562
2.39408376865392 0.0384806691621211 3.45380863126409
3.47359689938997 6.66619739478398 6.04787346520481
2.68511453011638 1.18239330901287 3.67366112624517
3.8505229148926 5.5325367348593 2.197653842544
2.15062189323162 2.04812877877015 3.50442239202126
4.3587743894173 6.21865176960082 -0.300591392300521
1.39429197321737 1.02210343566672 2.88641243506409
2.08098165411024 1.15872196932494 3.84228749782909
2.50351018566176 2.37612169813184 3.81269326243849
3.40760057899885 5.48163632219024 -0.767275974873993
2.32837887398188 5.68388090691442 5.88144410844063
1.33341001290585 4.17915180874218 4.71145626340324
2.78595889106638 4.12314048038493 2.24226464754503
2.15305813841082 2.94443051318853 3.16990295264228
0.188591786227932 0.735315670850818 3.19071357608449
3.82198350036582 1.19969396916767 3.96516729646127
2.87149964040554 1.37311018234056 4.06952459875675
3.04934217429137 3.96343330523461 3.89808299939352
2.36289587702603 3.79408433982518 0.654767739101343
2.50316107479929 7.02487446597449 0.776873820089343
2.26224450619444 4.49178205786065 0.898112708628755
2.73379423460068 4.67728672338303 4.98352738937654
2.30525652391931 4.33540544387428 0.97177863291863
3.75321498146062 5.98561815763885 5.50334489976273
4.10961599195674 5.45502860986724 4.76377299067354
2.55936739158396 0.0607076696828939 3.02010927851894
3.99814933809486 0.737382584290946 2.66102494967195
0.99445460510565 7.44314748932764 1.20098277290154
4.1201271095365 7.08202843651517 -1.25414810981097
4.31579817973195 2.62010767686576 1.98133106790273
2.33456280592506 1.28815945508567 3.89081085558936
1.2183981715488 5.06219249861246 4.4737155642144
2.79045745239602 3.72952932042437 0.982008514286886
3.88904812371352 5.05462227036587 0.799466584333153
1.85512353260546 1.75470602155185 4.37628572086912
3.68918613001216 5.2868417864073 0.355829944095231
2.91246104834782 7.25830980724508 0.44744283821554
3.13406008786772 7.08418516120312 5.60858329330917
2.44581549242013 4.93148634698066 4.247333909493
3.44804772617223 7.06512434530241 5.85260663375927
3.86850645712209 2.31668192152414 0.67399011865374
3.9881917564321 1.01184193178784 5.01199393745229
4.1543232358293 4.04856595730575 2.0639748108306
2.00898147008622 0.161469123927323 2.77525522977293
4.38766388215039 5.59858276501442 5.58679539707637
2.66465315523855 4.58139179985946 4.90617176618881
3.26284220762434 2.83623353336066 0.96671068394777
4.47292889397652 1.73602929635872 2.42027459559576
3.14783441521139 1.93822041088509 4.45010390286617
2.67451744560409 6.32287083354248 2.53922369673864
2.09583396113374 0.267583138085893 2.73909884570843
2.21872263557174 6.97645472285459 5.63882629362514
2.35400596273102 1.05518339666619 4.2192391498356
2.42291729620082 3.97042696799351 1.1304799122857
3.84606797419876 3.75255586987983 5.65003896276852
4.74568530173279 5.95495175074743 -0.100798580166084
2.34642123244722 4.37990180303531 1.34406197070711
2.58044778675978 6.23038121881234 4.20831763865414
2.74701841305815 4.04254543661105 1.64023935970557
5.77499726568041 3.73462056598588 2.27452197290634
2.96925677247221 3.35201443257549 0.683075925573186
1.49189716197012 6.19438009556951 0.145517223629232
4.03867378478785 1.61745746340699 3.29973896708421
3.75976131059018 6.75238740910248 5.25436294432273
3.18411043553325 6.73319718920372 1.90501954312634
2.80893205450498 0.0970445110750369 3.78595124308268
1.4508997846378 5.94058212186622 0.873608954467999
2.63278577226994 6.44402934357638 2.95968708674133
1.6247756140941 6.3519722803939 0.470504676985451
1.33539765287456 5.50335134253926 2.16499573078051
3.34343074471538 3.11220400639054 0.163240943779498
2.23231378550815 0.572456919652841 3.14420557628464
2.72012118222233 5.26593858158965 5.84456370056904
2.95541044456751 6.28565960585906 -0.143895866649767
2.03592589619004 5.51263761163566 1.41827801498163
3.38599997786718 6.45120478363291 4.05335534536689
2.7917142334641 5.14715762298546 5.98239793827529
3.80694432843468 1.50775606888149 4.37621262719743
2.56498703149934 4.12284203590451 0.755530015067692
2.42047101360648 5.69189045103233 5.93843678276173
3.56090857978481 6.52880383366913 5.77510612987142
4.89251263347943 1.72123969423824 1.3557148901348
2.2258502051895 0.622547583032026 3.36773687899445
2.28740257313535 5.7817049777767 5.56060669398557
3.28976090816044 3.10889183787891 0.495440818772823
2.50094528451159 1.9093344388888 4.57632026965104
2.72723530767311 3.67512880579729 0.596601057833556
4.7539895321966 5.3808366350494 5.15553950308741
2.60804297709957 4.49318407220928 2.76484115790489
1.932039052669 1.15622099729441 3.145720029163
1.75218389076479 6.63898676509289 2.95291929487366
1.59422405602921 3.48573820740794 5.02871543582235
4.08748424727495 1.31297261558881 3.48148385355344
3.12780125915658 3.73281102502249 3.04350657761394
3.73895762890032 4.3629023504368 5.22411938081493
3.78123178630669 0.589487881193156 3.47333171740498
3.38537903699992 5.46104025738171 -0.265360028814048
1.98409457794784 0.341525741774108 2.7453241059898
4.14915609420303 4.46424286041621 0.0558044321637849
3.05720381822933 1.09807936196263 3.37229469512036
3.94449379831203 0.685963713249458 3.42409871269695
3.43193851792153 6.69572718613158 5.86343732537171
5.21455251801561 3.04512158312211 4.35615638248653
3.35321261595514 5.71518026225113 -0.47344530725375
3.07248746754244 3.25917747076415 0.600019787266847
2.6228883571907 4.79425815933869 4.30743034228676
2.16594864894533 5.57716966109425 4.07425750617964
1.44066261324804 0.426584841188589 3.7873415367124
3.61843747815272 3.63301865208883 5.65730320486571
2.91354477989891 3.1314946401618 0.25547585311656
3.87403444562627 1.50827125096771 3.8950331666386
5.05720320476501 1.75607051143266 0.980626035328029
2.51085633853417 6.87726764861989 1.7242104684791
3.61333160191411 6.17253205268929 5.28890854101999
2.47638825666168 7.10852706811176 0.957296700797937
2.93939938401029 4.41755738102199 4.9263397718865
2.54816628984801 1.42298262424951 3.90258870204169
2.93371606578157 1.44271421695847 4.73811289636867
3.06337712138026 5.25453916640628 4.30145978424288
1.2459105430809 4.48897245041021 4.57331378065096
3.00603647145237 7.42934595332032 5.5229190565987
2.72053470332675 0.623074065008111 3.97445110709131
2.2822619464922 3.22499135101846 3.18614371687626
2.20180695101652 4.83594623329698 0.4606687505699
3.7078226810624 4.54861674051405 2.30305020547113
2.32405101300205 0.038180386262602 3.03429265599757
0.352170540035343 4.00717644332707 3.44235748387301
2.33697712294855 0.803322200881781 2.37609738117913
4.2142248572664 1.72859512616547 2.22451871426301
3.65821079694459 0.00520932582383615 3.21468983390128
3.15998792277854 1.21426981358311 5.14673579272193
1.82609245442807 5.97406751844017 1.21855711104863
3.1726239080658 3.83264343641634 3.93912302258918
2.46142765791363 5.60969759734237 5.42320485105781
2.30542676684329 3.92295413300524 1.05229329909751
3.10227556328013 5.84821457748879 0.237055281298945
5.78770039601019 3.9406475307732 6.19453547707274
2.73058204685044 7.14399084081131 0.420347557463443
2.23793309324825 3.59986633786991 1.79091342566591
5.04893307876674 0.812105772350814 4.89607208142946
3.15365049098215 6.70935629877585 0.211650644281253
1.92309424437464 3.79706308584664 2.88465667850535
3.26980429231935 0.727649272203548 4.08285239685115
1.09927508962911 4.1258867974918 4.46668501474594
3.26134817921866 4.62810535619217 5.78170179250005
2.72855314057823 1.59484774786652 5.59976438340423
3.61980096900556 2.41695956576489 1.94134177226588
1.30772143528339 2.71207380287225 3.84486549067497
3.80805822185241 4.61016708029647 0.523259763972743
3.96494344580603 4.7752858695825 0.605374236680894
3.22661395168346 3.28692280217803 1.37947106613144
4.16712609289646 2.18467523338406 0.418737321453578
2.95554158397395 0.323216075572768 4.2974334834634
2.64833302040732 4.44655003966989 3.34680248520767
2.26333005371865 5.00220685113964 1.94680730884338
2.31985348274471 3.74335718562337 0.63564997422953
4.03897204120129 3.81620244498251 5.96375629071325
3.59024983861803 2.35711335084665 0.528334819225048
3.58581808431543 3.78167051958128 5.60515421237338
2.26730991205744 4.87772309378218 1.6588573576286
2.19227984841418 5.54010387955573 4.32263392843982
3.13327928702838 6.56927976637016 0.744783611670094
2.65797963242664 2.70212825457402 2.1525878011016
3.52818585971388 0.698811339950221 3.49122277301602
1.56396676426595 4.71297032619895 3.15369826523005
5.54513166732577 4.80148329700508 1.80622306962981
3.62726938773526 7.24372887288506 3.97938701094271
2.9650382764734 1.35419909334684 5.45455257538914
2.75410242707151 5.405323646977 5.88202372723284
4.19424183529735 6.83707888004139 -0.0164564273238993
3.59054924434373 7.21077766077135 5.67068638424323
3.80896253440787 6.94541975924005 2.97530562061106
1.40913511200295 1.19558460962397 2.83024944800041
3.28416568372604 3.88121053193561 4.83794877433432
2.93723181440729 5.17350808802463 5.38210246217296
3.58849291911118 4.77874159331474 0.981654737493585
4.22830060313744 7.11959502811078 -0.191362878759746
2.39943250729355 6.70677972546389 5.32942465212196
4.48490670448824 2.24826270651687 0.596052845000454
2.9741639374256 7.03521782134856 1.35876604819886
4.71096777780925 2.3576581200975 1.04911194353749
3.25164895335403 2.10890428770105 2.6664331861587
3.46701802025056 7.31412945517952 6.84210879328846
4.78140689357926 0.441626964479862 3.3818146924917
2.09750436951149 3.40995743825473 2.01181378488247
3.80873769406974 1.01306289514785 4.6086460688516
2.89854775137751 7.46317945086017 3.1054525242071
1.81681434685187 2.98009387676129 5.02683310768123
0.458331870794987 0.662219498956292 3.66591353790199
3.13142068942301 1.42512163432773 4.02687583399589
2.76733207146093 4.2314438207277 1.88812327353331
2.55421252380382 7.44982719357988 -0.946676332125539
1.74283662610379 1.49233691541129 3.81673420611249
3.94109549206524 4.8247139752502 0.327009271856375
3.03342116378392 0.893061568406877 4.27018675826912
1.7045893864713 7.00785726205061 3.22365197524952
2.90459556801635 5.9692828075654 2.82528003028835
2.11554223956197 5.99247109976106 4.69904310172058
0.577202983431186 6.95556038774075 4.5021190462475
2.27520894884625 1.53879440078846 4.19176343879703
3.57980638747798 6.75389224838802 5.35809069181589
2.45680533836596 7.2313029343825 0.540760359555931
2.85515731699037 6.09695875197714 0.669925120455862
2.37118969339551 3.67075763439333 0.88395947139339
2.85279757503887 0.418686962900056 3.06092999721704
3.80257565096467 5.75764805505109 4.07561350301729
2.82491122111693 7.46396923792696 1.30917314814363
4.00445316930035 0.438052117778328 4.4825157745264
3.1477130433278 4.14028661983518 4.04396128461969
4.68621758124735 6.44797570115522 -0.769109037829639
2.7309121170758 4.90291976299978 5.1530243792559
3.61167155738759 0.00183887783158099 2.50517195550834
3.35095576788425 3.60790091360108 3.85300595876704
3.14844101152537 0.640812239697008 2.74859895700244
2.94462886423405 5.41128270902715 4.91303161442879
2.53753168821692 6.12098709076784 6.78053191848832
2.53673260846259 1.76814023875363 4.51815896481913
1.23663978460341 1.66857846689247 2.4830693618649
2.11538799515922 0.135688520528007 3.50758209606449
3.39262617166119 6.77691092279605 5.22570169191407
1.91136415003888 5.5998751118079 0.540512573644978
2.8845782104685 6.38493720057532 -0.0966306637329374
2.98566558995049 4.31141667034983 6.54244212487635
2.37679630296601 4.7562068931161 1.59668884831251
3.04641062324806 4.92689606691615 4.82127416010082
3.62683373421763 7.04623153504595 5.71157059038911
2.7849749597016 1.34210371835735 4.60703818526332
5.09232521845422 4.98179587346028 5.72211994146769
3.7295459257883 3.89421501273708 5.62127235148075
1.71436130162563 0.646334592985133 3.76725095618576
3.87978128013133 1.1288594819361 4.39285436717374
3.82346448265883 3.97673252033436 6.26237387671233
2.77076782135792 2.65365025561789 1.39728705136818
4.2371184762976 5.77002345571025 6.1270775712682
1.14557186289073 5.39536878814024 3.40151590319386
1.0649345829861 3.9544942592521 3.55246247895563
3.31773661573086 3.72477795984734 4.48277047436395
3.24955150811855 0.757997790701152 2.97397016323328
3.82716719708872 1.82280179946786 3.29393137398861
2.75212797652546 3.20163846911761 1.14495654047729
3.38403992875548 1.95185352852562 3.11816687039489
2.73904104930006 2.51352135879295 2.82608306477741
3.62634119570953 0.924391094445528 3.33267302027262
2.89980268952098 4.19706781035639 3.51684738299391
3.61814622373693 6.16590622987766 4.77028908148501
2.20425947783457 5.11643937557438 1.13763700719957
2.85080806042424 1.19582503731708 4.33293682253686
3.13244104830378 2.42846190981377 2.02537670066513
2.01410279145549 1.18293785101126 2.3888392954103
3.13832385707811 6.57015119339158 0.373669736967257
2.74308781090802 1.7036021195315 5.23335033374445
3.05778866805635 7.43599006028982 5.42797836246498
3.66528139266718 1.406698628876 4.7557874552443
1.91914302478043 3.26867177827348 3.74444852285785
1.34290488057668 1.07297115625607 2.80434893325898
3.2316839019538 1.02298782160782 3.71424445043825
2.96348091139544 0.501723604174158 3.14453325256893
1.30672658242169 1.01695991206168 3.07008340393597
1.32060209986222 0.550507674953977 2.69300197577357
4.64525942547241 4.33925856023506 -0.130303915630191
1.42252544841811 3.99301535201157 4.75370116702332
3.23338169689415 3.89606262468404 3.41696134586069
3.52926703247012 5.76085716870001 0.135798731645267
3.65205861500504 2.4624154725707 0.249822756992771
3.53198635079314 4.99135988349041 0.503568090728065
3.00848217143143 2.0895924309127 4.40364836753583
4.22193454229515 5.92558942954821 6.26607197748279
1.62759883558339 1.07803256807835 1.92568620805526
4.78237919080098 2.64237978737807 4.3180741140792
3.83282270671537 7.34768292477226 0.0333139839806132
3.32275986606237 1.82610490106859 3.94745475290582
4.36720095818971 4.05902663271104 0.623134801368887
3.46523873604606 1.32350704357217 4.0913982740917
3.55496078174511 0.919893821205982 3.08271001302197
2.61440508856421 0.446485884777768 3.34246459918495
4.00643966654842 6.78953820897335 0.573693229743433
4.43362041005305 7.36953375542786 6.63457571824748
4.91430883977116 3.82453247014262 -0.429230368751334
4.43946606161404 4.7540312812924 0.542067266316898
2.31370807657213 1.60654062247858 3.95786166640425
5.34903292579836 5.38203032356269 0.0491746184985363
3.18749798730625 1.31189062435073 3.91066303422326
2.41255088947803 7.17779682976998 0.544793215795253
2.04071944882719 5.35481870856411 1.53392838483191
4.41199253567486 2.56480318901495 2.45396022365469
2.41724128485467 2.75666495294958 2.80441775173614
4.61537425030368 3.96682409617774 0.624366756619172
1.7274127393786 1.8834077505854 3.67240592574578
2.48937531350215 2.16273941321414 4.11230966220362
2.76146591790748 1.13336219780089 3.49843043734233
3.64650486168929 1.52522730761322 4.33491454693088
1.45015755278482 6.15913672764177 0.388602039238227
2.90826460028517 5.95925147792775 1.13414347143256
3.71299630139442 6.86299308348851 5.55400197904881
3.28326220577111 3.17564181121578 0.976405797948711
2.31452785297196 2.5587223937507 4.54328009824281
2.14157718852558 2.87764313179393 3.33637643363634
2.68109998353873 0.581816458359723 3.22621662692195
2.05842480867118 0.912724440909454 2.87248132227142
1.81188160115086 5.04259818894356 1.55751183817841
3.06161677833359 3.67586592378451 1.8980946125871
3.29517203053948 0.807072679066852 3.89297579802251
3.63238935611745 2.81044109650566 1.16840675050996
2.93555201231866 1.94486145628516 3.26283474601928
4.24879208037057 3.32915980475401 5.6392853750531
2.89623930041844 1.40544117716527 4.79084420994311
3.45425693864123 6.14893656383203 1.95667210443824
3.78806533035422 3.96684388063862 6.42171987595379
2.9719976750478 3.21594581292635 1.57399380314022
0.681002668258186 7.14741159607037 5.15744593200966
2.65869431301337 2.05808644859378 4.53630423226462
3.98972415452449 5.80634617210631 5.0044001182926
3.94024342545538 3.45954577268974 5.8028957071151
2.37124532931596 3.88262522148944 0.639628666743708
5.0797573365109 5.11877132258352 5.38895344489993
2.57343946131881 0.041817901156036 3.03807246982379
2.89457388002292 7.43661127935871 2.22772025553215
2.28214633521221 4.42130295842127 1.53558490079781
2.31207797726135 6.48052460929583 5.37986384582408
1.10999037530445 1.38800305701733 3.09324948169519
2.54623974910564 6.1179463565098 5.91621487233432
1.23145665791063 1.89465773704685 3.58420579527314
2.53588558520488 6.04141194185893 5.23817418891317
1.43190196367462 1.5909253963776 3.78094548637484
3.59082976890946 3.94971509293914 5.14154250904832
2.29822295990189 5.33030637128822 3.97205856556793
3.65440934682228 1.20462045070708 4.77673428452197
4.27245820935346 4.19425597589259 0.932809821265528
3.43043345360396 3.52114002566568 3.48468387288919
2.64725529418506 5.95237559600121 5.78898303186006
1.97334438614989 0.139773802594926 3.27681884043298
1.42408460331902 3.86692129366404 4.13093814153899
3.75174143434895 3.46065035934581 5.71044130081122
3.81324923167317 4.7652957732913 0.205787631639383
1.3035321865673 6.52654204604148 0.386154196712433
5.0096076417331 0.72909097223286 3.9488947343732
2.76635010678373 0.316771071023875 3.39529596276982
3.87063816567794 4.11977224184771 5.11925510167694
3.81349540348391 3.92938693091725 6.57740815255893
2.44495468223584 6.93680813275293 1.88992417372124
0.488514813635972 1.87260620382599 3.36947644437609
2.25149645237279 2.73959701313601 3.96624460630764
3.08786109786571 0.809640355063635 3.35498017034915
3.59361406711307 5.61598261559958 -0.695517473899189
5.31602020579818 4.5422232316682 6.85945110423928
2.38581852217484 1.14390829224511 3.39011243280512
2.62392647682053 0.968823496486787 3.14302807956893
4.73089154031007 1.99365887042183 0.0411226420292028
2.34245476440867 2.81865475609725 3.11321087982386
3.85632302245481 0.91100843781341 3.83569113072528
3.45706791417007 5.71499445424605 -0.327819227028962
3.23436769269484 1.21734822537986 4.95553568768198
2.5750148520212 6.81605300339298 0.892417425608484
3.96265574268894 1.76072071113533 3.36236915965246
1.63109143110224 0.428482959960456 3.3877379827304
1.5818028179349 6.12160112053062 0.554632885943253
3.48089106404938 6.02423434159053 0.664427685412096
4.41015975137723 7.44124664493789 5.90250207221729
3.449108554405 1.67341308719036 3.87632653498912
2.95475035198436 7.20650491023335 1.46526656975796
3.25907085371008 0.313662027096272 2.3181022146544
3.42385041561623 7.24068402208094 5.52777786362178
3.37891333520589 4.48508388243495 5.2173338627374
2.39874201565828 2.35762686370226 3.63757614387494
2.07313482678652 4.50550847452771 -0.179814164949883
1.63822532173374 3.58043819085495 4.70481320250355
3.30080880670159 4.45667968119941 5.69679282041471
2.68279491396137 6.028854681307 4.56280486247354
2.01669467380454 1.08142632590552 3.01949101142403
1.30544071533727 6.8227936256751 0.0255833539344476
1.82154555234654 0.0503427931897074 2.49528807846581
2.8714036500034 4.06654555133851 2.41912901121237
3.69662323996509 1.77756073468868 3.62855158514975
4.20856033022119 0.633626916358265 2.82598145792162
2.3647152238042 2.73571838649547 3.56029580722428
1.68364298898069 6.26902784142489 1.24339871637566
1.8887009297542 1.50950860182244 3.38921724886106
2.05507413433488 2.14127254439811 4.06843037303203
3.12207124290742 5.03192543213076 6.34552194348118
1.06284001152631 6.20679233787163 3.05988661984158
3.07244505768757 4.31095053919396 5.1468836176992
3.65456040315205 1.8777171244802 2.96917739369683
1.79169261977343 3.21514965891451 4.73584344657771
3.68188414590232 6.62092681637293 4.80747692000052
2.61095425008541 4.09279602732077 2.00813450344937
2.66085033962576 1.49960174054327 4.58534093704777
3.90267730073859 6.2533349021226 5.38631973048825
2.10485565020014 4.12964028856614 1.68430196395077
4.53306223533741 5.28301915406729 6.77667449373539
1.91791698000947 7.49454921459736 6.40912306705542
3.02834238152524 6.76760585815003 0.814697952776605
2.95873174471923 5.06811460387525 5.90268107242267
3.868435115495 4.69424730548719 0.769865358910998
4.1820838055334 1.67478064254692 2.63110589215081
1.46277306898319 6.15490872845354 1.59521289268125
2.61939164737304 0.861594544389924 3.93124920669839
3.42288830015779 6.89523123494868 5.75213426423234
4.76234418023601 7.25044877690464 6.70258309537202
2.63085851197474 4.06417178774006 1.64100203384931
3.68869045118979 4.38605112803419 4.17905171253762
3.01310818785463 5.13973705996769 5.88256892938425
3.20944427724012 5.7728542992946 -0.552054972773615
3.17518621117091 5.60903001478921 0.373705916321505
3.31929115145557 2.28425256442909 2.3466081701027
1.90629991866304 4.42099141581349 0.554071085275764
1.99816156506341 2.22191195405703 4.82567383974436
1.56199968178057 0.155672823510812 3.460216235363
3.44979429483956 7.49627569330098 4.82019123943735
2.93976438152246 1.67838792044843 3.91825860639876
3.20710733745667 3.64814216424859 1.7146698650389
2.22203837206817 0.887667469442568 3.68431760378335
3.282159745877 1.13650805447874 3.92791740310355
2.50089343472018 2.08222331103324 4.23229302132311
3.11214460860874 0.793260524352672 3.43204278511367
3.00329961278604 3.64301113402479 0.952287700944336
2.9728642561968 5.52454086721052 3.40201941403069
2.46007916463787 0.0261845187215393 2.30171168074272
2.38021989577343 3.97045865817296 0.422434153825872
2.14383038075625 1.83010006128626 3.92248339998233
3.40404700293176 1.45924526086751 4.22767462756367
3.74166006453088 1.44088763332268 4.56480004144187
2.57092052040869 6.55039778772476 1.92191387558256
3.53302466755806 3.32092666443521 1.71343964181284
2.587033233893 6.6467532777052 1.78140218339168
1.14359804713729 0.164685563343579 3.8222863740643
4.48359891591289 1.80625276301316 1.38935030337249
3.46032244243123 1.12058528570077 3.91990138109706
3.79574207599343 0.0222390276499125 3.37740640675156
2.94836478727154 3.50768590975251 0.157022470387348
4.0781009974108 6.40588186631468 3.66793452077072
3.48948021929655 6.30337643481773 4.84963913350693
2.24367150032619 4.97113538870095 2.32217103803419
3.16464706509832 3.96490239586729 4.40084552521073
2.20220257388733 3.95316994343939 0.525315434181161
3.97421318656509 5.27674949584632 0.949718572570351
2.10053486248066 2.28863745747368 4.95904209870282
3.50994987989381 3.62677110006365 4.96973289279555
4.23008806099682 3.30924153189754 5.90047883986494
3.23729559194491 6.46281232154559 0.973068377464271
3.26254748489247 2.48642983266143 0.901847006696841
4.21333846608865 7.20999383334803 0.0524812294927473
2.87980277546579 1.93944649939754 4.43624205204704
3.76007146064404 2.98250656613651 1.94625411546799
3.44595155815105 1.01785316604909 3.85465613691155
3.62525865607512 5.44158919301703 0.718897899362135
2.19580633807689 6.74312202425756 5.28650000538104
3.8256467011465 4.67387120577738 0.986270315984379
3.099074916525 4.38598803321302 5.14539198577562
4.59298106760209 5.30509012287048 6.22682988499608
2.9464327159914 3.85925309274599 2.32724947112843
3.1490793978131 6.44745684451676 0.504814031052836
1.45353687160175 5.50140539662957 0.9905422992148
3.35767007584118 6.81047184559023 4.79152636555631
2.94694394150304 5.18064992686025 6.00876169486226
3.24428442458326 1.95840775810301 3.31851298753609
2.01345264334894 0.608231875938253 3.43682998285408
2.44231240083165 1.97883142257541 4.96712432910044
3.96860810267239 4.30525244694351 1.38559758071881
2.3836485258172 4.12249516690233 0.753705222920569
3.01578391267172 0.348949113214837 2.86663560980463
0.813313210082629 7.49517502105903 4.09049105324728
3.07849585911844 6.35469799405068 0.335648722824056
3.31385442601442 3.98720930798422 6.69123698251889
2.57797867780074 4.34802427669282 1.23653755523784
3.5804046084403 1.76090078639846 3.56941051964383
4.85454407791051 7.28689896158025 6.68045751092543
4.60623893539715 2.9279656010207 5.77629634507492
2.03345151522318 6.97473463040715 5.4997319805129
1.21516928449754 5.58354947272459 2.30809651759378
3.99233816749937 5.75912115272503 6.38585099920218
3.99568794843126 4.80177775592263 -0.0326753052153658
2.90040759247348 1.83410388663214 4.79525518987077
1.82281768700289 2.56312645966224 5.31097545616516
3.76447667436069 6.66083879075218 6.13563094222221
2.21840197432897 1.4011864259671 4.03981958962787
2.15349180486338 2.11778795997474 3.61348937186193
4.16414461106405 6.9532980621576 -0.909054056684861
4.45849266545292 6.5302947248239 -0.132699668138022
3.26157623549037 2.80360664882877 1.11187113280208
4.67054975011776 6.86200376187705 5.85828825479591
2.54116973051157 6.08100465200085 4.81057436463437
3.35943370635545 6.5613681839373 5.6078580333462
3.60077602477907 1.09341557367189 4.36682579759197
2.79968896542285 2.03984229893243 4.45711635738518
3.09593725560864 4.33349133387001 5.79118272062757
3.02755177679529 3.04379091289085 1.26326842174785
2.95105618541752 4.62990987528234 6.59345882082068
4.41646707648224 3.07356269707298 5.36792306525242
1.41831647775594 1.90929673658303 4.30385241873555
2.88328275286609 0.113471320035822 3.41614400704365
3.79532144292181 2.47288285041016 0.883395436444731
4.16202518585977 6.32606912681309 3.13661628233093
4.44435526902279 0.488104826277231 2.21435126900706
3.31513715118885 7.11007912075264 5.57762410297171
1.71861251820472 5.96448703125761 0.322143184992244
2.52821204445432 5.28693660968581 5.2555252918721
2.67120915473858 5.14397777889888 6.41028253841515
1.93091062405774 2.74417461814185 4.05279550780229
1.8721591433353 4.72769430638126 0.472766393552189
3.48231806687894 6.06761636276359 0.243885212265393
1.08121829997796 2.93338834578607 3.80448744237917
3.5855919299033 2.63073248105778 0.748981833443696
3.62858878591418 0.379141182290944 3.28163435597775
2.8756434836485 5.79285157238427 1.77493077666305
2.3239211131556 4.81275287722786 2.1575211890053
3.67487263747563 4.32575646547947 4.26476018973888
2.95993692623225 5.48527648020109 4.962801694569
1.3096168616019 6.3404508206859 1.47774440032189
2.27851258149187 3.23764811292751 2.77586890680581
2.70059124646126 0.754131907439359 3.36705315220666
2.35777209413967 1.80076741275917 4.77596034953645
2.61383736322651 5.60139415013852 6.11005517981432
2.39815528508982 3.24559441897727 1.69884728332687
3.18014678908008 4.99638877231489 4.77709959831908
2.07770846699991 4.26699785242863 1.63693549757392
2.60421200955355 2.23896627200862 3.56237688838077
2.04435634881651 1.4889647919363 4.22422230228028
4.12838299686584 4.73789330459482 0.145260631545087
4.46078142253968 3.58594864775512 4.50846095706967
5.06077364396637 1.45060567540783 1.82834569548533
2.65397481066601 6.39740031942997 2.26989965555366
2.645923965244 4.62157634787483 5.65402786163699
2.4031931595791 2.07982050008957 3.500927231489
3.20360215168833 2.29566560155371 1.93738827832624
1.46958760807623 7.31658397581066 0.69592294985447
3.0378144313758 4.26166370274756 5.66429304271668
1.60844976684805 1.85175861986776 3.77880841505912
2.89592076307809 5.3442849649202 4.87476337957751
1.89042709803259 2.9872841032899 4.67594103811365
3.64445175018695 4.51971848520156 3.36181587771317
2.65879627625185 7.27310488845693 0.666989395033214
3.8285840429101 6.5358277583391 7.03464549697737
2.97276438054689 4.71818349719243 5.76475905791503
2.56084064346733 0.533600430595093 2.24109825224688
3.29265213857196 5.82996248433783 0.148481026068655
3.23983872949441 2.75973221189978 -0.418818749258192
4.3847157284241 4.24759544128502 0.345777915280145
3.56939657280727 6.78112168098158 5.25138515890265
2.57958101056187 0.406767235864584 3.65266555179234
3.12996200018215 3.45050223506529 0.691517224577663
1.9096441535979 0.391269552596904 2.63818175436717
4.0615785907264 7.09334473098893 -0.320731094571669
3.69789670856785 4.89963822581996 -0.216701482251243
2.85074181958788 6.58878785041693 -0.134336754648097
2.2613495665126 3.14143268741893 2.75282384845699
3.32358618587039 2.56918819561889 1.00922557288975
3.28655355545491 2.00033271735364 3.49135682658495
2.69859836580601 6.71983205253378 0.614514265219703
4.72756239961973 2.17897924259005 0.593191352819278
2.71768497552681 0.358701496469439 2.88200436667123
2.79805459570001 2.34948714353705 3.29792462346683
2.02383334217332 5.31643371879239 1.21377827154691
2.38380963151633 1.41971989221592 4.44557468267879
3.70320957942704 0.311249021197393 3.13677426916895
3.24848749521587 1.08300248543487 4.58556764520236
2.40055162258289 2.61577398542207 4.1835299924825
2.40742967475788 3.90300107793976 0.195214835189083
3.05206529479929 5.20886495617298 5.53753484273777
2.88503871044109 6.69104241936964 0.709180305166384
2.66063048182968 5.46099992819488 5.088104889068
1.8204615701493 5.53393416782137 0.73827712489871
3.66352146686762 0.45054499156513 3.37664214959906
3.41502594334761 1.84807242330267 3.83631840407023
2.92716098269437 5.71214753696859 3.03838131242006
2.70260006876034 5.04145778214064 5.49027303265016
4.87847027669579 2.5785836021107 4.15039468336665
1.10808044188884 3.21306017741211 3.5481608117721
2.12462961738169 6.98419937011773 5.4979717273897
4.15359255001094 5.405014282399 5.13452444338581
2.47067131463791 6.67332312594742 4.02647163017914
2.38275457249716 0.044747194455482 2.39433672815505
3.36118553107485 1.65645434021951 4.73179394414873
4.70307443418867 2.09176148078246 0.347747251089634
4.09649378126762 5.8338917693321 5.24705445043838
2.17520762846203 0.0533542471142221 3.72013321461076
3.16178435861199 0.330484877049432 2.65078303006813
4.0269112742172 3.81082403979009 5.75185158955518
2.39070060181791 1.83040808328182 4.41236152588716
1.75754105118043 1.56452637282592 3.7632570881166
2.59918344485513 6.89181939754062 0.0424783349458516
3.07004674359869 0.78931982153093 3.80227169608684
0.651525662552198 4.06987642567065 3.69272072871094
3.01158905254078 2.9747350214931 1.12516652250259
2.85190847419367 1.63204363187546 4.61165786637033
3.7778719079269 7.42138660030933 -0.767178300153464
3.95433590563928 3.32082598749235 5.32563829242932
2.61830259601351 3.54439744593022 0.657286784855124
2.95096731044058 1.47593181307819 5.27300706916193
3.31010058979821 2.24712659538576 2.13608960154838
3.27932515853342 1.74185154143302 4.61725614201327
1.71061585508875 5.84315565102632 0.447953171384721
2.7883834985486 6.39883292541485 0.90180271141679
3.46348009486143 2.22172969941513 1.36844445526876
1.60660968553848 2.78392006914447 4.86364028518794
2.31007778721271 0.143904824931811 3.40731653767076
3.89076145405859 6.31965443072938 6.35082241305345
3.9135976249613 4.92929821391075 0.407740333486604
3.66794676017127 6.5162828058382 6.62570016627359
1.17062599523244 0.526387268761739 2.08688287416249
2.00818684688176 5.57463224570275 1.9967945777083
3.09582277198198 0.88061957968073 4.28009039816508
4.82539435495458 6.74919650844853 5.30380947708698
3.30257971192021 2.18431436069248 2.93650790772569
3.36366814474182 1.98113702390474 3.33221505740534
3.42978742388009 5.23299673634464 0.945710474598664
2.58989867860254 3.85106454514269 0.217023157734272
4.56666448021116 6.66071563567696 0.59559846869888
4.64747450229236 7.09850717195851 6.55163850242635
2.61196450882385 2.12105214672316 4.20080021701633
2.31410088998105 6.57287241507535 5.32428206204632
1.21913396438128 6.21272691869812 2.3065294041449
4.42110855340066 5.85304055977748 5.34984320848774
2.37292440036551 7.31404039759716 0.913645439538472
2.5194372757067 3.702737676479 1.24258545733964
2.73863313666846 1.48085113518924 4.43390261486577
1.7865765129436 2.0948891039838 3.46009848638265
2.6312496782905 1.26806827814406 4.96965953237275
2.31245065640989 1.27816142058749 4.36486809625281
3.03262092468577 4.07323260565044 4.40513705809127
4.15438625974588 6.54157312432978 1.06608261806241
4.43181851716847 0.604581189462605 4.01510232682611
2.88699513306059 1.16709133190675 4.26192309748382
1.38873160025623 2.41642249668706 4.34812367363536
3.5622555998122 5.58965136893694 -0.0728549900511497
2.72512149262426 1.29053439887753 3.79478376118898
3.62483969507765 3.38777539137661 2.64062147809916
4.31235383200664 3.40945413460483 5.4191734894114
3.75833742378562 1.99001595147042 2.05969636717451
3.33201687905324 3.57447167163472 2.47888116184045
3.97265379623974 6.79343874361217 1.81118953534983
3.26045347658996 3.93036893102907 4.26121398637761
2.37456844171252 5.6705116217664 6.49938280150794
2.44558158775013 6.15640316876201 6.0643887163452
2.47754309411381 6.28024164208942 5.64811325588589
3.17336462786533 1.91088513702543 3.02855243955602
2.52946885149292 0.541855434475716 2.7952966439864
4.20954946485477 6.91745490559191 0.338019418337208
2.21060753145194 0.58474866712915 2.71388362520585
4.04299456341385 0.831735345045203 4.1983621893078
3.17227280794616 2.06835088665206 2.97093861935679
4.99245476618307 4.50883934759745 5.67309584804936
3.39917946201384 0.470406094468885 3.36730813981456
2.88743389206875 5.03500030233755 5.85253815896473
2.54964349419296 3.63464230825729 -0.459811703297052
5.05541298076249 1.64519178688753 0.389415171164979
4.05682391977297 6.74787754709634 0.278123417858913
2.4367527369373 0.629072342628889 3.41348430505761
4.05162024219661 7.48012645096833 0.39562344373643
3.94076660769811 5.9454434102824 6.16974716948679
2.17068119733382 1.21284010109717 4.52438011777821
1.98646773546312 3.4434839438056 3.16101389511799
3.27816752885881 0.234359360258582 3.64517763656137
1.00274623444798 7.40105958466044 2.83076679081331
3.9974921800867 3.6383510119654 6.31369195477752
0.795408580682864 5.71341909332088 4.04589425143164
4.00018224330253 0.399639452542621 3.11714521719396
2.2057368155939 5.52258241006203 3.21917444167411
4.33169322830901 6.91168291690983 1.28899326298158
3.89361660786092 0.595224931939843 3.35590613654782
4.44197779797402 3.58963284517222 5.58835564827427
2.0870119346656 2.39640065449834 4.23393654991791
4.18762720700302 1.98247483168522 1.17134432799517
3.85177453355736 4.35689445431512 3.06569468301508
3.25729887214959 5.03774490310834 3.59687920071888
4.13368589631673 4.18460606297866 1.42807072639854
2.45762371205177 2.28952163039517 3.39847804840024
3.36556300133649 3.50802935218954 2.41971552088328
4.04078881080941 3.97313100147501 5.41323644719741
2.26821262722634 5.20468158163896 3.29740925390413
1.37270629964242 6.82127000940212 0.491844255794101
3.81928472645968 6.20097065923242 5.85411503046217
3.10405960508959 6.46431569654032 0.905799598610459
3.33336446880616 6.56910185985519 4.47293714585185
4.16790176861453 3.21458915795917 5.32019511365585
4.14513653194397 0.396606516203767 3.06946121868809
3.30180447595305 2.8282313923425 1.1650113648844
2.09809053634904 4.79006785472884 0.706568027385161
2.21574219381715 0.830349297519936 3.33300357804687
3.48350196434835 3.40252465938182 2.47247314195942
3.79096201821131 7.45833916089157 0.0834728312373878
2.47786721262102 6.87599180412326 1.63385632899153
2.06333274587792 5.38310586491505 1.25294693826622
2.59657539690239 0.307466942484474 4.17515779444905
3.34915614550257 1.51510183995195 4.43806481390514
2.90848323693628 1.78876864798953 3.41689722780003
3.60534169886975 5.10367376335728 0.335592887731996
3.25375554963905 2.76481405423374 0.0825597063228356
4.9370580054449 2.05190635196419 1.7166156738378
3.75020916142723 6.11320659086865 5.83748900010462
3.82161480978747 2.71002493179206 0.588564845157671
2.03512920968394 6.72790286383004 6.45988115358034
2.87953795201327 1.01285720131784 3.729799133729
2.76060553157511 0.991213772448473 3.33744007355805
3.40812234915927 2.00188163030298 2.52091427970642
3.34818324749381 2.10668703455384 2.1880254857465
3.17331674004921 6.12169502633277 -0.521615400679015
3.60748287432164 7.08650590555677 6.18886668076195
3.43931513073489 6.54327326166115 6.29719055773301
4.26842546770685 3.45858080803245 6.24441779573477
2.96560404288947 5.92348945900986 0.934575718303832
1.90453404117057 4.19146844102413 2.09358713962393
1.67560401247934 1.72567395101864 4.7312060630652
3.89069225439129 0.217272583587097 3.11918711859183
3.91756667247974 0.513327234883017 3.03655051078203
2.30201319845564 2.54802262716767 3.72334565295167
4.21012153165383 6.83532095988643 0.445447619092246
3.758704978117 5.53051905423539 0.0441850785345965
3.06191390459709 6.05420423316043 -0.246024827285374
2.42810780726612 4.19465010411994 0.15892291561172
3.71441953955936 5.46666623899882 -0.773213426411238
2.58422893597122 5.90105723031829 5.83530075070678
3.14503827571699 6.10562084960272 0.0803954996595628
3.42536037908162 4.00819387552642 5.96909914741106
4.8522150778476 2.59312426753812 5.05013318062753
1.90421542828229 3.81795570945885 2.22766480018506
3.93975993730026 4.21748273159249 3.109434053594
4.20131559680384 3.68599527527637 5.68033927541689
3.40963884261585 6.17618097456208 0.555941592164759
1.39185357690079 0.142225670844287 3.20334156883654
2.9323504050959 4.07658266403435 3.51052574172639
1.72519390694645 0.0371909725122137 3.24438396806742
4.02526945781784 4.16311145549003 3.15121792488595
1.77335102641422 2.14058644851074 4.35640222754557
2.44437795167865 4.04656122258247 1.02066498374609
2.99624980017722 3.04468177176077 0.102058872825996
1.97039733394278 1.0180281264355 2.43567399917833
1.87931194193238 6.06787783864418 1.90093709434249
2.70215910323675 6.13423261198818 3.54796778480755
3.22336727767512 2.38109891115929 1.22412823501793
4.67280414663909 6.94575238359461 6.22180301115031
3.17358981302588 2.39995804037814 2.59373302222246
2.84497615027284 5.81335646850054 3.82083021260438
4.49419375427676 6.1172423962176 0.897338690020411
4.19725798521345 6.45183866603594 0.577326482414657
2.40247714327477 1.15726594598602 3.05565223039855
2.33404079420834 5.30678260524586 4.4872824402816
3.79163883185589 4.0293272173042 5.59003987007329
3.65306642520576 1.68606845634656 4.37315266724151
3.78011412750216 2.83493749630469 0.673553523026371
3.02185236428933 1.99715025387123 4.02901518981682
5.33768703014753 6.78768403490007 2.86711999353501
2.51304840993114 0.267092201096286 2.47935630980676
3.58484623850257 2.67750773696792 1.70982140432057
3.16541202645993 4.83813397917293 5.42905487638315
4.14427978634478 7.14462448288358 0.525374627012064
2.60334689416179 2.48007487308703 3.13794125576009
3.3686580636741 4.35404880963949 5.6873284537441
3.68010293814909 5.34925349624028 0.203166605487091
3.41402631439881 3.84096160381203 4.85047538846887
3.78998847736683 3.05627666235023 2.71527618161418
3.21878593399823 2.60976084677158 1.13653538428938
1.41463595662727 4.33405131096769 4.07352840266455
4.40945818382424 4.60484299774163 0.107381408885611
2.33737708115611 1.7195412063662 4.48634855706035
4.01976098613737 2.24139466635376 0.219801066283187
3.16212830443864 2.02077088906682 2.50737876782105
5.64553235902391 2.55372027990717 5.84035216355406
2.43245015992153 6.20372424088768 4.57331223712973
3.31350992211913 6.13270789671446 0.325047183235294
2.84677538946563 4.46375719152891 5.44939573813851
1.75480615018021 7.27316884806112 4.29624452022036
3.39641156994883 5.25815661202391 0.896748563258977
3.13895165419033 1.64503053315246 5.61749826530334
2.39150070381781 5.85344075575588 5.05903624414856
1.64787886321999 4.22986082957984 3.26841318258856
1.06124010184491 1.59564492678092 2.61028349967568
1.68133907708907 4.15409131463036 2.63568123869489
3.84919575418133 0.592899013522017 2.48600177348015
3.5303649921973 2.98581733245651 0.540631765294567
3.19909297434737 3.61772622715973 2.65199951193762
2.00584987056045 0.51756124541998 3.3792528677174
4.03329768404517 6.6152330872743 1.9219769187971
2.57512182855577 4.95201784868403 5.6982945688229
2.2130004019221 0.824804248554092 2.4793301491172
2.31573692592727 2.86083234136736 2.98553430724867
1.84478929839016 1.26560440528657 2.77505329299672
2.57746283740813 4.72326475047884 3.86854149612099
3.78579974794359 1.85751606939578 2.2622103960334
2.47221196753277 2.60427383837243 3.0610742817872
1.97533469896972 2.09590011104339 4.23915260519666
3.94940312955666 4.36302779803298 2.1345745935949
4.13168351724652 5.30334219888821 5.18116381116152
3.05669063205717 4.48612201703932 5.7410023923692
4.42330946857011 0.579548794267105 2.71968595539093
1.39732208051906 7.08294728229877 0.41219823947273
0.647241727886355 3.80399550486058 3.65805760440969
3.04437504176646 5.98357161740294 1.06430174496227
3.0319797046062 3.07851993474629 1.50802043229146
2.08833327573176 0.790209988949667 2.43304390803905
2.39779956421445 0.930833864621007 2.99882476026417
2.63317693904917 4.43348483847157 2.17728224926843
4.14797026734429 0.150880826379893 3.6641421809879
2.21159442004692 3.60122893297792 1.05670147569516
3.24687615490906 0.641865069951299 3.08198383433998
3.07743565207261 7.25320436156672 6.19347122519992
1.15166592892115 7.31669622561533 0.580633038851513
3.31116854399726 3.18580007064911 1.43694498533037
2.22126155900989 1.83617947971581 4.1366405818552
2.56954169383884 0.15339547690853 4.00232990562252
3.14521949091445 1.40916153903596 5.08672219262966
2.6370359164029 5.6407069104113 6.72217535392293
1.21900962846496 2.23227255769121 4.02496115861893
1.20988273128138 0.554592599917198 3.29188793050105
3.18421222025477 3.45671263008931 1.21705747667573
3.61093426334338 0.905557117413519 3.24112043837481
2.46246560872799 5.34313051546855 5.74857252148098
4.5473230889406 4.02909011402337 0.949192682710548
3.47878140051583 5.07876652536319 0.926192937944943
2.38415821747459 4.84967272522434 1.79331929603542
4.70491082667358 7.41247125069238 6.67657371327943
0.00801929993044714 0.486334667712524 3.27150783523898
2.53048994478848 7.09875588001124 0.838595742780966
2.64307252529815 7.16762571568172 0.615297976840937
2.43182728567829 4.92062689539911 3.54170597535794
3.08587383955919 4.8380989049537 5.99679419563704
4.37798873523802 6.38722497650497 -0.35994284559975
0.423769953254797 5.29459760380378 4.02451202146528
3.41805257347863 0.752017442855417 3.92674123520468
3.26453124378231 2.10139828084635 2.3256334505038
2.19797635089999 3.28333326444552 3.01391198233961
4.18077598215534 2.56570941373249 1.69551454208949
2.20350788981489 0.24366151337343 3.88617736442711
2.66991440684721 3.30347243052505 0.795208062984622
3.44014848801193 2.9629437043828 1.07905370835304
2.7154120215493 0.469675377872878 3.54676885257039
4.12615351064453 6.36825340813255 3.52588509565815
1.59965876159575 4.53539845743821 2.13457384775206
2.55175690363161 2.07491110263513 4.46896187916078
3.41398282336109 0.21727008524255 3.20485371338609
3.69025777575665 2.47653340697559 0.509189186191677
2.20806669636171 4.10163271635317 0.63395543277675
3.27180151361867 6.59489557588799 2.09343263739847
3.5287509427561 3.81454861268148 5.59519010353929
2.07090413374131 1.03162164808306 3.85337779070782
2.22359855759391 2.23019185360507 4.16257481473912
2.66717023901762 2.9322166089033 0.826255869499663
3.06744281432106 6.55743231929591 0.752502716827736
2.45549147182357 6.94569560950826 2.55678215989104
2.47079952538675 5.20501690090825 4.53968573836124
2.44509932679844 1.24984875176589 3.16632286765607
3.30629788731009 3.10566791279129 1.29672374445604
1.84083327908026 1.37157397534502 2.7042488532557
3.62309258282514 4.04613180840505 6.32677600950389
2.75676017802856 2.35545387760708 3.43188068575344
1.57058624100389 0.280321581666311 2.73716799399459
2.09273310068233 2.12494371335907 4.55966826511577
4.49320339972189 0.839471613316273 3.98523570119036
2.50944301471261 6.05261762240438 5.60962870720063
4.12788412571112 2.2968080043818 0.57458414642787
2.28988924724206 6.93088369767683 5.13846908723528
3.09895247951884 5.21342747022613 4.72647262728863
3.19698842522525 2.43793153245082 2.12798750133779
3.19155966166699 4.71563107316457 5.62139073575102
1.61861094220248 2.81487409587829 4.29507604675812
1.57705544036295 1.94578634176434 3.95620336644742
2.82701613960424 0.346781848710283 3.38460191692253
2.64478023505046 3.87272121246761 1.23056194608774
1.59122466797125 2.96287072432126 4.59556971838748
3.22910803540772 6.76427418021628 3.57464654973039
2.43739637676028 4.20852361115805 1.65018758962259
1.10548653796065 3.99769400274367 5.03124410853967
1.39148891275711 5.02038828398243 2.96497010916065
4.13792466196667 0.357385879680589 2.67711285685901
1.55993427435249 0.403455825235695 1.99918435356805
3.229849248934 2.00663180515241 3.46861974610529
2.93718493752117 0.921569013829823 3.75518886687016
2.72445772585097 1.53425466540414 4.18805516945785
4.1027372006193 3.90188695632933 5.27770305480843
2.99616679759901 2.40324199830471 1.98129802949768
3.38414254062755 1.17345393159123 4.43073300925807
4.12912502228401 4.10846090869166 2.83802151228904
1.54195426549648 4.93054558757289 2.0124952246475
2.4753428929687 0.459648592015438 1.90626529660476
3.87131178706053 5.18123759288395 0.763622881094717
3.56820509172434 6.8414162245563 5.8269805731559
1.15938299009756 7.30286478686295 1.12728640980319
3.67994955759163 7.0554583773542 5.41794999657721
1.44521703194024 0.148009862869803 2.84627726125023
1.09410012671692 6.59299438763903 3.10242024926594
3.97384654976579 4.01379885734209 5.17075141838607
1.66187381270341 2.69117236811372 4.90375764242292
1.83328959029387 5.23731244931841 0.513334794639445
3.00508071123254 4.64776632869353 5.70137752456324
3.64557875094642 6.92904212557554 6.54999736956398
1.36165277247441 4.27910806674513 3.94981594080925
2.97322117949735 6.62899083915697 -0.305757718496876
3.50667533551575 6.11955368110703 1.30189185079171
3.19160691560745 2.43018327452164 1.15965022133994
4.1861429623075 6.55853452363805 0.482769754748081
3.21703858938143 3.68834420154477 2.79456338781022
3.84101600330574 5.26598360329485 -0.012290581576241
2.1731002751456 4.08798408701714 0.741386239438936
4.18707460438068 0.00245119208577993 3.77448051037736
2.30133626675073 6.37388826515967 6.30309447784212
4.38576026120465 7.04000834113007 1.19452721843892
3.5218052494673 1.53716914070115 4.46858169424105
3.38537526462406 7.44950784497701 5.18792064371317
2.64581861021399 2.46751591104434 3.37425741336558
2.29783678726926 2.99682871161406 3.13671115103799
4.45992460302525 0.0960192725223346 3.6124426386083
3.60113551230338 1.08736004761492 3.97279066861159
2.88174095270651 1.99030746556916 3.54658396617973
3.51530595032499 2.58071154582922 1.00664534110516
2.40256375458335 2.82133515357025 3.19001450710097
2.13276831821422 4.93328949992421 1.64636504780405
2.52232134272365 7.40091277060071 -0.819130629133841
2.1496873296886 3.17967334520529 3.21768414004577
1.21986717941862 7.3164577972793 1.01023342157327
1.24873733336964 7.28771013361392 1.48761500436334
2.02668437912673 6.67705196044593 5.10981886664659
4.93885768390161 7.29690777189595 2.85459355066053
3.90442366701937 5.72003693414652 5.29299958824497
2.66871372220906 5.64196642116802 5.14082338685167
3.63263959459034 3.4344297311774 5.39898894491526
5.96686605092483 1.32372168976072 1.76480509702474
3.191272698093 3.6350238952836 3.28903291707004
1.19593929130856 0.706093045860455 2.74240410627728
1.93182296031793 2.22799350377857 3.91776220850735
3.81919012056238 3.48829147421236 5.16371718510793
3.2006496896015 6.29327734856691 0.905085071932528
1.4671560104391 4.7258951362448 3.33326204908588
3.56402303231002 1.1346930422032 3.99123792646483
1.56146763587121 2.41569694396535 4.17541190156076
3.47307373268569 0.632899863306191 3.13590748175856
2.750608272259 6.38318319026799 0.442835941993433
2.70193283099694 6.47963856688747 1.46926903793265
2.94585291831406 3.01437686123108 0.907639270909296
2.92047512190988 1.32252297605999 4.10808874823994
3.39325792861724 0.772409233034014 3.84468601315661
4.88409824704929 4.842512082119 5.36881535782036
3.29530568093823 0.0259894500394857 2.58551749670268
3.98198935281942 0.868080164294085 4.32310190326861
2.24656892113465 5.57074345707467 4.73985310497041
3.01850553254039 0.171938093393088 3.12620002431277
2.44903089129602 2.95942399380987 1.83573134677154
5.28497872962384 4.24860459866477 5.99063850340322
2.19100878553318 6.84993070183483 4.69596644750564
2.52965212164788 6.33461247377677 6.20845130456496
1.9327369081216 0.817146799776728 3.14314233698721
4.26106425307416 0.0973966784998224 2.53703082712817
4.60935146116726 5.56562662847767 6.47638344832154
1.86777787142668 1.95225191320914 4.81921913908092
2.62895252789348 1.05565288195802 3.93573937314936
3.57157207087956 7.0412835871151 5.97531164296397
2.63318460637095 3.39295819970756 0.179805290061395
5.78211121430825 6.72094244951714 -0.161651761655482
3.75839845663308 6.25846600458656 7.1677964098869
1.91670179644304 1.67320156971997 4.04587262400127
2.62083562908197 5.90646860231408 5.18892934537164
3.51152510014329 0.721749402678829 3.85817227026311
3.20439984767937 7.35392013912092 6.45088672120096
0.247316944856464 3.82071953961527 3.10702936965003
2.53256263488099 6.16172765822338 5.85815074451284
3.7940314168344 0.456108876057238 2.97868188903964
2.49124449229913 5.80759233868148 5.79390654218853
2.25115477473894 5.08510202912598 2.67766018968585
1.39149136804813 2.88256286066044 4.65887383022466
2.72999367429929 0.421096793032758 2.71060904206994
3.0997869966775 6.64989843983716 0.581289456133661
2.65424741124824 6.59831157158161 1.14948165960373
2.34731252992129 7.01906133697169 3.69453248937499
1.93276279987396 0.662877379141596 3.33188571700885
4.43318852898941 2.65898795361116 3.17864115220692
3.02743477656151 2.29927097818014 3.64906996886944
3.0256458277287 6.71658690846092 1.17925759195932
1.67557258017816 1.35281478553967 3.39265028429785
2.43853678353393 1.41510260158145 3.80087910329465
3.47893966062391 0.328426895491825 3.1126267200616
3.4941916977933 7.12944303176309 6.44383653974936
2.97159712814102 4.8996087642949 4.47909006061791
3.93407240102269 2.4896694681307 0.567398584555999
2.36913719513059 6.15667930372907 5.92548721507205
2.65799778396842 5.44383124924903 5.34545080403858
2.54979529823836 2.43778910173099 4.56560367828516
1.24096702914902 4.15372978378613 4.33326157632185
3.15937427563561 6.99314572748413 4.75462236425003
2.68634030401224 2.13592936919095 3.96313787789393
2.69284295044425 1.12461204262274 3.62161939853163
1.5728716564003 1.9499693572571 3.6352504411372
2.53035653014627 5.88522686003849 5.9474248738191
3.98714712171739 2.44533015773388 1.36129368999391
2.88141703997965 3.9716139963837 1.74091655353076
4.54705327822635 4.72528510244033 2.27528838628934
1.79951779206033 2.93924737207807 4.23202143859202
3.69304872302738 5.78022570282002 2.53859705658338
5.03023642209477 5.18398072265581 5.27733041266117
2.63347373816782 4.23339341902102 2.35525337803023
2.10668459772856 3.26749016963953 3.96984741057896
3.1958685777769 0.661093509802986 3.81222885448645
1.11072478711819 4.61655637861562 3.96546724297115
3.32576160767993 0.167705930709471 3.1147508201741
4.84008303131125 2.01465713717411 0.703790927636085
2.26417429700789 0.255521790579392 2.74134709345397
2.26676252148442 2.4410810785241 4.61721656885558
2.32245569164186 2.69607075599309 3.82912029891013
4.0964369976855 6.77722212558997 -0.287843981524845
1.81992190040536 0.889815662194747 3.62684637833035
3.15122826591168 3.34139058682152 0.870312771334712
2.43161796573401 5.404668042275 5.85079289408432
4.39821468622279 7.27147385756074 5.0964844743282
4.23660218784516 4.09751823171563 1.06080322201643
2.53921296896847 4.41919672449905 2.52192325381163
3.54170329111138 7.32862510358973 5.47191230890699
1.03847268860913 2.86468633130946 4.51073713485395
2.60112943700527 3.7451011225934 0.285408127208033
5.26450396434957 3.8507281394399 0.124681601743452
1.89210666378506 5.59458346732056 0.931143954446568
3.89599408838499 2.17994942046493 -0.211939112491421
4.53194726060008 3.1026664375953 5.5299242576203
2.83747578231512 6.89386909762007 0.845651361522073
4.47853075973361 1.85631848382178 1.22054757294414
2.61803002707996 1.83076806145493 4.07105067188904
2.24407312323036 3.24627353326747 2.49204780972122
2.79240585967252 2.95572632751849 1.02834329274732
2.17411596432927 3.01346532313817 2.95712223036003
3.18329490473687 1.73863780414138 4.67286056873734
2.45827480509743 0.756542244121294 2.57771272476916
2.60233486791971 6.53976836376934 2.54816187395349
3.85978935264015 0.896276067638583 4.15551368484893
3.25142076908123 5.30290498883038 1.23313683545283
4.41299089003272 1.48084350907145 3.89248165143942
3.27427699694729 4.93562234684911 5.17506276477807
2.13399054652088 5.23950746614895 2.04488342065251
2.55107201217973 6.95600302480917 0.448966924743646
1.73084247612833 7.21305802165325 4.72275705302929
2.77655552724283 1.02320325129047 4.24887202599262
2.95336415625778 6.28518463225927 0.475313879990451
3.24035646316151 3.68879001227523 3.76927816832533
4.29547813728482 2.58321010158004 1.48712097275046
2.79513679836582 6.44066554410303 1.07803068069986
2.10027377563428 0.0471496710476531 3.60835900398403
1.86137607587333 5.13349909567108 0.726616707572765
2.04535641544113 4.23077101185797 1.06541485281641
4.25643961809421 2.48474767748909 1.45911390062192
1.18943452927028 0.278173475330078 3.10766963599679
3.87313485168532 5.73972034452591 5.00698026008029
4.94031725118158 2.8148162628104 5.06467212576987
2.84691261624692 0.220516031722155 3.05612449129138
3.87672402227336 5.72083399583846 5.19318179866011
1.66497628338288 4.92078541210261 0.754988856472896
1.91166488712106 0.0340343189196854 3.7041442697238
4.32378727403568 0.299104563009283 2.65207848199515
2.72786985313858 4.8945697153814 5.0058334112559
1.68152218852568 2.57210200858856 4.38956870017411
2.67338692952964 2.15537467882632 4.74875787084817
1.69717065703828 3.09012711604394 4.1795803633621
3.64880111547006 2.05136685743604 2.58002981036257
2.62770773201085 6.51005025375648 1.93310590499092
3.46941578708049 3.95443562053052 6.20428585730551
3.28977784777014 3.97217121875058 4.69991857412472
3.95652920768036 5.85528096197565 5.87862800578692
3.65255903898867 3.85691168316833 5.80543091123873
3.47519221056236 2.1950600750234 2.73032549651026
2.82185343875672 0.142077898196288 2.92717147807242
3.08355749667694 6.12913343356847 -0.651990753054344
3.30842322394924 6.1315630649561 0.751943346861088
4.75553529342576 4.39138599221595 -0.367746600664117
1.66844117641627 0.891471805439386 3.46222249035651
4.1344109214835 6.02050723513289 5.69493705415256
3.32754816150836 2.43977289591232 1.69642136359696
2.45609166684669 1.1646122997708 3.15359245925624
2.70550342492433 7.13113306870193 0.444321442472185
3.08838021202982 3.34961819587518 -0.130354852609202
3.61811960247107 2.03713066612361 1.46895069833751
3.63556019606371 4.78375581421314 0.554322334550257
1.13066445809566 6.15213473809062 3.05915717056791
3.31217208273363 2.8931632013258 0.535205062691757
2.7365779364985 1.59120121351328 4.25913616599953
4.26311961231266 7.28339241493083 2.03033367707352
3.4217456918693 1.68547588193952 4.2474020363185
3.41543886081981 4.15382535531906 5.85595634736844
4.25463887938477 6.26742598226683 2.09936927145734
4.35911786101772 4.41353359253597 0.0675340738071244
2.25233697816933 4.60251643484914 0.121415832835399
3.8595805561691 5.53544908058307 0.838962574304349
3.42462209836041 0.0428132104901264 3.4281373012927
2.70840903554135 0.129413751382002 2.44097989607162
2.24711021510685 6.53167502862915 5.82696814487455
2.21606875788773 4.51820773910326 1.32267629775923
4.33098448133851 4.22745376095063 0.337467789049166
3.24110842383496 0.936814332836165 3.68004327539504
5.52294305530164 3.65666701334312 0.626097191598664
4.40190649154111 5.50191965379074 6.41631962592011
2.3544968496292 1.22833759696337 3.21167700366052
5.254570326396 1.79600175246781 0.496651507988736
1.98586310685747 0.543632432592783 3.10136958081444
3.44136036497683 6.92321971813121 5.82615313082211
4.39701996308256 4.7456199212399 1.34293209409066
3.84519348805738 6.01598220535673 6.62852969726401
2.52840407684021 6.8860336393166 1.38544679274478
1.42645044883233 5.20815800336862 1.49379236788073
2.43658476838688 5.02041514930458 4.24327579460732
1.70509197638067 5.795081245879 0.296525382944875
3.99714697240273 4.51245416890206 -0.290810439854802
2.84093728271329 2.26692671450378 4.1634720844743
2.65767195976786 7.45850477780803 0.99765769953988
3.10122191159388 7.26271357847499 6.08868087778698
2.21676113368556 3.22479161904878 3.52669339164923
1.5996990743669 0.333744429633606 3.55654341106548
2.21385368976928 3.81591474460344 0.895573767976238
1.68793907092799 2.1987857904607 5.49577657203737
1.92970064733645 7.09405633083053 5.42783251321528
3.76643306705741 6.19543192307992 6.17910373279695
6.06332461473256 1.15005805947482 3.45457249539678
2.22809480485258 5.42046320568072 3.91711747282008
2.71210029769386 5.92113267807316 4.9251378311717
4.55232307011454 3.09133049259515 5.58815237334355
4.46062927732842 1.01393763148569 4.47590964008336
4.66838276164265 0.201563478638499 3.00224880260447
3.47400718667571 6.23950137384386 4.11742548037132
3.32026282013023 0.220548373022591 2.16166419613538
4.15163690262561 4.61938656527801 -0.0760125118222487
0.888155508303995 6.02929010604817 4.29388316168961
1.88770976290987 6.14913654222532 3.05394428403876
3.38699781924695 2.12114986688918 2.3693821226506
4.20884329170895 3.41367946243505 6.11407035903479
1.55780664394356 0.093120429301627 2.90434404661039
4.35266241673465 0.21256394452027 2.79447995708418
4.66283962427783 4.47811758210881 1.40278311515122
3.30255264904872 1.28380773408012 4.89023322794674
2.57337309043261 4.60334397520827 2.68898593707256
4.85336203075206 0.570597967599301 3.40673424334115
3.51569828692081 4.44266185833027 5.02741885182338
4.25747340150582 0.664828873022612 3.38019012050728
3.1505227595886 3.46864241923484 1.39325564934505
0.867492546582789 6.86942934975631 4.34134260562528
2.70425406286408 4.25893856043619 1.74731981986038
3.81037079671056 5.43373120186228 0.56407884792
3.83742697893393 4.60250946577048 0.48997478698157
3.51809476828716 5.28436923147913 0.23126882749748
3.6222140096611 7.04922622616033 5.61474877514239
3.35219958586063 3.75685000482026 3.94215376563743
2.22083644066662 3.7894359259212 1.08564090190061
3.10921807540357 0.741533242963223 3.60317092686527
3.55359206484514 5.21576003811034 0.113714518541536
3.67732777155107 5.44835306006678 0.639455412763841
1.46929608504012 0.220227862748853 2.22473178222496
2.32562331659213 7.12160122278295 4.81291972212224
2.66231989675368 5.50929981107232 6.81703782609889
1.33774527455173 2.11123984905524 4.17940029630713
3.57274181703551 1.43439894071441 4.10308557808736
2.48215736564759 5.08008756656284 4.46837069539948
3.26147318756273 0.0507407838114364 2.95247769069503
3.43038436295595 3.22153376955537 1.8721893218596
2.93611661523915 0.0874825062128144 3.34593651652864
3.51512652889825 3.09547674482533 0.569739821454628
3.71508001318743 7.27868628736646 1.64640621304994
3.3810660874689 5.18576168549814 0.608889526406056
2.38200259021889 1.00501797318819 2.71569001337704
2.11668782459849 3.25281365804395 3.6925391352993
4.07037725921161 2.45369035582195 0.462784483807472
3.33962372291765 3.82625258723186 5.92005319380185
2.67039704044798 6.4174082872427 1.59049980460897
4.287425124956 6.88564899806875 0.585974844743433
2.61330362394543 0.238140946308653 3.33750119012111
4.60036843661 3.08965229262778 5.93465600448423
2.84521751766207 1.29856298500563 3.38404953153949
2.62080138985261 0.97550496927504 3.63897726918558
2.26409902600323 4.01222703579239 0.620572051231812
2.91276729546989 5.08864684278819 5.84301864709683
3.08133509474794 6.24379713007534 0.228001975833139
1.10776499946595 5.01487885702031 4.40031781933292
3.10708954146445 1.72798486167433 5.1450336322891
3.70316856010202 6.27446556207617 6.70835671349279
2.2164597884224 2.29994327596519 4.76712412261989
2.05488787135769 4.64916584948344 0.791139731583997
3.93423750460251 4.83572246178593 0.542465059284334
1.96062634834825 5.4949342382091 1.22843606220483
3.66249326535636 6.47171563674609 6.03809018062474
1.40412161279413 3.10399732839846 4.4590958312398
2.10001730411113 4.13630678993157 1.56714088374925
2.75791864460498 6.58447488175796 -0.0146142057877496
3.77485836091527 4.23645416818142 4.57553780729714
2.11557798481314 0.803565244226139 3.17590100314329
4.20276313718462 3.79666570388454 5.6641179685245
3.08697635774071 0.878656777061713 3.99486148521508
3.91510885747976 4.46585720105809 0.932937049220783
2.80305239231088 4.06828233643505 1.64874989560015
2.63520205287091 0.130506853017777 2.68465087582795
4.35845817654258 4.18962451957349 0.117292407623653
3.24270058272159 6.92518135636509 5.67068068435137
2.21818903751028 7.13714307506716 5.26159043391559
3.38895629105328 6.80461928946531 5.92143567914101
2.89610689412581 4.70268147183235 5.70964041378681
3.19173907508305 0.426946350767555 3.06165962781246
3.00494399212369 2.78474291454868 0.705857908417836
2.29091081139654 2.89410665999359 3.30956257618998
2.19071991217535 0.820881203045794 3.58024365243186
4.73905470664426 4.80181700838206 5.71348128557719
1.19420366531477 4.47176880138402 4.81155102872386
2.87565935549351 7.28033965641023 0.198793303844244
1.66967656407127 6.35429251536818 1.17236602645067
3.4828807212774 3.43653210456223 2.18207745184975
3.48162495191304 2.2942459205988 0.303648378706653
3.04991165243217 1.33120591648004 4.52282457335927
0.781408009392377 4.39737017324223 3.82240353684031
1.25785916374204 1.13635470329432 2.83461741745147
4.02392339143107 1.99822710555136 0.860680161650673
1.93303374261259 0.347194368415967 1.78782740039456
2.59427971432063 3.5246528730613 -0.045081510504515
2.49248646465527 3.46971764959939 0.957158548611605
4.13617814098307 5.44436378783058 5.27718852187397
1.21486042878684 6.56871143904981 1.83441769311328
2.37102431057785 4.30380082451288 0.672965286695414
3.36544709834364 4.68396434614612 5.4644333516648
3.49181812685652 4.48848457495974 4.85700270719649
2.95621426915595 5.22373630186924 6.62735301788201
4.40809669540916 6.14671034879462 1.02077608237507
1.79202848306556 4.23418187217582 1.53986838845243
2.05153193617253 4.29755645087361 0.645279253533599
0.783365127752094 1.08298394039244 2.95303784157318
2.9281826927072 7.47976901027881 4.18992294688856
1.85282678346052 7.31613288777508 4.86258594572097
3.41756635821668 0.181889004028791 3.2071076642035
3.47401458203455 1.91095324144903 3.72806844850619
2.33178630126593 4.18140130559777 0.528130207808585
3.91397863308358 1.05817190748131 3.64155839208045
3.30999892424444 3.21558216020995 0.467700554213849
1.42454730728507 1.2328192430411 2.50191108495487
3.17655534581369 3.07140576884418 2.08196346438734
4.67858940155877 0.29388276129102 2.87373947103614
2.43956843379442 0.965821749811192 2.78248983660808
2.4242221321618 3.81346163133192 1.03685569224659
2.63211066735045 6.53793261746003 1.61926359490918
2.33225431813928 5.26817137006403 4.46643404464717
2.30455899197092 4.66284796252103 1.06457030238661
3.2467094068979 6.55138263067521 1.31591615912345
2.51848540150097 1.86365175739887 4.12396854382184
1.25982425940797 1.19189942402285 3.84961355658151
3.25832346942027 7.3205887167608 5.41044768742396
2.6275218645018 3.04628571445665 1.9350445322472
3.39033770943126 6.2538556444196 0.661200543503799
3.88392344410174 4.35484816242669 3.61698833278624
2.03880499888717 0.395990394741766 3.18280269309118
3.1151744758492 2.24653576919852 3.67704748545283
1.41604226452567 1.10795729966659 3.92180466411366
2.15304898919846 6.63581379372778 5.4602013157676
2.31402305641081 5.6886291557557 6.09338151757584
4.03072634701781 1.60198368987272 3.57608158181841
4.20874770308841 1.36965881931857 4.07610230034797
3.07637241343407 4.59050385049229 6.08275473748412
2.98450083468981 6.38028198150428 -0.128521532169964
2.84639267986199 1.42250038595433 5.01723074926637
3.47411035169549 1.78968858116681 3.49784999689438
2.11688343285634 2.57013048679731 4.07033082074667
2.43179601342112 3.41521580166511 1.58009089795694
2.37607032296942 1.04922918423651 3.94180179795564
3.42492886780552 3.3357834935969 2.16096170757422
2.66116309112888 6.71289594565671 -0.208583014744325
1.27442122404297 6.07546953825218 1.31658914631213
4.2817052002381 2.09609290781983 0.467523829900218
1.42034571060143 6.3537428885819 1.48430758592066
2.5474595804573 1.30630727469634 4.06233476258706
3.74002843303862 1.40437056980714 5.38603715400419
3.36756127011332 3.81253879982797 4.47916683735615
1.50945584862534 0.00795093396682489 2.75195160166534
1.79351998689649 4.93622697114883 0.089378116861909
3.16025106258345 6.00481788210533 -0.249330328190442
2.29783632557916 4.19946779173849 -0.0308853557613996
3.87672368557773 6.82742161785277 3.82630873098364
3.77670564942972 5.10293074763028 0.0743572146009711
3.65565524796688 1.72813180669105 3.32596011826378
3.1018732636984 5.23334853755287 4.70967838509204
1.9481718839479 2.75066558821351 4.12392403800325
4.51678239105853 0.63493352686899 4.04990564518465
3.55775129330939 4.0063186939221 5.19088214086156
2.45668666935653 4.14275322001389 0.779623224546397
1.9642526951648 1.79448240432588 4.3158554409073
1.95414754370179 4.61934817534955 -0.662698478968288
3.46223421880181 2.13158018921266 2.23029256777957
1.73526366605561 4.32521382827442 2.56893610779228
3.46069102531039 1.79914917074135 3.63391908389782
3.37911290536905 4.60746791395283 5.54105341429058
2.38827586473466 1.76082125801204 5.03170148748731
3.55599172229141 7.19609622632042 4.8339939243599
3.50255779468077 1.36269252535045 3.83588141053929
3.07508110231764 5.07015153970795 5.09273480726376
4.17722651871072 4.39866244648112 0.23528321944334
3.53641709681318 3.71582280879385 5.987954594808
4.22477094650542 7.01224101525968 -0.0730483120307726
3.68362171330166 6.8976280602767 5.83633952161344
3.58431828880703 7.37883758514871 3.88616929032774
1.97604410779806 6.32030015308683 4.13914491188763
1.9556790103699 2.36704465718221 3.83786568164094
4.68645541965844 2.89258268367584 5.27643875792163
4.36817383137975 5.55625936742645 6.26358435782044
1.43342931835742 6.38785166994939 0.276127127728285
3.20066341618069 3.32853518781805 1.50788795403909
2.81545388315074 4.69280282424429 5.35327846407734
4.13517689207931 4.53174188168707 -0.0792404439318102
2.88701671396239 6.13552248970535 0.999857415250716
2.21702516691037 2.48379299080637 4.39575186686532
1.44873562933998 1.34764105340757 3.55716061546375
3.03281750084827 2.58999423446155 1.8525099771962
1.52846208719524 1.85095537259564 3.64628993594959
1.74664961021706 2.30806224558777 4.66238801061445
3.70116709932383 0.516249696171302 4.51201750663126
3.2555939107303 0.501808748994729 2.99992139986536
3.04860867453432 1.53026184364107 4.22795138930966
3.81153565663626 4.76886985995568 0.416696816039805
2.75245685896137 0.723680602421611 4.34116663168982
3.4334602406994 6.64335479370274 6.39851885660973
3.9848959940574 6.39293758461859 5.34117626045867
4.90939050460366 6.91795347844872 5.25748821542141
3.02070189747326 5.97979560662801 1.16955669404854
0.712421995602556 6.31287418206748 4.77792552955253
3.57427266733496 6.09084584442918 3.75651880349197
1.75303260988733 1.36165523464584 3.50400965558647
2.02028718461737 7.30217972847772 6.5853508160671
2.39851586131175 5.17739413241801 4.19658870791938
4.04087904214452 7.007346962472 -0.387437609186421
4.39368219685375 1.04926952520945 5.72605927248186
1.56961501906763 3.09134226516774 4.92112546956085
2.34071062218364 6.4419850184479 6.24751525437353
2.65533175721551 1.97063182720917 4.24126446709186
2.44130688247423 4.39515315538307 1.33407004984608
3.79354994468042 4.35051117638278 4.056497901798
3.5008013598607 2.35193955135637 0.474262743788652
3.06131777222958 7.2482687065404 5.0955700074181
3.50017916254738 0.806468710413714 2.84395433638203
4.07112010623773 5.35358029988311 3.52171253231825
3.6983006561111 5.8470911832171 3.1115072657314
3.22861989434354 3.33803382231642 0.667542991737548
2.17029620935389 3.35712857602195 2.76630585818489
2.60541217893229 7.29898202499714 -0.128468255804992
2.64496118175981 5.98415511504291 5.32501250484976
3.21339766134535 3.6826225393141 3.2583332356925
1.45720398815134 5.02681495101432 2.02223645725
3.15626524512822 6.23447560831323 0.905288298517014
2.56875647339316 3.59722468655136 1.05859539524965
3.82451351831781 1.9772551075081 1.63422761792433
2.04485466120429 6.6020185827133 5.83386340037184
3.90708368995543 3.91766032480656 4.96451511994513
6.8455101169531 0.0531430985678831 2.02100438257993
3.72962229674523 5.98853183411795 5.31543293805861
3.4008432991108 2.9930361377904 0.489069675366442
2.20993963120561 5.82715871831676 5.4561538407232
2.63758996706916 6.7407457167546 0.202600918529867
2.63264059464368 2.46128164042302 3.66503750831489
2.43916042361285 4.93200080973185 3.78016203905832
3.27683546733861 6.40952104420127 0.953065616596712
1.81181122577487 7.34693635110219 4.93471104633964
2.59760070888728 6.38830037206568 2.75394885564178
4.55245146493542 4.65570727629879 1.32612230375853
2.73749521102356 1.28046008206051 3.7099307158306
1.82377801060126 0.107423042571876 3.20547303880567
3.75690252980671 1.11268774040305 4.78952781534919
2.62972232411537 6.03834328089349 6.55615991253908
2.12549638458996 1.49785845101722 4.34402967327016
3.19026259989601 0.379477798536278 3.36990172347894
4.34917828286139 0.770931283807554 4.00353669670972
3.27068507930911 5.53717591477287 0.684361995084607
4.7161977642749 4.90445282184069 5.04737881543066
2.69276087947255 2.15878879779077 3.91093557181369
2.30658286228903 1.56231663501187 4.70277606868487
4.14131701104326 6.22854172901528 5.12035179497742
2.84083358188246 7.29565040867311 1.03414906000673
1.25799506686777 6.94584756614193 0.605290903224966
2.09476666823985 5.34281532747645 2.1563681562745
1.88480754717143 2.94355224142742 4.41529166188188
4.302869794579 1.53232235645409 3.94848254357355
1.76868355745341 3.51235758714411 3.68489545051028
1.84785963240562 1.61664097481068 4.58262289886977
4.00496668616708 3.39809519536035 6.18887966857861
4.05975127405605 4.92196387709145 -0.729679723612919
2.02017644447066 1.19620180800808 3.49490993503738
2.0283653762446 2.60599083672011 4.85875454363543
2.62241829540686 5.29003270238611 5.81828193652085
2.70184062239958 7.3544815212627 -0.0865332979698372
3.62197439817041 1.41864206794407 4.11194294011177
4.16061937834123 3.83626858404222 4.09719280827313
4.29061859747963 4.81262210824285 0.798014171884257
2.2651703539712 6.07096105597925 5.64136700394746
2.42159949505356 0.339559200138244 3.09222634701344
3.40762031140608 1.55222637754785 3.83585189855744
1.55224546922741 3.45857531025193 4.56464480819494
4.81349408775182 3.3505095368725 4.64231339232705
3.83261904293864 1.92679534855701 1.76260073947595
2.31354824029588 0.282075561978103 3.07678646092639
1.20885342197905 2.20644201739254 4.48105218699394
4.56515184279792 6.36333989661274 -0.260744756469672
4.63652193180886 4.83375442039923 5.22733518302309
4.19511900656628 7.12707357754032 -0.450214427499549
2.58517155026538 4.27677346089557 1.26148339722002
4.15623125350119 4.15752746351826 1.90034237011609
4.91028940096138 1.65625634792286 0.403599485957102
3.67184316827284 0.0568925150485722 3.01504137832554
3.68262607375532 0.690897222343355 4.38336345508326
3.98265305324034 2.38698357089078 0.0759898480832568
3.26882868931577 2.50285267924539 0.735043125148954
4.89402089707395 6.35833440621036 1.40337319251966
3.56801490549545 3.49529129470246 3.37544141668075
1.37413539497713 4.86046974696127 2.73942755533188
2.24172462163299 3.25252320724371 2.77047702585239
2.53447344855168 2.44779111226373 3.40098463156893
2.89534520249003 5.5216291353831 5.49118620043957
1.74735184938779 4.20977437487216 2.01405980502799
3.9341370840015 4.24872482993409 3.27310816356259
2.3404541407647 4.1223421038518 0.250762345681312
1.89483639414233 4.68682155207771 1.97084265355745
3.23835414102536 4.14990621545029 5.02849068722243
2.57281530969038 3.24530547743377 1.03908951009161
5.37605968829905 6.76840376240641 1.23243754574547
2.79055372007208 0.622575643579783 3.0534389287912
3.69769791822475 0.983993324588955 4.25124906267586
2.66464986798223 6.85778752769212 0.0584289468875039
3.18082771118959 6.68830081986942 1.29890718535675
3.38841347045587 4.20477553987473 5.35766092508614
0.7826800491078 5.281148715662 4.802912376573
3.1361462952779 2.68352026939792 0.842761072679641
2.43547373185842 6.93372213758854 2.64683057422003
1.81887467798801 4.07678095146156 2.39029978547641
2.89794679708848 0.820482305915678 2.89230579546504
2.34020665934083 6.48554224705628 4.11952475126063
2.19213445032644 3.58592905798516 1.67594396334385
3.21665735508099 5.06310681304957 5.46754559272299
3.30201590085383 5.25305826127936 0.257716246559256
2.61136991551566 2.76031359637422 2.75481611927167
3.47999723156901 6.76872482760833 6.58068190027758
2.9907752980078 4.06454900602962 3.75501066744997
3.14855684892631 6.74259404093484 1.40192945247084
3.13640110543147 7.45708319889223 6.41136464372458
3.11518745497492 5.27597848218827 3.94367421028778
3.74533148617342 6.09649885771988 5.10853863108835
4.07968766022972 7.19993814596101 0.186027225130345
3.58224399974449 0.95844664174462 3.84995649362015
3.24402950415738 2.77361287347696 1.32741668997397
3.76722139919459 0.426042354566535 3.17632162115081
2.58713327638126 4.09260269637345 0.145303178205178
3.49061742779619 3.72027242549689 4.6807563517805
2.03486373086916 5.10329575536654 0.676095193587924
4.91606936962743 1.18729563965261 4.47083798501921
2.18458133740553 2.27605851082856 5.02963174945454
3.74766773632389 3.04274382006283 2.29734236500227
3.80325500662933 5.16798207223405 0.228813874018163
3.63960663726354 6.92028619926009 6.79185741125653
2.03023602610599 6.52439199770519 5.77328671320835
3.03509887670989 1.47446240181563 4.2199438534174
1.65038355957964 4.36776211123507 2.91748216586185
3.39147887885698 6.06153011576076 1.14816569450647
3.48951685978169 0.51896260693122 3.8847052218948
1.95949728453541 4.72460662882347 1.45747081696353
4.00885501137377 3.47357772366783 5.53045394819988
3.72874677359444 1.28824021029655 5.03985036399144
3.16638291484229 1.59935322225807 4.54072759391744
3.3331510113514 5.88814433461403 -0.219354464758899
2.93522986938768 4.84565191040456 5.46104141375576
3.24805292913925 0.209583186933913 3.16891574044921
3.30126139287098 0.0121622105690209 3.52364429343333
2.88347305135354 6.78145489204657 -0.490336120705625
3.67123111734815 6.29114301423959 6.27164731102661
2.77721547348876 3.70401109053498 0.435701153849644
2.12690994813846 3.24408349403787 3.77916323009906
2.3339946097682 0.986492587304922 2.9722225592881
3.56508596225931 3.33772486612996 3.30516374737298
3.11377842119212 5.34773590824897 3.94411191466444
1.74393237988607 1.76438929535769 4.66817633785272
2.57809558219854 5.6084949726467 6.18714386564654
2.71188163317516 5.13551506330356 5.62931295041102
2.0315704287822 4.94601686462182 1.404633870458
2.87619165778895 3.48538246610381 0.546208025194024
1.98530253742445 2.80210368052842 4.29307146773389
4.06903832442956 0.836761954152571 3.44200350776818
3.50083529711649 3.82273783944092 5.35789441637347
1.87205851991289 3.41283413660691 2.75521835266712
4.38476954354183 1.61731396467111 2.397671336089
2.7642869752908 1.85938786449967 4.81317141837476
4.27651187528264 2.21424098541151 0.496548869329565
3.65556847233126 0.325704646322738 3.43007473495149
4.66548354759465 5.95967898706993 0.88965852708345
2.82507670617797 5.30813492417192 5.37137621821909
3.94035442944224 3.88918254446201 5.24351280729652
3.41912094568293 2.928032917295 1.19273951323778
3.25391804474114 5.34671083808062 1.37575001258279
4.76596206500338 0.759948800124711 3.71005516198102
4.14306109909605 0.961012782980144 5.11568692847983
3.62998097383052 0.0240724268551089 4.07122567878123
3.01893105947706 1.02115276276883 3.88993715850658
2.80583900712476 1.63983639065029 3.86904462285019
3.22743255830689 4.26401919429247 5.96082190027575
2.91275153778944 4.54272687864117 5.91533761209389
2.02188900395795 0.158818332390753 2.84841122823156
1.0412211554088 2.97146376241832 4.43645308984699
2.99182889679452 7.24710928372011 3.38936434707564
3.5507493302439 7.4243671651513 3.58042172435613
2.95515402218942 0.313046542996022 2.86013201677908
3.80914261679635 0.0942957596606133 3.93797904068071
3.88337007821452 1.84899460084691 2.55224158875135
4.20549290636033 4.54070343192892 0.357132264221014
4.14180288279677 3.08991822931894 4.5595923688888
3.75551966574756 1.2584012209654 4.1306551088241
4.59284259283731 2.81092126159004 5.21774506370174
3.6394247623128 4.8565681645982 1.13334034192958
3.16090781433109 6.43249607731556 -0.217247340559866
2.25048324290551 2.6450427416486 4.18888899523059
2.91763501327714 5.40466288652965 4.15641079661505
3.82189675452388 4.32673370842126 3.65278434711999
2.8856506644082 3.09221816627503 0.866701634747279
3.09351261414651 5.22316651357592 4.77382457344102
0.864606141197585 3.48566649018156 4.10759585344524
4.77634082934185 4.63471504972516 5.78495083845719
4.48616925895492 3.72248714936045 4.08639560166086
3.13262752774162 5.67852466321917 0.674759023414471
0.698458493123717 3.77294839483746 4.2192172399048
3.04577894280859 2.98464489252921 0.930202569875932
3.6450730338751 6.30364627840503 5.63942201994265
3.27699753755226 1.92416371051493 4.1469400780752
3.16083440202374 5.07953105568937 5.00848553738863
3.85738094627404 6.01056410015954 5.4645661828532
3.66720627083654 4.00383139831877 5.60083193219425
3.9721587233559 2.78299869743639 2.49655651959947
4.36819741987576 2.42049964652664 0.843691677995531
3.16154720473347 1.52320671732702 3.77191079095668
3.68977720450452 5.08067916899917 0.698549299172311
2.12875168232683 3.86664915242736 1.07803358306498
2.91006625112719 1.4319766568698 4.95684796149863
1.71950967077622 5.74377193683227 0.723674229599818
2.19730120888328 5.33325120028478 2.32693854607798
1.42770408955928 2.61193436000798 3.83380338746384
3.87934223637022 1.95477838958518 2.0479177301197
2.04393732668691 5.96770962605426 3.47671609222449
1.35609553515412 0.8302269515361 1.9426592571498
3.08530053728592 1.24168243014681 4.42142674788337
3.46097318456816 3.11804241597329 0.200544420060412
3.02863049905211 2.7531809030437 1.22533096403432
3.95655900585103 7.3982078126265 -0.563297550413953
3.10346226803107 3.21265710830814 0.0464855777022446
3.18964208604499 6.62746373158215 0.845972407030986
2.11560282965927 4.47757621692234 1.68167499107773
4.26901456147745 4.8255595718963 1.11256221261786
3.26062504733852 2.14012907683761 3.7290168649587
3.88357054247147 4.68527849257237 0.685287005802019
3.26215169024181 4.70505683974063 6.1895262385672
2.76457272006698 1.38343834317284 4.01274706016687
2.57608136216648 0.81721042731956 2.87254975314883
3.8911288387658 5.21064996429871 -0.308136759638072
0.79190393703646 5.39030775270775 4.85027846541122
5.01035462311446 6.69096904303262 6.68346548148124
2.57106918358778 6.63412413687443 1.6291537237746
4.47705896524928 2.40664836544091 0.991866231323676
3.16374224135547 3.5180157116741 1.36117953802425
3.20747979473007 7.37981749113164 5.72539573472246
2.22173402522772 1.19932655262246 3.34209813771489
3.53107467987779 3.94350616143235 4.87329119582937
3.88750585847401 0.607362011983418 4.93062018768389
1.80362711009196 3.54313128064114 3.37002481959519
1.91278583501308 6.01075085583453 1.61053200998166
3.06100463068452 3.3814792758584 1.25147033823265
2.69533909781717 1.5718139714545 4.49318052337019
3.7967609102498 0.39843515547078 2.92801560296554
3.52767853510886 6.56153447675304 6.07474354134336
2.65256215358655 6.46923101038784 1.91459300417488
2.14768840501804 7.08842715261198 5.68962235573647
5.65426088888072 5.09304615457811 -0.32718263670552
1.96518046006713 4.34054440592493 1.57762502522024
1.53427337496808 1.51513534298591 3.33855562228605
4.90120335695114 0.854653921682914 4.77165825439528
2.4875555093325 1.06181309148543 3.85035231838278
3.89291035595217 1.51077737932746 3.77818993513593
2.92751726466263 7.08028563462116 0.0507863260501604
1.96841033717731 3.99049713037846 1.43396435689614
4.40401931414452 0.534036441209037 4.81246961290472
1.00465581529436 2.17121896557579 3.21974215685399
3.53736981245277 1.87475094004295 2.97336788893838
3.79122343117275 4.38723617429784 3.41665941412543
2.25130817422617 4.94831397958832 1.90152247671103
2.57878561637088 6.76704479828458 1.55146639954514
3.01596665688284 1.43880692778209 4.51747092146921
3.89372642033454 1.70274200906612 3.82892038537859
3.04348217816342 0.17987127971799 3.40289967474774
2.58724868020797 6.05240257373966 5.02750726789176
1.67309767815237 5.47937529370961 0.551070983486847
3.49315488458026 2.06193093329377 2.80895298484637
2.72104327338769 3.71890321609586 0.732344929956338
4.52290178280784 3.28870612833034 5.44764335975749
3.72040689513527 2.75821765312996 0.686742021726207
3.82518244326848 2.46790691685702 0.204272072026856
4.91874366905773 0.521955981752472 4.14365256285205
2.66611300679416 1.90579764769213 3.89449425315399
2.04236790177142 0.0267856885999356 2.03491949158889
2.39602451976546 5.02378436932192 3.42618306456917
4.45895074814574 4.04888966489129 -0.0602713242951858
2.98354675358271 2.30781793120649 3.28895637892895
0.963385715158732 6.86842803733212 3.07071042187285
4.72221938254443 3.69459387456623 0.572411113806549
1.67933922582334 4.09209528340121 2.32141160514665
1.16071688762587 1.63470229449062 3.07084016799254
3.00242303739162 6.18404724351222 -0.240235174632986
1.87662009885023 5.11424708560008 1.19791145139388
3.05131533311606 0.886014447550035 3.21133297690078
3.42468159779315 0.581437381189647 3.48730369956129
1.38622713064968 4.0350710147537 4.07077144827046
3.94565360745469 4.76295131034398 -0.398801522520453
3.26725616049373 6.22972150003965 0.950220778363536
2.23928611758784 4.23098129715916 0.396929558296575
4.07743106229506 0.982624887389189 4.3500835656929
3.24431332595282 0.192793486878543 3.63515800353283
5.47384841010448 3.88164404697639 1.0629969971665
2.96732246062832 4.10830986790164 3.36695119099294
1.42616563640584 0.547798954321573 3.76502206972125
4.23231989988524 4.94052747014117 0.544195791121099
3.70930898818433 4.41219075474226 3.89707098029263
0.76141480094326 4.60218054126387 4.86213516929048
4.05711607885863 5.22171352936966 1.64282684104228
3.08929915299561 2.70954741092817 1.69632011633094
2.88467192939783 6.86027872617491 -0.138384773764373
3.51897940829084 3.37192384475631 2.70425060940125
0.926542051128887 0.867263603508246 2.77290817409843
2.84265001422852 4.06642426845364 1.17376174313814
3.94577245865545 1.37924658154469 4.65709396971871
3.30556992039189 5.85967069319523 0.998294578761526
2.98928110964985 6.7249187779231 0.247472175263701
1.71651206133143 3.18242339141868 5.102993765291
0.904318866967474 4.31855009397037 3.55933697033514
5.00839559848957 7.3357994431757 0.0662779656614435
4.1377624657829 3.54001906212959 6.02343530749264
2.15742891511973 1.47517615554042 3.59354518886321
2.76515079955781 6.35404498085989 0.442667415234878
3.56643488657563 4.33669340764374 5.98529819085998
1.89295336420691 1.06255472753186 4.08615161890086
4.23676700890763 7.06679722175717 -0.346805592913375
3.04097957966558 3.69151296815796 0.960758668396299
2.69283499727266 6.11137844875541 4.29684185471428
3.21381540006562 3.94934047125685 4.15559692594688
2.92988178132106 2.78628738957088 1.78163824834202
3.22134570254303 6.77356206657902 4.0356775684893
3.30279628870615 1.63368022547508 4.047977547294
2.32912255968765 7.08354456018637 3.7492123472676
4.79594842450593 2.98413818417795 4.94932074386731
3.26105089003483 1.07176079629054 3.6610982333796
2.21555661632987 0.541522101400442 3.50085539545563
2.65136690331557 4.72367399824757 4.91101404897383
4.85533604700496 2.75337817494444 6.49700663325598
1.54315007651431 1.14129956081479 3.16706227954768
2.64208637866763 6.05819474012812 5.25177412212568
2.92614363729868 1.19576552554151 3.98938954072152
3.00142903408834 6.36482934785076 0.350866879551021
2.76838878369052 0.641779519853288 3.43104145944248
3.45902336092604 5.88727885977114 0.378369045719503
2.93079360999823 6.60423376479629 0.0200178203949599
1.15581138485743 0.0883625967838553 2.47210143961224
2.09986666301416 6.10830795229933 4.63279399725143
1.67315120632284 3.02758704579271 4.98515930203584
2.82614835617137 0.336051741975487 2.83292236362816
3.8602603882751 2.23773776543277 0.564802338627474
3.38386107276812 2.56404713660269 0.241483140508811
2.29749124870694 6.4697946697041 5.52934271888628
3.07480634805746 1.11361909285249 4.683262608571
1.52197762362264 6.87580926774852 0.732426231544022
4.0519135386053 3.17508750036369 4.01938034581484
1.96387588544345 1.72916589813167 3.87409626108018
4.40512103518719 4.979818096611 5.75177405237502
3.77200933348965 4.76601787086651 0.287923057080771
1.65474305163865 2.39534323699656 4.15783576759496
4.53326697271813 1.77372151035573 0.664405725145101
2.20151906155415 2.68039990183609 4.68060262123944
3.8122050391632 7.34933381067013 -0.16341495140373
3.82734916894704 6.69387694149206 5.75497038728499
2.95724228153374 4.23774501747544 4.60355166946196
4.05301804740248 3.49384388423467 5.9337424003162
2.71221342264027 4.39851678304657 2.62531662840411
4.1380947018953 2.34583909069869 0.555611686829252
2.2320426174872 3.80774281786843 0.990924736026319
0.802484599717647 2.34048866280859 3.35284330291622
3.96938112485587 1.16226506510809 4.46413284355579
3.04966279729482 1.63997247888703 3.99289786706609
2.64038759778933 0.314611836264448 3.55600321089053
3.09114213092891 2.99511292273814 0.496289442425687
2.48418801891118 6.66369144641113 4.0165723343613
2.61564647879484 2.04382041167502 4.39933028487145
3.97621102387422 2.83225934072638 2.11007298706235
3.23314635726949 3.71670376267817 3.52578206500731
3.34327802292499 6.0083517860834 -0.0881978003363773
2.53638040636714 4.11170041844206 0.589185123852018
2.89288019851001 5.97844889442356 0.829945651806759
2.87621938788195 6.12926388830062 1.89755738878733
1.03896524920987 6.94676498516784 2.22450548567552
2.05193111209699 5.5391382756448 1.61916536889282
0.859273061269433 6.34259701560199 3.74431923573563
2.09498310148966 6.47697825199679 5.39955977425081
4.84062428965127 0.942471593061936 4.45665133969854
2.4732602135235 2.93175438957236 2.68801802502301
3.92728862917391 5.22578549151656 1.11648045266704
3.59509842765085 6.02132427205233 3.19821902978394
2.95701530128977 2.52674416210841 1.79937131307271
4.00274282465844 5.15518954336647 0.341476849615991
3.44342272765901 6.73268280348276 6.04245942847695
2.24928059166345 0.630188002035316 2.30308836590029
3.04376097374583 1.15309123644787 4.00242130213153
3.49210401834664 2.83538331879382 0.388567770223815
3.1289368455907 2.69723764698742 1.31446867267345
2.95911726183039 2.92898069073279 0.916935748516746
3.49313425652387 0.908876250214648 3.72969627273967
1.23979274766122 7.36609400002599 0.949119454208661
2.68325425548687 2.72389276105641 1.1939122720048
3.57025637594937 5.16893844813453 -0.150114641629922
3.21774452736851 6.973109764881 5.99317777461772
3.53380236749494 1.14943991301866 4.43174991359773
3.37299725005621 6.79983962847742 6.13212755400181
1.49543000518711 1.60833192447951 4.3520597876028
3.07929595582319 4.05571022533975 5.00988028144705
2.85546252502127 4.1481968498031 2.65210951223803
1.5359077981408 1.39991109459562 3.20473682826584
2.2709510244312 6.26366479099625 6.0935044409175
2.37342098518144 5.00913320168478 3.17630723152698
2.49653683071291 0.697331860753324 3.02186773442885
2.75191055032176 2.22126691985163 4.40941868759609
5.02872160371996 3.30374281774325 3.44006899846407
4.13449556567327 0.59987032711097 3.75199920770728
2.56207952027784 4.97821276541967 4.41114433724984
5.33595262478795 2.38208788665485 4.81435219576097
3.17145670640815 4.0884757412588 5.60035561734228
4.24186234126762 2.11547377503144 1.30951504716872
3.05688360742141 5.08661303812759 5.89044356211331
3.27434761524723 5.55504680397664 1.03881976799124
0.629171038200494 2.07506262480611 2.98218068162202
0.413387179275532 2.62345079016148 2.99532009116698
3.92900663240052 5.03240624685664 0.257960504536342
2.79159490624945 0.00862513327274694 3.22068683124918
2.1549813365097 5.32539973957938 1.92552144148935
2.91575502913347 1.96679208384284 5.0316992394575
5.49876803477282 6.50031016956215 4.73146447589461
3.30441178558263 6.55354490787272 3.07512306636425
2.88011168556612 5.11082345009155 5.63696843483413
4.53198151494962 5.31714000333845 5.88135635335136
3.79166068345332 2.86241485349488 0.943965239022756
3.30472611847193 0.12365210272001 3.09061476551297
1.32837081675398 2.54125491015814 3.68542448844479
4.13968396617124 1.41652059836376 3.79832155636351
2.92166947629598 1.33983722245142 4.52079484610352
3.68097248688508 5.01234037214049 0.58817021055198
3.60972369713633 5.4219664368616 0.259504614063989
3.20157919225495 3.79479038565592 4.10301020404504
2.96857531238448 1.13090244484356 4.06448439924166
4.08738010764859 0.585516776539397 2.8760595913717
1.96547688529704 2.04480993378274 4.70090965379987
2.71820332865051 2.89033816599043 1.56323943079529
3.02488077765109 6.56105071378687 -0.141189006499387
3.75755590366111 3.08989699144156 2.68840291215828
3.30416603854908 1.0889571581471 4.09611689950572
1.61996133775865 0.512864476055566 2.92793987387036
3.34290545464896 6.90753038427937 5.29345585670879
3.57580676443871 5.22946183327012 0.107147461864857
4.09696692352959 3.72766191047604 5.53696194265608
0.784023510940716 3.62553234307514 3.69213966818011
2.98810061204271 2.2283576985111 3.6862189021806
2.91307187094833 1.10301798962243 4.18798275938745
1.65699171221574 3.04940239447426 4.66892872465737
2.65826934851592 7.11106911426287 -0.765308171579917
3.87313956766358 6.8126092441413 2.88327650410949
1.7489777353786 5.48923648368 1.22394993608506
3.42609657345996 3.73086391377207 5.44855543549629
4.21053701272622 2.78550798072621 2.97043052127367
3.68668629873903 4.4116307484655 4.86471533978453
2.6525705051286 3.21095951735003 1.11755359452662
5.02239605530114 0.307469179683131 2.64927989632956
3.22828894906834 3.13681738385741 0.560575895545861
3.3183985239915 4.54818118119913 5.21503461590116
3.22152981804926 5.61734131524489 0.292844002933354
1.81149691769597 3.38847399671144 3.94975814819459
2.26251868016652 7.40535406066394 3.27553847162391
3.51252703442466 0.536316996518011 3.05734582226463
2.75433295905036 5.58100129408296 6.99461132755593
4.26123716097793 5.12675380297739 4.49992459447284
3.17461228060026 2.12081163381567 3.06060995004107
2.73084506714516 6.74830739777823 1.70599981097383
4.67873618281555 1.39085241257493 4.02465803145909
2.15148232945169 2.92069383651354 3.62854099987222
1.59294560992739 1.58686461968345 4.00803942257787
4.78720018131371 4.49027208094733 2.55227130156133
3.19428454457184 7.19521607957191 6.82688249483028
3.60182473987219 0.089071904243184 2.10954267553681
2.19805341476185 3.2724796296503 2.46063437888376
2.60598017147552 6.2847075329496 4.50078825329593
3.82807187462292 3.42336076927478 5.25258883919765
2.44803095176123 3.45173063382637 0.600368272483989
3.03891713671949 2.99777528242711 0.573519855420553
2.74120520898976 1.33657724809907 3.90997047862395
3.90441660253055 2.1848928455206 0.491055259632484
3.00167179023876 5.09788599526624 5.59970045603729
2.97930974193101 2.07862060435314 3.49599032765667
3.51212292641361 3.28139152329544 2.11048236018775
2.56601368212975 1.30067143844702 4.65469876301951
2.43779956066322 2.42474886485691 4.20888892498973
6.06274415325186 7.21591235571516 5.64716508851584
3.00819508722287 7.39001515859943 5.26420068020793
1.57435680351375 3.15877641266072 4.71494821818824
3.93885543511253 2.23825647184706 0.169151798947203
3.94198229668713 4.0507922059904 5.41261909067035
2.46887766950562 7.05467236673552 0.937399952855683
2.80264657968731 5.48178118245433 5.94652742737749
1.53699589669557 5.25565027749034 1.44650532020779
3.77154110883626 4.82666020619439 -0.496204788969724
3.75375111911246 0.741851961369914 2.86120665180295
3.44365891380357 4.54210821498252 6.04739219903011
4.0353561677789 0.157657357336857 3.32945846482116
3.52100574060618 0.939069656717511 4.31580211625157
2.14648213604364 7.35938084234523 5.89347815292322
4.62953262029394 5.95896414968054 -0.633566820839039
3.89352653337029 5.21557749373984 0.616235202820822
3.05923920672263 2.27125734539686 2.7225269864877
3.97563566019436 2.5174380481698 1.01846647803038
2.91045652668568 5.06327542487079 5.62413315842061
2.80956212406727 5.85393761281515 4.34729652431458
2.16945774397389 3.97785068115242 0.438707743185663
3.27779981379469 0.239839818825589 3.21174688755943
1.79244478883616 4.33048599925832 1.95394795054932
2.49384412544511 2.53791601361584 4.23660186241015
3.45499256949747 2.53817174306042 0.742016626990379
4.23053425163242 4.31618240758541 2.03978504602456
3.30079505716991 3.31547279971121 1.53874433794835
3.99852271518865 0.481980136168445 3.69761307023314
2.87747005125943 4.69178816472363 5.83458644652115
3.62809779519096 0.550087611242075 2.3398201505997
3.32972903112987 4.1772727764586 5.49000209133506
2.60324906268572 5.76670126196652 5.04605766101201
1.73923492143748 2.36140515496114 4.80283093992894
1.98083133471161 4.38400728615216 1.48663337384899
4.68813527859595 0.309683695127086 2.89798979460727
2.20659167419747 4.44852019003482 0.518176139110824
3.13859578145473 4.68437294582086 5.53686226665809
4.55907517748486 5.28469927714635 5.87450342089092
1.91895660372622 2.83239363610927 4.29015661423142
2.74005523324457 1.13189449802687 4.14613483729093
1.81899180686127 4.24024069754563 2.08818536156491
1.95227690435398 4.79529515057139 1.36068539254969
3.30230617312026 4.52528660354197 5.48506781239735
0.925609611580768 2.78603699085291 3.31586125989624
3.41818294617566 4.73598752143313 4.65652475470291
4.09130110720396 4.91066888036182 0.497925468336698
3.80020474080195 3.1309953635258 2.64243014775155
2.81877060870384 6.62083450241797 0.772842321621236
1.90853599214313 4.09292942504339 2.20845746489164
2.58665469070863 7.11087433766863 0.856517215951196
3.13000288857472 2.31635362885413 2.5766401614404
4.4890393859291 6.92216861795107 2.22021345468275
2.88947578629853 2.60027564816695 2.70587287188485
1.92994413431523 5.19644990986677 0.790765806051036
3.20458999612872 1.10883336555674 4.80293452325075
3.55323985996591 0.930627869622712 3.44275177199982
4.10350165115718 1.88845387369547 1.37167571940789
1.84388814689218 1.9337826558354 4.36804307115111
4.33377773085798 4.53219826019536 0.26853227544858
2.80269894345061 6.30788385452514 1.54495196800015
2.89531794821739 7.25882789553505 2.18432452807225
3.52427768265518 3.25339493508684 1.43736342772666
3.78072863567074 3.37069947135602 4.46309122088243
2.80967593575817 3.11793129380651 0.70692352279543
2.79608272728837 4.48812201950168 5.43146769411507
0.362034755766808 1.51291368594334 2.55443845006342
2.30211552501059 2.95825374600417 2.88673114351226
1.90312008702009 1.10754317575488 4.24532098278322
5.85758006962125 4.96778323725382 -0.353142483145401
1.98019611734665 3.64947033780753 2.70710084111726
2.40891568870685 6.29065409720337 5.18514422610874
5.43048863728056 6.08649675028704 6.04685419524242
3.56168581558062 0.361001128239107 2.51029255288214
2.50872443017947 4.86773495348204 4.68304245242319
1.4878681075963 1.71309420583751 3.08280119304818
4.38271432387567 4.4453066865569 -0.437090343412771
3.21354671659913 4.38578949885083 6.4144442391202
3.0888474879753 6.69754742274669 0.865295953874352
3.95498035705111 3.83289746587516 5.26422314817597
3.66902628596401 5.77146155342158 1.59346325862822
2.48236615924122 5.88109465670414 5.56689930351879
1.94206476135464 0.611794167642169 2.94395335178311
2.00369928003861 7.09337921560911 6.28966567290284
0.0551134556900847 2.80502078256888 3.11684599899731
2.21038167503193 6.45795920242543 5.73704901899835
2.23536623838779 1.90453979590712 3.70123374759372
3.55552062930981 3.40712437992236 2.93777072461347
3.37849573347481 2.97013771950557 0.266783235649965
4.20836001861958 4.38756117091321 -0.238906567660589
2.46055950476896 4.99898008774375 4.0213199467735
2.96198996506471 3.9975178476204 2.53393389953962
0.850267143836966 4.05073255421283 3.77614036763065
3.24766694520981 5.96643176208671 -0.264623996762318
2.83897991768237 4.67176488373419 5.9734468879664
1.72317088071409 3.00330663024888 5.31104489139133
3.05050128609106 6.28328942020051 -0.511565603836536
1.56464643992602 7.11413554654685 1.76485410174471
2.9637847297779 5.59866548810803 2.59600393297851
4.13721554124303 5.66629479016264 5.27004962171651
2.34480308466689 5.72299689928185 5.718252039031
0.254025543857045 1.83282026611571 3.27960471561986
3.19254931315217 0.731472254396106 3.47752607015362
4.76648671549189 6.91748893490333 5.48212526551708
2.91408108855477 7.28324479892912 1.77807408827884
2.8490593318764 6.33117975877394 0.40096886301531
1.80380464214761 4.70583603499034 0.723208184060337
3.42224740567284 6.42690022339651 4.53342900519627
3.0218325416348 1.78105118136243 3.93988585448656
4.54169077694709 3.15157135798369 6.00933622785339
3.30949685599365 6.6167739968632 4.77565903760099
3.83451718372393 6.27101852311329 6.00956609797961
1.98654997247222 6.3862237595752 4.57786045687664
3.11170262627761 6.60644841232089 0.708491588779532
3.61990532925991 2.83428840319518 0.561702997580174
1.93033968734552 4.52326224572027 -0.198546454252813
3.57493245708953 4.99029378706685 0.0979070667643424
1.61374919108926 2.10168865579008 2.93748363485779
3.07946681650701 3.22732173460009 0.274956349995584
3.03848128031778 2.42065843282156 2.87116572425851
4.2511408912834 1.09305973134032 4.43623092408914
3.86297106592682 1.67516117540306 3.25955789992659
2.85714434028618 5.56245545385548 5.27433386718393
3.49498378176956 2.57643114280771 1.1754464207723
1.72621286727154 4.09443519631998 2.65599934051989
2.55112189346837 1.83349375549057 4.09363289659265
3.90592659110264 5.40472041074741 0.720506281491021
3.88682009743283 0.8819124373102 4.05755323394593
4.33611713233269 0.344396980594887 3.52397800636389
2.33011494475763 4.42232772570315 1.11271629524266
4.0369147224005 2.23856928497535 -0.0828502177832925
2.11609655840559 1.84922765717955 3.70297736346751
2.06087780068572 4.82377401525986 0.992281074702875
2.01880514471809 5.83257174968927 3.20796264612151
3.90551392922423 2.85498187461145 0.975635733150999
2.02543465440287 1.6429280741831 3.25940369314833
3.63335560357892 1.96983023615912 3.01078201562377
3.31077396094579 4.17395999477533 5.86198024968056
3.38067120299629 3.98538280378506 5.73929046683064
3.79453834225666 0.393025528756077 3.47720308648147
1.90882270069756 5.3066467826192 0.800520421845832
3.09577429471822 7.07107543410012 4.24919248120065
3.30108670281698 6.44280022330273 1.39758699039907
2.75072386907658 2.69091248894815 3.26123056258179
2.52797561287208 0.219748554168667 3.39677441269205
2.09773377464454 2.58197124182145 4.34403124165656
4.32960558027661 2.91699015585986 4.47639888140387
3.29077787528425 3.78250649090074 5.39124489997213
2.96909255212349 6.8565657645047 0.412839620186258
3.54483656461394 4.92005337928743 0.943063788782815
4.17848268176782 3.01648458733012 4.6440869170486
4.12872294220263 2.37354365745487 -0.0264122001204957
3.0772067357824 6.22069111020231 0.667603935657553
3.54921865751897 3.82273006707754 5.78043260816557
2.70944794441183 7.28411059464046 -0.307384873301625
3.84770541626901 3.2132226708861 4.8447604535719
3.55753663310649 0.0221543537627484 2.90530204022494
1.36662974114254 1.6434689294293 4.02311791780231
3.34292867784762 4.82047258171903 5.30541222646962
2.75487173517648 2.9624880711031 1.79657547841162
2.4641213359423 3.88278652046958 0.619448974277663
4.47897966963056 0.478478441457058 3.45794219585626
2.13280630666374 6.31432085507602 6.42325048008069
1.71866495367984 5.43806246368357 0.608054341510715
0.888638732611844 0.085694408709899 3.5411579319535
3.61088168819414 2.79074809798543 1.14344751335786
4.13505752479843 6.23214134387747 5.71355948442416
1.65245041419533 7.28525378346763 3.4376472298744
1.86435631530163 3.49183881247093 3.19153043880842
1.82745908786498 0.610007870558874 3.74798177245413
5.62677200618076 2.8379825074582 5.07301432656217
4.18570995635319 3.65422364502375 6.26464555977731
2.45933911144371 2.25954307315895 4.58420722679632
3.3345240995485 5.74802101400544 0.851290235252314
1.56599712254025 2.07657033937137 4.11404374640806
1.39209412183983 5.15965131407654 3.54274409300273
4.22143996989626 4.26494087033785 1.03028590806666
1.58182369871964 6.47360767768045 0.814596744848798
3.07650757667299 2.47078689755897 1.93726811792042
2.22396047169994 5.52311701649785 3.88582301107291
4.17263804690485 0.702359324688058 3.37162239561324
3.1098642425304 6.8372329921712 0.985167641221784
1.37388933724211 4.90872188655338 2.82529741770557
4.86032465148682 0.46293461596013 2.83611538896468
3.92840750072628 7.21616417579355 0.286469530710402
1.67339488988982 1.41195483433627 3.97137729678214
2.77397632722152 1.65459024134416 4.76070624390135
4.79266669365595 0.632874282964548 3.91114333685461
3.72142496544342 6.13855228057137 5.98973966039643
4.08648079791522 1.41353923223147 3.55471417237428
4.08843768023224 6.53577412410403 1.48679603738255
4.62275760170193 4.43564353975093 0.10928681022502
4.56996437639075 6.09852460734598 -0.870707287456633
1.7629123417624 2.76380785454115 3.5028918240819
2.67899942668743 6.57095103861313 0.276612090481658
3.03547352699353 7.31173847718585 5.46486998914606
3.64747819534574 6.41849712776958 5.47963053339943
1.10475959224938 4.36902396712453 3.87992354680311
2.85892256623096 5.05408425539489 5.93038690916157
1.59416268668856 1.99916962285058 3.41732586308256
3.17118054031221 4.33199266121038 5.2488843152331
2.22600413371919 4.76728272578258 0.752950272634502
3.45760034196765 7.00506450420677 5.72222272309924
2.18439577501636 2.97120570898825 3.70038669514782
3.58802316849622 3.96630325386977 6.50525317205533
1.45926149003148 5.20908222451547 1.69680941285579
4.37446080192355 6.38917584993618 0.15381694361135
1.53655376104841 1.47785164672643 3.26810366201399
2.27434361841 5.768317650058 6.02710850679786
3.82300413883041 1.33319717022615 4.94037204591149
2.79824198330444 1.35464328290355 3.96679383022203
2.89923451654794 6.41055857937896 -0.0324781527034
3.28608726224273 3.94847555387371 5.21368710468901
2.97861843264748 3.35612234228072 0.58532704462674
2.76155260924489 1.38255597654664 4.45866313340869
4.42849255824459 5.6547902196072 5.64787175888665
1.24083140079994 2.51463377921703 3.53685451975004
3.48483016578143 4.32360910139643 7.30723514896167
2.30149339487089 4.16088097969361 0.207659866696561
3.16873426606842 3.12842317149937 0.747760353658153
3.56236053036149 1.09501920059508 4.17570300107679
3.28966587020751 3.85060654198502 5.05654598339578
1.78567297337845 5.71792431075797 -0.132918005261247
2.26299062263087 4.65540292222915 1.62643796182786
3.62194460986146 3.96464286455412 4.92861748828027
3.09036892710705 2.26605098363152 2.73827711315206
4.07585143239459 2.00878949593614 1.61618926055135
2.87160564436213 6.55762867740352 -0.218342744050295
1.41802408483934 7.15868372440853 0.973281301131959
4.31077712443222 4.71949042649341 -0.475895822995939
2.53934459249379 1.2951956002241 4.119446076993
3.22573197299399 4.22548736496878 6.10522458302374
4.08822617937233 4.27739011766973 0.73836329849244
2.74228669041613 6.49428678611036 0.950900423528543
3.02599141308413 0.671843983291536 3.371902280585
1.21089113454004 1.31397639603874 3.0251654734164
3.09289044264721 6.76606117687938 1.09592388447029
2.63750654804816 4.84855183273636 5.18723532288839
2.83706497250881 6.99559366883378 0.335019514441692
3.64669804258494 5.63532953554292 1.45219047027047
2.28909375368141 4.22193178398703 0.463282734172715
4.62441710340909 2.86947205443681 4.34683870944702
1.76050383651027 5.13261493281438 0.484985428350173
2.11170666046037 7.4759260910837 5.34053213083164
3.26256248694865 0.102743548355945 3.11479029939858
3.3082747741194 2.97727958611102 0.218939520682854
2.9117640513249 2.02220775479079 4.26598836048186
1.76497756564296 3.14434015983495 4.60535687720732
2.96105244621884 0.232727601867401 2.26341841509961
4.34834628640494 7.06920561280336 0.0561834647619594
4.9963438322464 7.40819677182682 0.348081446853263
2.54898940796464 5.12236659357137 5.49291166122743
2.83113312921979 5.93486900598064 3.05987533194428
5.20418080644405 6.68818576449121 5.30687263884567
3.1633202591431 4.06941381281822 5.72083011213582
3.71898006504427 6.44661689726471 5.67577921758636
2.73013070274762 0.563544234959589 3.45835762263314
5.22407262095371 2.26957820276862 2.35847682566023
3.55871703408005 2.27367564157456 1.48392319857325
4.00179232148544 1.78568695418677 2.76744558665303
3.88916338973931 0.859586756504308 4.27062969687157
3.41260671877181 1.69185553233212 3.69825398483587
4.74357615093573 2.08937277752875 0.937797512389059
2.47251993254274 4.05881894215554 0.0815687562705388
4.37662629798626 5.62235185256917 5.62343627077251
4.01456378655961 0.126257992876928 3.04241024499232
3.19952228383941 0.740139119791514 3.49005421409461
4.27306184782474 5.93201171205441 5.6667947539965
3.59810530378189 3.57225967765645 4.55077435500164
2.49883333418748 4.6539359835784 1.48930017085971
1.29382096586868 0.448880561845779 2.56835049661134
2.50470204702113 1.05906434701031 3.47517470648762
3.80408702445762 5.41426977020681 0.38667022180589
2.58088994585836 1.66506834397958 4.58600019338382
3.01353781108265 0.864269097026558 4.04594074240926
2.32143547724877 2.66055834421053 2.98667348888676
3.38830469509929 3.14053986118069 1.01871922382286
2.58624275629666 6.53368935660848 2.31769100173857
2.81075324213677 1.7637674405377 4.66829642893364
4.55275618534074 5.71341879123062 5.31106388872594
4.551264340821 3.02074121176545 6.28524945236336
3.81869780068866 5.41651496008526 0.609910254539432
2.27657491968639 0.908372221194769 3.13214096140085
3.15394013610382 0.147407628357049 3.65120132073898
3.64007131899253 4.55536443818527 3.42308618619106
3.9039336173092 3.32748874941946 5.27382396335617
4.2282666747452 7.14908491315308 -0.38463759176938
4.44350798962375 2.62153295863093 2.26962392682272
2.50869793707065 1.59959057110616 4.45020757868305
3.17969193980172 4.22684896791802 5.69783946055428
4.09637595755414 6.38943078714114 3.48597450104708
3.24058627154727 2.5856938211293 0.928800122534354
2.64582444625807 1.79667540534144 4.70503064369295
2.82614630887281 3.14611340041528 0.437838382296561
1.59030164677029 4.83815419668626 2.12442904942675
2.14866792554351 2.3682064881407 4.5870357363574
1.05205300875594 3.04405816224169 4.1254088665364
3.08731145714807 0.363646786988505 2.66335666786791
3.96347775561838 5.85703737055318 6.10684922622214
3.74384300859407 5.9570172464399 5.00185251804905
2.45122527031817 3.96882120316928 0.614706293420539
3.03039011350434 6.2046892448439 -0.0250788430420937
3.87777450788618 5.30414986088815 4.21411086259926e-05
2.71704140500966 6.12077663607756 3.75970351999073
2.72051900925735 3.74545967902686 0.0927931166773344
3.14006872532131 3.94082817801622 4.78322725908597
2.95951160645238 6.04163640186192 0.0715506573045226
2.324649307899 6.23535688805291 6.22942162543898
3.92723496453377 1.83473081185193 2.99309535772463
3.04109858398827 3.45380289319616 0.156753722335415
3.39083947020183 3.60783431201568 4.26090237840493
5.06257520141412 1.34391662801918 4.26342364299112
2.71180240292374 2.40628627837209 3.3538811757622
2.43670344456057 7.31804495786733 0.373284037275297
4.08632672273069 1.49767367759412 4.52873129110586
2.1508180307633 6.80422656699324 5.54920289857547
2.16144210483788 2.75749224511756 3.53622816106422
2.72849553403093 4.81656605361922 5.17400469947902
3.24960302352139 0.586556671933057 2.53716614218874
1.97935836782176 0.226814991602297 2.7068705024753
2.67975029613924 3.06141331654405 1.73610389217139
2.63059708480605 1.76167480969885 4.88627267704883
2.58020774487324 1.48818600658966 4.12247747371361
3.54104942598372 4.80108480152855 2.49660218242444
1.36246498969579 6.345473578265 1.12972856071378
1.47805498906631 3.5009311620641 4.44340742830513
3.28607052448001 4.17425106144958 6.5720094504739
2.22522046803884 2.34696851454478 5.03223379632643
1.68656004762826 1.67878543306063 4.56191930127211
3.96128795491097 2.81660523916447 1.61259425556232
0.310143736027735 2.92406310407287 2.76139774871918
1.35418894853912 1.74300340398652 3.96847030601216
4.63677232608641 2.11883943230355 1.73260729535976
3.48704150960135 4.81722602994192 2.2642121169523
2.21071118248564 0.822852984055777 2.91100084079763
3.9492492268416 6.05703092349948 5.91017458398109
3.00309160347981 7.2660433514533 4.42500546340894
4.7321862135053 0.355786768162188 3.49986967515298
1.06445434654647 3.8286941564235 4.10818375605329
3.43419311052848 0.740726776197336 4.05672469051246
2.23908021265943 2.01942827529072 3.96728192065248
3.55919294170332 3.85680179941873 5.80090876710502
3.52024738808571 6.95294875710115 5.72154360302845
4.93378243051198 0.598306671285694 3.61446260393309
2.04017152912306 5.92900934222728 3.04144282135652
3.44745694211358 4.56834720109629 5.7906517944592
4.1727370759624 1.37927374560883 4.59831010043174
1.13776840346333 4.81919154501526 4.05492402502537
3.53626678382442 3.44188632691305 4.39480695410521
1.98435737457441 4.94878583999092 0.617074049217627
3.51642374020807 5.77204268085447 -0.341967397105869
2.59725342207187 1.39673708703694 4.46184087608264
2.01504368779571 6.33887964126901 4.70289543582166
3.28890022380743 3.87476070019288 5.31191586162552
1.961833436974 6.49064342663637 4.53426240414697
2.70108950934859 0.153978715403211 3.55773845834581
4.63797105930422 4.04648138219315 0.0868717976966427
3.84496854508755 3.76617835323759 5.33228106676658
3.16664813317274 6.36915771701126 0.955868737123469
3.3619010724457 5.52508091018771 0.626138428149501
4.38932250784589 6.64057774119198 -0.131552180986074
2.69814364952557 2.82577188923761 0.955631534213539
3.96163205267855 1.55298714409497 4.21299624881018
3.06641203263196 2.40617438292595 2.50864918203748
2.24552952730789 1.50329761384686 3.19564737296452
2.83732059767808 5.17475159268388 5.93368207480853
2.95850944949009 0.823063229861083 4.30444062742005
3.86327373453392 2.11678313570363 1.73060262016091
3.14243334089186 3.28188535403817 -0.277094095820164
2.13185305718386 1.87493585784073 4.35990495668851
1.93460410547797 5.25065225317445 -0.046666094077715
2.59738854696931 4.11313666715493 1.45341554838845
3.22685308457164 3.23909079592125 -0.585090556453438
1.45775132838191 7.46968983576323 0.659606451363392
1.52700258982262 2.00003539322878 4.49359971418527
4.41839094561012 2.88638916400232 5.38791959867597
1.81640960728739 0.521081078358212 3.25815038871521
2.5572658872211 5.85020648951039 6.55151727180385
2.62278887228825 0.143663919412409 3.02060299617018
3.30639091801342 3.3006329135929 1.23665860949664
3.27316538470712 3.24771741410931 0.706967106197538
3.39101756726702 6.52796507678103 5.2004950090941
3.47059584401108 0.354793211736806 2.77538836439969
6.61637995035215 5.94059228741761 0.340074951471295
2.34604341441351 6.30611422340733 5.40249682997552
4.51882371103982 5.20636264989154 6.00689137364157
1.96345542355471 1.9468617814449 3.96262232146685
2.92593205229109 5.12306237780157 6.29366766010761
3.4406460519 1.74947708067571 3.86485804771828
1.7021520533178 7.0742479320548 3.38520036254409
1.88157735963985 5.37619820875871 0.762805849566136
3.79366401601922 1.45941364651878 5.18482348548899
3.57556641479098 1.58383498012441 3.72373629726352
3.47128141203273 3.61217122082166 3.72958324428112
3.90559710921856 6.22039341438277 6.18617107086689
4.63662473429559 2.11569790168752 0.668000668033371
2.4277495603774 5.92760847208862 5.04349625976484
2.01785964342544 4.13517405359989 1.51227510931095
3.03073013178156 4.09332087121194 5.2064419108534
3.77727153650905 6.76325440012069 5.39519653870472
3.71015821036695 1.71971924784632 3.06175913456315
1.3588675578137 3.62817354478918 4.10800900331386
2.79854149356085 0.372058256571388 3.58108396798222
2.7257604087048 7.21208559883367 0.843232380209913
3.11205276158398 1.81812978647377 3.46012279062092
3.92636154909109 4.2487529593995 3.14952644104249
1.46316166744113 4.62563381283966 2.72959924334386
2.64054348306293 3.67313027860382 0.811783919759537
4.30843009060789 5.01253571978769 2.86002087775353
3.46751934845907 3.88147274669341 5.64164113795056
2.4437908865783 6.37825417383641 6.11702764730087
3.74074460131585 3.7605126991124 5.77738987005062
3.82483692352764 6.48220564470331 5.3838012121308
5.90572228404832 4.83375291757049 -0.36226533319347
2.13289920387767 6.95076298735931 5.3048816678222
1.73585467587732 3.09425278488979 3.91252242568827
2.64189091925491 1.40561991147667 4.03798094636238
1.929696515644 4.08202979319312 1.37392748021379
2.68781778325869 2.24252638733156 4.059988128849
2.16828214151782 4.39274365185293 0.15665264082734
2.85610837671292 6.17433398453629 0.353533755286829
3.99145787684063 5.56140758095616 5.25741203088648
3.10561479666181 2.77283815049797 0.398797920607916
2.99820386619539 1.71706455612937 4.36685093408391
4.618034380613 2.35944644118153 1.81243610369692
3.96857602070368 2.00542375616884 1.06006724031274
4.04574347591284 2.25543678035603 1.18700408456165
1.98594695670763 3.37422254745329 2.82932648997251
1.76075139219822 0.0597773469460785 4.13121776814412
2.27211009310553 1.77441787194682 3.95671549701748
2.76757484173051 6.20120690742167 1.45113976655672
3.87306386181197 5.18584977862734 -0.579820670134035
2.22439328732775 5.66789137756213 4.67728406185662
1.95051427809475 3.46268620687569 2.82684218415959
3.23948408292514 4.37985196060015 6.68521602428424
2.5933487812243 2.31571033535415 3.2912053295536
2.11842792707911 2.91871055649055 3.0972139132283
2.25848099748105 4.22654644245701 0.321701017280197
3.85376250566262 1.22120593721246 3.81222784679639
3.91389730473047 1.20038965551862 4.31578061793349
3.6996737108375 2.12764465545045 1.69417186261643
3.3904376127513 1.1048442273392 4.75553036565518
2.25819921492858 4.96810705844863 2.10903139985485
3.05406349180334 0.831543744566869 2.75814488332678
2.17907225225913 6.7750304229467 4.97766511943861
4.95567748090357 0.924236361971535 3.35283835802577
2.09101991770922 5.18966334503033 0.735733802308592
4.20328730960631 2.99762005275768 4.80588936628915
2.90612200168731 6.99736393786136 0.0629386274797289
3.27298612956895 5.30026615727096 1.07446421827279
3.05501010468366 1.88900143055636 4.65404322268615
5.30174831241176 4.91482835286571 4.77809583169484
2.81375054888412 0.731628873966534 3.26497214564641
3.45629856477886 6.71503621361225 5.30650397500269
0.663705911019059 7.20164090246095 4.20673145229763
1.94825702410379 0.274859067048538 3.27614336455906
3.05355396013234 0.251177707649736 2.16533445537264
3.24912877245272 4.16228827340671 5.84335039662437
2.87470629103196 1.53553038010361 4.12900765696636
1.48132798478954 2.67037516729572 4.98403290542458
3.30866551427012 4.92064943814017 3.62246203914422
3.78553039431328 0.231808278003157 3.53220453932019
2.75617468600536 3.84753903693981 1.24686772464676
2.6852889205559 5.63083207623249 5.39186010561349
3.06413653720546 6.08501143161319 0.632735259779913
0.475958267949304 0.783239487512909 2.96766672598817
3.33350880259466 0.241182662491384 2.57537650162377
3.06924141574096 4.80659228604395 5.97132268713784
2.88041278866835 0.981942929911685 3.84632823581589
1.88380719978362 4.47432174084256 0.334893495508622
3.72921859398898 3.29484163790471 4.22262354951379
2.31124565005735 5.7010627872815 5.14659720903002
4.11627154473989 6.29014931604933 6.16539338364101
2.66423091450396 1.0400437525131 3.71713526806469
3.25431880394565 2.26402539814064 1.80930158909916
2.78774655987061 4.09976324238608 0.989105690222764
1.45894570563682 6.83003988857791 0.679534961675917
2.21233643944822 1.128511398359 4.03367319929538
4.02676021353952 4.19977932992187 3.10604366661652
3.29963983477861 5.65525081425161 -0.336503830007709
3.87276721160143 6.71045537607072 5.31657707541267
3.07449767352389 6.82594804037128 0.54123832045881
2.89756975168929 6.15726519437917 1.14868026299427
2.21837469892897 0.702143362922694 3.99701784800599
3.39810962256686 2.78363449629415 0.764821192408696
4.01545949341202 6.10379340571945 5.56796485996848
4.92654462216508 1.95117560708663 0.397479146029422
2.76718889422835 1.16601147869497 3.93894755803238
2.94906700694425 3.67821695075743 1.45396389303285
1.31612655884551 1.20709006376579 3.94972799505054
1.85100308034971 4.89125606687026 0.167090955650251
2.29825638969941 3.51540281439542 1.21515671730181
2.34450458490376 6.78297391727297 5.77496148793835
1.04980576401682 1.77928116681905 3.09568926704684
2.49901804285514 6.99876655388154 0.696899366798421
2.80077177800447 1.30240763140904 3.76612360154399
2.62293567401952 5.99848620540107 5.9792308870716
5.04572955709832 4.91756381572495 6.10695535551129
1.1562928623707 2.81592465065947 3.04698639731304
2.68445687297031 1.04131508214381 2.95791194183118
4.46510677977901 3.61044852161103 5.11178462170384
2.55689703693271 6.01605581374201 5.84644665006313
4.76418319601597 7.42942582837045 5.57918131776578
3.74110368794227 1.21226523782001 5.01310573142123
1.34921177891093 1.82180584377364 3.31030651288282
3.87064874778769 0.588903824169245 3.33213997669462
4.91146210005348 2.28026348766285 1.47233090614635
2.80850732482016 5.12942790978067 5.70390358092192
6.25769075757957 1.87631772044817 2.21474900903822
2.72534584077279 5.00993591966387 5.91369571505649
3.7248305827339 1.8210957712304 3.09846615400447
2.62623376219279 2.82188342842991 3.29661898639862
3.58691756945765 3.04352597726297 0.714608910481621
2.61573385810515 0.279103912406364 2.72012009286386
3.24810369573048 4.80419595207197 5.9831110014905
1.87758272626738 4.52256920587867 1.03621793427843
1.91854775893634 4.74896200454863 0.400486353957774
2.94812790882993 4.13149339453021 4.27470982179067
3.98343643838904 0.628637322175109 3.35598728362929
4.66992910889569 5.21836131482717 6.07805100684169
2.16581830849905 6.25653652954068 5.65282729715666
4.33961113535491 3.10954022374457 6.38826907182211
1.43556932660497 2.44015133733383 4.1096251901267
2.99256670662385 7.18650424808417 2.92406632751325
4.25606513438046 1.37426040887024 3.79146353780684
3.02349475515251 3.54464849695135 1.05720609972684
0.591079815219483 5.43928345983888 4.1155662064814
2.50964450619059 3.01760115034616 2.55951432455822
3.13841415625134 5.24790993276956 4.52254810125913
3.12072583946713 2.28233221611762 2.90791275205964
2.33929142222994 3.42331394500083 1.76788918509236
3.68985940867883 1.08119961392924 3.30798438438473
2.60051907101083 6.7403453553483 0.637863435693933
5.22968326256635 4.72264242475588 5.45026560959093
2.71043791466481 1.87206602973557 4.74232510578908
2.6619910900707 6.3929939036858 1.89159210720936
1.93497967870012 0.723858316032247 3.83015626861107
1.36213394735452 1.88379697420052 3.40017418630239
3.81420432612789 6.01183824541055 6.42301118552538
4.20876240738591 4.98191329740258 1.04377586882184
2.22287413118933 7.12500900593316 4.72145981630134
1.46757179642325 3.82519351377131 4.24155478795218
2.92690729977157 5.71908823306856 3.59509261720753
3.93725089067916 1.0821641003967 4.67035968759149
3.17523966277964 0.926972698153103 3.81569128994172
4.1484473429224 4.37127300270188 0.252404629045132
3.74009219092431 4.4775700607454 3.45774715037891
3.74303947249598 2.90027535268082 0.821609847921394
2.9700455749933 6.29719119655779 -0.486654022069564
1.88669475301123 0.589460072553671 2.96312522135709
2.54259616877788 5.53139487195107 5.72648718061232
4.1701705203115 2.84532779981076 2.86772897706724
2.89443110212673 6.21244127747064 0.650464680668772
1.42850421721658 3.44396745445188 5.09201780933566
3.80342380720464 0.577349447133533 2.95495498927594
2.49227516236478 3.68758906864744 0.704784446894032
0.897423087442541 2.37177963668225 2.73544951445443
2.84695711911901 1.68724228841622 3.93233929074448
4.39307220435835 3.76037940956304 3.50704146218576
3.08531198672989 3.45962422355264 2.06853715678551
2.2393073065358 4.27273325863068 0.818083778743528
1.54957815908623 1.74945927703273 4.40771612205786
3.90301181183084 6.06339530317743 6.5933069604375
1.46627849113702 1.34639752916753 3.05598941538478
1.89535724685844 1.62421645762303 3.61405623983992
3.73309887889589 4.75704045714485 0.537291052385651
3.02842809620326 6.77087916380876 0.914935465803721
3.50550061345058 5.59568745561618 0.927813920178184
4.56666878276515 4.76282143266284 3.4099134817565
3.77282331703549 1.94087164903376 1.67841557479407
1.90096779202044 3.71583428384685 1.83496076242309
3.03207701702597 0.0481168603369664 3.29729159435492
2.94507319361009 6.75239089918842 0.139312960049205
1.54316253720441 6.75888787855702 0.496477671974617
3.29689524254621 5.77362807183696 0.999613081824783
5.65040049305156 4.12387262917868 5.70479099069914
3.56242105885432 2.10169705031333 1.62037723791368
3.31162263901042 4.30963810943686 4.99346332560071
3.4636296867981 7.0970791424178 6.47162896572128
0.821407668040601 2.11097368600869 3.16298166550188
3.47219531744505 3.49298600075372 3.67038138006547
3.37184994916158 5.22816966276411 1.28301066363877
3.11414942396756 3.37627073919049 0.330058619521717
2.88383393994241 3.80513842084002 2.50242263181032
3.18366861231417 3.8966730276816 4.64001458103757
1.8298399628854 4.32124159786657 1.44654621694344
3.25030074661395 7.20470088980355 6.0014419055215
3.34028726934136 1.73255626707644 3.72558933829659
3.58221181953824 6.55556695577014 5.08192847362924
1.53903255979332 5.43575773111898 0.861541165545007
3.20352778091433 6.52553055388834 0.777748562458424
4.80060388940168 6.18963809532686 -0.393671863781149
3.18731244642201 0.356362929307672 3.31298576632645
2.28289820116831 4.99688482388779 2.01824776823862
1.4843692875271 4.65434469527899 2.14213279865685
2.28586287983997 3.5186300833843 0.710491707025017
3.03623669393335 7.32022751813461 5.05447375847847
1.91014477578081 6.22219559221113 4.01391443407756
2.13647932621502 7.32380212504039 6.01134679848282
2.91907100950027 3.58251468822157 0.222396732379375
3.45638729319823 3.82827937102374 4.78792655043019
2.47383696317493 5.12703280444651 4.86290417752162
2.08802030337876 6.56848369527113 6.35928367333822
3.4287972726144 6.82815710721222 5.47283368403404
4.43804669020027 2.65075364967197 2.19450223028689
1.68978561521713 3.04806894052942 5.11206433140292
2.26460361920666 2.55646463047061 4.4693175869268
5.18615138638623 5.78372190681673 -0.796576496674392
3.09937696878102 2.60962899396985 1.47600989411854
1.32611203888678 3.16904525006062 4.01894716097897
2.26891844864993 1.0384237487258 3.82734829053737
3.50787610159523 7.49509764962247 4.92057984055845
3.19931028304824 4.01153528552915 5.0988748345845
2.4140004423177 3.71953412057007 0.381244148492002
0.824347793040242 1.10744149425132 3.03340978590536
1.35033553760794 5.75380250025882 1.82330956170371
3.29605849200737 3.06003948951281 0.395339224243071
3.9005736755647 4.182655536119 4.54851560951466
3.19854201840097 1.20585647672366 4.46500745709689
3.32325123738719 1.83681960419072 3.2111488985971
2.15577634087326 3.93560866973148 1.28360600444156
4.0828501573828 1.83752845224261 1.51879187466167
4.78806015548165 2.31352469424509 1.16313323328366
3.04442377909257 2.19570861330614 3.19422534921665
2.28155941039551 4.43238950648686 1.24361527393151
3.86447257274066 1.51595971538142 3.84042989981565
2.28993714849185 3.17765457009352 2.3244455119384
3.78151433677708 3.88395149031782 5.65611951922278
4.72032772194865 2.4591437498474 2.25528658133958
4.01509218733908 6.23131681949575 6.3868579286225
3.57351586323131 4.28879990500437 5.30265656959916
2.51161428197633 1.4655945816941 4.43563608840659
2.68564112767795 5.65389784455142 4.90508521826782
2.71869139045829 1.41648584627211 4.12489333519328
3.99724476828456 1.67596793975556 3.28884016414134
3.57518472309581 4.81420699331168 1.17757707228882
2.98359272885627 0.2229979191142 2.64828876159429
3.29283794812518 1.3169143763943 5.4289657720318
2.72472726089686 1.87199418589189 5.33369228267499
2.10234426692613 1.53327324590381 4.1330979752393
3.17129941138653 3.56139893934386 2.38840451385585
3.43031557509462 6.78085336219158 5.74463052488929
2.76464646328037 7.2326090677596 -0.676596121238179
2.74052215495609 1.56410425550271 4.62077678496353
3.75175081896974 4.35790246995643 3.26673733798914
2.63044592789244 1.67691275442155 4.15448142300075
2.88060447297074 7.25554632985951 0.95097401750639
3.46639445818466 6.1871949922903 3.12659027698824
2.56972134248915 0.220441218244086 2.94853879730681
4.41402489872626 1.33354454314851 4.27057861140698
2.15572166525705 5.20101928646801 1.31044096935378
4.55532607449597 0.557728103239195 2.68944694051505
1.88153762197 2.98784437959124 4.61694665881217
3.30652087656028 5.86753598083843 -0.0113805129142598
3.10574304402264 3.10604222659953 1.06922291549634
3.07298693645077 4.62540714608985 5.94318019272962
1.79095748273239 6.46369334976117 2.42253474658978
3.94881051117092 2.52192896730183 0.0484243179025106
1.45376196072929 3.981651061347 4.69021407912328
1.47062837255394 0.554142174466532 2.20551217128652
3.59059531273331 6.6703690944669 5.55332586649084
1.82062745312765 7.38196494027765 6.6518049429377
2.95532427111615 4.37661156600053 6.08770608774835
5.38754152668303 2.88679437151737 5.52025455953209
0.202766649562737 2.3057707988268 2.64253508085271
3.82030088597387 3.01113537582987 2.49290513028372
3.15412591700362 7.17207334120582 5.63180329841249
4.31705447515893 1.63254793768156 2.54223763208646
2.19867917534684 3.90676495986632 1.31490947238722
3.65030759566831 2.73867714897634 0.198698628492664
3.46411998723634 3.48518291931856 2.7296368085724
3.65402505766692 4.54335986702265 4.36012919103298
4.21180211998491 3.96152028257603 2.675192751805
2.698565905212 0.689565788535366 3.49846772177522
1.85850042706821 6.38645931954239 3.38166522789879
1.72096971251999 2.90762642748673 5.10167853263338
3.56286160326115 1.61325571248135 4.10477387638182
3.34151794646927 2.92481432172907 1.18100566409367
2.87324252499066 5.98054108542496 1.75122184542077
2.66797195667597 0.0372284786808397 3.95117462101543
4.49005864243012 4.76661529978279 2.41451801731917
2.42683835291449 6.37553569344809 5.59508558081432
3.90926978860384 2.5677571451527 0.713945864617199
3.98241150591137 2.96789869408357 3.23251826357406
4.32250052770451 6.00172336458831 5.94830306321134
2.62387981985028 6.24071477614631 3.78995703317106
2.85025545875823 2.25405978681053 3.35665533785537
2.19468048210776 1.3042253899523 3.67244249869907
2.01124391412553 5.95390142991131 3.19144160253706
4.23346325508198 2.80074819539453 3.84088138109818
3.1933660102502 6.86172810991905 3.7753332014636
1.56524385210943 4.47251713036949 3.47453875391808
2.74139181916419 6.46932342085654 1.14022340636399
3.88710501235055 3.66629185749095 5.38089763819036
3.19547550992675 6.33047628313441 -0.178234127399036
4.48825017812341 1.32678089840349 4.157084064755
4.63109911994557 0.390742600052476 3.18362086946908
4.0307508695655 3.32048237699551 6.55158279436623
1.50054992047362 3.21086560245875 4.06148326761921
2.11910762879837 6.146379887487 5.28088775582616
3.16890586497434 0.918388254616831 2.92295847151735
2.7769237742035 4.70104639717675 5.73523515887879
3.70030612650525 4.86922527456451 0.760669174053521
3.82186680709128 5.17014676823552 1.10053433868076
3.27199829892664 3.71752776474696 4.11149170816369
2.85539055641752 0.204290019546557 3.30263156736384
1.45941069071928 1.43459543484432 2.9648456257606
2.55200056165228 7.47386556496167 -0.84888817656553
3.68479104002795 4.08784823423321 5.95087521531284
1.95399815605303 0.982735979609783 3.33314820310272
3.8278582838071 6.02347281750255 5.8716362336062
2.04889150573247 6.78092767692884 6.56256310325664
3.84319101844339 1.85875087719519 2.33134178675078
2.70175456898263 6.47336438290679 0.237080062609519
3.46526953347212 0.435653471316281 3.47801023347898
3.21817239331889 1.57987623698868 3.84397708448338
4.16847757317133 2.65524256192372 1.44107267860014
1.66792817641127 6.03374551627041 -0.219383229508704
2.93279338088901 1.07919910096517 3.14791540141574
4.33418568146442 3.23793548511489 5.73363963775522
2.87173560627184 2.90442069842267 1.00524076736628
3.16859432652582 1.05398854445366 3.74890319383007
3.40792358694571 0.960574848201023 4.30919712723278
1.75104315732759 6.10091963799601 2.1316854223311
2.26615386582206 6.30981843879191 6.01525591854328
2.81905235398082 1.94730449671684 3.87373945543357
2.51181122393566 4.08328494643042 1.21626608809154
4.19104336135359 4.23400035185724 -0.149680866890784
1.96872737158785 3.67676119310287 2.72161964848845
3.92855082859797 4.60559078873297 0.348144648893239
1.94531095026847 6.46059973419722 4.8400432067746
4.84647675812902 6.15906062187255 0.994688129038201
1.88123409425549 5.11797317750639 -0.103634747228356
3.57203651324242 1.71926380958377 3.99779179860126
3.3288521929463 3.19072251389677 1.16569417958212
2.26235123814389 6.44750094865122 5.73951700744469
2.51289417133673 2.25612481997126 3.11999358951117
2.45470149891211 6.21564907154148 6.42358147803512
1.47280452633956 2.60655148203884 4.04372596842394
3.1527534846308 0.175902082413914 2.70131341094183
4.48727266283366 3.48476952024297 5.57832630273625
3.94127821904375 2.46148171120001 1.06239573599537
3.38454352802614 6.91240537588625 6.62182716321533
3.35247251023267 2.40287646293262 1.67738628221594
2.31198325351556 5.1958150668523 3.10935956320753
2.17076958473117 2.41044453886797 4.74194650018975
2.97704479853701 0.336568327849795 4.00591325532232
3.12566971081433 1.94841604549628 3.77990599124425
1.66342187113301 4.16475722001165 3.21585681127777
3.87109228775989 4.98201088172061 -0.5507623263757
3.0573752550759 6.50944875932272 0.766471594096008
2.12664540169506 1.57215932449978 4.54284630019228
2.95108740376989 1.32535718277412 4.25332040526056
3.86385172979753 1.36255189981961 3.92698944294211
2.93493139366193 0.499108986572885 3.79816149437352
3.99367907436114 3.61143686283144 6.39650155460648
2.34483099142787 5.34675055477511 4.05117050292669
2.87130736233063 5.42200748314243 5.47773632562036
3.78539819884206 0.715005096920768 4.14520872225863
3.46052650679303 1.9232374205484 3.90844386554685
1.73337730054985 2.42628356041149 4.16103826826109
3.48357456069034 5.824291786053 0.369718334054535
4.36346352554209 1.59092401338049 3.53761618557338
3.21629287591683 5.8952473018377 -0.497874865707033
3.99077082088183 1.53643388387092 3.66636923511788
3.51311507775008 7.3505173089691 5.46983786336295
2.91161113334333 5.18731875537993 4.84181809192023
3.33341977462237 3.61871314635793 3.23679879896648
4.0303305226463 5.14082288565742 0.414706993128168
2.7261999391429 6.34863081415256 1.78433694507486
2.72839884612814 5.8132419764985 4.43893843219612
3.04227668872688 2.11053422751003 4.37048767385263
2.71029863645391 5.16771378894414 6.11987212787218
4.24334877211758 1.88857959999207 1.01092552112838
4.18450660556151 0.918454044632953 3.49764694770549
2.73767131664363 0.896188828471979 3.61241251260757
2.51837180369118 0.895575590737068 3.14114623522975
3.82401689389757 6.00032660819507 5.99472065087565
3.05111905419548 6.51349886771768 -0.474546199810218
3.08678907818055 3.36639184388891 -0.206753748436475
3.37986520292974 4.81375115529848 4.5641943182788
4.01177077948727 2.23412736685689 0.705056535216638
2.84039696898356 2.054496080198 3.63351405915879
2.8931527222326 1.79867208319704 4.2500957303706
3.38886462390047 2.75247835027759 0.585200796272232
5.46374535410353 5.16496893568478 -0.580844760878496
3.26749348990284 5.12426799330549 3.27368979395371
1.69363710932686 1.55268287870324 3.21065329872212
2.92236176192404 3.67681403801391 0.637527081450004
2.99196684262502 1.18494105134204 4.27256473973124
1.03655376972359 2.88254236031039 4.2919481789939
1.47675243735198 3.05306090064186 4.60701300208499
1.54265510332588 3.65147993008038 4.16064824470424
2.51458159719846 6.9405366377412 0.861940292419921
3.40702731448909 0.34376183667244 2.98039156815835
2.59813085889487 5.36058234527851 6.19606660841766
3.21896044670665 5.05847607430386 4.23907725513319
3.29383727280061 0.815364691765073 3.88394561323868
2.45078049797645 2.45523797554729 3.88505450792088
3.75170326402714 2.39964087341797 0.294670179938536
3.22103515592026 2.64981701980915 1.3425017182166
5.42904676526441 2.92297837706729 5.54192790827769
2.69036573008122 4.73050286907088 5.88493599187892
2.80968718730264 7.49771788405878 1.11072848873422
6.02724027779432 2.21311088114838 4.69765504099361
2.31484627478948 1.11168306553176 4.69724635250055
2.1119402796806 6.20787190746705 5.55611892137147
5.16857274592253 0.421260362662494 3.10918897384071
4.10953945615936 7.45858852334076 0.287442341535283
1.3497051694777 6.38073694539318 0.659714154999905
3.8215945228365 1.81893769345752 3.15912865386558
4.46238812757034 4.1374202562293 -0.664078344683966
3.45453824542978 0.353043302021738 2.62403037656831
4.43316055130486 4.12454026636886 0.0270214400912089
1.63144191282824 2.09867159103476 4.47431230617734
1.90026481253389 1.896785552307 3.63921578877153
3.87818502288984 0.932506307955538 3.40955415478168
0.900628978017848 2.24420628300565 2.87836586592917
2.71320066127347 4.27493607005232 2.66818672725661
1.64528666450396 5.83070140599331 1.17830826232772
2.28647195450306 4.52056723634012 1.06987694079162
2.51765830737358 0.868704315096915 2.66203301988093
1.35158038026925 5.57446946890194 0.742540888172701
3.04449721671474 3.19949655471124 1.31556526743219
1.26669664841765 0.634983168261625 2.497971306793
3.47284344102914 4.08564068205415 4.80859746517475
3.7048156170556 1.06788899526912 4.32737528924989
3.00347568600906 3.59059823029801 0.32960771682471
3.12444018246895 7.1704402066875 5.38090454546518
3.0661073338427 6.70775150131167 -0.266923126147423
2.70362157738276 4.67325233606627 4.59949604199872
2.35100509028236 3.49656770355229 0.569492831410112
2.08586594137387 3.15597593977496 3.23240569520961
2.49938473940296 0.405727661167414 3.28091520735136
2.31938809971391 6.98552238734831 4.67622134260938
3.60971891256739 4.97052271167498 0.225167799687938
3.05460338033648 4.27428713850463 5.56231770787277
0.408836647707057 0.371907548370643 2.81202808905456
4.0670652510926 7.47630605227878 -0.265795044931427
3.33694006699446 7.00114638646778 6.21568696336422
2.20142354141553 4.8978857481612 0.483064219673845
1.89992407693381 1.76573297670027 3.73094212456338
3.49270284937876 5.58969509493279 0.556707798684976
2.77541245346506 5.9436465408963 4.3171942735968
0.397814829171793 6.89056971038028 3.4638974598213
2.53459655178253 0.387388152026827 3.07933597400113
3.62701403604354 4.2128435362429 6.13361203084605
3.43585048193819 6.40913647727019 5.15661519468871
3.03370218847754 3.83919665786771 2.90832020139774
3.29920058791771 0.819711948899755 4.00826443996645
4.57299426825775 1.81900612800822 1.73347131934049
1.60485761769487 0.914561339945686 3.0886323106483
2.79268974921375 5.8549420499623 4.60399402311459
2.48541866085318 5.69777384127831 5.77974492154766
3.7794181600768 5.44701225925929 0.041748837781974
3.89319774561453 7.26827476171481 0.0548196315702347
3.77110780958343 5.35794490159308 -0.94643288210131
0.326641305597353 6.98540887823802 3.44344546163923
2.79696975127426 4.18133042752703 2.03985975855554
2.70594112403319 1.43231535999892 4.62738559557887
4.13553388777667 6.54727405200178 0.130990745417805
3.64290495360845 6.96095250361639 5.86260543247688
2.60007191934884 2.64767199632117 3.41577593190153
1.13455898246812 4.68541990375669 5.72007083564688
2.28046048929695 4.27586866140183 -0.411571822290565
3.45413227396943 6.19201199725768 1.84340293978021
1.94242120315556 5.30959723475115 0.613898601650229
1.53561813063202 5.21014584261679 1.64996271974639
2.01182110362702 2.07227033929182 5.10437871609024
2.53787172537096 4.49371284216941 2.22298991040992
1.51560315984745 0.194770158192685 3.34997921162471
2.45861837598119 1.83203453786953 4.77768882707215
4.04414917071704 4.88615082904687 -0.680006764473006
1.83216683144019 4.76956711087082 0.828360852006367
3.64250105467101 3.16445779886227 2.67896075841554
3.61273961324032 0.987633204103819 4.63012134593019
3.41570861998045 0.739839254352424 2.48400768878058
4.28701751864017 5.91082629896773 6.28314624283975
1.82461195160727 1.07013039706025 3.23183069601832
3.06930056993767 6.10027188086766 0.813088411942033
3.50028925822254 5.95586452981998 0.47134946458662
3.31555051377183 2.48464384536028 1.5456350246378
3.32638918232246 6.76713146990939 5.26995449845355
4.17287521201596 0.963080215303955 4.61257795826882
1.74861662122549 6.24961910210496 1.07605786458537
5.03056591082595 5.13987912396446 5.59863352224393
1.84926652353031 5.21891053735681 0.559982805164928
3.17495225413212 7.18641171603225 5.26417123783819
3.48111969647609 5.63147234804221 -0.0582538148235662
2.77077132387093 4.8475346595852 6.24138511285303
4.12725391359019 4.18258444510797 1.2706958877349
4.38488064429163 6.60263849482116 -0.170745672694035
3.80991982449202 6.59947573691211 6.08696948894323
2.04956092452616 4.21369161195073 1.25163093702626
2.4978784943541 2.78390103652717 3.16766662898295
3.21632072639062 2.93614423786029 0.930251784732061
2.93577795730148 5.54671444901426 4.31091889483807
2.48290322789646 0.899153117511526 3.2722219959585
4.28043247594035 2.73711039502514 2.88005103469704
2.32412482533147 1.01857296576436 3.27020276720555
2.37243838740443 0.646404415121161 2.41465433924967
2.55978420840365 3.96698537136635 0.151070783059924
3.80878072959342 7.27649378198113 0.493935456162573
2.82603929254809 3.5837571796756 0.0372459247017847
2.29636618346561 1.00371575108511 2.82270349971939
2.31717909667393 1.77510382337949 4.18410358880402
2.38848812773552 6.61974640649847 5.94012821715316
4.59537854860597 5.02531025981547 5.88193997866778
3.73913591159863 2.46303890284978 0.939402097905409
4.74344724731213 0.249582573848012 2.85804764241969
2.50952266643459 5.31005052778746 4.94992802979902
2.28225979843365 4.32399817778563 0.301242832602911
5.45264652059566 1.82732843708192 0.409063975559305
3.10496113739148 7.32660650791846 6.3165563633719
4.11244560126871 3.6014356675297 6.10141384277745
2.59575319431106 7.2840060956317 0.436038535862547
4.84091390022454 3.19878296186544 5.20592897859108
3.64382764768862 5.03285539467017 1.35312998010965
1.9907949569691 6.47295966782239 4.86683715969575
0.898087038880228 6.22610129804113 5.40752692289669
2.15107385461711 1.57273459493961 3.13811755624134
3.21000575994402 0.785491223399919 3.7366630213341
2.40437534163362 0.297792679324589 2.5463706257032
3.62530862080226 6.0865690125418 5.36011307073744
2.99557215058251 6.82850966297145 0.39874135499084
2.22753454837636 2.82845987877011 4.33516382761912
3.84615504234104 5.90262889450764 6.27237452976801
2.91926207799036 4.67746718148891 6.35422358421824
2.51732571204099 7.23005561077323 -0.290695870070992
3.14191456499274 0.799668604655476 3.57726359928842
3.63445324488958 2.98717388453237 1.32368906497079
2.25864203307747 4.02082141901662 0.389702486722953
3.31503932044744 0.369795481011526 2.63370522275988
3.58686968357093 1.84989107637255 2.64952026603904
2.33828084706552 5.30888699357816 4.67676495444741
3.37295868109249 0.593563309860175 3.71602517178036
4.47492792534259 3.16892404988997 6.45670256753508
2.36065471870152 0.626530134160779 3.63528210304663
4.13285948285512 4.11717700959752 2.27977562279719
4.70783913936146 3.39410672351915 4.3250091799788
2.08819054006552 0.626139547741532 3.15680500394494
3.35352713559383 4.76913168774659 4.56392678577206
2.8320303497579 4.12608868365342 2.6248724592291
3.4269444965122 5.08570111527946 0.597042828317959
3.17145873439703 4.475108773305 6.32427473637105
2.01653893344561 3.47355661434846 3.62220686188176
2.64167375595408 5.81883323673486 5.91856401358163
4.29783024811173 2.02707992665751 0.670226799868379
1.85620757480356 3.26646391570223 3.65136507189851
3.42423916510385 5.01344570281375 2.48334519143083
3.60541360191265 3.94122905172689 6.25477760438717
2.90454949910217 1.98907118482321 3.30391903473056
2.48013307789198 4.02200942892206 0.213213076488219
3.40377448836941 3.88177839121207 5.22494961340637
1.92530955411648 5.83587836429188 1.18357570834318
2.52097369652037 3.6653768895721 0.29108952257912
4.49680401584071 3.24078530733467 5.47418379069663
3.633674875694 4.77351978294174 1.62929527728635
3.06933861213647 3.07896757913636 1.1200089133549
0.122521616880312 1.29789030764657 2.99485220344597
1.82542946084397 6.56360625830593 3.608280080325
3.34976430283329 4.11297720985321 5.78655910177133
3.76914774571633 3.83393719191226 6.64012029788234
3.63068821081635 7.02542867889535 5.9963389338308
2.19604318906443 6.43323350865942 5.02450473907896
2.97572311344831 3.1833895309125 0.322334256325039
1.56660094726935 5.96424498219339 0.681774732104612
3.06420097281352 5.88604849526317 -0.312576326484858
1.61797980451731 6.26727078066566 0.322009137885329
2.64618370583885 3.21061846660039 1.94574202686201
4.09015876156946 0.0572823483601139 3.9289502906708
4.0764213107771 4.52505663374272 0.424242961662066
2.43518838545585 2.06074550719863 4.49630211127968
4.8792359578916 2.74767017321241 4.65826129380018
3.14126547712987 6.55829978453764 0.0112549723242164
4.30507322326198 3.38892018107832 6.24529069081732
2.92422231273974 4.14613931186654 3.71990588482062
3.33715161776615 3.96747629913816 4.95145601884136
2.68848018742086 0.580106014901273 2.37213341921875
3.63461764637909 3.84022208083092 6.46288454323026
2.93074634599294 3.39445904157467 -0.0314182946965442
2.89283366179561 0.691650298913896 2.40651334429967
2.76202355925788 5.89207944073559 3.87433499039659
3.70526661309454 3.76799688515201 4.78067177612234
1.87568869121902 1.39322368989758 2.8684745903123
3.91808753821724 0.749264411476796 3.82514044776408
3.75487206374919 6.39562520065004 6.17726109884144
3.00179836839289 2.89062423835025 0.81225630813264
3.59902600225267 3.34884686467164 3.78506720927371
3.28029367932625 5.76199525578511 -0.0467077370859994
3.34748238394103 2.61683057793619 0.480249175641251
3.99215080122584 2.76381652070564 1.5601501521017
4.15649142997252 2.36911972312795 0.471096743830375
0.97424071319957 4.29784951822374 2.95954323833885
2.70456233996659 2.16346822261305 4.63267233827599
6.68599445227502 2.64393903159864 0.296131055988311
0.644118109868892 0.720156257773841 3.719648443955
2.8901515862851 4.44340581262973 5.4204821398844
3.0426448720751 0.163575013352795 2.71811784919572
3.73472385306118 0.384611649580838 3.48517958744413
4.91673377620721 2.2463564271462 1.09364264008126
3.21724851578073 5.4489705014589 1.09750221877541
2.15469124674289 5.73500831634642 4.26640652279624
3.87362830478144 3.90419571791867 5.42688163706397
2.29658724113314 7.33779413391055 3.05805688857901
2.05606575175877 6.05955691418821 5.04821882457701
4.97654584347053 6.43424157212303 6.86924211112686
1.82041850769224 6.81243722683469 4.44206908705047
3.63002255865715 3.17670671559155 2.54343672465438
2.93327491058208 1.41457112826812 3.70218776054813
3.68000471001014 7.4698236838464 -0.00821115296990427
1.8918347610936 1.48968374941487 3.69930582993486
2.51952492760267 1.1798394129676 3.66443788130153
4.98308523274617 4.20642461699423 0.759868502110742
2.41774982167857 7.31910907928077 -0.394553606002977
4.4670102999511 1.64336745011284 2.12431500780567
2.74064140204897 1.61683280718936 4.34559713573026
4.291953835213 3.0008978870162 5.56955976259055
5.34045226977972 0.0902347710613798 3.03747087732675
3.74762363002232 5.53702412264008 0.111117671878749
1.68903116085744 3.92681976654957 2.67459071994521
2.36321306662059 5.56455100866028 5.47022674532041
4.00315884493195 3.46584159039828 5.58558123505481
3.23407103624477 3.80058194536167 3.74530824972594
4.00049998640712 1.88368601038644 2.05746936796247
3.27193840602005 0.478079816501658 3.92684255963895
3.10206522125137 3.60414910196077 0.992474839919416
3.98443322198821 1.52399690355565 4.04159683189782
4.95829013356735 3.92049170937348 -1.13493062233483
2.10867767847737 5.79408499417728 3.40066690087347
1.04637897985931 2.79564345073105 3.54646884697967
1.83228267089663 2.35503969503984 4.14711441811394
3.42555167225304 4.2436710684358 5.58948879861632
4.2991805708732 1.92066210914194 0.90915242879125
3.30269375065594 2.28549219151215 2.35914164729221
4.86670821529603 6.33276952031638 0.667859944104648
2.31990735074499 4.05683689640944 1.05349439666867
2.3870198191202 0.244108907164943 3.20590737742982
4.47824822435591 6.69052342871291 -1.41528186864234
2.88026812906854 5.86529797256961 1.5689232197567
3.56113244323957 6.46260537115893 6.08123313863872
3.01155438318896 3.46133253762476 1.05600340908531
3.27352908281672 5.27391826195543 0.987904776027784
4.2651854666022 3.39524602126784 5.33086256060476
1.81735506831328 7.38726214909706 5.52821088111641
4.03494874224739 1.77995182872248 3.40770667484409
2.17476623713579 0.227201080065729 2.99984629610021
1.21295756077875 2.31306580895056 3.3521945875109
2.07862171173605 1.71923379876138 3.11005974243727
3.85817189446907 2.04375439384072 1.97381994199488
4.1008648632214 6.36813521950653 4.57216829648235
1.92081073760535 3.26036101406891 4.68935796918274
2.20559265356094 6.57713794146656 6.46286037063136
3.92677588764333 6.82571527116944 1.72564133594761
2.54177028202155 6.32807066880652 5.14900500011175
3.24934989679166 4.93301033285667 5.27812974083846
2.49879325907467 0.363366220967756 3.09513254960939
5.68172414929029 6.27915589339759 5.04391635046971
2.70187344935147 3.82925754893009 1.7167754866298
1.63984562228101 1.29072635197147 2.74733144242356
2.53946394838592 1.22759216289892 4.3169351274555
3.43588926594991 2.57090510287215 1.29500549068884
6.03175080221375 7.07121985205654 6.87708460534373
3.12488593536461 1.91382993127414 4.66330203557492
3.44788311298587 4.66716927231204 4.59092303067351
3.15505610786957 5.1406583474604 4.19565471160799
4.18136677668081 1.62094801360492 4.62031624426373
3.63532928553241 0.800367492267493 3.13308507529614
2.30563433230283 7.0957358923855 4.02990034998901
4.38940921020196 2.23459235817739 0.485742093105979
4.46100612795213 4.50161993068919 0.831412803062029
4.12658974819887 5.00504206917367 1.42838580546324
4.48272403365015 4.18306193213946 -0.128838279096234
2.68664302877161 4.18777596675544 1.54696993802341
3.5141643282761 0.0114130268499881 2.79043337513762
4.74262222413693 5.17295926314583 6.2335507633478
2.9773001990369 5.37927137826714 4.89459645485969
2.38609284517822 7.34611274682261 1.06376123297949
3.98302872314227 6.17217831668279 5.8669260695311
4.69233941904097 2.07566828996544 -0.715936743455333
4.2260424757636 1.02845295227043 4.50496618320034
1.47313534030481 7.49210924534145 0.780605071347177
3.16826956452572 6.83367142918444 2.75634331028878
2.28330037566744 4.47671638368183 0.156277508003233
2.16519536681759 6.07499800217889 4.88841078954574
2.25272050296031 3.93805004541107 0.704779624417721
2.1541749732056 1.39615166160091 4.27718615337123
2.39661476962373 0.341698673722953 2.82989130632251
2.9410670701035 5.42488307795477 5.31180798029509
2.79820895300993 5.62052528231685 5.05127824264089
2.7464810621798 6.41817940942375 0.500607305258715
1.66186305330756 4.15274671004707 2.71100917816441
3.50139297605926 1.17573990923792 4.12555310804329
4.25124068759542 2.54624606657093 1.68131147473783
2.79115890856161 7.27664662916655 -0.133568616998113
3.92027986215074 5.28869484840899 -0.58944280353313
2.91006473676504 7.48299541291676 4.66650485287301
1.9375468069272 4.79116613805631 -0.0353283580065588
1.98339898293258 3.11942807917549 3.05679150418664
2.39986969048963 0.412182140767716 2.5422834138111
3.69379887206514 3.27581487178196 2.21388093488975
2.73202985078305 0.890199983640922 3.04908164401999
2.19461406518549 4.86009678431391 0.728305398709513
4.55106256098905 0.880642282153531 5.2261207286459
2.55776144577536 2.66273627576058 3.04125866232128
3.07638055137845 3.11207531247193 0.39678077489438
4.1161832338312 4.06214006560618 2.53327243279826
1.5528571539895 6.90773813360024 0.14423314880581
3.88423115444194 5.44757125524384 1.14633096263066
3.3899685919224 0.640567026844145 3.17515473533825
2.96390396825454 3.99597044931017 2.19700737483934
4.13316135246566 5.06325867422494 0.908208534826481
2.61060065750707 2.84465607427948 2.41159394125445
3.04712994377099 4.65042535154038 6.10195363264691
2.93547472818193 0.253950023604548 2.45219922148816
1.70157899746916 3.41537802695904 4.09309918223825
2.17394627692235 6.85846794553142 6.04955274457299
1.45009998935625 2.34397465407059 2.93869606890082
4.86221580550768 0.227763096197283 3.38968283142561
2.5288990341006 2.54772484738289 3.27074147607265
1.49785980300705 0.795153177781483 3.4300440986637
2.95121242205163 0.668574917115873 2.61458911266702
3.25895755990811 3.64724567421877 2.67098861051987
3.99183650416363 3.20827229978019 5.69335209916304
5.25779463412391 5.49238045144894 -0.253937287638041
4.70833752910145 6.72412764735141 5.13150666277183
4.17572080003103 5.05680702130846 0.3861885530029
2.78259548206783 1.45974681975903 4.48735917535359
3.15447671617247 0.605423218243081 2.82896884736674
1.63029228014654 5.71356183619945 0.623525513012668
3.86115813055754 1.82161792403198 4.05321276479638
2.43346669521763 5.24483335132267 5.12329409651176
2.48198919375625 5.19197819563809 4.15566088695749
2.54350440634553 6.12033296465068 4.55905427868087
2.55588770980345 4.51476093675152 2.33431857711312
4.57782108392887 1.34666447840647 3.06071773137074
2.5206454911374 2.44588093404459 4.22635626556749
3.10135789932357 0.361921149720188 3.83513930322139
5.18948200896814 7.34380251708907 0.108198303426237
0.831818266883205 3.22108237282994 3.86993459717246
1.89702246753526 2.01976655477683 3.60747926086163
2.2634959774176 2.58563307151039 4.09598052702718
4.0838867690654 5.10695416875144 1.16223200796491
2.68113049802707 3.10353312369761 0.75649024065581
3.48742263158521 3.49712403272144 3.17539963576121
3.49191130355564 0.0678281224635064 2.83993085773819
1.424695863453 0.789224885823772 2.68290871822108
3.68549527463667 1.83468362960405 3.42432451261106
2.98250264079645 6.14040910977505 0.182840301227846
2.69131204651501 0.518110681352605 3.42529707577369
2.89940361826409 0.94992431654058 4.28092594974777
3.80095462608076 1.474999448222 4.19938497094883
2.23949474927932 5.90404960272658 5.75619359045456
2.47993906606336 3.11712433738436 2.28430866335995
3.2544369654941 4.39486095104697 6.59186248518229
3.50486910611145 4.72151482242653 2.94231843307362
1.89351563809179 0.677160361045598 3.38226721046737
4.42380779272271 2.74214026617075 3.28599551777555
2.85257706660074 5.32791551606886 6.20798998973122
1.29336559212156 5.88612369878764 0.977589130211716
4.90398930211906 5.31128580972223 4.53410431949494
4.01151965064324 2.48055857582576 0.219046722633838
3.20847093427893 6.30633831536971 -0.442923217772835
3.37691265113804 6.34651215658536 3.22641351824556
2.50490774212536 3.8203804177991 1.01276334404059
2.83682553132592 3.180964560881 1.59664777177644
2.82279994865812 2.69805083029999 1.86783418279455
2.29182821254679 1.9648753031085 5.12984782399115
2.72663977178078 1.47288230015484 4.2993722022764
3.77231603110159 0.0891343039056087 3.32614856593579
3.3163386330294 1.84786718482552 4.1793299011895
2.1707886800053 3.96338116513843 1.23645979501793
2.67478238247733 2.48482213544768 2.75321991887599
3.28986728809377 4.62225503051612 5.49886044104179
4.63275759370059 2.05769269378392 0.390448601294875
3.99542366856094 3.50411704619614 6.02484344574051
2.71768331327793 3.37138485859566 0.000610990432861169
4.09604564334287 2.80835336767902 2.22050242646161
3.96540345116272 0.409957904455127 3.25868096499361
3.69761967224847 0.0407687130891041 3.25309905139039
3.98389508532475 1.29627412275288 4.29290673396624
3.58642625543987 1.2985981115996 4.87198372725082
3.25116948153836 0.50226346558607 3.53158968069093
2.02471657703366 1.64674021878064 5.08047182486893
4.36135942628889 3.1997711039682 5.40459746443798
1.93136986931982 3.3696937482415 3.65864879216347
1.64525392982134 5.37717669095766 0.636526665054021
2.1195019804867 4.79482980145048 1.08678176879282
4.12386120173388 7.30362170912951 1.22628663435864
2.96281424662534 4.10333639694611 4.31307287602306
2.0481519339294 5.45854431717821 0.898957875941894
2.43719770511531 6.7750802520662 3.20393791705318
2.06690030311952 2.82033462318972 4.78299317588603
4.72555229438624 7.31396152996088 5.8741492557687
5.1706496467999 0.529652494009363 3.78319128135809
2.67441231336263 0.482332871377475 2.46297994296902
2.19321099871451 3.40710244231755 1.70995649200727
4.25461012482505 6.25231159060379 1.14531557167502
2.05711613211793 5.71039837930817 1.64152657905622
3.06597384226109 3.95321230805546 3.2102686812282
4.12721231201029 1.60456186040908 3.62749444756623
2.79565557540781 1.52188028911218 4.83850008806505
4.27231942210716 7.14943441992672 -0.244134620772798
4.47095186958795 0.327327899661411 2.29054386874104
2.98429647447358 4.52224513508864 5.70309428371797
2.88757525620763 6.8563061741679 0.329538460998707
2.25904529857274 1.49608684715937 4.19359057578987
2.15944336794288 2.90468270325729 3.99310717358918
3.74546814197529 3.09922095899926 1.66869439661746
4.51874863671008 4.43555731192591 -0.29253525229898
2.67884688393258 4.91736455226656 6.09122148255433
3.42630418069837 0.951760802230889 3.85624755949748
3.47076064706335 0.275784074279293 2.86918742279027
1.95146003208699 1.4704921116968 3.86480689626607
2.9860608048501 0.0403762516032895 3.26271485932927
6.00524559418876 5.78078314319477 5.17661202656298
1.88906798131683 2.93325679319337 4.52811221492634
3.85741287812014 1.47393996828142 3.89840144456681
2.78737778918228 0.730728129999363 2.84040546673145
4.17390144136843 5.00806210140005 0.015498067679338
2.25628668640638 1.23338651410039 4.6801837706474
2.49373676910749 2.00524817513886 4.36156497399468
3.93889313682372 7.38367299616412 0.643318463760228
1.25077137690163 2.17408347121234 2.53024272987411
2.14088052055779 2.38977199872495 4.31122897668808
2.70572733264272 4.35604247594387 3.27569160534694
2.79661627458537 2.0796168378119 3.02586311599126
2.76930109560948 0.0731115522949048 2.78151634654875
2.91679542219255 6.91554867598469 0.407180780121091
3.07457136917192 1.76394455618018 5.08242235107263
3.9355427444918 6.93855463152732 -0.232578195912265
2.84880702887151 2.69218899963554 2.12989341714374
3.7046211946211 3.11486622884433 1.69282153977944
2.51461897716431 5.59628358679332 6.18465396866577
4.51336567889856 3.01491848752248 5.15089876017672
3.81805131394358 0.54990043026095 4.01500085458286
1.72698717968316 3.08815738267689 4.81850215398157
5.33886839305141 1.41465218137434 1.82554562986973
3.57901133860996 3.3722544532698 4.43112700818075
2.6199486245991 0.168539756608553 2.55535967968069
3.31842300354776 5.96696889972929 -0.308162300030014
2.85966630806396 4.37746366907301 4.65436501973781
2.80269857222369 6.97655137225828 0.416737008119873
2.74332391159021 4.0928851606911 2.73275811142409
4.37955533265515 3.40214668665338 5.73004015082668
2.31164697098223 1.19082058180991 3.97569641869849
2.55962022402386 6.5614350940065 3.10236624024295
2.87429036260273 4.9219237894306 4.92971821755097
3.54010452217894 5.36266148562771 0.627640952519149
2.26085542007622 2.87606988356668 1.97779180773299
4.75559393272023 0.650339721218844 3.75157582126192
1.68207909457461 2.60066676733172 5.94010488017299
3.36352079126888 2.6383194847969 0.258054078435852
3.22655881163172 2.73662948829435 1.04506919015447
3.21689201616697 2.18341111714955 3.37471451793338
3.9027783844459 0.405216797391849 2.97667835296349
1.64242850171461 4.03432700686209 3.0791507149294
1.82888807652744 2.05331404125933 4.63423498000908
1.98915564739481 5.42505609766966 2.27579406875987
3.2389784815898 6.45927530332992 0.962098973011599
3.28034083863501 6.05505789059294 -0.0390618291523468
3.1894155613907 6.91385872694951 3.36591831535232
2.45624644228659 5.70509050998014 6.11138937233111
2.20256124601602 5.53889441361517 3.40250148943404
2.88417621680472 3.87110071214169 1.91751895122933
3.77585084141962 1.22309822496877 4.67144505140121
2.72217501425695 1.15028309480859 4.11460664941582
3.00490109750148 2.14242395332348 3.33046968814911
3.62046006200535 1.41177391281452 4.04688485323436
2.30893188066534 6.94692091393869 5.79726577629639
2.85471474645215 1.73556354735927 4.95765084073081
4.35800222414705 2.72033957923932 2.56262963695268
2.79675104693103 2.67897106897335 2.04692815404763
3.86640428786027 4.93229039428016 -0.386909358641238
2.40449707459718 3.33837981276038 1.71966982630028
2.4676898875178 0.490611079248508 2.25496202803344
2.08159991395352 2.08598108381055 4.18570726515812
3.95665434723414 3.04680927263324 3.42861468544456
3.39856529305152 7.39079947510059 5.63560012306029
3.05146336056719 5.47298820880747 3.02284176816169
3.15116300137099 2.94723760162559 -0.427460156526167
4.48986129973599 4.81776240769998 4.13895397771765
3.40016550447982 3.44120412709108 3.11717693879642
3.14431204377992 1.56047482564554 4.36876212245608
3.17835068925388 1.59645637851925 5.21784915087553
2.54471425117142 2.20912668117336 4.13383760865026
3.99199425060656 5.54196037999583 4.98811413468496
2.277848868512 1.42026936264278 4.00238700172751
1.05392282940677 4.14360875827457 4.4554051433848
3.55938431296211 4.72538843441416 2.5523378473115
2.58259169062027 6.40617045131502 4.24651958267262
2.63607562085136 7.22958157408455 0.923352825699468
4.05846521312089 1.78578038182382 1.5949903618318
2.06272645376409 1.88806895892512 4.56815781992002
2.64700995895882 7.24330964755684 0.63552141135742
2.98218064369841 1.75003546863865 4.39784884814755
1.6303119876197 2.40463148168091 3.87869785185068
3.59237556409138 1.00917596096445 4.29485973219019
3.8812750509501 5.10486268237068 1.45494277436754
3.45348672005492 2.49769573440489 1.62247013949284
1.69713583973309 2.49850188524115 4.74789113682147
4.21459805675415 0.989343993297166 3.74656835256121
2.29416862985537 6.06041177253459 5.96905667882671
2.85149991120151 7.35949087475499 0.976822511905664
1.895206214824 6.53208442758726 4.50609423683786
2.22428423830986 1.70576308455521 4.57643607290446
2.79949885637898 4.78950602561819 4.80192331744223
0.561436689533732 0.592173941843757 3.22696325087988
2.70557516754193 5.33011071538345 6.26942633818577
4.77919883875344 7.04109266698779 5.89346438331832
2.83065474593864 3.90221068354421 0.917065197607612
0.750712673948359 4.5725232097133 4.75973378133129
4.19137354818784 3.1972323821169 4.80118119179427
2.75736569590913 0.807221990402931 3.53177296773123
2.85143815599691 6.05417775627371 0.696304784587458
2.60366907437017 6.49836314635474 1.97670263245683
3.14194083707785 5.72118369531394 0.454348912244678
2.27409182264804 1.86537208991892 3.88659301245923
3.49102965302103 7.2752284395642 5.67711577012051
3.59239433321925 2.49788117424343 1.18797733546683
4.34004805140633 3.90875565980649 2.31686334014441
1.61451455902239 3.52316721933145 4.14388318565925
2.01489927624727 6.55024646408687 5.22087639981086
4.61159918523459 2.35040832730066 1.28874321074343
3.55302380947286 1.11887788917461 4.34308973026751
2.41953232103045 7.05865675043264 2.40098998941287
2.6873980073513 2.8592754652318 1.32595153672123
3.14868848380556 1.56512033937272 4.05510660284768
3.24078361018941 1.87566617837551 4.17053655312269
3.6041116585696 6.7972957332044 6.55100800873144
3.12554505067874 6.19173781258825 -0.562967486694275
5.13845499724962 2.65937091128081 6.53553975708649
3.75974832874904 0.413929618259821 4.15856000900754
3.36241594117716 0.10209652459949 3.40050090789859
1.26324515876474 3.40923584985079 4.60093675194847
4.21279651984327 7.24097457131637 0.384396551330767
4.08578497454887 2.11896296539935 0.97729605207768
3.44717530186619 4.6466293679397 4.99529421042997
3.57076540997478 0.613981966527353 2.37540608277225
2.05346557659415 5.05281801904777 1.0269737801902
2.03527715567696 2.04557910483704 4.66535963144905
3.49831108903308 6.85325671200929 5.83627105457232
2.75680072885864 6.52800015426849 -0.541209920806519
2.86264984470112 2.63638718901428 2.22705008978587
3.26344449152726 2.22928297434316 2.65700671691973
1.91671543793513 3.81988604901851 2.0910316807324
2.77528526277898 2.34932353512609 3.43645069488036
3.97634767439405 3.642246835428 6.23200027620941
3.56216074973704 2.86788225228968 0.744969750197473
2.96923613626289 4.55064626891321 5.35305187222486
1.57581992097731 6.80617737777589 1.58967093368811
4.39905295667269 4.95832808961608 3.20794180083477
1.0705109357379 6.85539800864766 2.49370835260861
2.03059778493895 7.22371450224362 5.94416729584088
1.62854901443235 6.02346450799676 0.731393710435639
3.20947534146205 3.78178732933376 3.99549117063661
3.82488955165044 4.7763387731109 -0.0416247184874489
3.60261719296784 3.53308125642468 5.28002876653767
2.36690139962816 2.38624797502692 3.95120172590871
1.74367733635153 1.54885486871613 4.76645176894664
3.53396913827143 2.62392221030985 0.953006968026855
3.45432086290713 0.676883451719266 2.72951255229517
3.73892165729002 2.09360782860542 2.41764675022148
3.13073555058367 6.09313006126668 0.731058694826466
0.643959753297738 3.81006581570727 2.62347842424769
2.60104485785208 5.37852993670568 6.19306353493423
3.86634484687286 2.53436479102903 -0.219663437008225
3.0269487102187 7.42147952862431 5.17428499628662
0.43679056747589 4.60033996927604 3.02738503293502
3.69853509968315 2.65024459770237 0.187199145109755
2.22838138215089 2.19322518539991 5.41360226288612
1.21839057724815 0.498199070590088 3.07930983139884
3.74529131540767 6.39945607158715 6.89448584058993
4.18222426422402 3.70100164106596 5.61501868704953
3.94313323911153 0.384787046864014 3.45907227927821
3.0676666013535 0.363995860775186 4.04219758696663
2.76365922278547 5.66676521084625 6.09361578686733
2.44886884094815 4.89004510955614 3.62589097746528
3.28387756892744 1.87460464338428 4.45205925171476
2.42076626937975 4.24891897507558 -0.83594616613204
4.43461453647868 2.0500215168741 0.408067988998464
4.30569653596364 6.74252172907252 -0.239348412238061
2.7964918526922 6.79407926700115 -0.244979327454974
1.01618523271404 3.43786392336181 4.6810979552644
2.72134249755928 1.86845073590439 3.33510623756678
2.84292879053503 1.69406054390249 5.39563517742919
3.00130473932427 3.4877512428934 2.40139514020683
2.14317918024947 4.83143243286203 0.476692997549091
1.95668564885452 3.64538087601332 2.33912168613719
2.57564110158514 7.37091253607333 -0.246688614933202
2.81130539561691 1.21702888140538 3.80204064405398
2.5597496309738 1.24165865569929 3.54525407518284
3.86572775138643 3.27080521185773 4.60657901091635
3.44086500912985 4.14873787460209 5.85361224694515
2.84946368079141 7.30808712823562 0.596545322276728
3.04837294848212 1.23042831117924 4.37848032864879
4.50987033438659 1.99766232241933 0.688013063431604
3.38238299376229 5.04711651168639 1.98898053264439
2.72859651474749 4.00980055126096 1.5685562076649
3.21620129937431 4.07599416801946 5.60050443154866
1.40758020051249 7.18253974170217 0.945104115313795
2.96098694330361 4.32948376814451 4.05862440912503
5.12027833277841 6.87858405706575 5.23266411419709
3.08977683918009 6.39560976622067 0.337456641039035
0.897512493531188 1.73125031661689 3.34273017090369
2.79405553357819 6.49427012443971 -0.57071205568529
2.46961750192745 1.91147663923118 4.19245906188466
3.28960674536333 5.96622735692511 -0.296530430087949
4.57987179449059 3.38284803583887 5.30669160557598
2.12851563226241 4.43363386174815 -0.24109022456613
2.40785383421722 7.10154722400969 2.23517127334025
1.54911035904834 5.35928675625858 1.58576030539418
4.85694049783382 5.84642547842894 -0.506164549069491
2.92946576713737 2.18745930906865 3.15179057046645
2.81469125630057 5.79335675506607 4.538772999634
2.18076065178578 4.38588769845807 1.09921127515523
4.41812103568125 3.99235919475763 0.752808214145564
2.73417763642725 5.38783923432616 5.25424598860384
1.07948821560988 5.95488100121078 3.60545294273489
3.08052312990942 7.47094724703103 6.03201458215669
4.46598135966187 1.47645112584834 3.56760647868827
3.05285848015373 0.678596011999147 3.78891465743484
1.93453583809602 1.5280074231074 3.53108478354378
2.92073165307154 7.31290040953158 1.52309918972797
3.37690512158669 2.88270717692463 0.017187419559491
3.43358044832151 4.20000478349123 5.20760748501057
3.3863257177057 3.6436069549859 4.51276159508752
2.48107602207929 2.80654703437735 3.30643907092743
4.47135517555443 4.6086139370659 -0.152292371464408
3.13280095292608 7.07279456321931 5.52108967324228
3.44063424750994 7.22289357954475 5.95043282909521
3.387395416653 5.32010506066519 -0.0454710186262187
2.02179467941618 4.76093831712439 0.393401202109806
1.35871234227957 3.12137926309508 5.29702228576634
1.62526915760042 6.15217255915837 1.22190274468077
3.9378849490411 5.76499935303843 5.64328165783469
3.01118651153889 0.913569837822549 4.18438012413899
3.9376421440989 2.23858417691832 1.25540376405258
1.49362347439915 4.19531605824005 3.33427260023693
4.24286304559534 2.10214660318546 1.15070847903637
2.61097495229722 7.15880371963939 0.210476551022268
4.44808948208401 1.2817691080739 4.28107837585812
3.33331986852991 2.63870592682184 0.272787809737129
4.46483774072216 2.76409876592456 4.30747874209462
1.57063911319486 4.95260342519176 1.2087219632376
3.69235649644216 0.367767303879601 4.01334709074403
4.33072271230465 3.85513074953716 3.43480999768245
3.4651950634129 6.71640031287517 5.33596457848599
2.35795596369265 4.33142470024183 0.156506819496484
3.11159729626875 4.3698785897391 6.37375515032585
2.44966030185381 1.71002014776584 4.16637633342161
2.13181798225448 4.22361796987297 0.991452010561891
1.24805463468933 6.61721468131188 1.78933650358634
3.37938265891909 1.18253115992788 4.14527669981104
2.48988734591196 1.69039459494986 4.25590036075542
2.87916168775684 6.78841076270549 0.672820409970632
4.64794468081949 3.12326709689021 6.05439419156555
3.56568078312841 1.5663210654781 3.66756175510306
2.89151992743263 6.61492276434307 -0.221388700257955
3.22627515208818 4.76165272908849 6.30666867048888
3.24203697161951 3.90839598144471 4.31810080647287
0.663400114257293 5.38940212935533 4.67977389650742
2.63186618211096 0.0945030314447868 2.62747981570498
1.93408253801694 4.2879632690511 0.838529424610994
3.21920969284455 4.50202880345023 5.4670679151493
4.43452719366106 5.6335046203771 5.9655724576478
1.5513633243938 6.05333720673035 0.457982391613225
2.48558291857655 1.51989533682639 4.95386354743026
4.60652407923379 1.97434690582713 0.232786347248634
3.80395095814867 7.2094488328336 -0.527982112034371
3.55826599230631 4.27310411917996 5.87119292738058
2.71627929376672 6.93678033981479 -0.304828266155123
4.79745761835073 6.04634305045303 0.347135451507744
2.80992636690886 0.57389273865976 2.72565645576587
3.11636604563878 4.15564746729324 5.42219682493752
3.62559209984396 0.132522860431719 3.38918956005149
3.09912955215479 4.25874478123307 6.35288872507323
2.6130338762723 4.60093298962301 3.32274211545287
2.24949125534532 1.06375943937551 3.15808159535642
2.51803613577881 1.77351611807058 3.91178180217595
2.81628854448701 4.81946521925582 4.98117082479848
2.47662805804484 0.873548027514912 2.64226280100001
2.87003652399496 3.09812264462209 1.34755064374471
2.0713294536769 6.79522578292123 4.98489037364893
2.08926596100175 4.39539191597799 -0.143022425542685
1.58144950293448 4.16971791441347 2.72438388385702
2.25680799168004 4.50853754225196 0.706050828938857
3.5094861725938 5.14644223670585 0.17187362799085
2.64387209538647 7.43933713007828 0.557574313848568
3.43890663407013 3.6541743302565 4.9678117414786
2.12812249675384 0.413914151595474 3.78728834278551
5.08288112778725 1.2698447189333 4.50402522826634
4.53124462149075 1.32474284163118 5.57077122617437
0.49767165032797 5.19213928762517 3.74207833929396
2.81810496443706 2.48362705650341 2.15006249693124
3.46310080463052 7.04315453297479 6.05486789561783
3.23388446215105 5.346508237561 0.819711915947946
2.82731573786233 5.16218665220128 5.933989252319
1.83021360574017 1.83955785451868 3.82392261178621
5.14179491084549 1.78857376879645 0.776397337402983
4.78626481333571 3.2953463605781 5.3375659498892
3.62718527596874 3.16637155049504 2.18796475940594
3.49016211093375 2.59820361545675 0.938102570779625
3.90192635841099 5.27602376804063 0.416487010871668
4.38184099165945 6.9967716141122 0.286176799277048
3.45643769857694 0.216146427401723 3.20227616680473
2.36062872389485 3.52457409751055 0.719651143801391
2.77916802469747 4.65963150151077 5.26250853681586
2.37651552243711 5.46956574124583 4.90934307826925
0.498716306240102 0.144422494557585 2.93106594214087
2.8987564160574 0.186260832632827 3.58834113852121
1.7508817364618 1.19298143725757 2.72329244003388
3.350197415346 5.02135223648553 3.06364476235803
6.0730108920132 3.96691322728468 5.72554311658915
2.96526139494956 6.35619932873277 -0.401599727460907
1.59199266337258 1.31491113253467 3.84864929766926
1.97948006010096 0.820105312930764 2.57350400503523
2.56290519922467 0.589435028687975 2.34779491371654
4.81204985185366 1.3334400391717 3.04005847317712
5.3828365386529 7.14058953267341 -0.405986279062518
2.73692319428821 7.17922515426595 0.188543240993521
5.2142198811263 0.439505557192668 3.0421040642722
2.36682042398325 3.97502525829313 1.14891104981134
2.69932164779208 7.37191723409526 -0.332978617137907
4.34310317191574 2.63084145189465 2.3860110779724
1.90513921432308 1.17034740229989 2.69331529079561
4.52428148006427 4.19549991692643 0.413695707055238
2.6175800378644 4.47588075423483 2.80005595880457
2.23381976960836 3.61997410629308 0.941408139196248
2.66058120909556 7.11112534369447 -0.120711571365226
2.96961098748579 2.64583605054093 1.74931452043636
3.03878860512008 7.09651210087782 2.82931276275109
4.17619501785437 6.53586780769992 0.0802327033867818
3.59742479762911 6.35315252878363 6.30704854352122
4.59157491750191 3.22136325070678 5.74327252252862
2.92723076414718 2.8598247855044 0.982917676303669
2.80826951000863 7.35063217734042 0.77986028423503
2.92287468221902 3.50076062120392 1.16601292217352
3.53747243536175 5.68095172664462 -0.657928069496171
2.82650985030398 6.46886441558537 0.641074672496613
3.2480467362171 1.58715831384284 4.49768334446881
3.49882934676815 0.570241745234878 3.39278640461174
4.02920331262379 5.87721864645135 5.88000259316718
3.87638011247576 4.4082065071079 2.56179121921993
4.58078435748173 1.29907400779811 5.27482661466088
2.19861169190306 2.78286353397126 3.70050870738617
3.01578047537548 5.33193228559289 4.49234769732097
2.36359354259656 2.43532302990846 4.46454255304658
3.12094291512652 4.41044080566564 6.25171335257912
3.43656816849067 5.27425703862869 1.05328065744008
3.23017138767428 0.352438749778417 2.31463924335766
3.17576642951347 5.12917253859751 5.13902589669646
2.80296658957936 5.64403348354657 6.23403812173518
3.35880925816455 3.99685626668603 5.69505856588758
0.460463738682341 0.494365312979774 3.00978903546831
5.17903224220494 6.56978390076265 6.04021815356766
3.12703574174467 0.487710593271737 3.90203150176365
1.33887325562524 6.04071222241423 0.356394414626153
4.01464220279541 7.42530762055695 -0.00451787056525605
2.41857881777594 4.37368433911781 1.10091489862987
3.2097386552938 7.0588463761805 5.5839617880184
3.5379796020918 5.22517696978825 -0.283894203247304
4.11072409408187 3.19032620435814 5.70816603409039
3.04567464774236 1.14731513091781 4.27404352823567
1.62898426737802 2.64207652792501 4.86524293164752
3.86051571881955 2.22152444656543 0.981955342674796
2.57300617861223 4.75039701725131 4.54540515900012
3.45529810351023 6.20504128784359 1.3808810525423
4.29939256105465 2.70438754898639 2.47075557215069
1.95183332939759 6.03254288899136 2.33469771842197
3.61827160959843 7.49574129675521 -0.193979930336517
2.19525068962701 1.33422655487573 4.15519206452399
2.57869589396156 1.39381778527475 4.09243030940668
2.47224592430529 2.79407413016609 2.96291536615033
3.34023616158129 5.53251084019562 0.967304815576758
2.88413738812069 4.76662291699 5.63098489238295
1.52906545915105 6.5267932059741 0.711488369525241
1.02553166139941 3.78258108660659 3.84928036427831
4.33342532445022 6.32871403782673 1.19336637150055
2.12209793767218 1.24409431147971 3.3494775345382
4.02433764329675 4.86749294577583 0.379183222990113
2.96743796721036 5.84455507576622 1.79810331506661
3.77551648364995 3.12070023197386 3.23848783157611
4.5017652685087 2.83823821244476 4.73468525900823
4.74388969600141 5.14174986654621 6.8464083513594
3.94177946159975 3.31962346199481 5.87549568628937
2.30354302145314 1.48813199950579 4.96607632887205
3.23605013944799 3.64827208665036 2.68870091498873
1.04151606551225 4.59157233908744 4.78073984390306
2.16451322360208 0.441654727690569 2.29827828560259
2.4366896863462 3.74242473189659 0.809879175002057
3.81264718568256 4.11285114539541 5.90445380967497
0.727967508649764 3.05511158342468 3.82974634371661
0.603744354376526 7.31427425839576 4.25295714399822
4.75231900573691 3.38518337557801 4.92555997802996
2.94302549865958 1.25608223645421 3.78922631605019
3.17445460549536 4.78771716486922 6.03476090976167
3.12029556961953 2.86005119536475 1.47832413633981
4.31663635228575 5.38991683535335 5.93337222028589
4.52752704968261 6.93361702904591 4.44577940773685
2.49160722706887 1.80415201993012 4.67353273064544
3.58153472980859 7.16909741332507 5.55087163487126
3.21491113901782 3.10166065388908 0.374806094462785
2.8401679084644 0.246546692484609 2.15546688968923
2.06527088708516 2.55339486161778 4.10931010599199
2.60577815151188 2.34927196003145 3.34361810399488
3.71492611684065 2.32800874093581 1.00277381600749
4.37153339623409 1.30183213386702 5.68956801552272
2.4719393480209 1.06418968799859 4.60084885976703
1.26729365283209 5.98829971144649 1.98667996127066
3.28458327221269 3.64613075793586 2.6400359562459
3.08709986954239 5.46724355091449 2.32678146189948
3.10804463527968 5.42351079808615 2.74650149940974
1.39564852284099 7.2708253216491 -0.126694425994203
3.04163836370286 5.90048721423486 0.172251304165281
2.41939867187121 3.85462133232861 0.515442273294097
3.28367958562562 0.23066621202025 2.86564400582846
2.55229628462849 1.602580216263 3.98481111044975
5.34186078051239 4.21713758122895 6.62659083871204
2.43852420462719 2.8760847522665 2.33300734836098
3.0557859907898 4.28105213744381 5.24591547789267
3.05111873026205 2.51656225433944 1.26305913993326
3.73176999171032 2.99013876248086 2.21601570323092
2.53713717920907 7.45003511566243 0.627833690155315
4.86425134879898 3.76162997244696 -0.195679306964684
3.07805358355659 6.39393095482878 0.258255446800768
2.46950230269899 3.94791312295633 0.160990107297027
3.17130664110968 1.05560314799097 3.78906783344488
2.95674740699733 4.48001916591332 5.58794778345542
1.54698295632238 6.32460880877184 0.577282566488752
3.23920823136859 1.05056177974279 5.01402803468807
3.84045033406442 5.67350925380171 4.41017396413643
4.21457552674177 3.9819435886206 3.63978241850437
3.36653266330809 3.86748311026494 4.93800933905407
3.00142779926246 6.51766726003705 0.258169766934894
3.47524862114869 3.47915154069475 3.71606434660895
2.94491191315717 3.25667256959326 1.25065721749641
3.44676560096183 3.6153049235358 4.49703837437275
3.12851000651238 1.85152900781367 4.41469443180116
1.98747322417429 2.29352547680642 3.99497075261017
1.87497309432679 2.75360821071997 4.53521074289637
2.80386922323496 5.63121312619594 5.10291793179115
4.24515145453559 7.08578487394186 0.674286682122322
2.69168688959465 3.55852898000235 -0.414483117624163
2.83589968651323 4.35012050825243 3.90684694447294
1.83667853494565 6.85614415636143 5.39789498219988
2.78297920133296 1.73809760752433 5.630319340633
3.09028223615032 4.4824452622812 5.62773708407964
2.19163716073525 0.613288456557697 3.04434668157815
2.50801739435255 2.22076621514338 3.81070662471034
2.39684548408678 0.663226922335209 2.51067164351541
2.48044438225586 7.0322954574219 0.945421449271972
2.57658958927371 3.46076051690171 0.131912165034959
3.37817804720066 6.42448071439209 3.36955778216092
3.32447805566161 5.92993174264897 0.341015948067214
2.37552980456451 6.01198739278595 5.97627322119259
2.82022342408268 3.33728163310387 1.77878900161509
3.08672772023465 7.1922947916654 5.64721279133435
3.16084785224792 4.77463013213749 6.68481126588165
3.50956903349969 6.68630993823383 5.59766195557867
2.10698071754266 7.19846939816239 6.70317578433441
3.22222875061986 4.55084606708602 5.2604366350622
3.06104904358354 5.1895993295806 5.42634542055541
2.54099130546031 5.61980921342279 5.96168632636163
4.22682278117439 4.9239452925078 0.289188385475494
2.70228582817397 1.4172279997609 5.00334544896853
2.90489437049944 1.68684050549854 4.50260269033301
3.96836295378626 1.73723144514571 3.50773649381288
2.92105481119611 5.81360618255403 1.97444529573035
1.45695966515458 4.20221764152814 4.2627885411433
3.64890764246537 2.99155177555997 1.34765272919091
4.18185552902188 0.75087768395742 3.76473785600746
3.422538594292 4.6917222948205 4.8692461800817
3.62610952946905 7.41442586983235 0.540672877847145
2.83488143546638 2.25466031849761 3.87989878559516
4.59527566069312 6.70138900182307 1.01452374330598
3.649660535289 1.99350364725841 3.79177866340916
3.07149013830939 4.3622696731584 6.2941670980741
4.51293966686445 3.59340396988546 4.47157325120134
3.54883153943067 4.63946959297852 3.79597492831132
3.27520249837175 6.21898690322598 0.339607789538084
4.39106347162684 2.91746415900201 4.61441693974105
2.88379375178912 6.61044365954395 0.294615799524622
2.95523042816106 0.930828865548166 3.9217724022217
4.52463298472557 5.97871821734146 -0.383752750302199
2.49085758318013 4.53968567999739 1.13505231591377
0.973367233065137 2.56453543325561 2.47607307878469
3.03570444056046 2.9224643788356 1.10008261930243
4.21824478154781 0.310094545712841 2.66354546552645
3.4740668706018 6.50874275884284 5.81707304335853
3.52127995311632 4.663461986733 4.01759973369546
3.76586211294444 6.02751568064234 5.47729789733911
2.33931466471004 6.09650899442931 6.34807601395434
2.74136065797087 4.38849642589184 3.61244667907602
2.40020361143967 0.57633358041002 2.68463770397527
2.21279134079407 4.75380620165227 0.371092649893562
2.34943534304108 4.25919959034062 0.764278385449737
2.09179891156214 3.8413427480781 1.71525058766532
4.10534554603369 4.81860250308695 0.65961180166557
2.02432378396476 7.23469813540293 5.5714782402025
3.02985863432356 6.42278876697377 0.358001492382009
1.88593034132708 6.94290267798831 4.21446090322925
3.46401912012353 5.44741170595726 0.0689434192327014
0.326576696933245 4.31944818864918 3.45531337086417
4.81277798003303 0.210377020902556 3.04603888555147
1.70181854966826 1.34597695772609 3.66715956362821
3.88870168288071 0.441295301151417 3.58206315726925
4.36563121003468 4.46656700056322 0.638744200492218
3.69302820934036 4.41581926858975 5.16285242081565
2.81698705891476 2.90464186057034 1.52134121320168
3.07896799548046 0.666692186493252 3.36286247292881
2.5772840423287 1.29663245987936 4.00519192835803
2.9940499687943 3.45271032553802 0.759781968086707
0.648712920005588 1.72297157045305 2.72416984200994
3.49897645887855 5.80890427471574 -0.129560034876546
3.27106461001696 2.92472415273836 1.15459368932896
3.62607104340849 2.46191998175282 0.976638313690656
2.56358402244653 1.47790243425786 3.70343241264149
3.44792676207891 0.0771373054653308 2.44879894011483
3.73095043416993 5.49012665571882 1.19246336949693
2.09028347150664 5.78332074376238 2.80294280051617
2.34904643356697 1.25983604170894 4.06396209131657
2.53443758255315 5.54234015322894 6.14009941377202
2.62735239679861 6.1617249840304 5.27368933972091
2.57365230266654 2.3326850047235 4.67046427819287
2.68088135581038 4.37946347711288 2.54212657529187
4.28390778361269 4.45583984075908 -0.991487200778446
1.82623086894517 3.31016080105977 4.24934451567775
2.43578557027892 3.94027016140764 1.37129034165063
2.73144893606576 5.99972212726922 4.41919635393371
4.11577149046529 6.18729889313208 6.23676024355476
1.83324976241496 4.95541114030508 1.181811655501
3.30768068349642 4.74770538772954 5.69247349912841
3.62069520870186 0.782791740798668 3.75158983915164
2.47337070700411 7.24297269615735 0.94020926759489
3.62433868506584 4.17950956603442 5.4969356875997
2.67288435102663 6.17318922694067 4.59150724556794
1.71943869482568 6.99230948112402 3.11542099440479
2.48903158109942 6.5189557300162 4.32012727332304
1.40095469857823 1.20051876270692 3.0874566865878
2.43021411655029 7.30874280678011 0.855476119035983
2.8032004598997 5.80422268428891 4.64384641671615
3.50244022512869 3.8095410121144 5.71474181021758
3.07181153562799 4.22310146514789 4.55732600337035
3.08544221458509 4.72798789155581 5.75480117643629
3.45103542284369 6.35892856461128 3.90618358665403
1.63250915302636 2.60062648964416 4.39355695284999
4.54466419514502 5.95157552365095 -0.244919228099375
4.14295968176237 6.61136549923541 -0.0123067037313865
5.02669775510392 3.21946194869889 4.69678976481099
2.73987699903908 0.188691055344506 2.96918493520231
2.37636563762369 2.04476263346405 5.33894092374331
2.22200940781376 5.09805326896783 0.637214920681346
1.55951083187937 6.08469327524093 0.19053898347033
3.06637177221628 3.31075213835449 0.666477605845141
3.56931293670113 3.11958043002018 1.38281567348987
2.97622727825247 1.27487347301265 3.62438252280293
1.85282315937081 4.49802229662995 0.147662502971295
3.47697713826451 1.10261072234202 4.29419854181231
2.77380879998723 7.45984490021284 0.220555932512335
3.79097142060984 4.14157720015639 5.60519019473355
3.55843254326231 6.72158266788769 6.50159941689159
2.93094145994841 7.03627988093174 -0.380605409133549
2.70754241461207 4.60394426327842 4.64773592798931
3.07973787631359 3.4439657037761 1.04633969042231
2.25775486691508 3.49823523982335 1.33458626703051
3.00688125919705 6.96739375107491 1.33853081719522
2.87235736607729 2.830079640002 1.28446739289192
1.64998145524645 7.1339800863842 1.77422837440755
2.32892588786435 0.0774329992413003 2.34006226871507
1.44065423767067 4.95450756005548 2.55281326573295
3.09004013481514 7.05345197288145 4.18009565632644
3.437058945941 1.32948659877677 4.45994165650312
2.856097515015 0.00527506286953727 2.6232067900696
4.81293606015761 6.90366962819641 5.55841842279392
1.8148768185001 6.2098452387023 2.45736602273868
2.40034595278125 5.46028201106689 5.02343604405007
2.69949365792139 1.38711772163144 5.57491387422696
3.49333307114243 1.05783846069992 4.44056797975131
3.79003760286699 6.03222465115414 5.77524087096205
2.37198616376605 0.441569690836293 1.8127707632104
4.39564316224125 3.87421132959815 1.25976966606403
3.09562439263927 1.15868172123724 4.0477454153274
1.84532103455229 0.148521119543377 2.88266093588357
3.17894787552561 0.674415223720011 3.69008280388649
3.63909950284541 6.57776749738606 5.36219598343534
3.33269617016579 5.73629888056993 -0.240018801267804
2.01344298991365 6.00784541933727 3.14280001246915
3.29083893265259 5.82787470084903 0.463297956815821
4.2552946402831 0.682386045806971 4.33410627286748
3.5601373279703 3.72006358819418 5.1929502123362
2.96058888973779 0.367143739782985 3.53617951788338
2.33847646997901 0.0261718230343364 2.12990672318557
2.53952785437199 6.16981217749387 5.02465034273572
1.33044051446066 1.82932579519008 3.16609727661045
3.36755942008435 4.65922560564574 5.31596714107036
3.71070853934053 5.5928765606865 0.323743392452124
2.01469121537841 3.53964553038677 2.72405056616518
4.52678501244363 2.18405622450342 0.015771776174398
5.34517403916956 6.44970441989358 5.09475494476936
3.98992723652601 2.25569402969156 0.0515995116315482
3.87649321838605 3.58327913234493 5.20455264546726
3.30354279422236 5.3327352197584 0.867795392421249
3.73226028317088 3.31704680712084 4.79064368374676
3.33883539046063 5.6639533999113 0.305559035663178
2.85433959969669 6.06636176494804 1.74033983812309
4.02415079251972 3.52590688940912 6.16062526971065
1.95862538233549 3.45097442583932 3.11408341270432
3.73886058897728 1.13139519658781 3.97074695087371
4.653712413694 4.83361670606726 5.39691696483319
3.81087228756446 5.04770064753932 -0.334596538126994
2.70607377731424 0.805025774664115 3.46303896785677
3.16214404432167 4.35346304300465 5.48919007285334
4.3618503325568 6.91172293910379 0.0838958984464687
2.33456834359351 1.98416654061914 3.96421165197255
2.95011117085532 0.279049582769979 2.56384404786413
2.83950768074526 3.73359048884985 0.362203866244886
5.26185828670092 1.59584353368724 1.08207683037418
5.3195741239874 2.50258274764692 5.23246393141111
3.21575922353441 3.99272472532668 5.90754686466443
1.43587354527786 6.33868076069803 0.969967813781704
3.12097049340297 2.84434740763358 0.200133461013463
3.20017527522374 6.83257702638193 5.26009243035589
2.51576858746135 5.41230304959266 5.9477377945507
0.894258582380586 5.51971040254459 4.34428792598706
2.01772911508853 1.1038852784157 3.87871779656854
2.15611144921645 7.01897032378854 6.15857568287341
3.90989304958505 1.45029696433307 3.49173947834215
4.45208602535242 3.14380068216769 6.34298585873342
2.23817927173808 1.9421761345184 4.34147457894912
2.6185769904919 2.67091127648935 3.85394218842511
3.60103566288045 0.165777847350876 3.29575159023558
3.6440981028051 2.80385658550776 -0.254122834284081
2.45566872369808 4.60146475226149 1.71585849732882
3.38505825888486 5.06699076131044 1.50448929541442
1.94207985006457 0.207088299486509 3.42491555164999
2.70876682113719 6.2689354312262 2.16541406125574
3.39295466515716 1.64617102231188 4.73504427127676
0.856133897871126 2.77675911902566 3.97996138821119
5.06591776517613 5.8160120219863 0.338765969908458
2.41054680077148 7.10279264828688 1.75734341579549
3.53231693663203 5.97126417319416 0.867726142908296
2.74951661531087 0.0241776962691613 3.55968266199183
2.25258126672506 0.355863205920213 3.21725260637366
3.19535729090164 2.39644529163611 2.10665881269355
2.56504057842399 4.48977967173851 2.79268177174512
3.28975331813336 5.93983450612206 0.988465665554196
4.87246788024162 6.65897801019385 5.35959648321521
1.89174653411598 3.83376438513474 2.45194018387194
2.94221033191092 5.09470942198986 6.42367650410191
3.29489809554501 6.99702964816884 5.14099575672868
1.84092161640145 6.32388020368659 2.56711019394905
2.69522660054189 0.563051866681578 3.30574053309747
2.74516393467308 2.62022510708265 3.06669005855788
4.32887721344613 0.520426198115085 3.2712111679903
3.39882842840539 2.42643146927367 1.46827775917644
2.32777836870819 5.3909561247462 3.68649175665449
2.67683135470343 4.26238901601444 1.955311358056
2.1842039454266 2.80508458530419 3.66501722994115
2.33436535512491 7.30167574184059 1.9883143469955
3.86459813036843 1.98394161200363 2.25374175999027
3.24208186351807 1.53532573562203 4.89127738511856
4.93974118929962 6.82066920955772 5.59003155158606
2.22415808494314 0.501945786044424 2.45693148226029
2.25589208692745 0.579029467255179 1.94460142423347
2.62543097123133 5.43621185506394 5.19944991307311
1.62090182345913 0.57365785109593 2.52443828505818
3.8207460165362 7.25836163718501 -0.637925575490455
3.51694998871469 4.8986254173745 1.77146518797254
2.92103962030469 2.08101393493219 4.51490323090725
3.00226490260611 4.15479852024482 4.60218466558177
3.451421259843 1.68309294541765 2.90264991717206
3.83654268200652 4.03254809485455 4.91431277371568
1.80996709842836 6.20146080667404 0.50681406806728
2.14839372235063 4.02318112877319 1.07300740123669
5.25950912797248 1.98889399707882 1.09037240976747
3.31873554665859 5.65900694044418 -0.765368918770474
2.13048758225729 4.27691148968921 0.933841586390588
3.25460869046611 0.556473045024623 2.9137086379372
3.06859285850507 4.21519702529007 5.41897377573715
3.52683140551048 0.919661385500147 3.86858852366056
2.92687561343726 1.28881615598876 4.54957178667765
4.04759957107682 7.31492684151834 1.37415259901258
1.09646315851261 3.41129317841434 3.87953629911598
0.761460080654584 2.56941468048207 3.20889619974494
2.79344984104128 1.55934278334487 4.16726301025729
3.43794701776922 2.79701702113906 0.761321008636342
3.32298741205034 4.39261420055734 5.49173462657746
2.81330672685757 1.34470629156302 4.13357313083606
2.24255024118886 5.09337026545853 0.733158128246406
3.9364992911955 0.449008562852072 2.93045364803109
2.20690472624059 6.31024240295783 5.59974933289193
3.1249176687808 5.09888813879183 5.26197884961042
2.53933747766685 3.67449548201052 -0.382427353974299
1.79443317910009 0.380950642057087 3.26642969065418
1.58962403735869 6.8263295515182 1.06809067138663
4.0623443002399 4.36989234498537 0.565976274649253
3.12522508015517 0.232523907080219 2.92205323507366
3.3456423847804 4.26221730905169 5.65919285788436
2.74879887081703 0.601578357840773 3.21236481999471
2.38443116224803 6.87734808032933 3.72213248019083
2.76839779643393 2.71253275009373 2.53220674010935
3.45835326203183 1.28250102203964 4.52162030414508
1.67903681116006 0.324116102545874 1.78631151860093
2.66642872334864 3.15519181423287 1.21973452956599
1.80789191240003 4.18839812590968 1.83902881353582
1.99598051976596 0.527538350131067 3.18307083264735
2.4552288811284 1.36013376428903 3.91623822531824
1.53714913048629 6.24784270672585 1.77423575687213
1.26183835994382 5.15061651569435 3.83446875748739
3.16133009985423 1.30565115837031 3.80687124566627
3.94713748055283 3.19407050821626 4.81458486005092
2.56152601472812 5.47441198243207 5.70116014087345
3.07966932151678 4.48898046110967 5.72392619334931
2.64381220679839 4.61234347269538 3.5203709036607
1.0525916478739 5.33017261671942 3.47829467895128
1.6553879031682 5.57733204272157 1.07571471061021
2.88004912048305 6.08665699011382 0.298962011080636
2.6635306230246 3.46356987188106 1.78739711843156
4.6254495806955 1.92663202791006 1.26852974946042
3.29946224328387 3.48066191423218 1.65140739917344
0.235458492912755 2.93094392375609 2.25458591405757
3.26801053276201 5.00421201471229 4.04297944809221
2.90474968907334 0.817782479828373 3.24789508603583
2.41976363527422 3.88568286739007 0.105495156190691
3.15900251106619 5.58053938589528 0.334718997064291
2.27110889917832 7.2204149013784 3.57563641148811
3.39140116141202 1.83906154238784 3.2993308789692
6.15488901056247 1.80526549316589 0.999257998040934
3.06663887279483 2.81540868197396 0.92638017683177
3.89720408260567 1.41114325401296 3.20737269185972
2.22586893485564 2.9552173174293 4.30188438504054
3.45711984024237 4.54087670635803 4.59501962942976
1.76353391780743 5.80437446113805 0.628097199517691
1.22607662138598 4.46152847898933 3.40048422218143
2.45226826422628 2.64526055166874 3.76792816397898
2.62028971238769 3.9027131046832 0.859582240262731
2.42786450803312 1.74714043244453 4.63693178475257
2.10320100017835 5.52695363967576 2.86404077210801
2.1181347226179 3.8032876573975 1.39590591807132
4.08940434237747 6.80293365933304 0.474041498028749
4.18165607317699 7.2555840418631 -0.108878806034124
1.98528503567273 5.70653284422647 1.63229975436322
3.51985937969504 7.19773772004289 5.18312439107823
3.36755297455778 1.44462594553623 4.61703775876135
2.86565686309874 3.33949912696241 0.233371822591618
2.5911710660141 7.49374494022889 0.272598894798901
3.99106399427178 6.16287261013768 6.93292679860723
1.65381866929872 2.24468834023344 3.58353849992007
3.47391925175192 7.0002677984643 6.39078270514848
5.43781561861243 2.66397050250232 5.63676974442737
3.19393324793493 2.08389458546349 3.8093856333124
2.32949692188881 5.62544504115648 5.83993561555942
3.45607972176915 5.51488860869127 0.753554217904321
2.61768859242851 0.55715502994183 2.59051468898624
2.67504153610652 5.33821565599613 5.22805674454414
2.67838188836566 0.88467702914842 3.11738586691613
3.37720247965728 7.16950868416918 5.91694717247665
2.2463819108092 5.3328604392774 2.95608041483917
2.4095296592336 1.52271747139826 4.11663673292246
4.18234694876133 1.55132512169954 3.8161723743182
3.64006001349036 7.17228606747746 4.66288271902808
2.63723364854279 4.58909579095376 3.65814733796735
3.11532284828184 1.84152833680432 4.34477448853028
2.86859752877613 1.59559749608107 4.5048266199093
2.00485003314842 3.95078981626216 1.55704427861804
2.54028792333745 1.53927890235622 4.45767768335581
4.23524218988471 5.02419094866988 1.64612623341322
2.00120444061572 3.75939505241138 2.56032614219684
2.25503235491403 0.224936404653522 2.67770050548077
1.97144036066566 0.744011323584647 3.43314861309365
1.61204392302269 1.96027909334333 3.6319974016974
2.17997047382374 2.90511909861044 3.42917563333017
2.63734037246565 2.00500000669572 4.42845671548211
3.10900461801667 3.37900770552745 1.45093234657882
2.16827578273997 1.21690878722544 2.72778860448574
2.8962423332242 4.93138119930093 5.63397707405633
3.7281506710777 2.66121181820184 1.35779551913132
3.10770206988245 6.35728203613261 0.562057214784711
2.41986329042874 6.57638877613155 5.27103707628371
2.12722669046537 1.57541194699441 4.05709497881755
1.90981564312022 5.63423562613906 1.77880974215744
3.26159214404876 7.21399264988913 5.87144439402597
4.39894986052793 1.14473838824933 3.98566122190165
1.10937010970978 6.77628893995068 2.09704980624268
3.40105051174462 0.693526073842659 4.39109269604394
1.79232051790366 3.11639053275457 5.57054172137936
2.20405777668702 0.542813026549015 3.11025518873265
4.37174469925248 1.57792200744629 3.55101080666214
2.94411590285906 4.68947199874841 5.67018317513384
2.6151974331977 1.42961980639498 4.55033206719374
3.42549264959946 5.4897846393281 -0.791578239237343
3.40539478753339 0.270314788685644 2.03187309163535
3.77689183954875 4.20769542079219 4.67627193021487
3.15057697801857 2.50980788820748 1.54210712704205
1.43981031300454 5.74598416467174 0.563608802266884
3.07971527411282 1.11180329649417 4.09606135267975
1.7770393630109 1.89447595135677 4.40880494623449
4.679095260246 0.782414895437655 4.53140021802361
2.79971338938924 4.19684408073595 2.61507371987397
1.7595774400906 0.500902098958315 2.95130227598373
3.00006538211065 4.5636085022031 4.87413429903336
3.5305446008086 0.187621252735655 2.67072729226312
4.29007405160562 6.76440523948895 -0.251130427672739
4.63458942865782 3.31710496528772 5.55050686860992
3.01832452461082 4.46270266771778 5.16545688660313
4.1312790839348 4.36875391636251 0.14565094019048
3.2329914083844 4.42930047444848 5.19661344727555
3.03352654409491 6.46918117390081 -0.00904453187274901
3.50096833725605 6.90480758031031 5.92183807512931
2.50087328244734 6.50759906002321 3.85307053752455
2.34098340930094 6.4260431137085 6.06376585136387
0.791888968755369 2.58222775809778 2.63741345975265
3.17828278969012 2.36952531885846 2.2961510884953
4.13962017438107 2.41398746120316 0.93643125908243
1.40848925040364 3.70500803428324 4.75056943057207
2.85218057419039 4.44913821084796 4.90606833553592
1.96538498470921 2.67095841176073 4.53395998851834
2.04214144651955 0.751592631845589 2.87518119620349
1.8547166334259 7.38371195956139 5.39539479266914
3.30617703756223 4.83100754117409 5.77105840772649
1.66986366236732 0.404858721353476 2.89291418065446
3.62889653693503 7.49437477563572 -0.346861007750216
2.40943356733144 3.51573365135368 0.876952922335883
3.79135431258989 7.22720294571489 -0.639736329216679
3.81097302732966 2.14749218927366 1.43941133612477
1.88961247532625 5.92294560654624 1.76906263554093
4.15681413281262 6.50464363235302 0.585887341624982
0.0486375321074002 5.44800310009195 2.82824385161801
3.97246002093021 3.66001266244947 6.58505984544611
3.90740293539945 3.55698974060161 5.336849029117
2.45133113316705 3.7078965156868 0.557799779988181
3.66730013100081 3.26198409714489 2.96409441080492
2.32725634590997 5.42979561966817 4.43888806383018
3.96017840756022 3.35771983846373 6.12594447522785
5.00888177261367 5.66905073963772 -0.096097631614677
4.06702733664992 0.825399160537872 4.62355040875715
3.05507858773874 1.4234521819971 5.19745294250323
2.35279151705779 3.90981383677648 1.33508045723607
2.37089285156678 4.58032245008357 0.464919930468653
2.32487537773892 6.19999337732776 5.71652151555381
3.60244584736506 2.07709785298641 2.2549305073572
1.59866833530621 4.0441846491005 3.73625973748107
2.46895483906073 6.1711558234383 4.92853984463865
3.36307352815298 3.33589321342482 1.11877713840184
2.82572669600156 2.80078269404643 1.26862454072976
4.44176895142378 0.30492172268021 3.05061441744797
3.92626154447622 4.6389005152587 -0.540525256270606
4.06529532297793 1.41705036788045 4.83117784799704
1.77117313852232 5.45979998677088 0.918707838035537
3.80521652909917 4.87228908888865 0.620981421710156
1.71697548163347 4.15712916652709 2.48445344303116
1.69248542582418 3.52003943149017 4.8688345311555
3.34507933060231 5.96796852488175 1.00865859912243
1.67801957948289 0.678703577686279 2.88300419245425
0.870743221278451 0.132879052445937 2.85053311945654
2.04869750089121 7.37659185372897 5.29182186253965
3.03889393369069 6.96463114672272 0.173855953817886
3.49771622303489 0.987693479688471 4.3852211926541
2.07466246373369 6.67331198989006 5.14757903485348
1.51791649511284 7.4671751798144 1.85761448355349
3.94206319562605 1.00324028504943 4.63592718581301
3.31405834504647 5.19755422637638 2.15407105494511
3.50278528355205 3.04742578465003 1.41928947829308
3.0369270837928 6.55147857510482 0.136988086022428
3.29150103621193 2.41545831937436 1.69370062763914
1.18998533672304 6.00419306403353 2.4082491962807
3.43853234538387 3.36352563430027 1.87149293139054
4.30526979304205 4.93181828676501 0.812999786502607
3.71154669865625 4.51107900003792 3.30147304662887
2.838475828397 6.40797361781336 0.0494929755086439
4.44649513889151 1.59457020660076 1.85476642065798
4.08891829045275 6.07994183042488 5.08878680384001
2.73794273043785 2.46138422206826 1.86635993358109
1.88741285824732 1.4781398870541 3.81687535167723
1.70329442455873 2.81787513143204 4.83131515898223
3.94657570374939 4.81434733106981 0.530477895658233
3.78223031643555 1.54240768018302 3.65760150279142
4.7934183779849 7.14242117885055 6.43475598942182
4.31452827711549 2.44525636546642 1.16407034651604
2.73859459998887 4.529622816735 5.33106596174758
2.79811534462526 5.12000279468779 5.60631936012812
4.02249597361647 1.80020449485202 3.15481508972073
0.690826570674635 2.11138042505209 2.74647910466413
3.96684008500275 0.302341402042501 3.29722470903931
2.51243500715957 2.42335140733188 4.00007143501549
4.06217863927448 5.35535888743854 3.51096564439324
3.28911085853363 4.80410244658134 4.51420704131074
2.28564064865775 5.73823674128409 5.8456583491821
4.41012301958901 3.52386503766923 5.36739072231809
3.17856797947805 5.45729162561169 1.37833692475954
3.16536122032539 3.27943739537709 0.28015919871303
2.83680492793956 3.71869091286951 0.437672762291165
3.02783395151422 3.98105965021281 3.85042090940133
2.92769818265025 7.17064080345497 0.503014114358225
3.58341890201356 1.07609418901362 3.840513283599
2.30900145687069 4.71387511198816 0.415755361811208
3.42546485055005 5.91146843946236 -0.885968698141376
2.93993131853508 5.5115451431261 3.97915396030655
2.16312967004076 0.0687156337767103 2.98493161190086
1.82529288928147 6.53871807179804 4.14424797361332
4.94100222224709 6.43434845344242 5.77417960461751
3.16147842819721 0.704790762387894 3.61502277391301
5.4190350866734 2.63120000617554 6.20572315610394
3.98660202589766 2.3864968904293 0.363702132110129
1.3837813176785 4.28898030274221 3.23264496707514
3.22821493712558 3.31029551262164 1.38498364121909
3.75689183855509 5.86567384887793 4.9920369553627
3.7478143572967 1.78349737699761 3.64752650814227
3.25877341291054 2.31750892413078 2.22769402612299
2.28998157683119 2.60054057019719 3.90069094202714
3.33270961253564 2.66162363917597 0.753790504125897
1.97481133793324 5.40418701113909 1.25346598234812
3.54127695558141 4.45404865624503 5.80884859493762
2.33924892337834 4.38090929803723 1.00628062590033
4.08442150982444 5.45452871816602 5.35714570180392
2.32234451769399 1.46033832400193 4.25151125081759
2.35820967378144 0.14477837378011 3.92034917258465
2.33721233793567 6.98049750770611 3.79977281948774
1.97752372594946 3.3006814631502 5.03563668254724
2.18760702803609 1.07866812517426 2.39569815133377
1.83060421206631 4.58446067257379 0.668714708036611
3.76513054532263 0.256935403676422 3.30443647970216
2.86990831472621 3.00929281531429 1.76597977719087
3.04677104397439 4.08264688000337 3.5419067364154
4.14790908174505 4.20599665856043 1.88509988147497
2.58378038955162 4.63872659312636 4.13157365831628
2.78994073030171 0.942902045606275 2.92627944968334
1.32149184016753 7.12017794960862 1.12896983210186
2.69661689258487 0.70495585018947 3.1814830960389
2.54081988767088 1.06700180090302 4.15837759006522
2.44366580614412 4.30503247297666 0.352225133806834
2.89507380093804 0.232793881844896 2.79724601835192
3.39516471852705 5.13361411391867 0.581282482520366
3.00876564493924 3.84632598727676 3.03423293546977
4.2051827306396 4.04829624791747 2.16357304474732
5.458566577435 4.68658073002663 5.44518577512291
3.59438395735003 3.82404394586205 6.58466488714447
3.42062517400621 2.63789866790903 0.405902525000429
2.39031324451554 5.93332645835364 6.71886016351904
2.27242871449575 1.44853329154718 4.09125772487243
1.8865141570611 3.14256895998807 5.23071149384607
1.78646373852245 4.30670002866073 1.85872238215744
4.52793262308508 4.58881440184284 0.428493515061721
0.129061576342369 1.53460940987701 2.79882476275625
3.69740913531581 2.49462908402891 0.00640325634603134
0.920156261535214 2.82515511478593 3.40425600593956
2.73580516359711 0.94056624267064 3.58955204565235
2.04665271577734 1.61351801570893 4.23665191357123
3.43238665517963 6.73638641834503 5.82653526686277
4.6335985031873 4.69593478863122 3.54658522902112
2.89121366121632 7.38040744497738 1.33952262661108
2.5529112488702 6.9060037661274 0.73745663829755
2.0275652725472 0.223648005052572 3.15982076891275
3.34226456951759 2.04536151529238 3.77085369877611
3.49443866737436 3.30937524626213 2.12499780487814
3.99511826357897 2.94492402483813 2.13287456004894
2.80548683116441 5.4199153744095 5.86373371759123
2.50029355114642 1.05047580312226 3.43392857813022
5.59928376869395 3.59936705817467 0.537034843307919
1.78092690079524 4.70769223766013 1.45855295522717
3.7355050254554 0.479175170753087 2.74088077344468
3.82114797248996 7.08649846772203 0.0277006881192589
3.92949259268541 7.49382773255543 0.990895008531227
2.35449726937275 6.84115808906803 5.20537332591725
2.40374804513582 0.991519449801657 3.31031051437052
2.21179724805303 3.74125441918369 1.45076424106945
3.99487891371318 2.38000298109519 0.653292667065727
2.12944652066841 5.41204332326559 2.03188343255858
2.7807518473614 7.16093740072789 0.560109385066935
3.99158307036436 3.39444519164065 5.85755600202714
0.728858069619246 4.58566761084861 4.02039270025352
1.6507196599845 6.89608143322592 2.09629288908267
2.72338425532632 5.55327164521149 5.94108766488533
3.53500035804539 0.727380722929856 3.44085821276528
3.90327070399702 5.50223740709347 2.21362823636656
0.925946009050937 3.77991977603988 5.08589833932778
3.458274939581 7.16949298378954 6.11762372433845
2.39277436694292 4.40129963763378 0.916642733128769
3.85543313817935 5.26149810656011 0.901005190861371
3.52984845925093 7.26307264378994 5.12217552627679
2.12114742181367 2.41857904598469 4.51744298114421
2.72819492156197 4.61318397588696 4.06260428597618
2.70120758736637 0.569860596623024 3.3082402059412
2.0276114905596 3.33059954328557 3.63368001657126
1.78411560218618 3.21191021954095 3.77066450873172
2.80843356551931 6.24935474949014 0.148984375517819
1.9737044297197 2.20555360655739 4.17898617189692
2.47597227648402 6.94527878813638 0.49852500146842
2.91262987577133 1.16357922167939 3.95130091394904
4.3091714380389 6.58809251585599 -0.328826419503168
2.93918402679565 4.5039589028605 5.88838712851976
1.20895646451796 3.3103890469004 4.22438928603366
1.46947853085776 6.2584411961188 0.285067824719601
1.93506598985501 2.11304620909925 3.22792707272307
1.99450562642124 0.191710421835225 3.28089127869274
2.52556973704477 4.24628153524051 1.5171369505124
3.30617148700253 5.00831373416661 4.13741601412117
3.38175062241255 3.58614888528608 3.78023775586517
3.675626030473 0.591851821646303 3.967320517847
2.25114847570008 3.01868659679648 3.73690228760406
4.00562244762297 6.74242248502287 0.787907081635926
2.02343381150065 3.99405939686903 0.569963357507406
2.40586805299443 7.30543719483531 1.34758317682876
3.05321387071469 4.51760921954733 5.75382080321795
2.15918962591762 4.7933506179903 1.19749598787394
3.66026931958005 1.26834449915296 4.14764892094716
4.96250007578176 0.153411233488512 3.73038497428332
2.89011599175765 7.11167567723235 0.0209066918612301
4.91748636938296 2.28596056601009 1.83307659817305
2.41430882306408 4.21625973224732 0.495811833481824
3.14565272166655 5.76893316744134 0.159880073186746
3.71967691869611 5.72579440854518 2.26307646704067
2.03906775984918 1.76054535964679 4.91722485778985
2.3120839416099 0.657122072434502 3.04309853521704
1.73517326571867 0.711691428974421 3.26843886658837
1.28492863667929 4.63788667601228 3.35250481226748
2.87908622330636 6.48518604554929 0.821120652795309
1.17953576546566 6.94300350657183 1.84306257950559
4.23924227237543 7.30302007978815 1.06155085096986
3.1206203082815 1.08201615230995 2.83506972163529
2.6938451010055 0.566967310623175 2.45787782125686
3.07452532244684 0.439715695187758 2.44626916404739
3.13718453995696 1.81678263250431 3.89014583243212
2.87218878612623 0.167955405656062 2.7387947220977
3.8024020678756 0.422630579730715 2.48376621845306
3.08220976592887 4.13334711029464 5.00818606011399
4.4064719329295 3.08475285735467 5.41500205519442
2.59584387765962 3.56401800930967 0.79414549664048
3.31543651071343 5.83860471216684 -0.196398182286074
4.37226905094565 5.17625847640603 6.46498169484333
2.02756515267053 1.55857764001515 3.90481804344369
2.68032394705817 1.37526363578565 3.8067377785531
1.97339663357301 5.86059934323574 2.07040617238067
2.63942895292561 1.38903508411783 3.65505365478898
3.99329688893055 0.0667244853275433 3.09948406263276
2.1130596592917 6.12033451956475 5.58335292733101
3.46100310376567 4.71896232556802 3.61641084867184
3.78645580015293 4.13435599941478 5.12770969891356
3.94093863301469 4.03728163303653 5.13679905233184
4.13781680068032 2.65142309826601 1.77229969722932
4.25807651376287 6.6938542931402 -0.00813802690425287
2.9489629903712 2.82095143656256 0.95832685087079
2.82533731578807 1.79194244191577 5.08346276972753
3.98301593709858 6.08237432147266 5.04489291203257
0.204072919116785 4.30030917221004 3.82353204195748
3.4396744053137 1.76491498135046 3.60729498437698
1.38183652765402 0.526516015500926 3.60093232961811
2.59363467095682 5.41645673867384 5.05904693316414
2.31421078700982 6.61627806268446 6.0970351756984
2.7007902952488 0.406198733309941 3.35650620252787
2.96630265424271 1.87730534485114 4.68914534061135
3.27975626339665 2.98401815303957 0.694041740061353
2.48429522579789 4.00041985796415 0.777723694470412
0.241009185456967 2.08030098202303 2.72081366166026
2.52489121589954 4.85417444234446 4.04664346515681
3.65807678107683 0.911745951115487 4.68229517647992
4.72756088313815 4.60360040242276 4.23419921450286
3.45024756779758 6.24254316935812 3.01468018046989
3.44256294080554 1.31447512145611 4.65872272628163
4.36647106748421 5.46723096541044 5.74076926911069
2.69289679824678 2.78898385009382 2.3645836371212
3.00465992168956 5.14041013106878 6.47536175673555
3.39708961698189 2.74249292808416 0.62551848510231
3.63879802713298 1.69716837756169 4.54687804615501
2.44037051522954 7.172910048359 1.7639717252051
3.44082141332588 4.33106192431818 6.15546652466875
2.97381420853686 2.04770295363276 4.33476785691352
0.765670331644901 2.32394292793322 3.47904837750698
0.959324350411629 1.97681099125238 3.30437196725239
3.07376743165103 1.50377514293224 5.22543881837673
1.08935638571961 1.29974500326628 3.09118274482597
2.52380776943375 0.303260101670146 2.94677727630297
4.28787170548896 7.41740509162644 5.6637035664314
5.2364531309035 0.44676691169446 2.77497996706031
4.17343155640002 3.96960695388141 3.46346433242006
2.78059002452811 4.44769374649347 4.18401420972378
3.27718011849914 7.24571576985905 5.2005710120402
3.3386682454582 5.43151903600266 0.841409730169274
3.40737950391367 0.868064488273616 3.20620371522162
4.37379979361538 2.90677176435551 4.00794908077581
3.73000423118711 5.93613965454483 5.09829967235956
2.91717427873444 2.12303579916235 3.97415856174536
3.0195844377958 2.51918704234179 2.02116166776098
2.81255948288613 3.5907263641048 0.99769597967836
2.14165048579915 1.1122070687302 4.2307384166121
3.01537573324162 6.89653607357122 1.5020404599977
1.50975411404878 0.105691894619187 2.68741966023633
2.12053003473324 1.89893178183717 4.53616297692026
4.48557013594825 3.31238137815415 6.77847108692125
2.30968664652649 6.39708439290847 5.54062738075579
2.46876796869296 4.51583826685581 1.55780626225938
2.63858417633068 0.36450057623254 2.94926706398507
2.95760054648329 2.88489345159778 1.48052384350563
1.83629672270341 0.810471443138394 2.96287214623141
3.24087515785086 6.89768289640295 4.92839248232367
2.45558293626161 3.79644921505237 1.24094089226327
3.58078026619275 2.82937072433711 0.882046228875013
2.72894255831174 7.18647465885662 -0.0907911813928798
3.92885673318449 6.99616403742333 -0.123316565008041
2.28022880574471 3.0483421272992 3.44967565957305
3.05258947658464 5.06786395358941 6.27283613068671
1.66867817764495 1.17717286634843 3.97737675747876
3.29374391971194 6.65599942525614 4.140020652171
3.23130190853275 7.22739516934526 5.94784383177125
1.95048859137534 3.24079092495637 3.02730394981777
1.50005400204428 6.3549564305232 0.766331674125663
4.87085707116338 2.97880526496218 5.97628476879382
0.778225153334427 5.6594027518711 4.31983763986949
3.34002659271374 2.88843922529374 0.773799807887655
3.27579201271329 3.90815570251101 5.13963465854984
2.15246115225281 7.0231669422961 5.19117198224573
3.08568966665742 7.36889210376554 5.28197326914897
2.29439578931466 5.17961960629052 2.58031807868568
3.52445666219957 0.615377176081435 2.72944024152189
5.85221794221797 5.20061885541401 0.632609989496474
2.55497011544487 0.720701269449631 3.63846929274661
5.46185179666942 2.15789048136209 3.73887015808405
3.60625309387315 5.75681790710917 0.598063673703634
2.48316253379633 5.37199535900773 4.99627896000981
2.6144391590235 6.74924939547404 0.590237077558464
2.61341896640943 1.51405673304915 4.20609881078631
3.33757181890468 3.70262422886059 3.96150050818264
2.02522514826363 5.91501289624288 3.03848349856678
4.08764458300828 3.57178280514882 5.55930937473334
3.31289852465918 1.93258835397301 3.36137579075474
2.73548287517282 1.91974401588227 3.9898300950386
3.71411131634555 4.82970910987085 0.172949852998589
4.36897352240399 1.27593570393915 3.49496494175167
2.70097760659663 0.353875144259957 2.41432081483358
4.25478072680139 6.20731108727602 3.11363146624578
3.33163294241207 3.96307638703736 5.09462483645835
4.13001167719134 7.13879132170856 0.489178501124719
2.72084204696684 1.95758614576051 4.95679648149937
3.0484314208297 6.56364640584214 -0.229824290546627
2.91527760909331 5.64290582424421 4.49069158121236
2.08340761936798 2.2309702130302 4.8896935679737
3.04931723106767 2.40315385672678 2.98829032699056
3.03900146554271 6.66006206400933 -0.0412298794877319
3.00481465579568 6.86945262156954 -0.121211134749952
2.06677577881371 2.40256903845054 3.65741115010613
4.86730829121555 5.3244305666032 4.65421585336756
3.09262581039295 5.95335612518901 0.768972210215799
3.84569512630715 7.10914290977061 0.476874158230896
3.58796165493992 1.21247476777399 4.2988766330804
3.08876530595368 6.48070507089612 -0.262132373060505
3.51531877255387 4.71156911371976 3.13328391307195
2.77431140864405 4.29372984911186 2.39513705477771
3.07872490337277 3.08030436877142 1.06725249086382
5.55875781592217 7.13844741975644 -0.175794605360569
3.54228028652956 6.54265139253862 6.23855409095403
3.68794233695659 6.89946208444115 6.38997962545433
4.48745681300092 0.133723328861882 3.21656755352644
3.19217020352475 1.71775103229544 4.37709843093167
1.37802123813609 2.14787098758738 4.48623298378339
2.79315500139821 4.78609850968611 6.4801754164708
3.02311139159573 0.386394915191727 3.16237849572758
2.18945841074867 1.88471429948803 4.63381806664628
2.59422490121114 0.547057076830591 2.73921772254572
3.41666025857348 6.05840624845168 -0.619766039426868
3.31633538237244 0.875946252237495 4.75130754120166
0.995356276476087 1.09682133131958 3.51885872277205
3.09073084591989 1.20170645806091 4.23528023789096
2.21575600403562 3.10535980114235 2.37796079201273
1.77075621204687 5.09873509275307 1.01415050948734
2.0034761353685 0.397535180833893 3.33770442235407
1.93610306384744 5.58969507862572 1.10282659997351
4.6921805566106 4.60646122479649 3.25528224204588
2.91550038715312 3.94795708885467 2.12423526434376
2.41545106110975 6.23755822793659 5.33057558232949
3.18366004910176 0.368610541686319 4.32152851262801
3.2993227090669 4.50143084995368 6.3367314874819
3.06513102865847 0.881410567038515 3.92605996129251
2.07435147400374 2.61875118672235 4.76039485674377
2.45978367950811 5.86503782906069 5.21522780662646
0.708506651236678 6.97022161827884 3.45805569848794
2.50864171783918 1.18211271050715 4.76529079446925
3.51700155945007 4.2681337244187 5.89908114363266
3.56274829802818 7.27014520436091 3.70498250206752
2.48379911748571 1.07229365645196 3.4786713269313
2.44949390529104 6.80535928766909 3.67200163688566
3.05199862483392 1.85937200800242 4.21220025083006
2.38099776285516 4.72191992787142 0.576856573884272
2.59144410310891 0.0304280616040957 2.98462215555387
2.76502498323966 3.71403326664906 0.879322739063959
2.30514766831527 4.95719824856301 1.5713129246994
4.10130140880475 6.65668876345257 -0.319330168628477
3.6406141715579 5.30830627609584 0.74400093640931
2.5891056088007 2.89967314814753 1.81529918064865
3.86439810757541 2.7433705303091 0.948410113229893
2.41920761288198 0.221667492863144 3.19683359619462
4.17677013051268 6.56245988519508 -0.0733420251394693
6.22864704506716 4.01201236028184 5.74486552541206
3.00277849205668 0.443094053327765 3.52133720898559
3.51221011733005 2.03771586282846 2.58331136854726
0.65942602651928 4.86629057608753 3.8383006799574
3.86848899986984 2.67712741595122 0.377363956542659
3.61775780326432 6.84394601048549 6.16263059329865
2.09099248813179 3.6014002480451 2.19290851673507
2.35271925100726 0.532089444727322 2.93764636651833
2.75366106257018 6.30263603518084 0.796295677105404
2.76641831350245 6.80476180196612 -0.0301835091598774
2.68661906818019 4.25167388404387 1.62871166825176
2.1786287015431 0.964139402271073 3.49076371586392
2.73984570109217 3.2906097858241 1.05186591430211
5.19342543042313 7.39065462762929 -0.0666787543429259
2.57415723326716 1.91886846922388 4.46871358328031
3.15817414489577 6.61937606869697 0.930445973889238
2.63872289534116 7.28218234427097 -0.677707907934679
3.18366356957701 2.74092570842253 0.834838979388206
1.66053618673282 0.702285428255483 3.26550145036071
2.42397816524366 1.50083476473425 4.00014680694424
4.35254996388806 7.4201374361857 6.09557964105444
2.03996300719982 1.70804584398233 4.04083655537111
4.2097008342473 5.57618648517266 5.64565963650096
2.89149382584162 3.21590805131347 0.753274139585406
4.07527794579665 3.55340295958712 6.29975629663332
3.7793712914969 0.173141994832629 2.27901878692095
2.47886292976032 6.51914216396631 4.23715198743343
2.72374525268614 0.315270463881697 3.58582684668508
3.5169425337827 4.95645340739579 1.68216233505921
4.15623286823155 5.74674279931316 6.10194167895441
2.78332561940588 3.43273193075605 0.510355168825868
3.54799019410924 6.39101766720567 5.60493208533807
3.08431440354773 6.85086074922697 1.94751183144884
3.66975180902478 2.30540893047657 1.49882125030171
2.54647375021041 7.36218131310932 0.698604353610062
1.19392306636128 4.35345558676067 4.171135344409
4.86216855054661 3.14278047714673 5.5549425201958
2.427131171073 5.24110233337205 5.13101151807613
4.77408012901744 6.82336772431476 5.33325640240503
2.36598231985526 3.13218527280116 1.43174604695117
1.91927745481583 4.23995676913757 1.16711720459168
1.41773503735285 5.83807538233863 0.439498427909056
4.62943220739558 2.16480413508749 0.393567214606161
3.59589391905359 1.25436214467006 5.33672858287652
0.94158297881631 2.1929970518376 3.13734008637856
3.06829381505194 3.76298000624074 2.86154148526214
4.77135862232806 3.41168446945469 4.84987727047243
4.07171454536359 5.57394636115026 5.22709745463976
1.94077662295086 0.0347643737857757 2.56345327571863
4.50749616634514 3.63243890501405 4.57342415612172
4.29011846089407 5.95369576572792 6.02531947989237
4.65349196910614 4.43629951021933 1.27827713464136
2.87266872308979 3.27502426967487 0.27211998198558
3.58914670143472 0.922869609231437 4.1914238024659
1.94813051300705 4.6316167459661 0.671179916834907
3.84655675399065 7.48101330487641 0.0398206691505008
3.30049492867536 2.19030448175957 2.38593019115374
2.82783572089798 0.119835637351019 3.4582047006259
2.89213206993271 2.45098687766217 2.06024116029131
4.33539223015772 2.23209644691496 -0.0181426308685143
1.79255830574085 3.79563542187857 3.51527171972201
3.1189260753366 0.971303419813106 3.7738908651527
3.13162682950918 2.5207406068673 2.13642885576848
3.61802844219104 5.45365666505255 0.304842260841112
3.28333849443408 6.68523313012143 4.67526968647094
4.95525164674668 6.29182625216878 2.27455353361163
1.99354820148296 1.9920285194593 4.18391180427295
2.10252245787115 5.25588389378546 2.02380241361321
3.79716696907578 2.30499766597349 0.394840482024574
2.93984099688717 7.39340359539705 2.79798434928051
1.95451253629261 5.48226839342495 0.213306985227985
2.08965330157879 4.77587244422395 0.386736015042792
3.34351204983812 4.38585854073011 5.58026410175357
3.68499224780082 3.29457225543443 3.668766258971
0.897478967371622 0.816638360583059 3.59799314036812
3.17847244800847 5.18234896039381 3.9194401026577
2.39616122207571 5.64471527447686 5.20226047960464
4.34540878419573 0.755940622391191 4.53886152797574
2.63560540553291 6.58046102719235 1.33682973842648
2.6926322195694 5.12102351004973 5.94783417320941
3.55896959808428 5.50848775165429 -0.211164883083157
4.29911092692732 2.47843659203685 0.359814644113617
3.19752605667437 1.23261023117636 3.76380102808715
3.61251227921408 4.62851170966732 3.86259846626518
2.12571458772436 4.23660826747965 0.538890093234644
3.45567511452031 6.21583529427314 2.93016382153749
1.308841866109 6.95222576941784 0.84231640231183
4.29338960828549 7.09336464015118 -0.663792017697904
2.52058118300591 0.040588975326874 2.68454016815581
3.2438662161774 3.81520372766258 4.53568673036525
3.31053007425467 2.51371482581701 1.71389959247832
3.84435320588223 5.86999594129247 5.49825619434959
2.41841678453955 6.96586265340639 2.67035460905363
3.02468279886038 3.23381721945306 -0.578424157016267
3.11073335982229 2.54670652763533 1.84880247229677
2.34467875854508 0.00211619163722077 2.93245131887314
1.64507850936758 6.07960219881474 0.686603210175299
3.43734046292741 4.72488673721195 4.35028437336731
2.58325875654545 4.56159849637673 2.53855027100782
3.99041788770001 0.0769660629704862 2.91800492439058
2.13179596962401 1.6931253863421 4.09872388049672
3.29831537239646 7.40404821910503 6.0555948362079
3.9656549434305 2.72462829686832 1.15796767239633
2.51139128020728 5.29929800505568 5.87986112007802
2.90487964707505 3.69765166575031 0.64738907452825
3.72578049799814 6.25200834614687 5.46092866067715
2.04209332108926 1.63337433502365 3.83465855240342
3.37847664891397 1.08693840912769 5.27311778262615
3.924122698227 5.41394602125967 2.2449621243861
2.60115254290905 3.14497670574064 1.32879885763139
2.12638175814796 6.19086299282166 5.51038697613287
2.7150683400227 7.43954962401984 0.273545552402085
4.48324832929175 0.167166172833109 3.06589137596657
1.81834475752928 6.82911177371391 4.67848272521286
2.26457791266317 6.45535850224231 5.34814349204159
2.13373377591026 2.93923458816993 3.58225507798661
2.26322485755977 1.44127492582984 4.74557887160442
2.44706456852721 5.63648446419169 5.18450192829053
2.84717967089535 5.61407425992463 5.29806123461753
3.26021186175914 1.42082180962135 4.67446817883458
3.39036313777899 1.59454365977979 4.03007176853875
4.87372516153342 1.27887787901487 3.41071448375333
1.30771716071018 4.12889338602519 4.99020160361524
1.66069048968115 0.0730247635292782 2.58817226462317
3.38893909402165 1.95480637724646 3.74099226365019
2.34652805926873 2.6946911742209 4.05958185575078
3.06808053971369 2.84801612330848 0.177587140658147
3.41335533791717 7.27920302947089 6.24574003969261
4.21973520910395 7.05190164300497 -0.307478536544833
1.86561180942935 0.05932283063356 2.43832861840925
2.48713770192064 4.37711189674307 0.739372199087824
3.94848915009908 5.5564403009351 4.37560111483104
0.911086655585985 0.26239981760687 3.93849560343017
2.07813408914113 6.21765928361047 5.26123605302693
2.73400914476569 4.21206001364551 2.36945441929194
3.67300041224345 2.91345281828192 0.935819924736325
4.08297881355109 2.7421495584069 1.11842061556774
2.37074469451454 5.96811994266482 5.45425826609266
3.81540852308033 5.91363751360732 5.62205870790797
4.35233780788383 1.82434993420556 1.5854944914047
2.21546481705569 3.23678645568548 2.7434765020492
3.63009900862648 7.4790479434295 -0.0697409501131685
3.54705921570074 4.216044328446 5.98715175934806
4.04703497700681 5.55479978921164 4.29215745922144
2.39566525046818 0.61849551192402 2.26745154855164
0.737194407059448 6.86451325829918 5.44057425487089
4.10882925631095 2.30592461580552 0.883102772867756
2.38113189088244 3.54214459345415 1.450893258683
3.53703133573515 6.61252695019443 5.93990509277829
2.23451123851752 3.6123984885156 1.96478624447939
1.58650774103882 1.44461279263238 3.31513343044367
2.86212339388846 5.22509000293887 6.57997200773386
3.3666745125737 3.66028493362205 3.76096866951373
3.89434192710368 3.52039138963088 5.88551609710463
2.94760870583685 1.75077936008911 3.2617967610949
2.80448123905785 5.04826884133934 6.16430626215767
2.63317964633788 2.84828622607893 2.19665339724889
2.27162020307192 6.51899550133015 6.15828311396521
3.56262271835348 5.24662727992471 1.17875512976138
4.32957859546096 3.87474565920196 2.88653819687027
0.200680220539688 2.36550564962427 2.93370342569263
3.4119643924347 4.00771219168033 5.74036188035481
4.0321216677352 3.81861279312944 5.2301111284578
2.06459996300535 2.92881521307414 3.62835553501275
1.40884741412479 4.71656479938525 3.50234771994753
3.47229142837162 0.605178942117867 3.52662924891232
3.66631443119747 3.60590384562312 4.81739295635893
2.70283030375931 2.61953782121282 3.36667584754983
3.22766868597202 3.30674556544242 0.814744077958681
2.0798151248068 0.246025347134008 3.32119503892787
4.56054700600205 6.16364624422418 -0.0681890937099348
4.16541647692885 3.45031044423303 5.87871996984985
2.85631395987205 2.56878368880141 2.86966546879351
3.57317862885509 3.62357795057438 5.23507595440086
3.61231787830085 4.44457003343418 4.86979589551961
3.58893739496124 3.42020821473147 3.62999619218875
3.24274880810759 0.715048419623572 3.65586819438116
1.78323169191426 1.94315669275641 4.29476150341706
1.44708799328375 3.24849030859586 4.03167517394236
2.70530681680026 2.09909677134329 3.81978366413616
4.00677193657468 0.455631608862509 3.39392028642023
5.30027071154023 1.14955342927592 3.70971160234919
1.06805543629879 3.81636713404669 4.11015158202586
2.72857600625341 5.582572720824 6.01368504536
5.50700583806429 5.21061095608674 -0.220388956600171
2.2227381903 5.68032617073018 5.00217638386072
3.33922653503091 4.93942048161491 3.66309687401799
3.62543051104797 0.241023733993724 2.94077139329965
1.89610009511947 6.2199739987498 3.64710932440496
3.62065240612822 2.65943052478652 0.79515970422837
3.63531880948129 0.737978442396143 3.60450790049995
3.27222756259503 6.55768917349437 2.29033472929852
3.37735983456687 1.86754440137915 3.69241362143654
3.04190364251423 7.32186106332215 4.62603921463043
3.75745603317763 2.87500377461209 0.834236625171807
1.27201579821343 4.4066998369003 4.00671134669635
2.54438673543042 2.67392696762584 3.21908171211316
1.94808851939446 2.22344428349783 4.496689779605
4.20864469370713 1.42871831779775 3.67591702016422
3.7584519696533 6.37986410227246 6.16357881374609
4.56199418066283 2.36846075469888 0.559266404155663
2.79557021738463 4.33723319499369 3.3340868186985
4.78093547281916 0.412543397145037 3.65137486849763
3.4893514735469 6.60971841991919 5.35717413995092
2.26911041553595 3.9366539758242 1.07263122194884
4.06385945834399 6.17863321377602 6.16639129701277
1.55075610506124 6.45843495049042 1.75472710558302
2.97305882425529 4.96675219749593 5.84378851954822
2.27618634703222 7.39555362219019 2.90077520138428
3.48862869618641 3.5074469083206 3.67278797338821
2.16697603042845 2.18740094789209 5.41121692043005
2.47699932805431 5.34949367327116 4.83574149710709
3.24920095245534 6.84880504956149 5.08486346164281
4.58772714202651 0.988262123365668 4.98259550494333
4.28002245985644 4.2175152120399 0.537811575185588
2.53876357177872 6.98836028751592 0.111575957513074
3.01289988209222 6.10827359648004 0.130307730977166
3.10150166693763 6.56414811991082 -0.412580892710001
1.49769368142124 5.27551293539145 0.713751814074496
2.7282489296509 1.90003705986218 4.69274913725798
1.96603051175547 4.786365786399 0.427951397776254
3.20067826225185 3.85823988730035 4.4951262858171
3.24245733127365 0.379041366261284 3.1410928485107
3.71622145395426 0.355358552917584 2.89910220796252
2.86838540953877 5.03379434237008 5.30841931595551
3.57497379107035 6.7552861804581 6.28060773605549
2.18046250104034 5.38461267888122 3.15807424687178
2.36010236924461 1.29407642100207 4.50762483362328
3.18322907559445 4.95221244502243 5.2344715404011
1.71762873569911 1.13874333920603 3.23669797879361
2.11644927647463 5.18802832089383 1.04736242748493
3.41390446294505 6.9549674987233 6.57241877736709
3.14774231542412 4.18503800655674 5.32004480517934
3.58763478267192 6.51618087833703 5.9647158616395
2.41215324011002 5.9846062222808 6.22299026510256
3.54355377876692 7.02046058733615 5.74616455282857
4.99666861424851 7.01033345396035 5.90389025675798
4.48468572078258 2.52538045610807 2.17628322960658
3.56052545645083 2.56729216586616 1.65888463581361
2.17977799413707 1.99970357229429 4.89460689063818
2.98610338217802 1.17955723216614 3.80997178629195
2.42238111988855 6.90347167729751 3.05083991654263
3.17048955996974 0.661529549170337 3.63865731683606
4.72694148615847 4.98415657049844 5.39273652745883
4.53996208316581 4.88643646355481 4.44510223750938
1.32971626623575 3.36338748731558 3.61451006377031
2.23417452307765 1.57947863440374 3.84221295181214
2.36176648017081 0.585026513511059 3.64339334470788
3.62647631636116 5.42871912506755 0.127716451672845
3.70655878173596 3.82644803350333 5.99962176826405
2.24509906959495 6.23861607428904 5.17737483679281
3.43608517489962 5.14985490879129 0.480339142539217
3.95348705818766 3.47184615612343 5.99661696836876
1.2043746671492 2.12194678343936 3.9843833674971
4.17715411154886 6.41139470112191 0.493905004038953
2.84884443237537 0.869799206225073 4.07533417752282
4.43955724504783 3.66548637949738 4.5292650812691
2.9046508002944 1.36949746368454 4.78998648283802
2.9786845785123 1.46916021113456 4.60237997938992
1.98004264403133 4.52128784222446 1.36369621479006
2.71772435153622 6.34912684022942 2.21894452963374
4.71305157957629 7.38946652372649 6.03030726104329
3.62707068230688 1.73587841501402 3.97850798212058
0.364135736944095 2.5517934634308 3.85747072134333
2.45883735198459 4.81096696989469 3.49265235168549
3.90370448106626 6.11625197095958 5.14910923578171
4.13652737195289 0.110027735082229 4.37108009454366
4.50614187301412 1.00788884007428 5.35468382234525
3.48579497829672 1.42385044914691 4.16339088948017
2.17208273649841 2.95498815808658 3.65578600362718
2.42148809003949 2.25905950023117 4.57362406996846
4.63479570025737 6.22527864462217 -0.00671323444853359
1.68193561419976 3.30795609141097 4.59853363215909
3.044547935432 0.106276554457986 2.21079562771181
3.96203725962091 4.40427350445057 1.08629754972045
3.48721394985144 0.772438160261069 4.02129171322906
3.15480270427755 4.60005435641004 5.451295461345
5.11148938986761 1.77108074671385 1.06577944010757
3.1075059132818 6.22616667505763 0.217851807877681
3.56307414598501 4.83143497239677 1.6729498949644
1.68040835612562 0.079522164139437 3.5901350481155
3.39097051071446 0.545909655149476 3.74929121451274
0.849052912323733 1.75620450128478 3.06887556282618
3.33838572142711 7.22912176959313 6.20769265479849
2.96554537403988 3.31872460829483 0.819609455914485
4.16358247517332 2.56515309216712 0.0624085077888803
1.99859845661381 3.36437672070373 3.23825510570045
4.09897197547589 5.77932481844188 5.40513878442211
2.08477712575161 6.62119628704324 5.77180207180392
3.56411548033365 6.83875586267326 6.16666596788376
4.14633393606438 6.12239324877794 6.22729698142021
3.60937586216771 5.24009313453363 0.883416966852187
4.67824210022838 5.2241632128223 6.05453295768373
2.80571280682496 3.99196624936274 1.66158499130152
3.70533794353667 0.342784368890571 3.75234215218811
3.76674653481686 5.90305442853834 5.61963256657793
0.877710547196786 0.134248274085925 3.2814503089643
4.20955443510428 6.20807706694 4.04035644770351
2.85995499309292 6.65747486106967 0.288940015154967
2.85132485671238 5.51779611916549 4.65968133005142
3.73208522881482 4.84799251973932 0.209222088423444
3.08419653489967 1.20011574915948 3.91590015244227
3.94955465033567 4.18202095931532 3.34025243534391
4.23901943538577 7.07728804032083 0.362549939659251
3.14872593204737 3.15335362598576 1.26449314028149
2.21674384423064 2.04727776748325 4.17344266336892
4.50597354444539 1.98785294472224 0.922343607374642
4.2294446658309 3.92330997444688 3.01025490769135
3.18085747243451 6.69746945296437 1.00691402151007
0.00557972780602523 5.30989152367309 3.91388747774274
2.53048624596121 1.83557725139052 5.16733446277828
3.67884111044398 7.43947757023552 0.412268756871618
2.83083585629405 7.10299973855796 1.00427702023432
4.0548494882943 6.32673300584995 5.28285205420994
2.09091496939946 4.92808907367999 0.454431652220643
2.76048901252915 5.24524930747037 6.54762217934557
3.35775789679223 4.68308189963035 5.92533857067164
2.69345915195368 2.87825298253297 2.22642772596599
3.70178570087672 1.95998765464574 3.21271350098711
3.58255401343108 5.38318877120815 0.0565804667486484
1.87215259959434 1.30521486494236 3.17935831884096
5.06554319406931 0.647067443356558 3.80137724718927
3.52703650241435 4.22102201214657 5.22353210572984
1.79541025749414 6.27204918160671 1.6638937501366
3.17962142929558 2.71750721744833 0.767569917615147
3.07027278346808 0.979283703352699 2.9763449119083
2.80309105981495 0.32666189077213 3.52418832351049
4.82388317480258 1.4343467939211 2.6193362413084
4.34791417692875 0.524215085872719 3.72749974536111
4.67890902541184 5.59318845105844 3.90213312963442
2.81665440112833 2.30662539379524 3.26639685294824
1.07672814625905 1.3132683609695 2.56653600728884
1.41129229482778 5.64299778064898 1.83183133611452
1.22228510472428 4.65113946084448 3.70934281824077
3.1361251204478 7.25184602512064 6.37792134033589
2.02295038451423 0.120343825288875 3.48163231399075
4.13765990474816 5.60053903867232 5.6207207221215
4.49116056697338 2.10199383476329 0.723000206650712
3.79712443265455 5.74500622424975 4.6683588352547
2.0236322085086 7.10532407835263 5.62712009652329
3.06308108071249 6.39375733727415 -0.192959461774512
2.17389217249236 3.11801921879208 3.36197787945152
3.03008576390532 4.52884051056706 6.10748117551743
3.49717090805731 5.62358077676092 0.158930057599324
2.93267921240722 0.0499861906562664 2.32193480895493
3.65600435579516 1.63313707070928 4.47672393834045
1.39235256175433 3.20174983693039 4.28687805644848
1.73356799648861 1.28999242196424 3.3141046910122
2.33716190881853 5.39012165420573 4.61011631556319
2.50032697946654 2.19818556622775 4.43652683246675
3.02447469051946 0.37913688851536 2.93590125976778
1.6722720507726 6.66305472777184 1.87887446468327
3.08942124265706 2.10159448082759 3.08263457856674
2.77714278722478 4.63705104503195 4.71160984568098
3.5071557599447 2.88952484201271 1.67451534944541
4.81706581176334 4.47217948881093 2.61713786625434
3.51703226479454 3.46103844342239 3.69809720036336
3.1169599139582 2.75268302559158 1.18974786451949
3.89726341445839 1.89495069937127 1.78166654927746
2.12339494986843 0.681230858243944 2.7733197866491
0.594553500842177 5.48400761425747 4.33177923963592
2.09689092492692 7.27500726996739 5.74808101360362
2.83662518048107 6.80029800697931 -0.0561283930062113
3.20975667297903 5.67094252720502 0.484837406926812
1.9357238297422 2.46371574090542 4.78691561155856
5.55035412453934 5.64444755953464 3.08690245374236
1.5118224562327 2.2830251447027 3.61266347315336
2.87712889748819 5.15804056134751 5.78478107706756
3.45570623329576 1.47235390088596 4.62062247094804
4.00335249808323 2.0695001839901 1.73323437220148
3.00846066044338 5.92819889181644 -0.108065231132606
2.86079016884039 0.217941833826553 3.42028262664789
3.40113202988809 2.99468956241081 1.1246654113423
2.58751636189643 1.61676942852286 4.6925645674516
1.76600286211122 4.06373543506615 2.57232732324431
2.62212889868724 7.46339634870226 0.675613853518952
2.15992223116113 2.9105391186354 4.30213450749605
2.96385279952154 4.87067169053548 5.25353179316144
3.76968495873304 7.03348557666854 2.75861688825118
3.2309142920875 7.31979846771271 6.57851380584676
3.6290524131764 6.77747066115764 5.86985985275342
2.87061481141567 3.10171334996698 0.402028064568878
3.15481384211768 3.20869824811691 0.0466383860628686
1.71584497717072 4.21322327746477 2.36415238050296
4.54590659892395 1.83810623803896 2.37892545551047
3.40640672401512 0.657916250126621 3.32381454227641
2.76453685589955 3.92558666359527 0.0746288281883796
2.05046215902041 4.0397339033688 0.940585506040689
3.10392533997881 6.4260348243931 0.311772227610988
4.1784433219618 4.366082229544 0.533818476865544
3.51601751436971 2.85577828051688 1.26746749081165
0.727094748850299 6.22955900724903 4.15036011573725
1.77162229055337 2.37337103940408 5.06146079074361
2.47791578201854 1.81748268797315 4.04559467905482
0.53487381259544 1.65802248838993 2.88582668008142
4.98958685749182 1.4892968146152 2.2545010174706
3.14908274947649 2.36758636057941 1.84778700441223
2.22740563478763 2.18943617856263 5.32368805172194
0.637096640981852 0.342503434073083 3.76781183719943
3.32275224967123 2.80005942949021 0.909035571123873
1.85809311670171 6.68833922925046 3.94607213627735
4.37728293205403 2.43437564991418 0.287857803061794
4.96168393262748 0.780497437941609 4.24732101515025
0.846818699840603 3.06953788139752 3.33780179185694
2.63757291047533 1.66559374610006 4.08283912937439
3.98187008704391 6.55754422490564 4.50022596564987
2.92842613335665 3.07283095217302 0.339013730530951
4.27497363933707 2.18707294444651 0.382848887888467
2.85885967135714 3.21084047366841 0.767826955589748
2.96264271647606 4.92309233322413 5.76841619970866
2.17669635301279 0.702928344861632 3.2392575680702
3.72661132025494 0.843045197271029 3.49879583749341
4.5297576105229 5.62062351288512 5.98002126100065
2.4561776624679 5.32413651036791 5.39605456627559
2.22352695306533 7.26843837975177 3.84399522352138
2.75185207328185 7.2532710471058 0.510669995688533
3.44955012988313 3.61761064028779 3.40730591366693
2.18844693648703 5.48832265561954 3.01385771300857
3.89839593303248 4.76496829065318 -0.561253211682074
4.65755500258426 1.73884753662083 0.15523888393558
1.72910354145238 1.3408654753393 3.79893382187242
2.97363646710624 0.00990076398376427 2.32928712673183
2.58191948321661 6.70210378491893 1.02073654585833
4.73317226158176 6.404590877398 -0.303358413891155
4.85822466616741 5.41438243071097 3.829074158561
4.23180774546894 7.30962818854434 1.35894367495773
2.35791674239796 0.427711789944004 3.46273534885764
2.22810676540798 0.465648832003517 4.07823054701551
2.83472703771533 6.6507598865927 0.414693530463433
2.4757415454465 4.8270106120444 3.94860783438469
3.43357970293714 6.77690361266687 5.34954849905771
2.63000252418673 1.25602752534351 4.23726515760344
3.49727156968507 2.79736131159663 0.781368745278582
2.28873250044919 5.56776622753767 4.58864996059381
1.89686422608828 7.35749833208158 5.82913010640028
3.35970495286 2.64291860213819 2.08863208659254
2.09299742977344 1.78713093253179 5.24181455863747
4.01088304810857 3.39084695735063 5.73718493996695
3.55404359552816 0.863515706999044 3.64720670169288
2.56273676244666 0.767390917731021 3.64198279814772
3.37098657578839 0.673860747473221 3.8717888757723
3.30742301021054 4.49304339448035 5.33071998203199
0.519309253896425 0.54426477878775 3.58494754039145
2.74347181341768 2.97383054367365 1.51111174454351
2.93013481627462 5.07669393705952 6.7422305033535
3.451880464282 1.4621859435671 4.65874333089
3.23284745537082 2.83059746698233 0.648531036587852
2.53710932094882 2.92642574408507 2.43418732936695
1.97316231522101 6.77532589369237 6.43061550391665
3.2826344075642 2.89267424620178 0.0157405995860219
4.62954977752328 4.82108188014105 5.51570367596583
2.00112962002856 6.68722162767272 5.61591639024805
2.87111586606027 0.101520715779666 2.75758254797818
2.9524461644153 5.50767636507846 4.83451678477284
3.17462548793233 0.287659340235916 2.82857558942069
2.54427644716264 0.744556842855172 2.49858833809448
3.72079416577231 5.37547789787743 -0.650538429417876
1.3102818043899 4.8465571201799 3.39407193959161
2.7545467717805 6.28112494082982 1.44026946874026
3.87277973402177 4.12138622583008 5.0799231044509
2.96771701881171 2.32090842696919 3.01378878288762
3.39159065562794 3.90455822912257 4.86042394243126
1.81131521535146 3.26462539568118 4.64598503698029
1.9710328280279 4.71158873645179 0.0954308711949616
4.0355441798434 2.0956388157194 1.20345431297417
3.8828761940696 3.51436571038513 5.25509191282607
2.44119943839158 3.62406935366376 0.299532842639432
2.1759730907336 1.60919195782637 3.26315367962797
2.33934756982562 6.30239388949885 5.2780069928845
2.86891601039333 1.20845151516178 3.29648866558748
3.21153913008387 5.66074357412018 -0.445256366311891
2.58827623943513 1.65110796373613 4.70753141515516
1.63972902139144 1.62702057538343 2.93982094276407
1.61514797224424 5.91432299820539 0.437185839798456
2.34219948092143 2.30972388457391 3.94735261308488
3.2720709727177 4.65061797284634 6.16681953069947
4.06812928072221 2.54816821336094 1.19527221084388
3.43782708496245 6.85163215827057 5.4907135039529
3.63905401433475 0.372111945285027 2.92919460390406
2.14822095408313 3.81406670593575 1.38849726562919
0.806841889584625 1.00718094738266 3.44648367057053
2.76227896606387 3.49698343337741 -0.271885272915733
3.19366187624383 0.856784725886619 3.57301405817106
2.85367636888542 1.85044922110194 4.02509213339048
3.22636601638678 3.3762218290575 0.716414886733256
3.64138117365747 1.61144288278623 4.328730403919
1.95574125937218 1.86184823965245 4.73943686480965
1.06019242293207 5.2261560545713 4.24086094555465
4.24746880922339 6.02945398818479 5.19027950110152
4.68820041634691 5.59201455124582 4.66197725603754
2.2411730620956 4.40067797841132 -0.256650172871981
2.44425460724934 3.64160611151003 0.489026726827098
3.20474514483919 1.95551942016121 4.00184532265424
4.10406764944466 1.25605459513058 5.06169050520333
3.80488696439479 2.47656818927901 -0.264079763759089
1.78191344823751 1.38253694007825 4.54303616948381
2.21265898621292 0.448156600250303 3.1075964770533
4.67809261593771 6.49382873860414 -0.407811746877308
2.72617153982174 1.66890520045825 4.64003172972195
3.75194160474255 6.81039266575761 5.75333872987739
2.57242648540349 3.23361693973464 0.215105819302009
4.87700887929173 4.36332565800029 1.24506829041609
2.47631554396487 4.0368294298414 0.409362535279634
4.03998595599849 4.96655990132672 -1.08572930124703
5.33939282915018 0.354245614193844 3.31984717655537
1.48033584660187 2.56568880756583 4.84872673924286
3.08581800886442 2.28690228344547 3.43342640048416
2.87466258184055 4.29706293992936 4.27641782721751
3.96068804438381 6.67812200313007 3.07782645545688
1.94570779763495 4.90325998312454 0.532349955084331
2.57842871556969 3.81283597010747 0.383669972024443
2.35072399638223 5.57612010291663 5.35510353782813
3.54025699926153 4.83584409686458 2.03961149529624
4.67999350908003 4.76418383087059 5.28515831153725
1.43594653531585 1.94685356649241 3.23494714694558
3.42225538775767 2.47641556406168 0.756821820447707
4.0698919832936 5.375549480752 4.13936396338676
3.11433365927734 2.44511052705421 1.89949659061415
2.47378653438217 5.18040881266476 4.97796332881558
3.97480627009598 2.73248597959424 1.05949821034419
2.65853304074437 0.54769012766926 3.8458363207064
3.61203559184887 1.80561922124757 3.47699278746953
2.98720626503599 2.79442062687958 1.30533539811964
0.924278126780564 1.88752793632459 3.18320084700298
4.40400818101042 0.640421911237737 3.2308874013166
2.91110135228427 2.36274639159016 2.02271160236966
3.20348432389502 4.70063230250867 5.84328748053662
3.54092258298015 3.06754703275168 0.738786678607269
2.76988127994365 0.700086247948599 2.72926121305056
1.20690776446106 5.34346958805553 3.41284942532018
1.86457818727376 1.0819295183818 3.09277816175034
1.64933998160977 5.49416301972066 1.06878662740574
2.63289722735525 5.44721367385465 6.09530803940857
4.53750230922614 6.13186593574563 -0.494065211896475
3.30390403998246 3.5101299663304 1.67673203591604
3.54045397887531 0.694904336937001 2.98045847341225
4.65010784531859 3.31161374138111 6.37943763870111
3.843398933423 4.35205644525143 2.91355782891731
1.58498602484027 2.76363902688863 3.9537179576485
1.57410197630813 5.011361786854 0.895513037793251
2.54482443659513 3.40187733343877 0.395280640792724
1.9080460472894 4.25064084879976 0.59872174539074
2.97281094552511 6.06106413621805 0.919937975834147
2.33736060818833 0.92676639933725 3.73252235347739
2.48191720485608 2.11952271509773 4.57996322765669
2.65443477476075 3.56720153093645 0.973482397217352
1.19874154223988 5.82531565118079 2.7053958864669
4.63003557593549 4.18937167060541 0.276700869844662
2.05758752724171 1.21584792613178 3.55395632760248
2.53829826131793 5.14131227755982 5.92640082162839
2.13919012345814 1.18517150705213 4.31209179975422
3.31142452742599 2.91645058362093 0.78364496208986
2.38096758556372 3.33299932814924 1.59071277552985
1.15661263176483 0.319323728404029 3.35411534049782
4.56141112530086 3.24639914770442 6.96154085804777
2.85968047723474 4.78066726570233 5.55936157400088
3.1818669348453 1.76034456807806 4.07826450931406
3.04989157358299 4.52549726170855 4.81678212772698
0.821454435131963 5.54600116398883 4.58385424611955
2.0526546192913 4.49547243588792 0.995630616549041
1.87081893223341 2.86402965063341 4.87418083187739
4.59081690715399 0.0592222750801996 2.79318219579615
4.71026282327718 0.840673648753832 3.84487546360148
3.37364750821083 2.41167948499972 0.804780918490375
3.76259100913835 2.9480159618642 0.495635534862354
1.554941772352 3.32134285386251 4.08669495515553
4.72304577666044 4.65412430893852 4.76789421706212
2.52281692772678 4.46210464532253 2.30664625945769
3.91901320076769 6.98284284408374 0.045688551544028
3.5745470380217 3.70799063685377 4.87857596978038
2.08942874325792 0.592197375766044 3.27763773307493
2.04155358191978 7.18301005633423 5.23039371539665
3.30062762934519 6.12256991957661 -0.487544236043655
4.57278167085638 6.47085580737222 -0.479295719605502
3.76215907147602 1.98750454471965 1.61307616570703
1.32143103167618 3.93468286064746 4.69003083261463
3.2864931299432 0.164818021029813 2.89098001018124
3.43425581680034 7.15647866823925 5.86972767704379
2.84891312946784 3.167535942437 -0.299814558122185
