5.3901564582172 5.72281939434331 0.404350456859921
4.55715690565041 1.80164638401937 1.4235305458421
2.86764735290318 6.31688360667469 0.134396741725264
2.78806131700525 6.20862706377803 0.459379296258677
3.2645213246881 4.55225219468787 5.9141810287386
4.59422733248115 0.65565666031052 3.83254488759276
2.31801443656784 5.1073803505935 2.73747295524867
4.22173784083303 5.54265181867023 6.04409244488753
3.88392371099331 4.48928778442124 0.743113632800255
1.62373210355107 3.93626253505057 3.10914623547058
2.77639231800255 5.84707496167397 4.50663006627826
2.44346423207168 5.8670990856827 5.45883015820208
1.92598524263393 5.66426582983355 0.271180680940945
2.74484482444551 6.38237676121373 0.417220903583435
1.39387853288862 4.5473005936101 3.36090716899767
2.42476137708563 6.81419972921479 3.91383408504411
2.59713448528245 1.3856516655966 3.71395213096939
4.67550666862488 2.02586488162406 -0.177345556750348
2.70263889556474 6.58084922415563 0.306556562686266
3.8002725310037 5.37084125571635 -0.730394383635023
4.18752354946243 4.91350034936535 -0.0727026328234647
3.06169720041613 1.24887161554143 4.57033817128821
0.57627804189188 3.73333475437709 3.05638019402889
0.541530253095531 1.22081668126165 3.00789217445606
2.38410548797798 5.62952804167084 6.23211850629103
3.93913863838793 3.38613414930306 5.48788968343692
2.92830783055824 5.75711392249754 2.36664724724601
2.83308067793113 3.16056147693957 0.561248121157395
4.09575618776538 2.84035065671088 2.61248664554743
2.36024192174039 0.575548210290465 3.23606492615618
2.54074471944811 3.29479783558351 1.12903376818112
4.01868864227027 2.81645326969419 1.6259746975165
3.52635669282918 1.24799552074347 4.7468378895757
3.31254613730815 1.18787848759432 3.83023602473373
2.69458053571068 3.93255521692915 1.47356979935379
3.63656243965072 5.79059251029484 0.774399095357023
3.14633674238807 0.860054991321216 2.64126553276866
4.93892227402835 7.25082360522811 4.23140758482126
3.25647939870419 3.22999096155453 1.42615649567323
4.56235865794515 4.89467846576288 5.52295871486765
3.04510691719664 3.00623148746275 -0.0136697238030616
3.36711534121954 3.47381039330066 3.48784599631853
1.44717129062645 1.5647471980987 2.70844414165435
4.13305047657148 1.92465876222274 1.20252520817871
2.2078819753449 4.2279355720776 1.29739714517433
2.0120516895124 2.99686524396784 3.42811631039896
2.04920303158672 7.4103040931348 5.3519758127241
4.13393527171632 0.187359670860117 2.36753607723219
1.60134094651571 3.3914135111724 4.16123802878416
4.60436607869257 2.41004228316475 0.900661237478657
2.32735533829022 4.12877647182966 0.651285860625769
4.54946210374348 5.51137921615948 5.18275857634973
4.19264341445451 7.09617762546547 -0.344393269907298
2.16902811555908 6.52568727966198 4.90509888022873
2.27979608356622 3.59878709512259 1.09651893064899
3.24233661552682 2.33246463001398 1.91492335868154
1.90346340558292 4.28171492802833 0.840680863903798
1.92835188901201 0.984291281175228 2.70340356113848
2.4737064476262 0.646716351143533 3.28920177089761
3.49637184439426 3.54360173233703 3.65700223206513
2.23552137311825 3.91233581385432 0.561859151395483
3.14295491392142 1.98098840749922 3.42270863131602
4.3910095762326 1.66883213476178 2.06947570804822
3.18454046958302 2.49762825657713 1.21544430535612
2.29526459889103 3.88252206554352 1.42725333440473
4.83696773284798 5.41210729062817 4.98867538675356
2.09359674464179 7.47739114943218 4.42957993707643
2.5420483175941 2.71534450631506 2.25945383158571
3.52397831171863 3.73777024724705 4.96129922302635
2.62716706532467 0.787271877796712 2.54442112869691
2.80568385267356 3.13261109379074 0.273360310009569
2.75392163079263 3.74544339216413 -0.575872595195643
4.14391611851013 0.135558376526377 2.73386384601421
4.80724676050333 0.0357760943662244 2.32371542099071
2.21692200882259 4.69785150924164 0.719622776406871
4.33691821127453 4.82738689971918 1.0852554822254
2.10346421644434 1.58253221176021 3.64668427063615
2.52205351718129 3.1138486646537 0.758682967197031
2.30986507825697 5.1170355716876 3.4622978158912
3.69586079243395 6.90710036847423 6.01408284075129
4.80567197887898 1.9927900510631 0.688126931506919
3.25847402384551 5.72571175750584 0.46915350256642
3.52213781426725 1.40760765679404 4.53735698766913
6.23544099033596 0.97470183442837 2.5228782724423
1.75616641128073 2.471463886488 4.9280111468834
4.3595981369843 0.82526515138449 3.2927627258013
2.41549403650842 6.79303111994027 4.43279673311378
3.09768187176753 2.0683423629018 3.19027508717176
3.11493762094557 4.55177972168594 6.3096562072886
2.99417018026247 4.28387702451456 5.14049491170186
3.30168618423366 5.9130664121996 0.292542309517521
2.15843529362725 0.178457847347893 2.27852371318326
4.11037288165993 5.13069455032442 0.754203704374077
3.69587821370671 4.24565575782927 5.67611870486444
2.27838856779159 5.64614567883234 5.82350679227169
2.87189150704249 2.96203948890036 0.951944531456745
3.16589385827324 4.06899663896802 5.10337317633308
1.96564390109711 1.06926910349676 2.70982409066759
3.46318140758365 1.1833796070093 4.82360288319239
3.81237119137708 0.0265582362166423 2.57247501247863
2.03236906186446 6.41363831525073 5.37381030699198
4.72673004786959 7.44737895716099 5.97457864508744
3.10568213579648 2.64958494220989 1.12138334018568
3.17863820773876 3.4710508920083 0.976642569189152
3.73660282330952 2.55744662447834 0.554585634286932
3.36122804187197 1.36515463592433 3.75738693077235
2.72550764204668 1.97180564887933 4.04412615877413
2.72951526820809 6.78084256618693 0.46305570676495
3.50109413875518 3.19704557648841 1.81677942597089
2.92090194520429 1.94625661037304 4.47865455318532
3.29157914756808 0.977995242745959 4.3770234089065
1.69685525429791 3.63569982589567 3.64226599998417
2.45998915349836 5.95753137522504 6.64394901189263
2.64178537395389 0.553917978744144 3.53633969648109
2.26301958448155 6.27877665312954 5.75736398508256
3.99347976896415 6.07182043140131 5.7979082049851
3.62952367016862 5.14795184978987 -0.226139889380738
5.41922603526129 7.03042619700634 -0.0534034278746957
3.70228892084253 6.84999523423472 5.03653380488058
1.65787631447568 0.380504098103513 2.41993756663567
3.13703140821579 7.19421625645374 6.62723019001275
2.15808064964166 4.71908648053202 1.39980866488864
3.47730825453323 2.34105488152699 0.27752566235711
4.26550625360378 6.82700498606685 -0.156733444012622
2.67046862262261 5.42709311457342 5.17064954952104
3.61397757861678 4.36002526524756 4.85589932825002
1.912356711196 1.95544007685031 3.99076386995372
3.45098900804034 2.69033093300438 0.255158193256381
4.00824040623449 3.77314026581542 5.90549925716973
2.27105057530696 0.296484779793534 2.82038059518572
4.14833390948108 6.3581967392458 3.39656460432951
2.81977663157247 1.40793379841093 5.20120946287631
3.90106432271978 2.17745442779538 0.746554960118139
2.82945188772822 4.85295614854443 4.19575258530435
3.19775596973461 0.349036365911519 2.36261711170862
2.50885133792222 6.58931467481892 3.83514783965246
3.88410797925231 7.24333526856972 0.203028038482614
2.79760482699796 3.4246122460649 0.0233001046488486
3.75720642715475 3.8922492887785 6.35348448581193
2.01289358205824 2.22102962107211 4.94153731759129
3.32603781918244 4.77287085677227 5.40370958468077
1.13514574563904 0.0673597471939544 2.90872137615216
3.99168541063643 1.49936668564592 3.42560839491052
2.71233493830553 1.46723418465583 4.41013073636407
1.63084706107611 6.705475143133 0.347338255097984
3.81595184636226 7.13215693415526 -0.582600423827087
5.46424534943447 0.159071607837622 2.93442868363302
2.57679048208673 5.05936204574321 5.20135990939693
3.34302771453363 1.12654518274614 3.90373469072418
1.35622192663593 6.2439847797908 1.40603570700398
1.79110441818307 1.31473292027365 3.88403919186521
2.88742507686016 4.60689472246122 5.83297040818618
2.91653536446986 5.44755338134704 4.54932072391655
4.00956060779537 6.93784793945969 -0.277575735285684
2.36993465388209 5.69091820805566 5.15074569667581
3.36239974410779 5.4517687046013 0.0968220827617465
3.23555393559816 4.95266345733387 4.62065555636868
2.41605370424955 7.40375403548922 -0.13985168239727
3.0118283852523 5.32209939101184 4.49113759492162
2.86680586929664 5.53354160847665 4.27069455757925
1.84994803639654 3.4861094383345 3.84073660341016
2.6857816218194 7.02693978039047 -0.771646468679443
3.15287483191411 4.36524182151049 5.87255024423096
1.05056736505283 3.66395754699979 3.80831658958377
2.50925846258362 3.537425898317 0.54940078787021
2.6319491551902 2.34738984668109 4.74475037233233
4.16788400145121 5.47083743189599 5.77226489856404
2.1716526948689 7.44781141888253 3.86598165680262
4.69545625881633 5.42071647958601 6.28177910999584
3.36720536157403 6.40901001043854 2.8245670822901
2.46139035839622 5.96488640392538 5.60317152043288
4.44185500750342 4.64096366832801 -0.886914901218468
2.36594051462528 0.0883357653211858 2.20258574301743
4.35613797116391 6.05752062005707 3.76696810979652
2.52578188151034 0.295838047513554 3.32507462258794
2.70440372081591 2.99533234797576 0.690949260373185
3.11332734662868 5.406542103986 2.15376829075875
5.55887425333701 0.7301442229542 4.64904302640822
4.96232695399769 6.95757566806054 6.68126614987632
4.13615655398179 3.06581859208009 4.25313001687428
3.68386093551572 3.6754194139854 4.92209259793441
1.72356234358974 0.320789418166159 3.5913211262515
1.82276125293813 2.55949283302093 5.15646615105775
3.03923237427018 0.247010363403222 2.83871339545041
3.19352756712737 1.88747134662448 3.92756879892362
2.0082322271568 5.86663859282749 2.09272067961047
2.50451216657227 0.717044743573015 3.03420939900473
3.91999676462685 7.24762252219709 0.413697510757471
3.07253382833452 4.82979307837606 6.23602591600944
3.32359015454534 5.51897139193693 -0.210079957783812
1.52898157951944 2.37770568349047 4.37621525774667
2.91421237551862 4.19276076829625 3.44469165100394
1.91644527864569 5.69421984073958 1.25287171322112
3.30202279137137 5.84099505958605 0.689423402567975
2.25595043335301 2.36764881631014 4.57900804910225
2.05640386444134 4.61145645404849 0.915338188229075
4.21929161575156 1.78758011894793 1.98101031804059
0.685217508444896 5.54932938696685 4.13724460005664
4.03881512629555 7.41261330354823 0.169458727460666
1.02943101466582 4.6687061120822 4.44481711513477
2.63471566554142 0.742461698883534 2.29393742744796
3.82754775479404 0.325085932488946 3.0984692713574
4.91203617708205 3.0204454380774 6.04323704421413
4.05831149978188 3.20324270252664 4.99027232384367
3.56746406005294 4.40173832132294 5.78942646759514
3.54407146435556 6.92949526078819 5.2773251174597
2.40994607932809 3.13001058512268 2.33046103537088
3.27852619665097 6.06576330996843 -1.05924819602128
2.90567284118296 2.40713073642757 2.0202662301743
2.57326450194283 2.64453091741977 3.25125684634006
3.22808169646386 3.64008521575413 2.28974839630155
3.81264178308095 1.83415101838944 2.34449277052692
2.6759706619273 1.11426651855292 2.73284797393709
3.4031264653481 1.53194048231746 4.1870034111608
2.30707331982169 1.89461265615533 3.85842198949908
3.41703126573989 4.65553787948352 4.41982339173061
2.71409384562356 1.54329492063826 3.77539826649933
2.1648213646258 0.755041060298743 2.90486659120576
2.20190630307102 1.42282350136057 4.57884501727415
3.79443067746518 0.0546898957793474 3.15203086957023
2.10408422785009 3.65488369842285 1.73879806526433
4.64334744303744 3.00245157022543 5.73562786646381
1.76483808577269 1.82737388344813 3.5429950591551
2.46116280063309 1.25315855803961 3.92130916666545
5.0494766719391 0.0631066142127219 2.630473008555
0.742119943648304 6.14798678136381 3.91933473876262
3.79073190092777 1.51594285476421 4.13486375162916
1.76989456436176 2.60125095655165 4.21348327588135
2.83451824368315 3.15893630990516 1.02074386084076
2.03432021733717 6.12175642314787 3.92388215969154
3.67275766564199 6.88865543597173 5.93834624790559
2.10829071405589 3.93358505730551 0.512246355169526
3.87346988204681 4.50595269034274 -0.0143821818731749
2.63971763363008 3.40227945516274 0.536229991173037
1.99451873147935 3.42171879209716 2.79143681060218
2.71552047488292 1.2408947092728 3.42729185486743
1.99380903427801 2.67145230046561 4.03827145954307
3.01055144799633 1.14235886579754 4.29350747546762
3.79042065215664 0.750569783065481 4.15905581335454
4.67436783512991 3.66842887780823 2.00627365316779
3.02699643953401 1.68701428380088 4.21700687188265
1.84778976068566 3.9213686385592 1.47730498262649
3.46296332048628 5.59990480710631 0.198801059984421
1.69276287164253 5.91231885764506 1.02825150014988
3.65510522780411 6.83008332060848 6.07335662222459
2.78750716399775 6.51311037220732 -0.382347402347215
1.77870576071521 3.88067100274191 2.47829348820246
1.10023599356441 4.45717769489902 3.75786250766338
3.71438381647307 3.89050491943785 5.38682257787298
2.4487256255185 5.92770068588359 5.64232177638388
2.8275707122172 5.60516614852262 5.07766153229065
2.65650833596086 2.80174823762397 0.495054199547149
2.20442801967567 4.83354249746073 1.35011978218727
3.84442689900941 3.99761168442023 6.21156238106346
3.55820658494531 5.14503527099964 -0.691622800980464
3.51139639578568 3.38207529705484 3.17808300835899
3.17746130266902 6.06799346478875 0.372126318688679
4.39869660308501 3.66019391279788 4.32553821246945
3.73105816378351 4.27998180870904 5.79610438284817
2.49372628923501 7.42626404335289 0.6491773028292
0.991501014986076 0.55031165504293 2.79516095575355
2.9160903364703 1.32591781046839 4.15618817318671
3.13586313574316 2.94405611231396 0.330344105649781
2.77714193872841 2.4862557294283 2.72565748704597
3.4661513561304 5.35279290957375 1.00823323355034
2.36006909881952 4.26831265684673 0.196273893933367
3.43105583796219 1.60064423752659 4.06830569662753
4.06186986918327 1.36668199797807 4.39599991849025
3.13191327583253 5.30382611288196 3.84639714916301
2.47633596235566 6.17953426009422 4.79938823621155
3.47631302841066 1.26769759841247 3.03140602651436
4.35948676909176 3.80354391391427 2.87050800821069
1.07263187850408 2.38363298812532 3.13705871968086
1.22069061000753 7.35366902086471 0.650108714668739
2.73444254588631 2.59570108443752 2.50453560077818
2.30660675937454 5.39720816914398 4.60224872143389
2.82337282638072 0.679281620055335 2.61473875960127
2.21861321311924 6.94465598842947 5.28208053810132
3.55828727860614 5.18974379479156 1.20188069258548
2.97708693699984 0.953180518934087 4.06881399133263
2.98110969277172 3.02471725524149 0.348036310270309
3.25579936301844 0.999671330217281 3.90031066908096
3.01692029998117 2.47720588371267 1.72563537546384
2.39328502432257 1.87760064112692 4.64619116602682
2.44623661967851 6.36275244130031 5.1378779640337
5.14244277730049 6.37555575221244 6.11942647448501
3.74506561700647 5.24350958949854 -0.690088843331373
4.12436023597716 5.84399464110237 5.58491782097515
2.70529695086604 1.39416991814378 3.81566038321618
3.44012946622583 6.54620298348256 5.72776137237607
5.18720299093727 0.0448950436214224 2.67307382775553
3.26345147556265 0.354047008110306 2.050053615631
1.98142186101183 0.225578448449355 3.05262679392913
3.65949231794743 5.77363889207828 1.7626279931476
3.45229290089674 0.331363484628978 2.4660701570247
3.15812661783174 0.67595019104027 3.68166053535504
4.11993086755226 4.07916299287861 2.46078348479166
1.4229612627079 3.5428039557422 3.41112672942944
3.62547553408836 0.359067309085934 2.05885581596069
0.772294175952524 1.19755804894597 2.01153507944469
3.80124691692504 0.93453702484317 4.22285079494123
2.50670707728457 0.554766070874487 2.97574174697926
3.75234988709923 5.66699384150269 1.4783525927985
2.94549590611558 0.93747854241088 3.66643519030615
2.66999081052 4.57453946265081 3.07911082509292
3.91906238482026 0.255372821527018 3.35940397267948
3.77522838882736 3.06578099698269 2.31749493336716
4.33802748120683 4.77294222049327 0.720246628927367
4.88623047383825 5.43868901575344 2.11963371697322
2.08433951498653 4.18455015212172 0.662240468366667
2.47098663237049 4.32797365400118 0.967029342175651
2.23580090583401 4.04630269777684 0.830658696834117
3.99519224868278 3.75597089124274 5.96939552357735
2.73597954476367 3.39861512100498 0.10371765382632
4.63603066770141 0.44497608883325 2.64173287692387
3.01594606936606 0.807600510093836 3.16522399322263
3.81199993167289 1.79114062233627 3.39740353918251
3.80679502345316 0.366354228679928 3.27318664428466
4.09941004057924 3.9702786904383 3.6121869241551
2.41845042273747 1.82007780482291 3.51612427956339
2.51234991069935 5.35122740138303 5.72968558281282
2.44901997104669 1.05297623576855 3.56622060813519
3.96802402690538 1.07197025391284 4.14439150126348
5.1505213320836 0.727649325168977 4.41512915971046
2.4206910068754 4.97872319272225 3.2473636639851
2.80423683187661 1.88437477437064 3.88540441943293
1.89160049140113 0.224449998275703 2.92503254300277
3.91874909597441 3.12668657460289 3.57170236407884
4.98104515962368 0.900395052691835 4.74139950091825
4.36618060862137 3.59218913251626 5.61055998235378
2.48791209289773 2.32981258272111 4.51850063110334
3.86092042433968 4.09393508630038 5.07481703021577
4.77874260478686 1.67136689254191 1.50054581080317
1.6276951999115 0.55897550611958 3.08796921129494
2.91335978636716 1.38984689419561 3.11411063265987
3.06720553599783 4.85974383034073 5.77752432936224
3.07835226603556 5.21453042897065 4.54259628195133
3.47403130706558 1.26081610475378 4.76541759376883
4.01549798440293 2.53161982397347 0.813620296293874
2.7366747168619 2.90949290509162 0.555465617606603
3.00446992717308 5.22680549500497 4.83128656875975
4.14422848982353 2.64062366203297 1.02836609328376
3.81853515419174 4.3168834283838 3.11191418841963
3.22908570754042 3.30318243619497 0.412730885609577
2.56543766422109 2.78745244975322 1.72381748632545
3.30457814433252 1.54538214499459 4.17552601799283
4.71903993654376 5.02715583543717 5.80574787139588
3.68729454015741 1.40039782120295 3.59510219375643
2.95930017937407 1.04584753633343 4.01501707939666
4.90980114855196 1.95119816014136 0.332695955390701
2.51747691959911 5.71537489252961 6.05184516861431
3.60380965340769 5.28198773331996 0.585004428383606
2.76912540893494 3.07941853496667 1.48076437116955
1.96156278316161 2.15685182264579 4.19064438617756
3.45119054958258 1.75835638034168 3.54519168230606
2.64047743063631 4.37577001059296 1.59813276221893
2.74611710160695 3.24813234488804 0.51458611805361
3.16941495947879 4.84048228791188 6.21054196875262
3.39309747892654 2.55029889035304 0.795849180871787
3.1686067151139 3.58828475274182 1.34197643346065
3.62114670291601 1.8326743010911 3.85933932490868
3.66743658982798 0.923047512138279 3.52929888494227
3.18355153864304 1.90978374540375 3.95153421840988
2.22671031480283 2.99233614924745 3.43458412977875
3.83969497311071 2.50662159672167 0.723974023681949
2.01359084509998 3.62532867048018 2.42856159672706
1.61887179209672 6.08607338492391 -0.253853551616445
3.243452121066 4.49494717216254 5.31249904727424
4.43460369053422 5.70564332112898 5.08916686265564
3.89449283334404 3.86359508790497 5.72541736395306
3.41419176366449 4.04677263065284 6.23468147462643
1.95442032353866 4.44157505051935 1.18346321270418
2.52843942907218 2.42187629583038 3.40320499101086
3.63781286035975 2.52019754537492 -0.0538768995127287
3.72940167794153 1.74570873946833 3.47406766816488
2.08274494150306 3.52339098953559 2.15679159856083
1.2691515465365 0.213857838414474 3.159515606893
2.0144632674496 3.9773075885302 0.377602974353295
2.63322595076678 1.20887788091959 2.6164979944501
4.13258146823054 1.87191018729926 1.69460579756745
3.39921595770288 6.3231806416888 1.58813578541701
2.46785167310028 6.89892044902093 1.30425161021741
1.66384306549407 6.34335160695164 1.1421800904771
2.6509370585258 7.25634089652796 -0.317262356693783
3.71246170803694 5.94084872796123 5.34614099138482
2.89456035670106 6.32889705681719 -0.492152548376177
3.14890409022105 6.37803594760674 0.403156014146439
3.10138557377398 6.32804593489837 0.114524182626561
1.26726607343332 3.19765046237144 3.30521889520191
3.25921357359401 6.30450288478153 0.233402887367141
3.06920908526 7.09435836559619 2.88053785761919
3.40722789251181 4.82107464815157 4.62709957593597
4.41516645045317 0.598527056940255 3.31452477596448
3.21717348853484 6.73137352099014 3.08070035602987
2.62090535221922 5.84016935578693 5.45592702581865
3.06242378601542 5.34308379353308 4.99712580614182
3.98264070343893 1.0892475757311 3.59714038697075
3.00069669044432 2.45023400888066 2.56155347027201
3.87049268462911 6.97126451858283 1.23984582956608
2.73966335372993 2.67982931646514 1.92076263439814
3.63924881279295 0.874997635218417 4.2759021274564
1.80826975529882 3.21547100786189 3.83591021799928
3.89190384667652 6.40586405549409 6.77985089025029
2.29776654451024 6.96555035290872 4.52350283030381
3.72144966271055 7.26504751941098 -0.539469425551083
2.39844131526052 2.3019881157445 4.7549982156681
3.61093644515124 3.59773956043304 5.3853911737223
1.55247584226645 4.05838530059762 3.5623258945256
3.64817416877693 5.23743210948273 -0.518673205028917
2.31773783803631 6.97777497517017 4.61720161988669
2.88748849121243 2.60206676816967 1.92519629566073
4.08031070829366 6.94603753468482 0.871166165990185
1.74750053559341 0.190908167718464 2.20433435688331
1.77668265836339 0.156796888130242 2.92101873401511
2.79315497707341 4.00424697000537 0.784530926671476
4.89079615454243 3.74633238831842 -0.672153097481812
0.860351209257325 3.56931490797112 3.41716722840854
3.36913316201677 0.607321039163051 3.46234334475632
2.50251906632828 0.879681670920895 3.52252631136176
3.08630081035455 2.17400135749629 2.44069116896068
2.10374159929947 5.90232729383752 4.62476644066235
3.00514670880754 0.267670046857047 2.87370608158729
2.19055005130014 0.222977493295062 1.86535423378072
3.58644623833169 6.17406306950515 5.48961618114516
3.64932655895036 6.45060601133258 6.12437200626125
4.16315591469059 5.96855123204793 5.68022548016991
2.10071324882309 2.61659087053448 4.87657318633397
2.18067132932976 4.45184299610521 -0.0705523890376506
2.53951117063121 4.61157217961625 2.1922325642916
3.82470815015085 7.34953535815419 0.905889031365349
3.40238417484795 7.18538994281501 6.15308447510082
1.85321154585181 1.22102148909274 2.54497339153516
5.26228154349086 2.25571960322252 3.54033577573858
2.7982823601835 5.50860865861544 6.4320855268469
2.71332656959419 3.98572815831811 1.13336140265272
2.41578886060003 0.199263938944159 2.08063913454508
4.23362676598869 0.813962624200386 2.347992669118
3.63340951865113 1.99168856290641 2.18312759841275
3.04275906199529 1.04600666047462 2.86439955596733
2.19931912458252 6.90053326990431 6.17575000982061
3.04423723709456 5.92740998988442 -0.146730664884483
2.33394029539866 5.73793809369108 5.22037248824475
1.55686764612093 1.11927895855598 2.91979135415311
2.32327936339443 0.555806212416789 2.71925502845892
2.18033922469604 2.28566427457222 4.13682769852009
2.87584514112527 0.697782624511032 2.86228580819202
1.39586481478687 6.84463260156827 0.376475131818859
2.35023752796738 3.13505451185746 1.54401228689991
4.53088502290037 4.63959246700265 0.786614449506589
1.80546066656569 0.160458974511155 2.95506498957037
1.59300133483927 3.41849405967172 4.24391131186083
3.36818984249458 1.78240384976319 3.3450914861943
3.88048111811095 0.3639869146499 3.23552913771186
3.99367229762411 7.04960931915246 0.304927180979674
5.19900966051546 6.99831177185859 1.66314955346554
3.50785323101591 1.49461298072409 4.31155466339766
0.895724480614842 2.58330531337245 3.21855022718069
4.36148236279041 1.20807114578181 3.29041835200803
2.70604666034656 1.82529357198487 4.98941628134022
2.42702194260142 3.61543201859821 0.894280798985737
2.42494590111368 4.96907361495771 2.6415476495206
4.11499610513224 1.55272681817493 3.41191144718243
2.58641709439916 1.41071933460048 4.51491354426305
0.945175494593331 5.36920236231295 3.98591515268702
3.17133724020809 5.53379863083382 0.547004305886692
2.34553666451313 0.171263396778292 2.47720076520897
3.25581607156487 7.17601985199094 6.45694848522271
2.62454784274513 2.83205526283139 2.35634729556942
2.94337874490522 5.01417744533733 5.32539862524585
2.67148018725855 0.69399731455353 2.65073143769555
2.12164533867834 1.10809645526596 2.65555571001693
4.27870767766982 6.95345944235708 -0.265374771204863
6.042531462855 4.98327984005506 0.521481980889072
1.20400283113146 3.99034031954841 3.8324398831088
2.34670158737643 4.6959981642304 1.33898468501716
2.91533621650586 1.31668742509427 4.32722346963952
4.10018519102664 7.29259011216179 1.27313205523075
4.31797286920171 7.105714140365 0.472135717257176
1.78631349637005 7.40866536345368 5.57021842635676
3.67449123739683 4.86257938610368 0.118784726124347
1.75522008039331 4.73042336144866 0.922779177713027
2.80072234292294 7.46538207270697 0.716323103273406
2.77113061683601 5.44993704416634 5.20480708661843
3.09688075669432 0.00427442478191775 2.32479074255973
1.62760616875909 4.64932081138815 1.68486285521471
4.26543509314215 2.89199844145832 2.61229170575101
4.80939525746892 4.77353000405506 6.00654156527535
3.32685331062227 4.43419302732873 6.47162213070209
3.2034959575674 3.01602780709178 1.21970153158076
2.35961328108532 4.96893028696004 1.8047428905489
2.68487036718568 1.80101903169664 5.02864882467299
3.39156881416834 6.77122975609469 5.36193779665761
2.58427522063064 3.68121000994179 1.34755820268175
5.47701845255765 7.35020935705936 0.385672830346549
3.67153892157177 5.9061554410361 2.7999688471298
3.89444472958398 0.778277971992964 3.49467346355077
3.25041420316196 4.70904131910024 5.20282473693119
4.38344230315999 4.22396545315152 -0.270564496530805
4.57253732154837 0.584594790433205 3.48187266582794
3.55646704465391 5.40625492302236 -0.159900158867044
4.03481235940303 3.48882926854926 5.3928887645188
2.8906495221252 5.9355393385614 1.49094124656433
4.60593480578978 7.39541423463863 6.25758155562302
3.76656107156912 4.73444884611634 0.0522827284431964
2.35839202077801 0.214447950428761 3.31133289247313
2.62945557984207 6.2812333540237 2.61175238959941
3.40306648290906 6.43325772399984 3.95806608325845
0.916743411943854 1.89424665138786 3.34591843198107
3.46160086824564 3.24014434149099 1.3731872674443
4.51770600773185 1.74601096685835 1.1941386525941
1.89136867699615 2.69874786546401 4.18877249165224
4.44127365706289 4.83005770418863 1.49436314968698
1.31369350331244 2.30585729358945 3.45670678112365
2.34485045027753 4.99762711634531 2.41731778049769
3.81079837570321 3.79410745513729 5.20435768996727
4.10803853315409 4.60027891190103 -0.0731201376180396
3.59497696368458 2.33367994353082 1.50711625846712
5.18099969647762 3.65634039446356 -0.0402087817929631
2.63785834579793 3.65133010276885 0.587961367716948
4.10791391421089 4.95689846804468 0.229006790411838
2.72141557473571 1.78429659992499 4.39523859235942
1.4180611139173 6.03511998727562 0.0312078313635702
2.51785505177465 6.25201444125816 4.50078814627366
2.81020179235885 6.56181762078417 -0.125239756944357
3.39467797822333 5.04887355661214 1.06239765821509
2.92201000294777 6.91398220480803 0.347775512663901
4.16794128434311 2.16427323451489 0.31071517229898
1.9330554981298 1.57547610192214 3.82521153430937
2.54023807790506 0.234286192415788 2.25146598526256
2.26673649054306 4.3148157894028 0.865438560165659
2.30249769733992 1.30266821661442 2.48607503735281
1.42212639465438 3.41459257111336 4.02639460169143
1.0694756535649 5.46193822079821 4.30519406281082
3.0368794570032 2.39168509897673 1.78183611848909
2.42838176508093 5.69143133040468 5.49894898373475
2.47037494147871 5.35613491195131 4.26998250448906
3.23788661107048 0.112830549984157 2.56143126606213
3.95164362831269 0.83845993927146 3.8731693878629
2.75204261150201 5.00658488296185 6.95335559313505
2.86496978784949 1.6785709627577 3.7996047541974
3.50771810715278 7.0478867476717 6.36813596586668
3.29583058045812 4.13753932244704 4.00300280274202
3.21586259685713 3.60998292708179 2.19502609392341
1.7527281612089 0.517849454027474 3.06127726050619
3.90888639316524 7.34701925904558 -1.01127197469982
4.14560074278117 1.13409861215636 4.09424382595676
3.65063447857162 0.11222172770504 2.85396747043256
3.16890499187767 4.37178614527283 5.84859751494931
3.06197697682683 3.89581988272079 2.6708158178133
2.8993517789226 0.00174574897839186 2.56565644055338
3.44883067376314 3.45966602900011 2.71125177722278
3.16754341396511 5.04656125894252 5.46690362815366
3.38524676664852 1.8429950728552 3.61672517483867
4.43923869796354 1.33206950313991 4.49942807628295
3.72487294642698 0.180866100811919 2.54655384274973
4.43581605567964 6.12671079292489 0.494841129837947
2.3726451640376 2.69638879588518 4.66795810994919
4.87515643155133 0.256698597679943 2.57407286821406
2.33414490541657 4.87134573673305 1.73995533360095
1.81941690245009 3.95922543664653 2.68597426492362
1.51210312235551 5.97991924389814 0.257649630337605
2.15605728913506 0.77315225781869 1.99344565935245
1.93782905122808 4.87822996505018 -0.0897492360518812
3.31286852948646 0.749642321124068 3.31302707536423
3.47093091102427 2.0825206023107 3.07476325121152
0.284476828760212 4.08687832772424 3.10097787109755
3.47458007002975 5.56080998811913 0.679646673338812
3.00311104697918 5.8560761410493 0.387092483879864
2.48420562225878 1.30919610031895 3.26185633043798
4.14989167809688 0.885252316021313 3.67314980324562
4.53324802903179 5.0636903246177 5.56891518599318
3.89639369780778 5.72396298216273 5.57197584704609
2.70449762999206 5.80307612332948 4.42199941972869
3.91583181852884 4.03878537449267 5.35872637986315
1.9991844006628 2.4749088187044 4.48304535957287
3.14764039629497 5.87181820636762 -1.18184352600378
3.09667609247829 3.95450993401368 3.98206611911542
3.66075752816235 0.842628096327176 2.68882109344235
3.25984189295335 6.35430735731995 1.37359774001469
2.19491511799 5.74931938099144 5.17453097265335
3.85485123515623 3.72885087403055 5.07765575728094
2.63094108759652 3.33827168040534 0.338918492200024
3.78586127613703 1.65771203136871 3.67758859762368
2.80215441851025 4.10536379878382 1.70217402578562
2.52799319285723 4.47765874839127 0.98026660284636
3.11453743248921 0.514018007516491 1.84435638806578
3.13482210684892 6.57720090657207 -0.161482238554658
3.8130789777485 6.01418922123175 5.54157004538345
3.99892833432053 2.30319126827612 0.0516181497755331
1.88195578602193 3.5175007118337 3.40725227949825
2.83349698591193 1.1764272433519 3.66328232377025
4.18934154838147 5.81081896174908 5.92762949969342
2.68380681056319 1.82582106998587 4.20409739539884
2.69975756113929 7.20317878118183 0.381003132425977
2.51442411841343 1.04657149229459 3.08054792104338
3.60382486742608 3.0677050331908 0.627998641272522
1.37422947389106 1.50868853362798 3.60190905685167
2.41269147055001 5.94146160146453 4.98584142831496
4.98264146056518 3.69670489240358 -0.471538811667689
2.25872623340747 7.41096535427225 3.71563835446719
2.76746966822449 3.50858765740626 0.222308964743028
4.10126731151426 0.80474727106093 4.21777885685598
2.56041607990262 6.16445998053299 5.20969785879959
3.77315467675733 1.58298106098213 3.1498410313215
3.39320836793705 3.7631693422909 5.33985211434321
3.89250266276082 0.51669552267931 2.55028369679971
3.15487127344205 2.700120271349 1.45715504179624
3.10585498375738 6.74612531439646 0.800588685505099
3.44967530122807 1.25021904692837 5.12024945680315
3.0748405547072 3.21913467175706 1.05005179940976
2.63261450780742 0.120899981285373 2.39144935357772
4.01905694702364 0.46684996735787 2.78902347579868
2.60341112843754 6.63837756633417 0.94420419885029
2.98237778587939 5.37598715050403 4.86049402869413
4.39788314978002 4.34966898557699 -0.0948396180257995
2.6423583505676 3.60412769978763 0.394988284717555
1.77469248676909 3.130509408404 4.31931042241499
3.65057108987438 2.84637524185648 0.0591511926602248
4.22052629352648 3.39793159135 5.227091710361
3.14264643714072 2.00572885140753 3.67538459148114
2.4438579291297 4.22111037984072 1.05393500977612
3.85342789535956 0.951667716003208 3.9067005321087
3.90598370191991 5.95803038109893 6.01413676408763
2.24042054606619 0.333275395382814 3.04001412675241
4.13959624309691 6.86798136452457 -0.43458036235177
3.12865578814208 2.89848438527516 0.879138318972274
1.34687997393109 2.66322561430008 3.8984632722049
3.47180400966477 1.65276627903249 4.29842524028651
3.71585053031819 4.97785617993897 -0.535988581151732
2.12404530047392 3.3423729559149 1.97836436276851
2.63817643209676 4.83394886816561 4.87703697666921
4.22703419265653 3.5478944309404 5.64453787646972
3.51109361709944 7.0606438000385 5.04336990831565
2.62229607488123 1.0134897368348 3.60453209407454
1.68105904627103 0.763747809067866 3.19390631855359
2.48124708136332 3.03869310263047 2.61153468867756
3.60303721578129 3.74419387107981 6.48054829951728
3.29026799847665 6.55764429776307 2.46269010859377
2.27858912390378 3.76395341320463 0.826300163062607
3.28531554955969 6.8642189446024 5.37338507672135
2.44929139404933 5.48827087722166 5.32494705654303
3.93750997733619 6.79159366261158 1.75742196170512
3.14558783730238 6.20608199336588 0.0506763448273818
3.38500598473083 2.10757312328352 2.605742031522
1.63573492729943 6.92444185899617 1.34068689864088
3.49697344966105 0.00193118004593451 2.24599974439648
3.38533861338536 6.41373338536706 3.47846502178358
2.55217270129212 4.57111102674013 1.97039445957551
2.14989008378198 2.43048547208974 4.38395437668248
2.13244725085696 4.97984995128358 2.12435976315971
2.00793431164846 3.03387081268216 3.30949657154433
4.15742395282295 0.122025550196416 2.90579726712134
3.04497398788035 5.92498139822866 0.416886032438317
2.86115487934865 0.717939953876197 3.66929716170884
4.61718007336453 7.44944455499014 6.2664108511527
3.47180571441919 7.05217852291249 5.25813632384141
3.49957938738613 3.53182571999445 3.84529383357571
2.95555775023058 2.91425428211924 1.34067521358073
2.52386034190534 5.36042338612163 5.97210910185185
4.57726071723073 0.660789999283412 3.40846276375188
3.76771261085833 2.15820676754861 1.26725274516894
3.05371242751643 1.10819286157829 4.23068927555747
4.07113773957453 3.07451163049491 4.59228412962503
1.80175311508531 4.60518381892704 1.21453965377874
3.60879529856104 3.90752141107418 5.53977775964256
3.12049873160725 3.72527938916689 1.98321816109811
3.12600409359003 4.31573401939119 5.4282514267941
3.84179429752542 2.78898626816911 0.971060709168449
2.99881102194079 3.65289579378147 1.08157769701516
3.22149005940129 1.00792094407345 2.81577106484649
1.358317535231 5.07178559549613 2.62102262950614
2.34246472744418 7.04180334451619 3.22858794166824
2.93942185615411 3.24851727677532 -0.126784065553523
2.89014404990052 3.45602087273477 -0.0749380993186898
5.04407906831965 2.79845416688206 5.11189862347141
2.6381968852672 0.499863693482611 2.05234489986348
2.6189046126203 3.15069904716197 1.57825248385938
1.09196693228934 1.82699846067147 3.62109049665531
2.91155000147134 2.66053048523151 1.37215277688282
2.11924716559924 5.3099203843754 1.64365300430037
2.69946965630406 2.29630718049916 3.01199045699682
2.81208110766541 2.22341246776264 4.09838192538428
1.99123597244896 3.58164002208168 2.36717152127626
4.56088725215031 4.59942085449912 0.7257974567608
3.56336270795855 6.51513476299183 7.08705835029216
3.57251769779776 5.26011343974487 0.0622159209541151
4.16046446018535 1.57550156996272 3.29738605894593
2.13451226326815 1.19009169115603 2.85012032049282
4.08859662254779 0.0346692242145235 2.54350853893315
3.12449751885608 4.22193510031186 4.76345707388071
4.86077227114145 3.44018167340761 2.95627515857403
2.84636558222166 0.235036537848982 2.91260362410961
1.2472038202506 0.419528002926337 2.41615913440569
3.90339918137196 3.34649501449861 4.41513447846657
3.99675838468421 3.84501853672332 5.71946083001324
4.06505128368635 4.96115983105433 0.208084187274599
1.57705630214968 3.91092078041883 3.61175312697433
1.32997484759344 7.4217252397503 0.155744205455295
1.93371211740763 0.316759799761716 2.53456775456707
1.73630246156511 5.42430500373448 -0.114020305377864
3.07862083049633 7.17902041185206 4.40348787374216
0.932300739167452 1.4398749802213 2.88169215131283
2.00061093416551 5.50954349428698 1.15360937135413
2.60147791965138 6.1468170756907 5.3543170394007
2.59428970007861 6.02684055321983 5.83262252451924
0.143115150875668 3.36290886996176 2.50006153941534
2.33875596150584 7.03150155793171 4.52179700203309
2.36206542253538 4.03165391850071 0.470074779686497
0.907070333579398 1.2791973098939 2.82653294368626
3.80961825813545 5.18573938085485 0.538219445726432
3.26324696652393 2.52675282923921 1.59184596924603
1.24743226675421 4.70308445465355 3.44742209635246
3.01262950097896 3.86799489635976 2.49868347859922
3.86201664335702 5.39158735147692 0.634148805359379
2.65187347736815 2.55409887456384 3.0062832289913
2.59961554980002 6.79911731458349 0.361633415729271
4.2378884290241 6.94993292804009 -0.480928095329885
1.94651160709177 4.5381218275507 0.767545645942666
3.81035055984676 5.72548767521838 4.10012503075876
3.61984468789737 3.42755495559985 4.14738959522455
3.22912268733836 3.94246705016403 4.52413198034391
3.24686784381668 0.941880160954101 3.30980295180218
1.73442985827913 4.83877341859169 1.11017252418177
3.86245678673788 4.16706250549478 4.37911517625797
3.57973788902926 0.696831651883622 2.81338888319712
2.9616658367231 0.147707365120237 2.72564478702963
4.33982572356047 1.43630935812229 3.73609585835307
2.90267781776348 2.28486399092856 3.19475838348292
2.19438052084421 5.20033141812081 0.621951327937511
2.51014197325455 3.90921564335348 0.233295582939351
2.85937070817117 4.70601603138913 5.7687051267123
3.27228581693603 2.4731289799476 0.591864304671475
2.98617888820791 4.07895729247134 3.19078986356716
4.21574745661445 7.36243013900209 0.774560012442093
2.98696364384829 3.36898649775896 1.1753225802301
3.38866091887191 6.20405398519051 0.311966388643603
2.48328930278543 2.99642841425989 2.45738078966094
2.30223464196537 0.172502490631923 1.90698273816265
2.47896341427853 5.19006878213626 4.78380261529583
3.24710062682001 6.72853496424562 4.68049431119899
3.88215616709394 6.201542154694 5.52010275353357
2.14798935167564 2.72537108113519 3.7598669999362
3.91903878031244 6.41218011420952 6.25391193570969
2.89574214306204 2.08792054092479 3.49544420735833
4.34236001042241 1.27769115712926 3.95094714832376
5.07177696648047 1.46649181680581 1.18998990763577
2.95489251697514 4.38068597507665 4.49709142434252
4.30059893079711 5.24937752445102 5.35465120111835
2.37667727079218 4.81809188430692 1.95036655680923
5.43921453139287 3.68172250217196 0.645888367474612
4.71721571100752 6.1403441940706 -0.353324990418496
3.9313492060551 1.65735446510463 3.46410152042726
2.73393962446661 5.08622174443239 5.57736374610249
1.59884080780329 4.52129737505894 2.05269654597367
3.9509230941309 4.91102641423097 -0.122141040489973
2.1194804156853 1.69933515903575 4.30891676808466
3.48397996077535 5.83169065791734 0.611814599216408
2.1995410010188 2.82266576564278 3.5801505973174
2.1333010820963 7.15705294841759 5.57799625306064
3.94750621606374 4.57566843775155 -0.035138066876299
3.30995751772382 4.30372627116429 5.73826849857795
2.37697800879513 5.81956621134701 5.32709715032122
2.48348735089899 5.78975104872064 5.599799753681
1.89284299390425 1.26868928453609 2.41622808460023
2.38744807128114 2.83977998227504 2.81686763504623
3.18278523805325 7.41526213458889 5.45574597518005
3.22566045055969 5.78310685862401 0.274541601341691
0.88504469862861 4.00724262555408 2.6419441900017
5.27390239810372 3.34624125382332 0.242491787670329
3.28983564829136 0.684818717153381 2.53067818399779
1.73092787412484 3.85161084294889 3.00622261369629
2.82609855285811 3.95855847199105 1.6929742290855
1.05576288221508 6.89574425269399 1.75736437590428
3.89349222249228 3.8412483960879 5.99994741887641
2.34325603032906 5.37090294534971 3.84736697732888
3.75458786902997 4.00827363779235 5.754440575763
3.53162243113383 4.8437170343752 1.13637651147844
3.54655937244164 6.35563241100365 4.68015885312752
1.72882812399667 7.43016550967107 5.05323862636637
3.71154142546072 1.38976990350957 3.81920212154862
3.15117451014784 5.53670589042643 1.11707923034536
5.9123822445617 1.55943105041807 -0.286025683783345
4.03766932945879 6.44115658438123 4.80370447600671
2.93827944569271 2.49923205954804 2.6338220735711
3.42822532022624 5.72688087846032 0.422890865722663
3.15576059637248 5.84045755862333 0.188367416591072
1.20472831239524 0.817011284531884 3.47141970449592
3.82272267434975 1.45916349953546 4.41712220248096
3.34650547652441 2.4512064823976 1.07684213192117
4.38320032875892 5.02579919291416 4.29385094940275
3.42271719734568 0.419855886227031 2.02638413327636
2.52046377499452 0.186001524048347 3.44188611255594
3.75586992159487 4.33513282558427 5.1129162081537
3.9391038908936 3.29547992083919 3.97366436778787
3.19976021165163 4.9285569254369 4.54463491566432
2.29705202534684 6.37503456459166 5.62379671817038
4.93657063540349 2.05085862327401 0.277002048977447
3.56075696977739 0.0490992408373776 2.58053082936939
3.47431973577977 4.36835471655039 5.49884244573054
3.73259489486026 2.10159967917673 1.94208706089356
4.84776709415085 5.17692158788023 5.73555358730898
4.50155198567319 6.14718178000579 -0.123747459449608
2.32674428303178 2.71867829429789 4.04551573538942
3.17886796699219 4.93479006999134 5.52280160815498
3.1544094250546 0.0638151591788194 2.2423843808388
1.66061235458681 5.95749971214965 0.190984111951185
1.35495076593347 4.15345095876021 4.84547284649673
2.21396039911353 1.15532016808538 3.16966842643971
2.25088043629759 7.20643945724 4.03782618298364
3.53762395069246 7.4203953913507 4.15860570901947
3.33108242916995 1.02763785756988 4.003497497771
5.48262445531097 5.92133072910412 5.82358499599815
4.41442392243154 1.66891035523105 2.94769030108666
3.39133659026167 1.74788816976159 3.3202625027034
1.76819500560678 5.54711927206437 0.463929808322482
3.03506110001852 1.35351310899383 4.16285889124611
2.57857854067874 1.26916944338962 2.3316924621992
2.87550779528403 3.36800036810299 0.413426137909349
4.32647179549685 3.88742994328961 2.6707086257197
3.132249923923 3.65664240655652 1.86350163105209
2.80894616345016 4.90650617428468 5.88956503580198
3.80032721003547 0.718880803384615 2.70525786497698
3.65276979537876 5.80756311544561 0.746803189638713
2.53768747808062 0.0529058910205773 2.33316461312027
3.77702533861405 7.14969416992605 0.71342939138948
2.80227273375732 1.20309485550902 3.92047762826017
1.84201637888248 7.09970279646664 5.20731751355726
3.21252663044937 3.0341978277436 0.941514680456021
3.93801721413252 3.28195149099074 5.16295143719582
4.25427706817439 5.53167167747276 5.30153226233003
2.4101519128751 1.36030930044592 4.28781097946856
3.19648593488861 5.42949275372247 1.26114539162762
3.9490468177291 2.27300825542052 0.560798304282071
1.87725759592696 6.43860576055556 4.45426752594108
3.24322520857832 2.75112829101444 0.75527399683694
4.38561584091508 7.34100824912182 6.72991795356769
4.24910311940128 3.11326339314087 6.74205794581436
4.20924965795563 0.153982585980102 2.65454338754093
2.55745787632908 4.83203550272699 3.05958412781982
3.53470947987784 1.68995217163727 3.91097067289783
2.75614164871583 3.2618428234416 0.608109211089032
3.99113978562316 5.71532833521604 6.18343497671943
3.77341328973674 1.48590570623333 5.32537224960445
5.28746402159301 6.03867329858568 6.30389002055351
3.40163964887173 3.49140634588915 3.44706341235889
3.61135506162275 0.643014554438404 3.11967167332224
1.88443837916229 2.15098138983618 4.27997379619345
3.19502121386912 0.984953848123161 3.8635763428512
2.96230384930238 1.46107782133804 4.90770411055075
4.27921248063394 2.16953594482294 0.269410882931925
4.59322045267825 0.87266782801773 4.01431482946144
3.32084109450041 6.66890511269645 4.79552609499554
3.50589413129189 3.78626451628941 5.3768558986802
4.5488350946593 4.49543372016357 0.64265800112691
2.47269588426999 1.16477689157322 3.28922144403112
4.98640075328434 1.39574133738753 2.07865435635642
2.3798998025864 3.50765492117196 0.920188329759218
2.70346596517715 2.8405359010302 2.17990552591129
3.34132737723021 2.0977098352446 1.80726798384181
3.11684960817684 2.66187854249485 1.31498236513196
2.3361541610122 3.8911701938838 0.0985813794953052
3.09737939806915 3.77662064887747 2.26979231397339
3.01427349506791 1.09337094335139 3.55921204394883
1.37901322742583 5.52732083124231 1.07249803443072
2.36898927167914 4.54097683369387 0.219944543671528
2.09565472734534 2.18720616836916 5.66613486439083
2.19395369234629 1.28954318810348 4.17393915069477
2.77692652694528 4.94071766697023 5.71679254032366
4.77876226404957 4.54831988209794 3.76931977475034
2.47180644877268 6.65974223035477 3.95028586511456
3.05577421960683 3.67653611464923 1.82000483657343
3.0136180820892 3.9258986625073 2.596712600273
2.93370652570353 6.9246172397326 1.15999584587759
3.56178994762132 2.55749726508784 0.63355724187718
1.84333097142911 7.33122177147806 5.2459063432709
2.2898758578837 3.34435391055201 1.04050153114753
3.07595218651949 6.15969399498483 0.0329711989941664
2.39826222139639 5.41523729590147 4.9954598002908
2.29996916982798 6.67462752782024 5.61353185842296
1.37329047405777 4.58933677656131 2.97960460136993
3.55534537782681 4.13536293153229 5.74686004979029
3.91871717429709 4.47350029235483 1.0163944349968
4.56776646859646 0.0850861750092244 3.36425017244798
3.08789402618913 5.83518013513806 0.297959584253359
4.56983464956746 5.52455115744432 5.70017202302026
2.61807856134102 0.527136081916092 3.72283615785473
3.86178836502603 0.52886190334694 3.14380513731646
2.94913237726362 5.59910754659512 2.90739857190689
2.25320731090243 7.30511145233986 3.55107960310201
1.8067654426381 6.82285984140587 3.98136024821463
2.89355499845464 1.62285806865331 4.30749808788623
3.68553114299801 4.1348576582389 4.34087237913612
2.22933478893613 5.98646313573691 4.75504426623217
5.02434214273414 5.51120709236746 -0.354928932595748
3.50216906371974 7.37194990545424 4.97789279751193
2.50191800039667 2.10103060594993 3.95439158397968
1.151884304337 1.60326306358349 2.89626434389654
1.6182235357531 4.14437377435936 3.92092114885733
3.99675824800248 6.15035892508741 6.33958558185123
2.687927891332 4.28817474891338 1.68548116972188
3.16704471816366 6.3211442437274 -0.379729246340504
3.80512828674573 4.18660822050595 4.79768568078579
3.7294688217985 2.58750489586096 0.471736122092072
3.3894362738211 6.16164293789759 1.52901629495375
1.2942145347385 1.83222929947475 2.07125034721553
2.24243603176192 1.55101732990891 4.23257614611178
1.58481591767747 3.67690648207836 4.61334658289638
0.688417778572126 4.53046328127053 3.835620613513
2.81787589580955 0.735730592452969 3.70870578913337
3.69960696565467 4.22570012431261 5.5740524988513
2.25212362951091 7.09723689027979 4.95761912427151
2.29109019615419 1.08020409023257 3.10224932404092
3.28311323956994 4.60585964758179 5.99776210057482
2.77585916734084 7.45410712639711 -0.0712635524828661
3.59076120179005 5.90691836136483 0.244822939666454
6.2612656255867 0.861296239007224 5.04814059369345
5.34982454187831 3.45532332704506 -0.046981358170129
2.49316913382859 3.61192492916213 0.625359365981296
1.84431024043992 0.998257106331137 3.35546253683223
1.89886289263605 3.78444801650853 3.14764635882626
2.54747720361353 0.966679740111291 3.07237535550378
3.09330957482418 5.82922809902051 0.0937637985910988
3.71175586871561 5.90471427414947 3.35195143285826
3.55357123527584 3.09958095567427 1.26204989474198
2.52747877635439 3.19550871063751 1.12052696602267
2.97954787933274 5.75419873985627 1.34202386417571
3.35636427422438 3.42163034372842 2.58312200881642
3.45543662013128 5.80721540849134 -0.0843640981251546
4.31597155433566 2.27922238152629 0.62218617202012
2.08899644405546 2.0400673988713 4.32170536532152
2.07738249391209 1.57707309649101 4.33611199746664
2.58804455659078 5.10200843525599 4.89663798022633
2.34477446151196 0.174585630977183 3.16998707380722
3.61768340446127 5.83391630674172 1.51659307521457
3.05935053666703 1.42817089994153 4.33535328406969
3.37284730780603 6.7953524113295 6.06766438213725
1.40011843905058 6.62814136218595 -0.296301272598906
1.4372828861884 1.26886295135761 3.97827565123353
3.44580809061827 3.84839464687303 5.56384517606999
2.06777134472208 4.59194043377598 0.760285976226562
3.76584522040012 1.75000422338926 2.86427634534496
3.3541743305614 7.1950466032451 5.90460892332281
4.56713958067703 1.14180318354457 3.46080040016978
2.81316488243017 1.87367521433207 4.93864272483966
2.29712625263561 6.57236117146694 5.40535040383642
2.55692470073277 6.36768472651152 4.37133732138626
1.15897806376576 5.83678712167611 3.36987741807566
4.33627271467804 0.604948595021585 3.87743493045956
4.83246667973504 6.04017926632749 0.428381679272894
3.22281102179298 5.91889143676578 -0.262986227937005
4.52256477046384 4.91102173616859 4.45855725409098
4.66633757100542 3.70664685606614 0.53879901201308
3.035964690835 5.25302399365452 4.91099408854131
4.21207445709405 2.99956157894635 4.48201105927514
3.58550865926937 7.03491183571692 5.17760884200495
1.1822919227222 4.17538472908455 4.55052424031116
2.43324402038544 0.634838335796913 3.13174021363055
1.75654361476966 1.49700181520696 3.59416945745033
3.38972865879459 3.81772220552976 5.52136799999648
3.5386778407788 5.80687383868009 0.300099455511872
2.64478306253534 4.69505308037538 4.27495978434759
3.69288140359112 3.71980389111001 5.53542848576228
2.50610017175698 2.28526126787694 3.84548586905947
1.43212090244251 1.56310731699811 2.78911700682061
3.22094350863346 1.30413390594637 4.83270249608151
3.13130973797929 4.4257317603749 5.62960304939932
3.92031220589825 2.18430420995966 1.01176068469569
2.10714035767518 5.07907950789025 0.955335520666695
3.32849748498292 4.47923229332635 4.6737773357907
3.80011212534145 1.73377773728757 3.42517845015101
2.29786208818935 4.35348805785779 0.206735580380706
3.15438639803979 7.40580166578621 5.36480856180386
0.485399919223332 1.21735279610781 1.8087183071116
1.83745238946859 4.99126826975673 1.06718152126742
2.77122355846729 1.72392351019344 5.05871316284885
3.45460622896387 2.85171931562476 2.02240855856454
1.77864918561892 5.36633592823934 -0.432293082542333
2.04432642264897 6.32555948319322 5.96630487771084
4.22008254138781 7.02398659711734 0.31111351949459
1.31399859157719 6.55362537051649 0.617509826391924
2.18331726060095 6.30478410678375 5.84322211341755
3.45398181223171 1.74658299776989 4.20247142501275
2.24866288385738 0.941719810126722 3.20165423841148
3.86124943151724 2.499175397922 -0.153734395195165
3.98288611624926 6.02390978992803 5.77464252396937
1.85620904385027 6.70490740773099 4.60672933437121
3.03771947528927 0.745954770725715 3.01917980083617
3.45951227175546 2.88605847847892 0.692744144295298
4.00608020121728 3.43266151044373 5.87374316015165
3.94979292402528 3.81678911111878 5.95411454838332
3.09675294157921 2.43653527219346 2.56489699767857
2.32360745861687 7.41360884840155 2.30285983684189
4.57949097599932 5.01613545328677 5.69701157096401
3.94892516075657 0.189697910181245 2.78634022302028
3.13957819284886 5.03644834247954 5.12631195179517
2.84210722588669 6.16073092752238 1.52370535808656
2.88756117981741 0.321515836620618 3.07693925255518
3.16667881961173 7.01855731823799 5.04375585214563
2.95169126906826 2.56491604806204 2.04147409969538
4.42223371626684 6.65831709347254 0.989680379845542
3.37831648772563 5.90338362513483 -0.412113803227578
3.86143557624344 4.69288624663741 0.361648685736795
0.848782887468899 2.18404396015009 3.26891039643507
1.99522069664781 5.60256968160424 1.79587966735147
1.44424437280865 3.78288592104128 4.81914707910301
1.54549833333538 5.39356558962025 -0.250226419584622
1.65614436404361 1.02998866767586 3.30984766724744
3.05497398897699 1.61629734274843 4.06031503376367
3.30902076363965 6.70278126814481 5.67460621026482
3.16332472835972 5.82755424262877 -0.674060816545438
1.48553815009359 0.959002056972146 2.44139852688906
2.27144703965039 5.29123438351799 3.03962944638536
4.47315022478043 5.11289964055781 6.42600596468725
2.43439025930477 0.558230052720974 3.04229503841971
3.80318003797684 1.48782354282428 4.54720656615846
2.2632535821623 0.70177136611238 2.57455075552797
3.53955781332451 1.88515654516027 4.06530543114502
3.51486182978756 6.03284517526466 2.05967158263531
1.89830826264287 4.20109622220167 0.552287579056036
3.67068085280758 0.527443589557599 2.94048180370118
4.33077407999171 2.92350277864799 4.53776482057674
2.48783300285326 7.33237085078342 -0.0976302913272504
2.20093017954651 4.23453600482983 0.223704807707008
2.1490257423645 2.48742545287455 4.42134343359489
2.28599118505929 4.36551881470661 1.55179357038578
2.03477402207971 3.37118776489114 2.81686739117208
4.05881416614783 0.970667959851349 4.53336827131584
2.71038155305712 1.47772971313764 5.20964269884974
2.69842839003555 2.22325455465273 3.56586592098185
1.26803576050665 5.25017055253696 2.75514669567103
3.32348274281394 2.25168959049634 1.84228377248122
3.08540664763814 5.75189931365895 1.12073845393357
3.19771811076017 6.85975268226402 4.06816583345712
2.4717755324626 0.611825673873803 2.58238848261315
2.58863816610855 5.43807585505915 5.59385430216263
3.11549427440614 1.68407100257436 4.10133706065827
4.01051954198983 0.731473840623262 3.62376673971672
2.83073892144103 2.2422949583509 3.38015178218639
2.6342536737122 1.18141089579034 4.06746428118802
4.06612794425934 7.14249971165095 -0.0571757683594804
4.57140822733921 3.6549758981576 2.63526707680432
1.79760744868716 5.26088062456544 0.840068248683556
2.97488293075394 3.94304296759505 2.63072746601412
1.00733121592034 3.16217253872538 3.70010381061846
2.56280770873109 3.50038576535082 0.311773917457868
2.27092279735368 1.21186704697551 2.85220706739568
2.73214816859388 0.339528322090664 2.06708688650257
3.91813455988496 1.88286626310198 2.41876707477065
3.28043344990144 5.40161297600201 0.570016138886851
2.40045527726348 6.10978351292134 6.71563977633066
3.08275985335104 3.23873400778049 0.182288140381412
2.72884224538386 6.71700086848271 0.373553492082794
1.06507811411873 4.81970163895631 4.20782384426035
3.61201864299654 3.39024830885703 3.635208328818
3.72905116142362 5.26124588426684 -0.248525412151722
2.707803403428 2.76043295173772 2.28756795557941
4.83830511519248 3.32638813290347 4.66982369745251
2.49583129659099 6.46880573825797 4.11102660199982
3.77511428390989 0.766964947378197 2.94531220275245
3.24550247768359 4.30105055398972 5.3284578758092
3.8774778735097 5.45782127466722 1.93670237996416
2.9094958747916 7.14201557432748 0.65868328648772
3.17871481759842 1.00027568294958 3.15829215677367
3.41620537578962 6.09881015560556 0.246291094387781
3.61790906807635 6.6439598703844 5.9133570677755
3.72955261957867 6.03513108905961 5.62096726040834
3.18458719823776 5.77453590763957 0.652406105736874
5.32319443310379 5.91410792717666 3.96516787915644
3.35558482527307 3.91235579966778 5.51106138971392
4.52149514213054 6.90313858019962 2.26229932917046
3.9814208648936 2.67455295763433 1.07196120547127
2.1954139268344 5.27509442304854 2.07288121692349
4.83855202541388 1.40123292323523 3.44677278893584
0.650657080539867 6.73657682898632 3.24324086602934
4.49082861214361 4.3317122071737 0.542587502233759
2.63187424915949 0.654122038667862 3.06319529916189
4.13208645688649 2.84729677359049 2.52405508792273
3.63832486718352 1.3719333839093 4.5577007578374
2.09845068735499 6.88811390006589 6.05394821861099
2.5101843021547 0.561093768906098 3.58247179358991
1.40784027447399 3.90572983040735 3.8679712571618
2.42891405312054 5.83541089146411 5.51241058201665
1.34880656856891 5.20801385957256 2.59462359552142
2.95562375955885 3.991688911913 1.72919242936163
2.91056480873777 7.47916290338516 3.76533741719231
3.31165579302363 5.04204139153762 3.25949955067502
3.23884919307216 5.34665437690923 1.01554298110265
2.44353107253193 5.01973237899068 3.37037554343866
3.71849890219037 0.351652020709946 3.64284512512124
3.44224260518942 5.26624182219626 0.885136427641325
2.12562931272917 4.07698595864021 0.918551180060184
2.91768850537043 5.56864911507594 4.49360924597644
2.29047886923267 6.98115037124981 4.25746234606926
4.38854462893566 7.46529424645747 5.85593888552873
2.96705802104214 4.95417099669345 6.43213591976465
3.56859149007444 5.86187358212885 0.657130907014772
3.39524757214003 1.33619719638516 4.3761574287748
2.37787575647887 7.12398059926625 2.15261976360888
4.14762242753301 1.19045290711409 4.3778201940012
2.43963750267378 5.78032301210727 4.91253613389006
2.84926067099841 4.47539094209416 4.04016278095464
2.22654953656159 6.84090869628255 5.01932236981551
1.92481464509077 0.613194678981008 1.83571077915206
3.81435912282113 1.98463167120063 1.6270950840455
5.23384659937184 2.48593434744019 4.11293696917344
2.37959961794262 0.484925729303662 2.39652978424051
4.40920621215503 4.80469895655121 0.6157281383403
3.59523518280073 1.45307687810623 4.74200503890649
3.16974457049812 4.63265687100037 5.97182527217237
2.15241120102665 1.31160150745103 3.84832529485174
1.4751484334446 6.66291277690421 0.15366006295146
1.54336539773812 6.53543549145034 0.35511996833199
2.84620883524104 0.0906545981897686 2.52718303040472
3.23164505181609 6.05861018475006 -0.108559698076799
1.51064388026148 3.50124455866926 4.28648843449435
3.72836867061208 5.45402290506732 0.762430162740354
2.31207111996994 5.27000928427963 2.72206256339429
2.57462708611047 4.91210169249966 4.42584351323989
3.75537403208314 3.4333818794218 4.93132956689376
2.73283659102358 4.23446084977633 1.85749717001101
1.26689749326686 6.31415125777441 1.62783448350015
4.35936144464484 5.29492841284061 5.36037779932683
2.27160686280838 6.51013931523196 5.65984260018571
3.61703594423604 4.70439592554798 1.85379799857723
4.07137476293615 0.15922323964872 2.26483903053832
3.035590900012 0.327689022868417 3.59893012746381
3.62169225588467 2.88517341824963 1.18178979771122
3.36199789843206 0.868421882261034 3.70778620738302
1.18861139257656 6.43084986893038 2.00216398144707
3.12472808143488 4.28559568228453 4.8565871047984
2.94048704342673 5.89600437042261 1.09540247447814
3.5406550475673 7.39455627475809 4.13132220485216
3.81695822536928 2.85332966340524 1.26108969289647
2.9335558634347 0.0459366013337803 2.15923410769494
3.36402549545677 7.05029317637731 5.70704773435579
2.64926309944587 3.1318233309612 1.15568425050067
5.16457670218934 1.33280973757516 3.22266326290236
3.46135939198509 7.03505565147074 6.12609887432677
3.53590148257718 2.13752959175357 1.35918902861999
3.12715827999003 4.94382810150758 5.17891820586266
2.84421385667311 0.856292533854861 3.22418952905932
1.76728386456726 6.26968030407979 0.731814768076848
4.69441361711154 3.95473430557876 1.22764666774652
2.75248498366981 5.11601108752276 5.99776723413566
3.92112108050856 7.1623778266876 0.186270788352979
3.74894714067444 6.39127367015877 5.53051386936766
3.76620231195292 5.46991465456657 -0.612964277468675
2.40513304903355 4.07782771800205 0.368555754001424
3.07786857520417 4.66316991208881 6.38870802559971
2.30070051262379 4.31306881601663 0.464313171448461
3.83670990487007 4.63201139437571 0.615691290488315
1.97071099085275 3.12009483571451 3.97874080593469
2.70820470330725 4.4493652940277 3.04674008418766
3.09612213971414 0.679578554995184 3.10937314282655
2.07559388818296 1.3553741163043 3.10919250804607
1.18397216143308 3.79691440314698 4.7063200705168
3.46445330439667 3.8841873274654 5.26328675714255
3.40379814446417 2.72630318652566 1.48654939884652
2.74031741014642 2.11915785545998 4.13554795047113
3.31967455444221 5.94233891946812 -0.038687286912889
2.97120200431181 0.628140631015881 3.10231175118348
4.58767802518241 5.66582788938635 4.6233404420429
3.34873539944198 4.15914287702848 5.15846727232163
2.80159252515686 0.679540813326962 3.07162740204338
3.13379391547672 5.87339394844958 -0.532009807157901
3.358358164214 0.35073497852847 2.54903259824608
3.73384798383651 5.73005344214451 1.7117953850352
2.86168782751597 7.27326424299814 0.831395531551019
5.16509157248859 1.74595310838794 0.262175336801293
2.54875281667654 3.27841787980206 0.70225402127936
4.37902869219137 3.03984216329239 5.35604573510881
3.22684958120065 4.17260420351576 5.77506149430455
5.6904197899226 7.32456930237788 5.43451548946758
3.4432688839982 3.89175983172726 4.68543524215738
2.18710380493945 5.98531902977458 5.25864832877861
2.41001199533997 0.222447356180971 2.8740473090299
3.18505554985162 3.0024394887335 0.637101420784737
1.75593485755683 7.03832808090539 4.29079611624757
2.32434500717784 0.422706176023067 2.47718238615003
1.28427106918607 7.24654642849915 0.24129896005173
1.68159565158501 0.664497806798124 3.53172225095389
3.30036362866838 3.3109542657907 0.757402065588722
3.00371595698773 6.82078129055477 0.531037376954157
3.21650935785967 2.40765395539489 1.63558596574009
2.98507247416855 5.51647007472974 3.88472986284171
1.68894381496899 2.92309904870846 4.03283076615218
3.23695314062844 7.14647616792673 6.58583937279907
2.93212582646025 1.15817129751193 4.08372531870976
4.58353324132733 3.80461684390492 0.36510668406494
2.90949513209333 6.63927821471305 -0.0428896715855268
3.68251938581092 2.26278773414964 1.75157851625846
3.02909223471078 0.0892909704577542 2.69988979561814
3.14434189265093 3.79977607976645 2.61376505360405
2.28713705845233 3.99595539952147 0.698385925452029
2.40505953828328 6.02619065194821 5.96364481022832
1.15880384393298 0.322536012714293 2.31499645047604
3.9459662541717 2.06102847556713 1.55563393534457
2.82651719820718 0.720139370844302 2.81962769147413
1.53635817447702 2.03766344083252 3.31006409393753
5.59685287838565 1.53837907802887 1.1994537894634
3.01800564203201 2.06394769149698 3.91291894786351
4.01433240276392 7.20779688377515 0.256682283464647
2.07561024174148 2.51188548100629 4.11546425114558
2.42659464215706 3.20228977216321 0.89563802425538
2.74311662819971 2.33912443482143 2.9820683886237
0.875870766608891 5.20139842998541 4.34152652171851
1.71339074746954 2.21213979674375 3.83894309448556
2.24079222599208 4.64256028555893 1.05494464090467
1.77007272831745 3.81136391523174 2.95617381335115
2.00904472396706 2.30028920155232 3.83372241948859
2.7645884762127 3.09330466220034 0.899719696977966
2.80144685184796 2.15787592665027 4.85883527876967
2.26672000295923 0.111974705602412 2.76866776173098
2.00486588504777 6.00200994340279 3.9761972358015
2.21229188004554 3.26563134528642 2.57886346875558
3.71294349167681 4.07341544728144 5.60950150723468
4.79881373224737 1.19841603278077 3.95213973493007
4.32139105417017 2.25875245079678 1.61754104241719
2.30427873835867 3.01191654479186 2.62241972837466
2.7569675973421 5.78341718583743 5.78738761098208
4.29657476272816 7.03377721780888 -0.229449258460916
1.72130928672544 6.53977478082607 2.20576162764892
3.05527788904772 7.32727554515691 5.19325673233031
1.39870029242798 0.351807492135657 2.69377756682381
4.35388748922826 5.25053658426885 6.54563217508294
3.59417617100055 6.17881709503421 4.39821497870641
3.55400244626382 6.60897177571581 6.26128695359258
3.15249849873583 5.94196202090838 0.954569840066592
4.05583686384961 0.89806464482032 3.71527807102002
1.56650440302553 2.60296848663934 4.42780593374224
3.64744331612078 4.09953545491668 5.37452456316212
2.96587363428546 5.3928084931847 4.27050016107704
2.6308163667839 5.54907409815215 5.27912434661925
1.09757143203544 1.33860493081655 3.98532843701835
1.49179842888548 3.89180509969619 3.81599463790536
3.38165751792438 4.70862256590036 5.07043157282851
2.23442168079901 0.0983638379259437 2.82112816483701
2.26926552888792 6.00379039301518 5.84325636066613
4.74843705082485 6.17037061501607 -0.663282742063054
3.46923768417382 5.8364378277901 -0.260479890486826
2.96606151768751 5.67605571632646 2.61996388411224
3.08628023684989 3.26405844576853 0.346256824364123
1.69249297077654 1.52556705350936 3.31347041976732
4.99000303620874 0.343900940464114 2.90773634957531
1.75252256848273 1.05716925758045 2.62534046959343
3.18217329509928 0.703533159844882 3.92268424696892
1.5114951823885 1.33066291756258 3.08091071081898
1.8814172203573 3.59663825254351 2.5828558875087
3.81301373865594 1.8333941835786 2.39026295661523
2.00370572959764 0.333742242372158 2.81729827064512
3.85951183667007 3.99965576271573 6.18638227049475
2.80813033606757 0.562435107556913 1.85052981326618
2.86417331346035 5.31761122295669 6.23366053779972
2.09650971616225 3.33454912522782 2.91185809640743
3.0256960639714 6.89372816666938 0.049998859212678
4.3118311467385 2.50351785903905 0.546217570904931
1.43142738241793 0.95766593454214 2.01671193279315
2.71346722874369 1.90605245347126 4.25966420235099
4.08864727162124 6.73703338824902 0.295379346942408
2.89958199885393 6.83150344211968 -0.112228971700942
2.55660238336064 0.68345989936366 3.33177371298474
4.78762558459488 0.956282137476152 4.85150338462139
3.17248555734103 1.26378512505346 5.03474179033973
2.91540443360822 4.9460459054428 5.60813586901479
4.48412360883833 2.60943928903862 2.75421573326132
4.16482017782447 7.3334958433876 0.52241753120769
5.01583327880099 5.05572893419815 6.25904368764326
1.92175404858704 5.30738683226066 0.642592133147017
1.60882054208445 3.30319686906547 3.65747083889282
3.74020215918697 0.905291753541081 3.85312464380196
2.1486139581541 0.840507342300956 2.50032411314368
3.51436823551126 1.03492778354143 4.29035712919337
3.19286784822849 3.67193542226865 2.16039823821837
3.81478598038913 0.973416678595922 4.20091311883022
2.31228415981034 0.208631586587162 2.0296626457342
3.81600670091776 0.454542095613437 3.35710316582006
3.89391541521328 0.947750803357557 4.03439095036446
3.90074035667193 5.88096918307294 5.58072591440085
3.35500072027548 7.48013488455619 5.79987321400145
3.00386151137062 3.38721966480586 0.334460757577957
4.2958905782547 3.27702744751795 6.54871588626763
3.19339368755209 3.5272957293278 2.01060175827495
3.57532963992576 3.42092917428307 3.15239704588483
3.39181137707664 4.14357112312566 5.74100576532476
2.34571267402512 4.5567016694324 1.47150224083764
3.2770563129392 5.45778967871461 0.568047615674112
2.5207666859092 6.64614561004828 2.5441311747357
3.71665608087089 0.778991160879531 3.06397518885043
2.44996155440631 0.0553653359462372 3.05930154911861
2.43898886471064 2.87469767983018 2.86172214083947
4.83796905631116 2.59668739626903 4.52722100140094
1.68001509726149 5.75400437219594 -0.0199243849844192
5.03930883455945 2.33460102154947 2.36847449769107
2.19369594060949 2.16219586722138 2.93072910526751
2.42925481750389 7.11142708159012 1.0711788203791
3.72516217566744 2.74307590163343 1.8015720086512
3.91480369534709 1.71763295397036 3.40578208963115
2.60839370690152 3.06192149463748 1.53071839453109
2.80816023548688 1.09990262051879 3.06160549006856
3.60683846979436 0.850165534542251 3.98222412211019
2.07825626448221 0.820460720336112 2.52082076402714
3.64584289212043 6.68835224571217 5.54449188311166
2.49189364985136 1.27593357809645 3.69495890761796
2.71926931532462 6.37155174071709 1.17908229217737
3.79820813295346 4.04752590981499 5.97781811618408
3.01724750105873 3.62226025368083 0.795890623417542
2.84878547849404 1.4812039811561 3.68448192046948
2.32733658656205 1.0256753773794 2.59963605937141
1.83067818159815 7.35885043990133 5.8571264171705
4.37149282089454 3.11677705571567 4.78545685495964
2.76631946345686 1.24809323959408 4.10267458419641
2.97397721255687 6.01678791324076 0.0572928900866319
2.42665389424747 0.931455288273022 1.96590954571209
1.58145754476121 3.30061706574864 4.35699912326294
4.41910511458951 2.22594279219734 0.348370331500154
3.14503274870739 3.09411617594197 1.04730107195321
5.56390761025029 1.96936010557137 0.849340072950489
4.88522537204528 0.419160180353361 3.57568939971474
1.45553701150702 5.40044284561066 0.668938961798966
1.78537192935013 6.80015106305708 4.32335762298232
3.55526613616379 3.86218997376233 5.98390596454307
2.46702387485475 4.87297112249536 2.95896695762496
3.62177740414038 4.14545533658099 4.06172949018683
0.76138966283994 4.25478156335609 3.23669281518254
3.06840799736265 6.86396306874689 0.988016674632447
0.380379902998901 4.56653798082887 2.39143167113895
2.2726758059003 1.88529561866696 5.16438119583424
1.92362607842509 5.35376402886632 0.61766757388999
3.13226160998111 6.03089838117154 0.469932549574045
4.02617871822098 3.22444328002223 4.97965276512165
2.20622453888066 5.21577595214301 2.57203918160925
1.63241261902033 5.42484212690829 0.0982613031663471
3.63551503475706 1.71825547555293 3.49483327125419
0.466608818871096 1.12291021476288 2.61805221386977
3.18112008253242 0.771478981493125 2.91514086503325
0.4758937297947 5.07055115077778 3.46444301308429
2.75220898575011 3.27185661625055 0.0773280042965193
2.07534624442524 3.67095451167984 0.987137264099166
4.34086191204313 6.0334246910296 4.01354603308659
1.34336555927147 3.86516011026661 3.83267353012766
1.61338851325329 0.0334910026249702 2.79911257956618
2.08730703511425 6.92680260529385 6.03489039450535
2.20623844217284 7.08856180379289 4.77656308815572
3.87468583934747 0.841479086965936 3.37595669282553
2.93996078748511 6.31691984280176 -0.436551137482764
2.58068526340903 1.26155169435039 3.87151894590952
2.22329954892134 3.35473041643684 1.28422326223455
4.51603822505442 7.39588376973399 5.81882947551379
3.31564581212574 1.32823717544236 4.0083700425052
4.1243939015381 4.95011337814568 0.106729900374895
3.7923364077114 5.21943441711623 0.519089313653508
2.8740053945645 2.84928325078745 0.914006243754566
4.50868615823267 0.697747050779943 4.30571068267565
2.8531865397704 5.27847149475997 5.24824498708858
3.37385180308992 5.18373262394077 -0.252693243952873
1.6987020292029 2.3018354649103 4.84286077140163
2.30283344387157 6.33740118742503 5.14059818381422
1.3272462047391 7.18308302551094 0.0671407911050037
3.60397822852322 4.49802928977469 4.18130964857324
2.96415558005806 6.1451308798294 -0.603402770038438
2.13337515656465 0.611074633962573 2.48957703475588
4.21664864031945 2.47752305320763 0.446516800759115
1.71918671522063 6.67513813232547 2.28595502638448
2.84801755954683 1.13537944619168 2.81232390999854
2.80127023292357 5.28654322844451 6.3861560515826
3.55992778376699 6.12817836609135 3.34518081684049
3.31384450794173 3.80922100720556 4.5917591386422
2.96999019352397 6.52894076269577 -0.0737876748972494
3.71808184445087 6.98723375721218 4.7956786394013
4.21608111769314 4.62532441313268 0.387892738200568
2.17722783720874 1.89291108856829 4.15989753622929
2.89204606205626 1.98123010989092 3.72229804908679
3.30956936034633 6.38772188823896 0.887187996533581
2.93734816283879 5.49008448147052 4.9622003646403
4.98705065709123 1.58319624230553 1.0105245749736
1.97353469077088 5.53182009469812 1.53106787355739
3.09369936252405 4.24922511214441 5.46944902116431
1.87876688987335 4.01860144257334 1.74238508841419
1.73560037922046 2.37339774970315 3.82134658854169
2.5013815164945 6.21806738607276 5.08912165112817
2.42855213637261 6.88779724417077 3.07212026065843
3.42407729626049 3.85426809137656 4.60803229787169
3.61256883412329 3.53565143410568 4.61853543550117
3.5333088394389 3.72499581128757 5.9303901210962
2.67861579919344 5.09270334185124 5.01442009048234
3.49086955769423 5.91113327933017 -0.515560527186843
5.35000669251726 6.33981394961472 5.41788324759625
1.97852843172368 5.47224324668132 1.78415150307766
2.9826690214946 4.20046596184898 5.00344828646528
1.90468712511409 6.41662273036956 3.87240084882666
3.75209337505975 2.43028545092894 1.3036304703572
3.6377317805344 7.3650998522303 2.11536853119059
3.92863969785193 6.81416668619374 1.19707157429589
3.79681911464064 1.94423140574285 1.99726696084278
5.05059291395617 2.63157603545965 4.65471538742148
2.82451289073625 0.23643883832067 2.72719496085864
1.29375266840322 1.71217615070483 3.09094923215681
1.79882856352141 2.23040660083289 3.08398780961767
5.12600010353638 7.10668783524786 1.01693073271313
3.463771073143 1.69524214264156 3.78309479827155
1.16360376568851 1.32358009727269 2.44677277260781
2.15221721465225 5.01406942263091 0.269597057907383
3.22565579183661 5.05665211582216 3.93515095267452
2.33361777477523 1.62966010650695 4.64101502100343
4.95796592543978 3.42108936280909 1.96040272590493
4.01928618657226 7.07070806512165 -0.389788300955775
5.07180729152564 6.61497299252837 6.12614890864207
3.84960198373884 4.72100069765613 0.32724739643463
3.18524121430679 7.45971782721593 5.72314955001986
3.3285209627155 2.27214828542108 2.67659313842169
3.343316964813 6.80972614272441 5.97917893321015
3.10807312789448 1.60418521268947 4.26096922850875
3.33780172578131 2.05153689752688 3.81728265308385
1.67115568898452 0.625763199862724 3.85178203119628
1.8521332954263 2.93040893995837 4.53423090110542
1.97732705470886 2.73594549919805 4.87234196458378
3.52121106994772 1.54327054227943 4.46175908306933
3.14232593642398 1.49589951696234 3.93863738200714
2.71928866962516 0.451877168970465 3.26766930091832
4.91298283183917 1.79618999373058 0.460329521662944
3.05161494810303 5.3089163476092 3.78602475089895
2.89103067255152 6.38284980220867 -0.440971039198276
2.52480404991738 4.50503259072676 1.44886623303452
3.09199240289661 1.70736123884164 3.39564373854337
3.88464033929382 2.52641079510985 0.796883110754218
2.61408792799373 0.745413686557384 3.7709556890259
2.44179287348661 1.99586917849655 5.49761876833783
2.32337108369372 6.97192412243081 4.24859174468856
4.80759964133084 1.45813016270736 3.38854094058484
3.24016567485619 4.08500527348377 5.73057525363707
3.04252335973785 6.61059181178436 -0.268693356496053
1.2367507211853 6.10160055287963 1.22986659822977
3.76446333008568 3.5711380532134 6.00389190162687
2.96871820463194 2.15056570671055 3.52352270146172
2.6457411082148 2.64755819740605 2.6862773371362
3.52607713109552 0.364969906247329 3.63685432391018
4.20225279711771 6.29166414390046 2.41186448977125
4.80699980769232 4.76244382773286 6.69651182611295
3.97905796040041 6.36241001554373 6.1092986740973
3.57407495700615 6.10928668089876 3.85163952742494
4.08564183785428 2.59470323234342 0.518767048527149
4.63899973778748 3.68250871149996 1.82241762258319
3.22663863812789 5.18573096005737 3.63227489659865
3.00887459837442 7.16367716642355 2.37290734851634
3.36387620807007 0.0540725732415455 2.69611751671991
3.7066209496947 0.90496111075801 3.82913599055221
2.75995007673634 7.28024262989842 1.40015855374888
2.3830314060956 3.88769795336778 -0.353885564167392
3.56311720627277 2.91068706319104 0.174323459327176
3.43235896751047 4.80339420937869 4.2106934169624
3.1121693348863 5.55044538203747 0.366487223361427
4.52394457244453 0.974804549320894 4.27193487539403
3.47217326119173 5.16610735687227 0.609578049254312
1.93101401403311 1.3571802931867 4.15190206838914
2.22815551035795 6.75787081414126 5.8672295402946
5.38516723617755 0.34906011081782 3.12744739559842
2.07759514456395 4.11688920784587 0.165138168891464
3.1631567828606 5.90042341160563 1.27394671908846
1.62936631468375 7.1954257775065 2.87183986074649
4.07214389402661 5.42627554063772 4.49328767544835
4.41157935150343 0.395280501642939 3.06409429999017
3.43841612806349 3.82454829190388 5.7924901185107
1.75450726863044 5.66149087130322 1.13083594467348
2.47849772093204 4.99611948300465 4.47353057738036
1.90607795889823 5.24633933001548 0.600846354633498
3.39939198035896 5.08577461342022 1.23114079465425
2.94126180993788 1.32105366690699 4.29423307250824
4.1460291206439 6.0543469839395 6.4060968154653
2.54352942637855 4.62515759456139 2.47799741681655
3.21372783517262 3.63252419462606 3.47474974433621
3.56185245320109 4.17184431289384 5.54190141784722
3.23351318717976 0.380136214599263 2.10826797486215
2.03429138860974 0.870449484837867 2.6167733891433
3.28461914614957 4.90191455529056 4.63381905471685
2.3277311147368 7.47780816695972 0.205763299829691
2.25568262924944 0.777025910386964 2.53357274597012
3.57704698984855 3.92949886663 6.21092674152554
4.4164198720296 1.45540091476785 3.64629588998557
4.45772109128706 6.94626629392187 1.70539953312352
2.88220715311776 0.185172081463819 3.21859223594653
4.33759888515222 0.530680919853798 3.59110286959223
2.9780261222322 6.836261450791 0.209927229600189
1.8993461330831 2.49545541873205 4.12537509577201
2.56870094521407 4.41956982899067 2.03521885590504
2.66508887103108 3.29588577506047 0.394678506526191
5.46933816712473 4.94019929694863 0.745640160801851
3.32108435935459 6.39240900087872 0.886326733640994
2.80488599738531 4.45417194375467 4.19942389264781
3.40172161237254 3.39603088305222 1.14826783846709
4.12179356111231 0.447893453692587 2.54712611157257
1.75112271227842 0.853836720720631 3.40294008889706
2.85946994426901 5.93103196272398 2.02174298821588
2.18389256304771 2.92297721956142 3.63282017321082
1.51176559126884 2.11656604611104 3.58101307608978
0.444413989922799 7.40743973287344 4.17632214782182
1.91376409537383 1.13907392400677 3.1332689864871
1.90298240274194 6.81640124891274 4.89622525903091
2.99016388225984 6.4677282245626 -0.183299071676676
2.42294241107071 6.55329634725421 5.04582010831087
3.56904338203669 0.00990296364322951 3.28277062282781
3.93323029970195 5.61185329182625 4.87949422325171
4.12197659709174 7.36522988949755 0.765819304743047
2.69076797627765 4.21586600498005 1.62893691186682
5.36619549576223 0.568594973466098 4.10786140172664
4.09593008733938 2.54668700428005 2.06828503553084
4.31764947691894 2.77702128882853 2.47167702617246
1.68139291787112 3.82681681838622 3.19196829275917
3.48100035516244 1.54913950193826 3.65722518038708
3.42354150943806 5.92224574646161 -0.0665042725957883
2.07604384455414 4.39892962402081 -0.208034058176248
2.66197697621583 0.570374492697416 2.836203837172
2.03744099140444 0.348167836597143 2.46990544756495
2.30435167350373 2.04590320309443 3.7914025413811
2.55484430505952 1.57763475966662 4.39169805726863
3.68877399373362 2.51455606721013 -0.16377459693687
2.52729176110877 6.28457951813782 5.34459044616111
2.47958586019848 2.87813668775774 2.02183912797931
2.5884760179492 5.25433599841326 5.57666098318738
2.76385027616288 4.61131400629183 4.28655143215756
2.93143090633344 4.39785745587418 4.60781264240985
3.66352996712444 2.64334235233481 1.06195764863031
2.19909812033624 4.99768054746469 1.36424167711126
3.1870314116688 2.68881750208091 0.7955914790062
4.35232959010259 2.78749084329637 2.95578984182643
1.71925320363815 4.24502256407854 2.00074670471118
4.03413230831054 4.74202450003121 -0.143061733295233
2.34767323513677 2.19509867651074 3.46519678013273
3.88305365342418 6.32160615797838 5.64207204493798
1.97184030489442 3.2031458811312 3.37287237270229
2.75446213376157 0.620445303179544 3.27404826754701
2.70702858578111 4.12159730236549 1.00560452800218
3.3752988201075 1.83189465847192 3.94238557868766
0.717641534261929 2.450703598336 3.03034814812723
2.68835777299982 0.730494830456755 3.08926555956427
3.25239098878094 2.39185748819176 1.1294584012365
2.82764948927726 3.73412866648024 1.05268393395739
1.61456966162305 0.405560616773293 2.00242215584455
2.72071906999352 5.61193602123194 6.15490973877811
3.50671811692604 1.22509797177046 4.07628859471304
3.73628385811636 1.66576123875542 4.19634445852217
3.86056097350639 0.49213285405222 3.86016112614613
3.59754329893554 0.0970611162115329 2.88879307553997
1.5028306396895 1.45048839782942 2.95198127648847
4.01883609166283 3.5730470154325 5.85201492927078
3.53426646065661 6.69706075278828 6.21352998943018
2.26919852312085 1.63984928639082 3.46080951703465
2.47344743892858 0.88002042226464 3.23040698224842
4.26704367818732 5.57734297411253 5.94854235897651
1.6565468020657 4.73794657153956 1.38637046267752
4.11546590157926 5.43623763302861 6.05226062038951
2.02059727015221 6.14897481751571 3.52331135306345
2.91533812561531 3.17013919173591 -0.615327194848063
2.55246023983919 2.95635729156096 1.77666113873223
2.26459864257521 4.86745295281037 0.94830124493372
1.36642098996646 6.86842068181633 0.975096070996119
2.3525539783051 3.0544694047974 2.77299577857816
2.25428509807883 1.30654966611353 3.20754180932436
3.75296794190341 3.68830390452541 5.77507725433133
3.35103108453398 5.89294880095756 -0.309132293052184
2.61708322480896 6.47591117783901 2.59594279158525
0.950794311328417 2.53110043330917 3.64753565313448
2.21241899690241 5.39058470117513 3.53039748138852
2.74598284449123 7.46932358678389 -0.525861669591386
3.02686145403302 6.99518583028022 1.42517961985059
0.893807792711518 4.54591724325265 3.71026541185377
2.72614986623795 7.09074997239344 -0.606028763833042
2.15487560371985 0.913391482401149 3.64224058254695
2.85248496343957 6.89304259396243 0.33769759586462
3.58691536953258 6.35517876550928 6.36335241313148
3.33863897549125 1.35172551632188 2.85844397667927
2.76503423246032 1.95334151875908 4.44544372488567
1.64731077205314 1.16166442342486 3.58531790730139
1.68882628029529 4.33923511838906 1.92556444008652
3.4352624535698 3.91852524526012 6.09055064503847
4.69496799445542 5.73717268574382 0.456339576986105
4.21268119047973 0.457615539195817 2.95843968018663
2.40343266706346 5.03140820836683 3.10187385710206
2.63389569664015 2.73635529592559 2.30239433398121
3.4438573895526 1.78189622085767 3.56946712460073
4.10920019453561 2.27386823797318 0.22621784217061
1.92217789392459 2.62550077849294 4.82026174531142
0.585487385681646 3.33607918496324 3.41464114635538
4.2216326591506 1.07897361262193 4.56065706288687
3.55434432573387 4.83048742527371 0.665231055386744
2.34331814887127 2.83038859415709 3.02292271538469
1.29682023415723 0.952887196446223 3.03616808019046
3.04406481564277 5.17001955467075 5.56376947076154
5.17395251191554 6.67845773152087 6.8159231210507
3.98882839745866 7.08205144712852 -0.351446150849664
3.88465051567279 0.934692284622213 4.13868849551444
1.89699506369168 5.52685490138391 0.597996949050444
1.16254835082481 5.28912032197783 4.62223507340631
3.16187115951175 6.75081407627867 1.50832081638741
3.85024271683008 0.752738597845873 3.05450662373199
4.08608656302236 4.98750023944227 -0.336826378207607
4.53283293434884 5.09429128795795 5.39733729531252
4.04692095225449 6.78490061206115 -0.293113950685234
3.10757374525409 4.04008091317899 4.90440475742069
2.4038281797013 0.51695451210547 2.71666458103059
1.94957287347589 0.784152128040741 2.399962055337
3.27305746839831 6.70957801810354 4.45999937110323
1.94656802498896 0.64020980229053 3.34627067117182
3.33407157970481 5.84599496344264 0.301133026984153
3.59970669765242 6.97296131449086 6.46335471385944
5.20363098621131 1.08571327620619 3.18401649224743
3.6205831462006 4.35795200593423 5.37585896095027
4.23973246633826 5.68335851860447 6.16335933418327
3.37753337412392 1.74369795990974 3.77226261260452
5.20670721119578 7.46623721914611 0.420093811117112
1.81937445252488 1.3426602995572 2.60509282022493
2.18518559756925 0.606345470893495 2.86752197086075
2.44723576916528 0.413148256594654 1.80021979044188
3.42789137654266 4.76770709029683 4.03550061699928
4.96359621413865 7.23130602147363 4.20370777968397
2.98670959018193 2.09057469827543 3.62116942087977
3.1712040889144 6.47847976673186 -0.0372873716555475
0.792371147015511 2.29976085474136 2.87394199820633
2.54942755516275 0.933721200413884 3.16223896731329
3.60817387431591 3.9331255932934 5.73621012738098
2.06669763723655 1.61387206943837 4.07485753288795
3.10627557613817 0.502793595198692 3.16886780746129
2.72477110978315 3.59438122242742 0.0554625718087832
4.99734010733343 3.2151706527671 5.54961208927542
3.89510898258162 6.60358500737721 4.96538564137865
2.84658440302208 0.0462076650259338 2.70096552943384
3.24336564558643 5.71618012867985 -0.042337456938226
2.5951750359561 1.28046122138941 4.59705102559836
2.52819560021387 4.45172011287576 1.8965606825232
3.94821061648224 1.88110541661607 1.26618102725286
1.23050564108563 5.39441402601239 3.18308236092796
2.81254377001758 1.95430285458852 4.03767543623848
3.09274610797563 2.49878612523309 1.85172080711258
3.0816489881254 3.94173328979845 4.05580037199644
4.89536272969695 2.13774828777151 0.663661948210376
4.45035329376765 2.46298974026834 1.32092571933884
2.860708885885 5.85327619351031 4.42318253071696
2.84421425972867 1.31017975922539 3.51929497605943
3.37665455406614 2.36256061995639 1.54292728920218
3.37412587340266 0.958836285730218 2.99090148325774
2.66880662832055 1.49365368767126 3.82610484517443
3.89264064279165 2.76137224622062 1.00964923413797
3.37208415009982 6.4764796800883 3.95890990543006
4.37552124436029 6.50594112472865 -0.295718968265187
3.97505079984535 0.923748090403174 4.40550914851694
3.53444037255715 0.83882456730925 3.4414298152905
2.89551139111071 1.06291449231001 3.19483964224329
2.42340535157342 4.66623719567912 1.18724209213471
3.11340905349976 6.69413981502809 1.12584071304894
2.41296879029431 3.70263722280544 -0.234367544568077
2.27358945357954 1.54144389585334 3.80703544643952
4.93456632327935 2.54002956332161 4.72406296645796
3.21331177951955 1.69304245506484 4.50878660968957
4.30687415126038 2.96142878532181 4.85063359709341
4.19332923211486 5.57446090245028 7.02749077743827
2.80189155530962 2.20301905922606 4.2012313154866
3.88977311466186 6.50199782357641 5.00216176013546
1.92872514577341 3.99557113689593 1.34802446314693
4.76038865517957 0.0460394299188973 2.18773439883018
3.91009103432777 4.20449024801363 4.35527117478641
1.09623637280919 1.76278068588968 3.0835994459294
3.7197434783471 3.5806871657712 5.86058830196564
2.69194747271476 4.46639341273389 1.66137393767975
3.55468737526425 6.12415908271784 3.03340162358689
3.36384541376646 5.65834781079408 0.311384922149857
4.14013097119627 0.748521351977065 4.36410306500548
4.01742166568523 1.89191119573329 1.62129145895603
3.97743878223614 5.57511018313699 4.32002977655524
3.7958884349117 4.59522785792714 1.38494219467265
2.58681355194382 2.59514880177787 2.67177353767584
4.00311810574087 0.84010917944396 3.55114888465556
1.99573970596597 6.83869105897141 5.38897029115678
4.31892948611855 0.00467128596216426 3.10648799565838
1.54743241335814 0.179880781662029 3.05366188231097
2.69401062710284 2.06769043365579 3.99244494093566
2.9549259838799 5.36284272198846 4.52960421054129
3.40095522972942 3.65326205173319 3.74856269601427
2.72825410193303 5.53295242585324 5.51365919792075
0.99542527040713 1.77835090313422 3.48782336523126
4.16715976032503 5.62117478327865 6.09073249387763
3.02814708302587 4.20269572028816 4.25189888296531
4.77668854934365 2.76421002920036 5.08633269075829
3.99190811497763 1.79803990827525 2.51291880586617
1.78995699939411 4.35809692989853 1.3789457147372
2.31572362378996 1.51115347552534 4.10558000581188
6.55084448687492 4.51807167498824 -0.443577908938628
4.89340073873455 7.16705555143097 6.34425127732461
3.67677158275048 5.73313624860167 0.984396360592668
3.95433957583867 2.15556519308761 0.261472156461038
4.78538418051224 6.20042016600424 -0.636190230216759
4.62850047716555 3.83360823990557 0.67599587956431
3.04718203857131 3.05014282986718 0.836382596847692
1.34024775574949 4.53083504234233 4.34394963353595
3.83822051356799 3.44551862078931 5.42865448468902
3.09496264836038 6.39411733993068 -0.250969290242002
1.88560310506263 7.3125191665298 5.68270532049914
3.29483839906476 5.72338707901553 1.83107260600472
3.14205840644454 4.29736604548911 5.20810767882907
2.86027162011728 2.18127909540664 3.77369814663231
2.76280258522741 2.85595391519185 1.75002139426768
3.44715995678888 1.20807146535191 4.09750936529724
4.39745117626622 4.5038318288563 0.551418517998741
2.22619376768287 5.84883928446198 4.48164299181449
0.222786511062037 3.86576306635665 3.42344308430074
3.36101373499377 0.787427763374587 4.43197573559322
4.35168723152276 2.01375601403823 1.2351862431234
3.34478445498207 0.973811007154392 3.84070209003762
2.09077527462744 7.41372092307532 5.22814590815748
3.31430512879453 0.448505484892168 2.92916535055202
2.32746953058971 3.83994607900134 1.39735142010144
3.25908210547707 5.63553871560579 0.940110360984155
1.69206176239124 0.24775274197653 3.56251695089609
3.75877331504162 0.554456737716253 2.8456186666773
4.2553821738115 1.85987813948784 1.43911529433567
2.55857754993492 6.85072147382656 0.175409759930824
2.76227779336248 0.789232173060907 3.19199874706875
2.70084785387735 0.964734411820799 2.6099448937077
4.77468298757239 5.92660734145184 -0.998521555085787
2.55525185334887 4.05892573452936 0.791458485971954
3.66746755372379 3.38305823617316 3.68027523929838
4.79010389631956 1.57245840414644 1.16682821669465
3.69565297497482 2.90207390670759 0.743173863205991
2.85704318151078 0.936548112566245 3.38465476980757
1.49024642321421 5.94030751927965 0.181237216734857
3.42253481741578 5.93027732755885 0.130043988471161
3.56054187071223 1.21097654021943 4.32968427381964
3.31137107384939 6.56155332308336 3.80029703264587
3.90502454903267 2.88000931436409 1.10586137887675
4.79638053623659 1.31080760482045 3.59559214207659
1.74694502293999 0.288901543710456 3.03026532026445
4.35419511820094 6.15027651882936 1.22433008430679
2.08990628459197 6.82851835272161 5.34215742045341
2.85485419795341 3.30939864230423 1.14773514275989
2.69569538085877 2.2488018791564 4.73245425421185
3.30439822664247 1.91289833129532 3.47384915987179
4.37104268932368 1.61665340556785 2.36483927333974
2.91031291071213 4.26939567586357 4.67788283904057
2.42839786175201 1.67935518519961 4.64320409545001
3.18088088177838 2.30267170659755 2.68700028526421
1.90730668812019 0.773255300620588 3.05881529336215
3.96719805443674 6.86141028974187 0.84684616256343
3.57304250849619 7.32478142837774 4.46117704736066
2.68773567540389 2.99959830750316 2.59354777059605
4.34877069752934 1.52564132686209 3.82298758096797
1.65440955378832 2.92247092102778 4.46132933057738
3.51923307208807 4.92110629727507 1.00388077066374
2.50326459720406 4.73850199714566 2.14883951642312
3.51297625889023 4.80124782057572 2.24674626059811
4.01483016964046 3.73644490182212 5.73997868374899
3.92865367232214 2.67770164494043 0.598358142873318
2.83887721840186 6.80274135294622 0.28664794267172
2.87435415373082 0.0258981872108208 2.93676206930657
4.40888656720592 0.0788367854284715 2.67787604901708
3.3158853708138 2.35290415716172 0.590322400891504
4.17683913737649 0.759949422556182 2.84224271593189
3.05423693763966 6.64449009956511 0.285808513622202
2.02982690633446 2.40480489547759 3.95894494252613
3.62020314077708 5.38563391524194 0.136611390922259
2.60494329677012 5.92201661911248 5.46062564792592
2.57543184685261 5.56067092590044 5.93953807008403
2.37553624102594 4.03942456775137 0.229126486827235
2.47335627048466 2.17543738033489 4.0022402577792
1.92518322497199 5.75337092196129 1.38167081447765
3.34696375745158 0.892903341674477 3.77245252489112
1.9654546261995 4.62392723900827 0.405966691617008
1.15261671618749 5.81915093997556 2.56571179413416
4.19673003512374 2.16565648524637 1.21700519366292
2.71167139562413 4.23795321099391 2.94325320187512
2.78150691155237 6.79071849379444 -0.55636809653256
4.14084906556088 3.11554247078683 4.44124032004402
3.60500629253916 1.42220016144079 3.96544182964427
1.41685504925787 6.76985929312823 -0.481242698597433
3.3343037228353 2.89636018546314 0.426756893907901
2.88680717376952 0.806325171837504 3.69906756880721
3.02927850343477 3.85876671102587 2.57679344369609
3.68774361540661 3.54196893988676 4.99268153188996
2.89438756865942 2.05535183419392 4.49364552423473
3.84399177633983 7.43313242878251 -0.0827909209327799
4.21391128327684 4.84227322214942 -0.595557780994106
3.12040983709705 3.35395764385076 -0.173873804822889
3.29693579560896 3.51696231765754 1.43431695008362
2.41621915106463 3.67534207858213 0.689024682711613
4.54307978672249 6.59971490977058 -0.829196986767213
2.96916234512598 6.74932853854636 -0.323182654713656
3.01748641489886 2.90281818590574 1.93674840618631
4.70238786000583 6.61773777976895 1.45377391995327
0.16804566063397 7.11535536241135 1.70725228947687
2.32412566950486 7.49871833731947 1.33835713370823
3.54103602791774 0.354372519126499 2.39801426210196
2.25464462737506 5.2084276178512 2.68152353792482
4.85936807582746 2.82064119930376 5.17117155689975
2.64855386595801 0.80470401708058 2.98814283697603
3.599252059799 0.821869296803992 3.51560322062884
3.54637203510743 5.74052019487874 -0.215479488895002
2.71231358622353 4.16806586079652 2.16578092974021
4.25062338222826 0.121239930961189 2.64195594984879
3.55952296087926 2.03055977909952 2.45999597455455
3.87673617469168 3.99615238314014 5.77503016713027
1.5752653440691 7.3769509540227 2.31662775917985
3.22168741108151 6.04119164001243 -0.964383874792868
3.58319666915145 6.80439308078571 6.36060105580653
2.28687444720453 5.37085274930481 3.93128051772946
5.38486069106941 4.53142273464468 5.22341883598279
1.19542646815935 3.42894793103099 4.0286859733055
4.16198874952301 3.80766373737693 5.65187759465448
4.02997338389573 5.52641076509014 5.53945115300183
1.7687446727288 0.215134184289181 3.05620413744991
4.75526387243976 7.04640115117385 6.81394027880464
4.41172422878173 3.40114174481373 6.09987841778816
0.720771162470641 5.57257687453523 5.33788973943262
3.32804111318497 6.55582579085371 3.85318458570255
2.23044413280668 5.40948140337323 3.45894549321476
2.54264279409936 3.02157158756007 1.21721245897134
5.42490017334271 2.74302321881841 5.64532737676413
2.47090530033654 0.344765580076059 3.429922059491
2.81467795007685 0.404105338800828 3.46684098277951
3.18383585852007 1.84174211779489 3.14813126646701
3.68958608594301 6.63344039304538 5.40446435193823
2.75495841367556 5.45928206361261 5.76048479975045
3.03473432214373 2.00848378559842 3.54999573452704
2.41842324548705 2.28868409438819 3.95038808640176
3.97631978297881 1.58166823823265 3.47836451036143
3.91251605997472 6.81614296982979 1.81314997375439
3.32285491945854 5.13306966916255 2.56444699397052
4.52212464052528 4.86215015339857 3.82141263875807
2.92970997257619 3.92962323104599 2.26315750248459
3.26968852991745 4.34345746742218 5.62776130255597
2.18837492279544 6.12921488515009 5.19306268747284
1.91711166053585 0.918754499159244 2.4313630603201
3.19128289968175 4.39293279491744 5.83116743509991
4.41682249010144 6.26275228951243 -0.537554785846498
1.34685328817448 0.392171858965291 2.11500515163864
4.6304335280991 2.2572474084931 0.848237846128089
4.65921924674717 4.06550207128731 -0.423236917844026
3.18330633227428 5.27974802597213 2.26395985534284
3.90944495222663 5.61600523434265 4.19332748878083
3.5508120795445 6.34233672507619 6.02549793383844
3.57430431183518 1.66988089702521 3.60961728991983
2.76141271821038 3.58873575435695 1.26501262824777
2.69533379891419 0.376788980995467 3.40622796075992
1.14006944593943 2.0651007255555 3.09952773032587
4.72800799773965 4.20495541002861 0.444937118560898
5.15768442787707 1.17480589648121 3.89133080677193
3.52174593237599 1.83817775158459 2.85877207826466
1.5049898184306 6.2853158336559 0.38817681216001
4.60997271459464 3.76462888994064 1.08172223557278
1.8006336444913 3.41481002886762 3.90030533210621
2.12535956751781 1.34507058990271 3.67831395002655
2.40060224690827 5.20720823192705 4.50583277951583
4.40369253992994 0.516585955260431 3.13544000720685
3.04430278847166 1.32967473567714 4.13046144339686
2.99742801105201 0.247993635511412 2.75563267211201
3.92825842487162 1.51361071599597 3.8959894528226
1.32099578364047 2.20246983593412 3.51554714174367
2.30475192780291 1.3960457101234 3.40812182291288
3.11262524306062 2.58637629387329 2.06681312580457
3.44279099987265 3.59636640630062 3.9512091310908
3.77103605759735 3.69666731936778 5.33609549037718
5.62874505883313 3.12635235731594 0.226471065288312
1.90399499030714 6.57968966358152 4.63629778920702
2.95606050851105 5.90302118992792 0.836189161103973
3.74153244184445 0.321312941197222 2.26402040264342
3.25441527550447 4.54345368642136 5.81589084816344
2.97200371153159 2.05294663503037 3.85059733093745
3.31780048347154 1.65156819727277 4.51051101726818
1.6976644726172 2.5955636793512 4.33115627451109
1.97094128525892 4.40884439786817 0.985864811888817
4.04479942748952 0.912951150943287 2.88136682883861
1.8753314017938 6.9007043142871 5.39034620914501
1.62712417281879 4.73884836854661 1.80993448664207
2.22334973047499 2.00011355741026 4.55470430937234
2.5213656088948 2.876623955572 2.72928505454162
2.91600101120935 0.384035262484278 2.05557618743318
2.49649451385887 4.58710206189153 1.57714229401656
3.6339262148547 7.19627594867976 3.98990682744641
2.86559762279239 7.06923174077751 0.179151826933398
3.94182055221814 7.40257544807461 -0.722774205259915
2.61140488606287 1.55368829886142 3.93068136940195
2.88884846490248 5.28042798511297 4.31960799268834
4.53592127476573 1.04253133352401 4.79373425129174
1.63476976253085 4.18102989732539 3.82353220702267
2.84078004894179 5.51291496714072 5.82439994114737
3.23717963044791 2.63642518333859 0.582005531467764
2.68037298536903 6.90028382760021 0.0700516514004947
1.20878751527757 7.14709727518084 0.739543755409672
2.37030982496951 1.84897220108604 4.31046149910699
3.66206267390113 4.80750293267411 -0.0593731555813861
2.99268455013184 7.31851707659962 4.26145908006797
1.36825242969255 5.33789875810004 1.78648525085019
2.03435973551456 6.82335748297762 6.25962713758665
3.25331972075457 0.33633730108959 2.82279530850293
2.07025625641738 6.70865098639807 5.25526451092057
2.72866316086298 5.13141145827697 5.00213384432241
4.42258145213906 7.21332844138237 6.0196321421026
1.90010673154452 7.18204184918781 5.01144387869781
3.62379316308349 0.104362376968322 3.0763880318689
2.85799194903147 3.56490965984489 0.595914696110983
2.79100635693606 6.63377090556362 -0.638636287634359
3.8958826274314 5.66771010579292 5.11300829100153
3.23816043010735 5.09486443353512 3.32113563556715
3.10967353455237 2.08509073988512 3.18134847486174
3.18350427498738 2.79816459563504 1.04230417992886
2.77498225573898 1.15554095584691 4.23631504288775
3.31467091821501 4.88917027862634 4.47296266423488
4.07776225011794 7.41979094762081 1.004586358083
3.84242508486148 0.861562167309003 3.92874036845249
2.86046070987821 5.22634447445502 6.31239395805737
3.33115823969743 2.17554385631082 2.51537417781052
3.71693327142462 2.2258686876943 0.950004184925274
2.41030135007154 5.3186597951417 4.52637792655085
3.15159425581339 4.33593553839266 5.16108094762922
3.13835466124271 0.291769167974087 3.48217288972148
3.1714792362721 6.93310217508987 4.56049151388419
2.81056829121016 3.38998712525564 0.0213193748297495
3.33210284515848 0.286911406927994 2.35728335602577
2.24572471266788 5.55260997742036 3.84100952531616
2.04339354180819 3.68226254445866 1.85389704666675
2.02675297441716 2.21304436187697 4.00124453402746
3.26722499933362 4.82035783544946 4.56820090357001
3.78268328681892 1.80017188770097 2.28395545238126
3.43934701442187 3.76716409319598 4.82408910808017
3.27023481819651 3.91443818687612 6.43264873609032
3.19261534031398 2.19694633198394 2.75860958590617
2.48167406901503 2.4483017433809 4.01848176282911
2.66593243752533 0.310935439304437 3.14168730515724
5.42505421011814 3.48194143552403 0.220252184214599
2.88384490263264 4.6919545913904 5.93421799878279
2.33781108293029 0.683210682380457 2.7716586148766
3.73870323261793 6.26622599191472 6.47687596260931
2.11912548464987 3.29196811304729 2.53250058304541
4.09736029789645 0.828139674504321 3.87438791908258
1.05798418943882 2.34290882421588 2.66545831701853
3.38007238241342 7.1314596246184 6.243450251648
3.57527535238752 7.01356824495873 5.48456408310286
1.09588424507722 1.99562295062396 2.93378773625973
2.9739231939288 5.05074603983352 5.33346142358844
2.66486622387986 1.57402387734896 3.47688782061226
3.17639298426715 6.86691901316999 3.23559884866369
4.69859795743704 3.30267013481524 5.74169622691347
2.29619842606417 4.7069438235116 0.82895734307344
0.491243236811598 6.99332744542562 4.72553307082178
3.75516135535416 2.4555780453761 1.44472045171654
1.89602072826955 4.41561065968874 0.425061368003001
3.33457669516258 0.688367979161816 3.49830109889175
3.04948590693592 4.13769763117684 4.95902473367168
2.87597561393991 1.48636197772038 3.02184546236034
2.99691029492019 6.843270801619 0.838095337445028
1.43510951812406 7.19178365811748 0.621282219725148
2.50582334378376 0.0697658025796244 3.36064143601157
2.85390590078999 1.91886831085629 5.06138093794273
4.43338200040898 0.371274015357141 2.30623010280222
2.25582493566921 6.56258928667384 5.32639823915223
1.16179445205526 3.76819803838606 4.60630552611219
3.9544696848973 4.582067261811 0.588994526961705
2.90145125705327 2.80118996319499 0.688308927477948
3.4399704509408 7.06094405462403 5.40796176770878
2.56480456961185 5.25931225713401 6.10353910275894
2.96473009310873 3.43451954245931 0.95785558391435
2.25301768053633 1.01197589453792 3.02979473412951
3.1362739880593 2.8010560288377 0.7217577341159
2.5044642640079 0.363374196169958 2.84411195671415
2.06581367517689 5.36315478871013 0.829192127060049
1.82740377797206 0.983969579572879 2.79486902573717
3.20607890103073 6.30424677342053 -0.659905035356146
0.413030575765764 2.60504902355015 3.71107661637502
2.39677041422859 5.44778849251274 5.03417072037587
3.7087197845903 6.07559330338011 5.31494577636685
3.37417445798483 0.712427548804871 3.42077655015021
3.60135350836388 4.69558516741114 2.40503668761803
2.45991856635165 2.84502201834595 2.2996088562196
2.52292787502864 4.25339171393671 0.415770531645809
2.87695647653672 1.80559054225586 4.44425945393477
4.17613312655031 0.534303344474727 2.60911991910464
3.96048008269995 4.90151460743492 0.425059647267588
3.20624623038866 4.37115066444058 5.96804164146394
1.95491184297991 4.10857866205683 1.03575497995686
2.14837150697967 6.0687430803771 4.85054848331135
3.580318279976 0.677780646491868 2.73660486130712
2.17893448858739 5.42080598058 2.69981595361762
3.46977969656203 1.89342677590909 3.88499731804947
2.88875929754414 4.33684746551484 4.05318900388619
1.95851449814402 0.569454693147493 3.25352044466423
4.37387481147298 1.40162410857182 4.37774543466266
4.81077598952013 0.0883984544351382 3.28952779683885
3.78013600394936 4.57404919751474 1.46087957515655
1.12714418968426 1.60292121028028 1.71661317813269
3.59334211330228 4.39661666229826 5.07917913440932
3.40391945621428 6.45635192932243 4.88388343170755
3.89973399784394 5.67175591686863 5.02055111281952
3.32337940870876 0.723848621702949 3.63745676470773
2.08871541030699 0.038112639573523 3.55090800971839
3.82493554926588 6.20019024727238 6.77095600749621
2.31275646098032 2.02524760694769 4.20086570300614
2.62026727455095 6.35251361532108 2.98608289706498
3.70513543500999 2.28888747752189 0.636553453479691
2.27908770322039 6.34929792991972 5.17240087254677
0.734333153762337 3.78474508168256 3.63597217651897
2.97102472839219 4.21960014909396 4.44847544315352
3.61703462972595 5.14213611528416 -0.280518380240411
3.23314158993732 2.83361024867113 0.746470660963911
3.34522285387522 0.0907229979629847 3.17263371657497
2.70252251199327 0.133308340647198 3.24803334271879
2.56423996715356 1.89690986888274 4.72161510377025
2.20656269330149 7.0862716527168 6.28556837070914
3.71209072532677 6.85872597187692 4.37248483078869
4.80466452786254 4.90917655145419 5.59950700974708
1.04310306992649 5.6011968011623 4.23751240293704
3.68643459822505 4.44058482293224 4.25526492665247
3.27516607302707 0.400201032297597 2.9513783296243
0.59058712120852 2.86943106605191 3.16534446221209
2.2612745696725 3.91401106956264 1.53484844235581
3.36806189056174 2.3074441593126 1.82520375175532
2.86610031222125 4.41033795485166 5.26267530460482
2.12425004152794 4.32900030483631 0.954111022140692
2.08238917255476 2.68407022303263 4.05559465174648
3.22781499533853 2.89585491932287 1.04861928071116
1.79172124055139 3.24668380615268 4.14374054134387
2.69930453684696 3.60191444940957 1.27443749897096
5.72721402175566 4.30708947206849 6.36904494872135
2.35899495851165 6.07509247457261 5.90761278895488
3.25366717709516 1.91248749108818 3.11665927341847
1.83191094182818 2.09618908539655 3.99810524327916
2.19566236544095 0.275209997211067 2.70924237330448
3.24735643957976 7.23027115575392 5.51057866994462
2.72915383320437 0.540825928463817 3.4835997029018
4.33344215826081 2.91120989316158 4.79205046633023
2.40750183504896 3.9500562425897 0.546121174887731
2.32169669823589 1.41341838561341 4.08428734367433
3.06914390906422 2.70202028829632 0.707600600631609
3.26411684146801 1.80150349599323 4.2939720293008
4.98106919761962 2.03104290245831 0.990332596735864
2.5089092958175 6.46878589544181 4.04389951177876
2.95861449102571 6.21241224102745 0.0646803093597563
2.62941826562833 5.60422307808393 6.37243362670986
4.11137284609459 4.56286105730163 0.571959485823068
2.03141708854409 1.98812286011464 3.18389858341521
0.723558630461393 2.44983773891575 3.72706232766878
3.9412626539394 0.0739909724815959 3.08888468453462
2.44130037725234 4.87517060202724 2.49083465860158
3.14127900812416 1.10796716020822 4.43825146088562
2.29253739167462 2.95951159961463 3.90305090750992
1.31688043118758 1.58032480211254 3.29838351907759
2.84019721604677 1.92905790516501 4.57183105089153
3.01928018099748 5.58378011058855 2.38489772200521
3.78543331473678 1.31938950148988 4.12560055767975
1.29973015204011 6.00546000949966 0.0481140336156789
3.49426979797841 4.46327182841954 5.83276372591859
4.01701030051206 3.9740483220186 4.87032935908493
3.05549053939364 7.43951630796245 5.82306956905011
1.86192990886531 5.00507459202797 1.29221511753321
4.59537775054559 1.27420444398388 3.25636625763266
2.52334405583898 6.57319702209018 2.66463055475599
3.04902002468041 2.50676034345717 1.27715669686869
4.71607887579922 6.07535339618029 0.301499985769083
1.39423310545286 0.0772447801071419 2.94431753719522
2.15050143978289 6.02938479764427 5.87521198276194
3.70975681669589 5.25858211234142 -0.756091169033625
4.31074168661141 0.699364087414121 3.35744270340767
1.97541348613523 2.52690569758218 3.76109374442809
2.94576071873053 5.93425803147889 0.752287622664812
2.8886365376279 1.47644676555805 4.39624626461286
4.21410605939795 6.0433245317438 6.23817071567032
1.90384218917425 2.10407381285485 3.50368901885359
3.47982920489215 4.30744310680034 4.96139238889287
2.90700386385893 1.45889142301394 3.39702671777085
3.00743183455111 5.13919357464941 6.50887244337514
2.20131303072599 5.47053644530101 4.35067885480153
4.23300748474917 4.18725465755136 0.049210691047213
0.637008116231124 5.61486923860288 4.46885032937241
4.29411732202012 2.7586659458049 3.49574066266099
3.13068352705368 2.19417569570283 2.89950917733231
3.91157285417921 4.63180876379343 0.926694028230739
2.5634426074011 1.31712754810873 3.23805720208027
2.3499554708365 2.48106108852198 3.56332112176444
4.14088489486971 6.67013961223264 0.722897720152832
3.86976999525518 4.30774569683091 2.15136529526727
3.32774041031494 1.69564471389337 3.82398828920077
3.35383988460649 2.08561721997082 3.40046795153773
2.81116779364862 5.07429823275482 5.64329171683359
4.41466228388711 4.45991722498346 -1.22458259656267
1.35569042149871 1.49627188675381 2.59722073589819
3.68404995456765 0.51752439748344 3.06234143976151
2.7935765197359 3.38693364997544 0.668172327772669
4.61245651403848 5.64342314064386 4.70981192246443
3.45069321462817 4.42520669909048 6.38103982473571
1.96201215429317 3.35456277415523 3.30011490853022
2.06178073986875 4.33099377414813 -0.626020430020067
4.06551148399511 6.92275978885308 0.773894425279412
2.85597181274645 2.56438506460055 1.42691280265817
3.23128475344234 7.1988234903497 6.57071090166792
2.39156634128488 7.28291095055211 1.37375688579953
2.26757972938047 3.62797893275133 0.569091514645265
3.50922568805576 3.77323426948765 4.2787136861549
1.99634775299021 4.76249312770359 0.187917152158976
2.2389531379032 1.18889835488527 4.03977598936087
2.2219862716629 1.3818425020986 3.08351124371886
2.12867831843026 1.98878020856485 4.48299559029011
3.11057841859262 6.84219915606155 1.85523766445349
3.37231829153929 0.174420680016258 1.66491789098183
2.64178222245454 0.955737756418599 3.30739240873122
1.60541702813822 3.24575175800098 4.47203635981899
2.82945330225199 6.19887637194341 -0.0933965864463941
1.62045968719492 3.12195062391158 4.25833516033343
3.11702669391455 0.228537590309901 3.19179752486967
2.27804396197593 2.57494838062991 3.15481641216934
2.87161004142905 4.8754408169886 6.14118084059942
1.25438890802985 5.83032835373128 0.76745418395115
3.2542500119046 6.2870101265965 -0.21152217580843
3.02940097617571 7.10809634460063 2.47176071371916
0.200017430980046 0.662428302174486 2.07862921012446
2.63787592088374 2.74261145565175 1.86201243639111
3.5646165584633 6.96083916093365 6.21486441801071
4.63235859781533 1.62196363014579 2.28457800079317
2.76287165247768 7.36874776755049 -0.704212163589988
2.67124144449051 4.6793752787686 4.48248357637521
2.12237836710582 5.50291260231326 1.70767991213537
0.660410339256501 1.52198648859931 2.57761092976397
3.49453991214069 1.6015513094627 3.73214333585279
2.94135223123983 1.73891295113112 4.24062969359406
2.93979138936542 2.62326961494619 1.34990351385256
2.44893173714708 4.89208708682833 2.91404732168284
2.63527727720768 6.99452498537806 0.353583716593861
3.6345958990729 7.23012149664697 3.93350501947582
1.59215898450851 5.47948684416267 0.821045803125055
2.51483491919464 3.77502262134552 0.968150696739252
2.46814545710079 7.07122485991228 0.826375868505573
3.44800674838893 0.791245261865452 3.99071332564497
3.3158240809466 4.86282395373057 4.30096462307023
4.83263835999766 1.6726289448449 1.68856141409464
2.34230290345629 5.71413114535524 5.76969428916714
1.57453641358374 5.21699556528534 1.87845539557692
3.41033149331145 3.89664264108509 4.48327111184471
1.72311769096935 3.10778559123065 3.85738219702106
2.15192883408469 5.53181649059084 2.53553298734068
3.31207724876399 6.54902570549174 2.98139045546664
2.96203314970624 0.517621203721486 4.28107112636548
2.52711447187988 1.60104632183699 3.88101862532178
3.5571331853142 6.66901241927576 5.85212129314036
3.5515805779527 5.06765656429816 -0.0856381380440173
1.46365599922258 1.56881252501709 2.72940105079582
3.20354742191014 0.212030551597859 3.05541727208159
3.98723272518017 6.8197699767488 -0.00448695863723947
2.33301042512058 6.76872294740869 5.71386163902595
3.77753319759758 5.087390058821 0.298747888770865
2.18159579737365 6.50625187361985 5.98886189397007
4.05582636707212 3.11753309047964 4.73489758477852
1.69148464601896 5.86154669843865 0.908322471909153
2.32451720118477 6.96493032850683 4.42476795305046
3.57416567339439 2.15104817893124 1.52759187770652
3.40747410232244 2.71004308364172 0.902524843338475
3.26658276191528 2.37194948626403 2.46069807662182
1.53620094790483 0.168629731621738 2.67756475799289
2.37879850615304 1.23188311105813 3.32306658128185
1.17338560424955 0.388172171880401 1.68086741701608
0.994431865413768 1.8217612707518 2.61001986480506
3.0571525023844 4.99598140114912 5.63557618173106
2.92357087329374 3.57995249931452 0.233898580652764
2.62949787938357 5.42146688364055 5.63077697275807
1.70338454912953 0.75989901806599 2.63935141371477
4.42196330532192 3.47679573444196 5.80269321256578
3.83541843958978 7.18681607609363 -0.0424169139549852
3.65376153310674 0.499516819751526 3.25354122173963
4.14383891889726 2.18280321372055 0.108282547603303
3.77454311056294 3.69974923700027 5.64146266997258
1.6756759716749 6.761398395833 1.24188401978298
4.57878277035578 0.225951235448738 2.66506087434896
4.9140173915489 2.29304822836123 0.55100693555779
2.80780151524158 2.96038656472442 0.769721060450915
3.97937503069599 0.592291255175735 2.62284045363367
4.16812199628368 4.00959065395016 3.01782023722313
1.57943077450758 5.80446573562854 0.0931086542446004
2.88277333199106 3.5235460453718 0.241064934784172
4.31509941016349 6.96079254539058 -0.0543759330468341
2.3461719836761 4.6763813344154 0.132645399654861
2.85778584819202 3.93014656494506 1.39899237387513
4.01156774302952 1.70106958588811 2.32735927518877
1.70795179095991 6.30815763417609 0.939758322082288
3.04707648053908 1.48740908041172 4.45914218499376
4.07978210784416 1.04488133051849 5.03035778092677
2.89763763335971 4.26227302422188 3.92770473597493
4.13428105712044 7.17081560919916 0.193599846437987
4.82497035674813 2.09689291002282 0.330169580500922
4.87643641899405 1.16673744579085 4.47928341762171
3.30446103903756 2.90776941890911 1.32478195572662
2.69074061636129 3.80244959437429 0.522177449057728
3.77825246227409 3.56122684559912 5.71549313839901
3.15320271140822 5.24958224142252 3.09069157748706
2.85359672044989 4.75948503612566 5.88176082538073
3.37059528581559 5.59675170277228 0.690429951635092
2.35323144231291 1.09123793657615 3.29090160614141
3.72329867686143 4.17932618195129 5.48927295100782
4.45606956655686 0.96324912148269 3.47970456980538
3.11511023956277 0.459890329739214 2.85976365492327
0.254305577411913 5.93855996360561 2.93096344736143
2.29374059598132 1.36226528724511 3.57394142319451
1.3121021759406 1.77863903383537 3.6166946027165
2.67798428085715 3.98688579913535 0.228988757749851
4.3362130825723 2.11557168280572 0.503147127704321
2.71206352974262 4.17880771063952 1.84417363230088
2.4189710398435 3.28299872243929 2.27738852866366
3.76048064351226 5.45875938538969 -0.851774597752682
2.43783758042593 4.73776462785176 2.39557978414428
3.41109645834113 0.515267535939818 2.32154817504022
4.9586876536511 7.14330070672974 6.97362862832646
4.36130943245832 2.67015666038965 2.39273199427817
2.2971825337639 6.73651055193089 5.35784740763511
2.62541623268018 2.29571303325965 3.34250641089754
3.08766869728564 1.55280392436895 3.55855447947068
1.28679094551177 6.22367288136064 1.32317654834916
2.97217221424151 5.4246914280998 5.07383762431445
3.72605995872643 0.665957683317338 2.74719538629873
3.17018191440551 6.7461884364512 1.20759099763022
3.13150704608478 0.796824117738544 3.6611129081582
2.33911686057315 7.09014069491401 3.34879454840095
5.3342354567081 1.14159457727418 3.42183376593017
2.44346958873773 3.43874215999417 0.775911511178672
4.26383182800088 4.22039874680896 0.850146304205844
2.74337410082046 1.24685767156562 3.89293446364093
3.816969892603 1.54414647804644 4.38979754198566
1.09806107331327 3.09153599524509 3.85480079583302
1.24580084937651 1.47845303811406 3.22144829944692
1.39858575224299 6.74768138046932 0.986679891303198
3.92319144664794 6.55895818050493 4.48209459771083
3.18240586694966 6.34980655664767 -0.69172283633747
4.32535476618758 5.51902193354455 5.32151138811416
4.45182558453911 4.60442927790385 -0.246628716358504
4.37129914982376 2.16456773779968 -0.24561506475249
4.01673488854508 3.33561313732314 4.66605312186609
5.22754990291318 6.00793638559026 3.78787239078535
1.12425641615511 4.44872248196325 3.50700695252465
3.76548498709934 1.01372405679182 3.66900129914958
4.181664893211 4.71043851675355 -0.235560109398177
3.50358177450042 7.15941073475035 5.84791853088575
1.92363130113488 4.90716985536712 1.23856286098151
2.22271218119245 1.011882223601 3.79735881249265
2.67831103268576 5.53013920742601 5.7709280971439
5.06765478808037 5.31394684683223 0.28418185650295
3.71464919982771 5.30934609334439 -0.790723432776231
3.85532111372478 0.191092168100317 2.90097682425171
4.57610305840063 5.91545132496114 -0.137396597747383
1.31296023086578 4.8278699576732 4.17780915137153
2.2530022644461 1.40984535743608 2.39540286911531
2.07077708117331 2.06425360954961 4.57742171972253
4.14591014073355 3.43942956355668 5.34575777744242
1.37603860820865 7.08302794679014 0.0923433600806745
1.93693301988371 4.38244125809767 -0.0597722970307963
3.85821744897301 5.87625957682839 5.65507391274693
2.93536696233349 3.99020382720882 2.10513474315807
1.80791116936649 5.7721311953459 1.33253166494557
2.38396383794649 5.06819949027872 3.4602881750555
4.70339803718341 4.86123955774198 5.86644781060614
3.06333073160436 7.05775297333077 2.201867047679
2.49784144457341 1.13271355231732 2.83309339311197
3.87938582681298 4.34861833494356 2.58396942048571
3.51229353056187 5.60302427964446 -0.414859069160938
3.03410539814084 2.49373761858311 1.01287173252624
2.92653621875766 6.18148409853738 -0.264231149921149
3.13285272423011 0.636453494175878 2.41055489183611
2.26049872598115 1.88332468556561 4.71901758554037
2.13533262049941 0.233081145155992 1.601196051638
2.88057635778483 6.25215759910407 0.138263445948155
3.15412933621895 5.7874179520971 -0.0506052577385052
3.02600543556316 3.74144590474598 1.37826289180634
3.44761760915625 0.890552328967856 3.58569245555037
0.206568193698836 7.09942499699 3.35439289105132
1.84215925100803 0.841804324038663 2.9063928033285
5.09489278649014 1.41352622564555 2.03766400629576
3.07596502376164 2.52165130709429 1.46430547191104
1.9896675135003 0.555518058012834 3.55737040943824
3.34358917011785 6.86759174918961 6.32086420361551
2.18515253154483 2.05947536038641 3.65154355730179
2.977751153184 0.622348199304286 2.69834214292764
0.575328899417638 0.112039650658482 2.92196356789827
3.08179784188725 0.0263132104273316 2.61000495804022
1.01749022374969 4.71182297076765 4.52240912574151
2.33279328183071 7.20046281702657 2.20971479763701
3.04915921169666 6.32104906490046 -0.422248299160118
3.67702877937286 2.36426206508865 0.511859739719467
3.04422849947375 4.14286507302258 4.96017048557571
3.69846072859929 6.11316485968781 4.8769339174016
1.78015784126011 2.46747329697501 4.11534662880747
2.7456781341354 3.31436152516304 0.802015426693971
3.18661350283139 0.381012860593072 2.38139466777315
2.60101596555312 1.38936665985228 4.56954556294438
3.24714510423138 1.92216841108389 3.31139458212817
4.03138428645246 1.07373689579239 4.67663270800875
1.5131554224881 1.52744240002117 2.70286054112465
3.48993423375848 5.94417587383355 1.3295991148782
3.52473302439257 5.04652972706274 0.642654393969744
2.72156502720553 6.07325123663898 4.05146105758277
3.42027236421118 3.02962113766687 1.0789045144342
4.19424761396794 5.30572260003191 5.64904125636573
2.00411414229514 1.5963964389273 3.74947493110799
1.41985423424034 0.555192904294164 2.18910330794762
2.77509654885267 0.55530601553795 2.30032600607532
1.99404181376945 6.3461855871597 4.63124589069837
1.79171543677516 2.11421141002928 3.5166691644124
3.25314214795409 0.494056273068208 2.92652354126623
3.41704719524363 1.23607973934914 4.7524266805093
2.46653031076089 7.42278889816624 0.250595606015637
2.67013263871243 7.43525728363807 -0.279601934796536
2.56735023406201 0.645067223727212 2.63664764408966
2.64223387849424 2.01895685106029 4.43287023244465
1.94060987422856 6.93945496735595 5.49309845707841
3.67414489203584 7.16097352127828 4.87625060020947
4.46679283398307 2.20522555309161 -0.0627268816543225
3.29396746595022 5.51945607937065 0.0623695518846034
2.87994665298621 6.42140402239646 -0.536697097217317
3.48096875495862 3.34489277911201 1.76983278099269
3.94375707465847 7.46729596874957 -0.13493731265771
5.03816344583102 4.4169253771036 5.66278603929812
3.49542582319667 1.3806940720377 4.42190344266634
3.50798812065304 5.20499254936886 0.65007523346051
3.45117306015352 5.55321033395023 0.62357128395005
1.92174740822436 6.76593196364167 5.51890201113116
3.03615019240858 6.23220556311922 0.507928023567865
4.27551080018151 6.51194223567967 -0.072398375738714
1.03787172250271 5.00862739273135 3.84520568218649
1.3041673465956 3.57801516660803 5.70135634923007
3.34930542475502 1.87818041681451 3.31564872537892
2.98031552292039 0.999760066681015 3.75494033062895
4.5267053662114 5.22632655011485 5.89381810273352
2.21501061927107 6.35602435606875 5.99959742945428
0.845617593280992 7.42419821603421 3.47678292930029
2.74311535361384 1.92054164116126 4.58662787341635
3.37416857681366 5.06081529835286 2.03223608411105
2.21083545590607 2.30271677789525 3.96277623461745
2.13151933081526 2.20474119394105 3.68173664746611
3.13903476322464 1.29137367783603 3.84732761985736
1.71747671771365 3.66331846036709 3.27313667452205
2.94271666029905 7.33681188096666 2.9783953623295
1.71489575205481 0.332243693792355 2.05336523525984
3.04979526985052 1.38332280389205 4.22013694925048
0.371043788425869 6.32659811449845 3.41995290745185
3.05878930299553 5.26861286109921 4.67647144527659
3.86909435026819 1.27382534730626 3.6988442544919
1.85109125359074 7.27824921281805 4.93408823828018
1.86530708220081 6.71730212853807 4.28044481126817
3.07888065263392 7.1438175034323 3.88202735897128
1.48438122507342 5.80447272739963 -0.209085555693056
2.6101854879153 6.76568117695519 -0.563501306248072
3.02606343469301 0.216484849414137 2.4266782410957
3.01774076018178 2.40197346985899 2.26822916408183
3.04901554202284 4.27642752231961 5.30668426314113
1.96923928274532 3.48037193424026 3.10682461784773
4.37984121722064 2.27093434050441 0.746370882152996
2.83699226562171 3.13747825194507 0.690494254965726
4.48688579536116 4.43110634008068 -0.15172490401607
1.10627097902196 7.32696188177892 1.19587994738192
3.00196410254764 5.24895700023618 5.13783478077377
2.17819620799677 2.54216851637007 4.28942217792237
3.23703835210586 0.705607934394739 2.98397481640032
2.97596479811711 4.75273721359692 6.22071578457558
2.98334301369785 5.87765134775625 0.331613392907618
2.93824711701174 2.2454103125265 3.54275739520976
3.64189016953355 1.24160104053526 3.71398773550973
4.94970945196016 4.59556726218961 5.59808883668719
2.34672798212996 0.698981571277437 2.61297943497138
2.98859152527283 3.6174746107492 1.28156474805647
3.11579566751725 1.68921075887638 4.04200013895217
2.3208554227152 0.0610469968833378 2.89207101893942
3.27392087925454 3.1882096655239 -0.0563959711632526
3.63683601978548 7.43739839706402 -0.0406899048030749
2.63881940169674 2.21078983695633 3.45957621456723
3.97487202696451 3.62584752382214 6.37810795648713
3.60606704102805 3.95541366155098 4.51052587603109
3.17756803043844 2.92048435439671 0.077920311186934
1.73361888830512 1.81670160060642 3.78878862746041
2.22471226354776 6.28755247031901 5.94100584376133
2.98911969282079 0.662366078918765 3.18955402078223
1.07939888658657 5.59827794120545 2.4885951198274
2.13897681832416 1.878023032998 3.67339974186176
3.95853358954103 2.66037506052346 0.409831890577606
3.2481654648789 3.11113302399469 0.70003146702908
3.82626216729934 6.74158465800589 6.10379977651542
3.77042236750622 4.10961470367451 5.17733471895995
3.02824316548934 5.11703262472838 5.8235326387315
3.25013694821517 6.69908325329039 3.57545850981375
3.78961296500253 3.91230053898966 4.58405664836383
3.00073322587973 6.34057078539209 0.214379872802577
4.7658574292727 5.73825465067365 -0.0120590716458698
3.80179215245809 3.91134113365564 6.51332702137567
2.43341432896924 5.65829027322854 5.31869034071561
3.0132623636885 6.89197359235298 0.371099266174436
2.21605891341627 2.92481568272871 2.95704120512829
2.56250141506807 6.91835299431267 0.504998718634035
3.33701850867441 7.01032275908654 5.83140234736231
3.20407491007464 6.69573808876149 2.57289265287936
2.71633925335346 5.86549489521874 5.44492522087556
3.04249882923697 0.547775826176377 2.2886006999429
3.08148983928191 6.29247331630844 -0.397934132823349
3.22847509587622 3.81026908437928 4.19379782557638
0.781052121057009 2.08049232600317 2.26782003648241
2.34618392064824 7.48655345200855 0.0971176744518405
5.226198816874 5.04749258863845 3.34811793901045
1.32862692933555 5.16352508387225 2.84325704859111
4.76102353304861 0.204869214612567 3.29078889475535
2.48670029192522 3.058519209011 2.14082647721148
2.69118731156307 6.50161760399877 0.493140286065602
1.65176976398541 4.92967950545726 1.37367713219866
2.83344234183956 6.32251205139824 0.958322620606375
1.79828845501256 2.35473084144324 4.45862664679899
3.41578909459426 2.93742299659716 -0.082176454158518
2.7715617185869 0.958578344672054 2.94877157672164
3.43943298684571 0.657062150652546 3.55357991219045
1.54966754828424 3.4504589019742 3.84347298237729
3.81693294335103 0.881302057243143 4.02270490936764
3.85467916331883 6.28647255161531 5.81990107672007
4.23305739882466 1.22356975488802 4.58491257328856
2.6230684396712 4.48226042629813 2.46108102429438
2.90751211625413 7.29629238138088 1.6589454175835
3.32409398047054 2.75524906134968 1.99880339237212
4.5102989730518 1.03494598212222 4.53566269384304
2.5522363951085 1.53769892291863 3.61677759514992
4.61356651942573 5.61371419164625 4.38591725509893
2.86383599187847 1.40511377392414 4.98293010241242
3.86095237540213 2.6714789089808 0.18929676359041
0.719977877407628 1.80167021185683 2.55824407997531
4.21060806309473 1.28697738101115 3.03918750076243
2.48318231902207 3.07320457355945 1.98513667943068
2.10944976068757 5.79410991352188 4.76798878097119
1.4557409050261 2.71160854520784 3.99572977773942
1.77310202722802 1.76849822634699 3.4184579193966
3.65987228999404 5.39369630603594 -0.0944246279424254
1.7715748568085 6.14638324882946 0.556007048141939
1.38167703124673 5.94784706586928 0.246738100269143
2.43536219090077 0.191452964066544 3.37242256273363
2.44150641005133 5.3244068159745 4.75126768649577
1.66296794217299 7.13763150902907 2.92775865804327
2.87022996159159 3.65791420802038 0.170100149122088
4.56035712541199 2.91296369076427 6.95480257530957
4.93030716992843 2.46849791471324 3.57575278929815
3.26550313498744 6.57889784428565 1.91419086528544
3.37029640675057 4.28467787239852 5.51742706400169
2.47736295963159 5.70043954235256 6.74886048611885
3.14255934282847 1.47495128588696 4.32704235392144
3.08223506361944 1.08271481710713 2.80671349802237
3.31859252763157 4.54431495671694 5.29903600807019
2.92522156274236 4.44501681670418 5.70443124842189
2.47914481818255 6.35578591218736 4.82188792163872
2.21626216989545 6.29698019692107 5.28802382282473
4.47221809189318 5.81005706001841 5.3586597558361
2.951679380023 1.15590978997391 4.23535077948177
1.31495304156511 4.14267539908731 4.0029301764084
4.04422983423341 3.66954746388524 6.25754067692493
0.199590066082209 2.84574030911516 3.04894099687979
3.59719478875156 1.94437963765189 1.9165711707171
2.29672228718081 4.67458351606992 1.57257300723368
2.95710564915785 5.10206341453831 6.30668021793449
3.40977679632526 3.40853656015834 2.31569794167703
2.42964963790372 6.97285871573591 0.63309779461385
3.14161980643538 1.12723002868341 3.53519730939858
2.65036130228936 5.91031423888276 5.59237992859387
4.81433825395351 6.37484986230151 0.615494191766108
2.95340069775304 5.98661709119801 -0.149801867111246
2.89783800567183 2.78637682001351 1.68671122410439
2.93030325414485 6.13249148210114 0.559464294072556
2.0136295920705 6.44408149713629 4.2836918536898
3.76556215098922 7.03984327374912 2.35612662214192
2.38631712401188 1.09959436495508 2.527310076311
4.87194892499876 4.21813504434953 -0.0742526009399817
4.44812632631477 2.2044801121299 0.306375880371875
4.75620506786222 3.04163890746812 5.84699992187514
1.936151316305 2.42897989458927 4.10908921658074
3.59369309104126 1.07569900130649 4.37928153641352
0.154001824200731 0.510758521591409 3.16130445360731
4.18185011596345 7.37821877468621 1.02144046921401
2.70551120632752 0.166064385758459 2.7660154046343
1.96807858108883 4.3372864876724 1.13891606417844
2.99737273095785 2.73067373242912 1.85706973736752
2.16787242572052 5.38111495294085 2.36537155810097
4.2819463474099 2.81457203261296 3.13273919378328
4.72110446288353 0.279931549762996 3.58388458230179
1.59080702947944 5.57679386717895 0.0102048884680708
3.19803430338484 1.46983282491376 4.76995749289687
2.06678308216415 1.4541068866578 3.849724506391
2.96409721002525 6.95986997236598 0.54213939441529
2.01899122730519 4.82283723143149 0.738877013130669
1.6235012561155 7.27116657887628 2.15366705175954
4.17830689971358 2.73582554245095 0.943659370754363
3.11786308001036 4.63604232750714 6.23421116685547
3.97501684173795 7.17382607873002 0.0786717082968427
3.28500795261566 6.95305831217777 6.24447187069391
1.67106150630993 5.72687534728372 -0.15351272647422
2.73725678454207 0.833716269527998 2.95751439068414
2.41662902398001 5.01021583772906 3.90161455326878
3.27382311550036 0.615184998457256 3.03859691515078
4.51988758755654 2.01505953649532 1.24230660556137
4.18370695148872 2.98218132389983 3.6328077714279
4.0743745499404 3.99381532758668 4.22009164643543
3.6949010930967 1.26629597591291 4.48881492116161
4.21485368734963 7.14353727866675 -0.338761404865292
2.61072639994247 2.80425744839286 2.4940414963043
3.2416362508678 7.03702583729884 5.48483205014852
3.09061890208815 0.899317361520574 2.47085139099341
2.36793982060951 2.94284827742116 2.69414906036084
3.43694712481533 0.422428445782662 2.9156958824291
0.874477138891557 2.83644199928666 2.34270112281005
4.5202220226585 1.86239549538832 0.485800256300252
1.16904620468975 5.77872609113127 3.40803216207424
1.84905433872294 5.82517955190979 0.572989308941871
1.98188812338471 7.17951219625642 5.76169891622352
2.55465669424001 2.95627612305132 2.52309836416782
2.46888019622502 0.917022462139713 3.92723822754861
3.65272330708029 6.01500878283399 4.37867336892299
2.85208211487752 2.50920813569455 2.3735663842123
1.42377565139657 5.39318810658555 1.98003584504216
2.09987185767567 7.29374911772009 5.35982645544728
5.09415217886711 3.5208393326418 0.180693527077174
2.56855742840943 6.09968887517157 5.1551900090371
2.19095622844716 1.83959437922839 4.35061404517119
6.06237228709064 0.401253369297007 1.78427441543387
3.47496833171821 6.25037817578336 3.39433568754033
3.01341304266436 6.05718141558876 -0.0383206871486201
2.53106737930455 3.77519544709345 1.0140145249284
3.48030641041616 4.10250116616556 5.84201556797408
2.11859637235842 5.67400591923501 3.79774892857304
3.46545912886408 0.972129859967684 4.0974155291572
3.56641752985168 2.66450318522763 -0.40781853898895
1.25222563986997 1.24056937026628 2.25282452429883
3.55825770795454 4.29757042603284 5.5983435922863
0.588249948907879 0.548252923713497 2.14857085068827
2.62238086252064 3.28743899796357 0.814965383984042
1.34498319440242 6.60154604106079 0.61187434607736
3.03669835545914 1.10553615349625 3.27369242371647
4.45105250921358 0.974615074043766 4.59291821338041
4.37291494952568 2.77519705934387 3.78668558663578
3.66645940077556 5.31705186954593 -0.425229042297056
3.77834322493766 3.45235545676911 5.64832442641876
1.81687036988839 2.91412153570507 3.20724791352439
4.4175844465163 0.489261422984486 2.53140664697867
1.91274821685992 2.24162282938751 5.09604884636103
3.40307667682393 1.68202596633539 4.50396659464856
2.94227947529458 5.6904440256993 3.32286075427957
2.71798423816949 5.08633849632991 6.06401442059847
2.4887361791284 6.23159318054584 5.32795244536648
2.50858681596952 1.72766807764123 3.9630742559772
3.12203857543391 6.99115881896449 3.51931809374951
2.25054650678609 5.88864086011492 5.42063100912397
3.89569580362085 1.61335639789138 3.1781534923663
4.41541877553692 1.62960184348745 2.34730661712698
2.28976177882043 0.234148266702022 2.41713585598899
3.33675299811192 4.21832597475118 5.66688798722181
3.51764198983231 5.02735957969499 0.442249301893088
3.10957650798211 1.60657725853241 3.02397266789385
2.81570659373152 3.65725092391431 0.410562965423092
2.73762575947719 5.67091935872543 5.66668495451787
2.83897373505711 0.326153042458984 3.36401278607676
2.08102261272298 0.785902877484544 2.45325100781756
1.9513782536314 4.90415123938613 1.04892575484336
1.88526339907514 6.12398957321496 2.06090937892324
3.44373421103798 1.71182444612181 4.5105834072641
2.61895567936148 5.83181456468809 5.55819925291761
4.53359153232181 7.36372698958614 5.45700072067993
2.29604522913003 0.333757653527269 2.58250121488275
1.56590069583147 0.1244396162595 2.72400962152145
2.40239923475078 4.25246570310108 0.0573815423717613
2.75660786989021 4.71726024387794 5.41545759579308
2.73721117222587 4.59454021328965 4.18290528821363
2.91758757283423 6.76861957822207 0.0751252002415501
1.97623160214577 2.38050477036383 3.96773229611984
3.10556959060979 4.81909855466409 5.79512017508208
2.70242331618756 6.52308111957894 0.524196204319105
3.31112627760203 4.21543073144811 5.87016886672366
2.92285508338805 7.32143814575924 1.95772089560396
2.96305691317821 4.73907889560718 6.28377434938115
3.56123220392785 1.83160830974699 3.88261926294741
3.51395852640894 1.83094226630763 2.93532709034637
1.35941301994176 4.70174975921246 3.97225371811917
3.64900414356009 4.67972129674549 1.07808168603254
3.00532496230008 4.47010950215728 4.88117221032405
2.10718514384736 0.569811669419831 3.26316611251589
2.94252166363364 2.37954758993581 3.2469891926727
3.13776510603806 0.664362817894233 3.51249163330622
3.57309743962758 3.53512505361577 5.31771123845066
3.10103384785736 6.56306833666863 -0.307551160256731
3.92642679925745 5.62897890974665 4.96244012572341
2.7846830241889 0.429348155676997 2.54004677107008
2.18664718717373 2.38141659394197 3.71116347371692
3.90264128316352 2.76789840967499 0.453323105686014
2.97194097585876 5.29593055246377 5.55512963073765
4.32053877852808 4.13018247677819 0.597014818425788
4.18616703299326 3.11396320024731 5.33231007083901
5.00907960875619 0.789274165849002 3.89159379248261
4.10455130965026 5.32984737790315 4.26372981098794
4.37662569857147 6.38244111596081 0.092592339772491
1.93729925618337 3.78675392676652 1.84875310200539
4.6950323018501 0.654547539166507 3.0050912174242
2.83081370347298 6.08433260674223 1.73282940189018
4.26982907471544 4.40953457184592 -0.334499114978792
3.32423101029873 2.03256621567432 3.10200996359213
1.47212109075183 7.37309747977385 -0.0779554730419619
2.86043353196169 5.88082081042321 2.44902091187841
1.5132837978644 0.341082782832163 3.05296751670521
1.40297557591274 4.23364446776459 3.72456282054308
1.35522266624448 2.97273934046011 5.12468641748148
2.02072596010214 1.71738824577656 3.53396482666513
3.01913494453983 3.12280950453407 0.210205970759507
3.43961831414776 6.85653237533933 6.00471926117081
3.02206711927126 0.558170759858543 3.0639060032789
2.91508174459505 4.69427986036671 5.71788471587292
3.43011566079379 1.43450654032641 4.42337660743779
3.87913805003066 1.03310181275327 4.64603927411318
4.44193268979028 2.16779656006424 0.578414571975439
3.00224931722856 3.23565755878464 -0.40954145824083
2.90855274148994 5.0120191541439 5.74486186666808
5.41241982968783 2.31781920324193 3.50891458348743
3.87679096267792 5.25376589872891 0.241141648483801
3.58180489238195 0.290027271909833 3.99047567983308
4.7411229862027 6.22256143245994 -0.457512770967372
2.51312029077001 4.5655064144415 1.85688474187798
2.34325904616332 3.6109434030827 0.422995578237594
1.55425904396718 6.13549317428206 1.03620447390322
2.2480111577867 3.2947419411532 1.90650674617228
2.542948532831 5.25474376942351 5.52058637017022
2.76678874909944 1.6304369058236 4.17046658379163
1.93829344008215 0.995574546438235 3.453818004449
3.50712662568922 6.24857682224092 4.0479870588732
2.98193545577788 4.47157886346962 5.81913042007147
2.38014487433964 3.31616982273727 1.7803645429838
3.67484313307351 5.92622124221984 4.39095584295687
3.42167697873402 1.97068195547517 3.82293194915772
2.30658149206515 6.83163791059988 5.2358153565098
3.97090554089995 6.37863295495155 5.85663214627075
1.99252981606584 1.20337353958057 2.3954095190541
4.76135082160993 0.989866651167711 4.193629092048
3.249816111596 2.15439095698409 2.72798528263083
1.06419597661465 4.0503262150753 3.64840386258808
3.60261279620164 4.54345892884719 4.07304324234594
2.22348609876048 3.07105036661789 3.28463633926185
1.82645803899201 0.467029813568867 3.12538274143648
0.884584310368953 0.320000237998535 3.25777309448645
1.61452377742457 0.281036862247847 2.66679638547923
3.14769719663948 1.35126680507712 4.41562047006514
0.609424677541218 2.02810392743039 2.92322569648001
2.45346116727781 4.20169156169502 0.48885077902045
4.14127026740614 4.9692267994837 1.43397984240547
2.97823806465779 5.77999905060345 1.86157113952917
2.70775550691317 4.12398456302673 1.55972441072651
1.80396031307943 4.39024150189413 0.547535081685933
2.70866410634085 2.33951232649515 4.64447964510883
3.16326680125603 5.65790192082899 0.389995062447287
3.80800569525536 2.00564598737424 1.74862682981698
5.01183478949001 0.871198636013766 3.86834029604306
3.74517868454392 0.889270594788912 3.59231424917575
4.93679693569128 0.969108799738239 4.42655714671105
2.3648582541634 0.0350710095283553 3.62570586179365
3.15586624069004 3.53550456614021 1.10838560818445
2.24878156897903 0.38608585012329 3.77841606813879
3.93893867828128 5.2504329434924 0.208813026805476
1.71423075777538 0.914424959451753 3.58510504899858
2.36534075252625 5.42409666816765 5.54393820721166
1.40243757832407 2.51910008311603 3.597308208301
3.85266689192901 0.0866544396681359 2.66350118777845
1.84864753674139 2.05801579484569 3.17471951353062
2.12727742816633 2.57349482990465 4.24695609044231
2.97042547473522 5.49947302683306 3.90937572230466
2.06646025122958 6.29043681324513 5.77628754999447
3.47079224999039 6.20342177156274 2.64651291175251
2.72022837047599 0.469405229094474 3.14231644437186
3.84500132865102 1.06375170297991 4.42465238768147
3.47515969950866 6.04269565850518 1.25888254477243
4.95421953907453 0.0782383107833624 2.74358129998896
3.37337467937343 6.61966758708177 4.35784503103835
2.39232470444855 0.244357326709408 2.28676002232303
2.0829536788126 0.434516289953245 1.96007277725249
2.58773999332499 0.43037675607925 3.22195015649536
3.34424436586918 5.81552374807397 0.226269688833773
3.52781420944847 7.20224037901182 6.12803337849407
2.63290808776505 2.71246396800546 2.30516177093869
1.89098364901674 7.47117394574876 6.03490911341456
4.14157346058541 3.26481364910162 4.96230083973532
4.73749345274353 5.22094130753639 6.23304450896491
0.966618727638118 5.1092810356228 3.30580284632671
4.40572482749376 4.77011958018173 -0.102005325813431
3.08789782584106 1.20618925260306 4.25244937344932
4.6031434029285 7.12829750652529 6.05953018803535
2.2100523735923 6.57872669502866 5.04662040492597
3.78755720941115 6.39648877986999 5.82300994858332
2.90561399113355 5.99104898114039 0.0229496181225328
3.59496144658277 3.24752042254683 2.44225846808878
3.96874749177088 6.87564142589512 0.239486804890642
2.09314723433873 5.98257390781507 4.320203893512
3.84460713443874 3.29834038166398 5.56678519828508
4.38149180008175 1.87600223622924 0.657699954483534
2.58298462975769 1.7587820024856 4.75912003155248
2.18369032068218 7.25925802852261 5.79488005669841
3.55012666791926 3.33251113215139 2.45370618489261
3.71428699074248 0.139027533206691 3.14659429850634
2.27901898044548 6.27942900582763 5.88191855243138
2.83112753399599 3.08248232773414 0.833415585051093
4.03368354707649 0.478295953778296 2.81817807505231
2.15417406014613 0.165477832910743 2.84857615091817
3.84121182103461 3.07136360933695 1.70924488340619
2.91734331492627 6.05398265015709 0.178795697599164
3.02290041786253 0.976575231788245 3.72160176444773
3.38891927095891 5.17424136832833 0.821950749552488
3.50977023738826 2.13463733143239 1.29803925340955
4.39197598794397 4.85359868784756 0.983105544832132
2.72832180967826 3.4513254702294 0.405379747045622
4.14198292554309 2.24076029763492 1.05141405133441
2.37803329600616 7.15272116066553 2.1741028893314
1.61824358180375 4.27281872175239 2.90124569026745
5.13559326175783 1.41238833329824 1.68328649715339
2.36830822116469 0.127400648208974 1.80966000846674
3.36095494940474 3.2556652885845 1.08029342721109
3.05596896272038 3.13709609865065 0.572153020186294
2.37781842381917 0.0688993843851549 3.1345889591474
2.47957504000218 2.48957626041202 3.11976284770858
4.05345898585788 1.49712539292495 3.57986112254292
1.00228865170461 1.74204802621028 2.74469274983056
1.6329546146444 0.938394222596774 3.39027102980415
3.96023851081045 1.0285598645632 4.18974469683631
2.07401143224707 6.72420901228893 5.58934079836836
2.48911506541539 5.72730947781443 5.71073635884147
3.67735669560114 4.52156404131957 2.87350301570199
1.98084703673965 1.43444732679457 3.00917625679214
1.57548591764351 5.55916233682581 0.853535176358918
1.4551054022385 0.756126534314848 2.70188670661618
2.16181299852032 6.8561990322513 6.03062172087034
2.88759403680934 7.35636054787781 1.04505546190607
4.66310791013727 5.60135461128736 4.77078498125721
3.4885054454513 4.85517243724899 1.93891395729909
4.3508391149154 2.75746977985246 3.22046104924671
4.05179428524867 2.30256674890672 0.403882743345391
2.89432218118422 1.66409140268695 4.77937675232577
2.18892170400348 6.81521868786869 5.72053656691502
1.82495228630576 5.02564733758445 0.274680349284485
2.98019553832575 4.2383542592125 4.09211555880475
1.46952728881034 0.167265289773868 2.39294961993894
3.0937150203829 0.686671081080484 2.86598611669294
3.92491470498455 1.23201849765102 4.92911942311894
3.91489299686118 7.07832479205257 -0.204103391136086
4.22145049157772 6.70931012017847 0.419551945159614
4.13236894988259 0.396549584207582 2.65215691091927
3.8091621439446 3.47372073839627 5.1050977335009
1.95932578865499 1.83459214405854 3.831696140445
2.46942117692541 1.54469095376912 4.23764594456054
3.61345175632805 4.42891111544727 5.56452238613068
3.12713584302456 1.87335395241037 3.49358868166349
3.19088633382384 6.73295410969181 2.46146718791451
2.95841007966414 4.41442581183114 5.04735375981239
3.4520930036305 7.41127868918172 5.48745381313608
3.28849314686535 2.76625733061132 1.05372323163186
2.74317408733754 0.0882098881283504 3.26793545096823
2.30813399872428 1.32256224754197 3.13584113382864
2.80746990720096 6.04408856944038 1.72032271338558
4.81539620000815 2.83917557192523 5.53747924661159
1.39081028556346 5.80664979002769 1.81349338267359
4.0802576936504 1.32271366419626 4.19022995868177
1.82973740511765 4.30795400381514 2.02320156105618
3.92408459861648 1.54183709642627 3.29434208478264
1.87624943718926 5.41522651530519 1.03681145627339
2.66041733591505 3.53284919980075 1.34424708874386
3.64121503620724 7.27095027692838 1.75852146162269
2.10890738254329 7.32236176903583 5.48916374219092
1.9118079463654 4.34795478111711 0.534391088956715
2.49223021533925 2.42460599436933 3.87352876827704
2.18196472188782 1.09884276523481 4.03910928861112
2.40547206077351 5.4651234666908 5.09467825469518
5.60364339020532 4.25306202494019 5.51201916324383
2.02660626286792 4.07807036384229 1.68778324874803
2.38910610318991 4.58912917733562 0.331786096202547
4.15373196899756 0.997397786276884 5.34140213896275
3.94196819986496 2.01241734952542 1.67025661856644
3.71161304735379 4.33277636868818 4.50522369252265
3.83759415243992 6.9985753421292 0.873009116349985
0.52138772611319 5.40133143196613 3.56306719380056
3.17133461254587 5.48564611181755 0.61924130376444
4.1663783040421 5.20037273322861 3.28598162700088
4.48815340884487 7.19026604966144 5.59460806718365
2.60504569068206 7.101369760432 -0.224892383324278
3.86563086717214 5.24619872424208 -0.0156903876034139
3.17044877252209 2.17869450819908 2.61448727966141
1.46377110375668 5.8870725042592 0.87702163941995
4.01780676204437 2.46958671319479 1.10820910484039
3.46195715493346 3.53038489823973 3.70674955873171
2.41862242000989 2.21011346302909 3.61220914034662
3.92336231575768 2.53224744171466 0.107133173200863
2.56305398372019 6.06720662275632 5.34235421632717
3.41458587298261 7.40040265283626 5.0581927437581
3.13969786129596 4.35984157813721 6.26697966534058
2.37122568799415 4.35082413908222 2.26097375992531
1.14853002425231 6.98077694938916 0.729977647286865
2.30005715299911 1.26203669912009 3.69202091435835
2.66717904504083 1.9090583678919 4.86789451367325
2.35625703005264 0.608665159509672 2.65345727470051
2.99747791030102 0.464719653761904 2.5397915627831
3.00196232902747 3.53094141229604 0.111770651888154
1.65449226544595 3.33233706276615 4.05849722312911
3.45330497876905 0.938576225008323 4.17266058529411
0.712927181446937 0.592867488789828 3.60769847700336
2.75799709027644 2.52497827213082 2.41269965929454
2.49125960786134 3.18897011799505 1.1436357155988
2.28664493594697 1.68912500283494 3.72547447147978
3.82941321568599 1.54664395079907 3.82822307435995
2.55758222892805 0.0987973900425478 2.39012239410098
2.52901664386519 2.63075060640595 2.75570709540829
1.28613728902109 1.40700597206363 2.29901514952975
2.5701722478201 0.928155304911272 3.99990816225978
3.14346168478629 4.72707444809908 5.54659882483536
4.18844825661921 2.82398260517808 2.79031832385115
2.22274206288639 1.26740957484367 4.00457870470696
1.54976276309471 4.64980385575795 3.0352375257312
3.46849765744318 4.2750139052588 5.50644033045521
4.64384838473682 1.03660616703872 4.57789083419015
4.00870139504322 6.7112541470038 0.877405249530061
4.47245077690684 5.79221712061775 4.32062180357462
1.80956805777827 5.79605730184401 0.509125530332796
1.53229484161303 3.3341373754377 5.24468917162798
3.43134114512756 5.77522172615052 0.492620775010925
2.66698503269736 3.62240956189122 0.628456589680693
2.1155385787246 6.64860642670592 5.20868431576726
4.04292096160009 2.13116497335723 0.868526787961948
3.84899750688258 0.654017061191881 3.09696229225917
5.02015083705039 4.30195556798953 2.96729978147834
3.60403705209877 5.53602912002292 0.795004990595306
3.01405929155187 0.39377711033001 2.27522935457917
3.51684970715562 6.5723269568207 6.00306866671912
4.13537281127088 1.26259988473904 4.20725729416163
2.25147870154463 1.53544837236429 3.46617565289422
1.54951711438065 7.15479902444608 1.62818583507494
3.55138828633731 7.26631359861885 4.664336314439
2.17989702507167 2.50838619505233 5.25258476723006
3.82143090267818 7.07048100048576 0.000571828916593575
1.61185094892594 1.06646500967628 2.37557435129632
1.54528512961571 5.21754613411445 0.991549217410114
1.76380699579278 6.98655625108144 4.03599474037199
2.10101066470023 6.66929142261159 5.71033086324201
2.39224218008343 7.31902860761426 0.1636318884496
4.74979694134215 6.31931612059549 -0.375263982525631
2.64642380316651 4.84043544624816 4.69239424562491
3.98330619658283 7.26232779867865 -0.568122386658036
3.21854884802152 3.37061808938593 1.57177472153873
2.54660559385118 4.28415620371412 1.21150197347317
3.5197124202474 2.91408824327328 0.223598047453212
4.89551389793906 4.18878266047097 0.743071606710259
3.24895028735688 4.70554848855382 6.26576643104465
2.08996865911616 6.19842931387527 4.91314165736998
4.13572227030474 0.75827164376199 4.08571409915874
4.09196613315198 0.0775548064082408 2.26084336934485
2.13618858729574 1.24543825232864 3.52277464046424
2.40184686925999 5.67113802392677 5.20400297964014
2.72298313495447 3.13451827503331 0.979073700387059
1.96380084559484 2.68117522981363 4.78534573602508
2.41982214249645 6.02796002673326 6.47486669514054
3.954392330942 4.18485718258865 3.87813189465544
3.25542517477788 5.69600627021158 0.171610687978795
3.5978939745387 6.51651774933065 6.12575685396216
0.964206820262762 5.0593739967821 3.9552950103916
2.76830453890448 5.11557409674495 5.31053747411475
3.6997890216897 3.01726144635362 1.22884050378102
1.86583126598529 0.919212419866233 3.19439976695425
2.65469149740177 4.72131632325456 4.38769727378934
3.35841046627421 6.08933023681148 -0.508140521003839
2.66820669375337 7.14570774764288 -1.10754404344355
0.985698075706635 4.65388736786489 4.53371486858833
1.43784346776949 4.28838039412265 3.74128514605272
4.07090776318535 6.92748761530823 0.933864600743747
3.55011638879802 3.94343847973225 6.07125996587711
1.77038638922871 4.32184348869541 1.29825005485341
2.34006878761919 3.88490839758688 0.548287899305564
5.394685548497 2.56001192567082 5.46633648387233
2.31585762617896 5.26749919713809 3.8158420741693
3.73993351835617 4.51029251750056 3.09233514214688
2.78195886031127 2.75482249461688 1.10644920869752
3.05206902132902 3.88691636711007 2.22822909748013
4.23667160971419 5.71750216539985 5.8203250605932
2.2352813706316 1.87507105037528 4.42054276889276
4.56653921492006 7.40178670339678 5.74213267494978
2.20030045020532 5.82807873776518 5.10795028284993
4.0729317999718 5.36062135114777 4.1631091863578
2.21355800526055 1.11610090976199 2.84825970131856
1.74793445350697 4.32081686616134 1.86292850043537
4.08096693798641 5.46497838859358 5.28066108288872
4.87137155350711 4.18369388838521 -0.517080145713049
3.44835772195542 0.330515658780826 2.96385881726144
2.24727999380702 1.99028446056125 4.23526278898306
2.13488190525555 2.75244967376935 4.25941934398762
2.60820139261281 5.89606128873496 6.00404241180364
3.77647275299923 1.8953291413658 2.24309605114987
2.88368469152002 5.58356996281311 4.73337568176848
2.71904604651046 0.90513543095692 3.63524125809138
3.73401141812352 1.01514021768677 4.63354882358033
4.36269796423245 2.02716809269253 0.779121022534273
2.10139426470373 2.019143085606 4.91539578384957
3.54749378608564 2.48523848305198 -0.168324393247873
2.76133543178687 1.00138501693255 3.64461940861157
1.48931099195654 0.242195477858036 2.6165067198885
2.65102057012878 4.25875642423219 2.01259331862167
2.88227518484952 2.12008530422001 3.79799401247246
4.39772942396335 5.07605905384206 5.10554446043453
3.47410017381103 6.20415030932359 1.79042990627713
3.99444877323988 7.40413283207522 0.902578229081567
3.60368882266134 6.14285742886569 4.1039707884489
3.53934421562132 3.15333223617422 1.15156817694033
2.94188479755309 1.10134575914639 4.1093685257627
2.53899185961812 1.95243341848649 3.91247632643446
3.4007715852106 5.4177175458502 -0.127386570834396
5.26025489455028 5.84561658286812 0.7384442775426
1.53192363619075 6.43961982848823 0.612002197719002
2.53987436084429 4.24896683991208 0.252094087451349
2.82584526068274 5.74756138586259 4.34145187075632
1.63678050488087 0.607205582237248 2.52942216644666
3.23091329176808 4.14785737789421 5.32845331618337
2.63974108948183 2.44081189924375 3.42562100270024
4.09776775466592 2.86301458478186 2.68798446551412
2.99561815242142 0.767510885230906 5.06072325362167
3.13835257722023 3.38739167908401 0.764344021881788
3.45915742498287 1.9272262551735 2.69306711147784
3.61416140880226 3.1604815609937 1.19506257679553
2.92861937855315 0.314165659737448 2.73262264281548
0.970371336424219 2.40001073258928 2.86180692295802
3.88221214093222 3.99126342262459 4.73053944459277
2.62258389009917 6.156377425233 4.80833646883364
3.22009756695958 0.138110402080225 3.0393124232311
2.50703086923752 2.33562489003065 3.41847858684508
3.97618794845832 2.43805753766804 0.386191514311195
2.80091088244948 4.91300198436068 5.23370137662746
4.54995886440144 5.27370380697372 6.07150279140612
2.59208013470928 4.21185572089618 2.12903591948996
2.14974756184577 4.49614890691436 0.154931193188231
3.21828401876962 3.08587610895287 0.787629422240895
5.55339614075766 1.54317034575439 0.0638591152298155
4.08324537584556 3.38708549889599 6.1120104306306
3.56720164403186 6.64966550187044 5.43524597727694
1.99593253135388 1.88166026759977 3.72216951779156
3.46455157399918 2.686744867336 0.274952250503422
2.18647731946965 4.84136404666644 0.247303911510504
3.81697356259695 0.00357022839445964 2.81211055407597
5.38420184111333 5.52504824765743 -0.471771053960743
2.68465081419178 2.2190121451419 3.71817396644956
2.68590986785294 4.5818998597401 3.02527166450525
2.31666770953508 1.70201279610847 4.60692013795009
3.39923589991298 1.72794624963321 3.53841892014486
3.29959613551409 0.320291269656662 2.0973557970157
4.82972634370339 1.54019164012774 1.50158666007876
4.28192471316985 5.71860457739231 5.60825572224946
2.31444469714494 3.89564292985908 0.62823364607945
2.65016179842343 4.45603940960724 2.80438660610218
3.29909544099395 3.52613153568724 2.37342984221812
2.50330404903128 0.373802437110631 2.98146656161209
2.99642033507606 3.33059714248264 1.28243651029995
3.89395340203685 5.4174603924637 1.44716880938717
1.37108193231562 7.30278985140635 0.90660684829349
3.39266115547732 7.40097197944783 5.22900097263191
2.42174552190367 2.81447739310892 1.9274945992123
4.4352985275061 0.506631835006668 3.52300876757151
2.02511199502827 5.88543792730403 2.27788498819006
3.14516143503539 6.3617566889483 1.20759026694186
2.85813523961502 1.19879096098732 3.21180058358994
2.27718910827117 1.29292249400609 3.76311427303919
3.9145092638797 0.868589048921249 3.70954216142795
5.1970253175055 1.15585990093495 4.06360111363222
3.51646008058443 4.63991812975531 3.75003398844619
2.44193336765377 0.278595449621953 2.51998120406289
3.23133260576994 3.94727897448836 3.87937881692296
3.15864796866269 2.32628617772407 1.64138042915324
2.84139068139418 4.09760814038942 2.69103978721166
4.92410864112309 1.86142044068209 0.696004219401567
4.05768622054509 5.7383228682476 6.29097892167931
4.02432972409288 3.54309144086402 5.27915117203098
2.34567290006191 2.07861990697608 4.49144582758499
3.00193954149166 6.63147918484464 -0.426254363414648
2.48411013717413 3.9468422390292 0.776751419743159
2.09449454906672 4.49010321010946 0.752740351297963
3.32336420736786 4.57854183796814 5.71323517934567
1.08341734861659 0.272114179199185 3.42050265965837
1.37443258231345 0.79546682803948 2.42393207422152
2.86590308401676 5.97880513368547 2.35834118020251
4.33403348681226 0.386301798120683 2.22768723461851
2.83403026268832 0.100540565428068 2.88439712369009
1.43745055598961 7.30374377247525 0.52452754060841
3.25505546616063 1.1648240133747 3.35352427921399
2.81378407133619 3.21185415333292 -0.00595999091765853
1.86836278372754 0.969787123543332 3.26768976876593
0.548118612166803 4.19829190570976 2.45598262376723
2.55047629881017 2.5224164397733 3.32813584086631
2.41494133051319 3.85242563402215 0.636020821316279
3.56027898691134 2.40578871466091 1.21281920553834
2.94158252902006 2.66102030123305 2.18165377006351
3.35090843403161 1.49748994583665 4.51647479048756
2.43842086268262 1.9657905323342 4.20402248683919
0.664568701662832 7.28279954773971 3.31898413703987
5.64133717599753 1.36490962439423 2.30557872707824
5.00664412843031 7.46242293274987 0.0793572279898902
2.49716220231946 3.9059755730803 0.592713812964837
3.6056910424923 0.427450287723173 2.93618010208384
1.92177202427137 3.88560237656041 1.50038533260206
4.34500292617146 0.824437171707731 4.55071447306452
3.66428012037041 1.45762931659384 4.29934647825125
2.04717155066184 5.81508825753143 2.46803752036101
4.2638423959065 5.34521879861834 6.12800940845028
2.89978260268495 2.86636672157674 -0.209037181388138
1.86680230550633 0.814501759065783 2.97955270117429
2.03665215641911 2.41054058901585 3.8743396373961
2.80722812135153 0.0905615359469918 2.62271320213279
3.7759269589051 7.16598817724884 -0.477020225595514
3.50752040788255 0.991661496996769 4.48000587539599
4.04084306853414 0.953423415407033 4.18914878323853
2.89400634016405 0.370318303929563 2.22413690205867
2.00254911524187 6.29682860072755 5.35218742032643
3.70170084186981 7.22224790892559 0.725419191673859
1.61282006756275 1.22664563472662 3.30432625547846
4.06953881823789 4.44980721997066 0.397905930116205
2.60857383441343 1.69181073490373 3.74857163862984
3.4755476150761 7.1555430482686 5.49473428526626
2.89480039899598 2.20647390016681 3.08911420749657
4.10999085918822 5.77061584473768 6.75136098764817
2.5030573718807 5.40352865566103 4.86571688395422
4.8844801811759 5.01974505064084 5.38353474747188
2.55616997937826 7.27696755077073 -0.126540311214017
2.18735040555746 0.136382410958108 3.17346567186357
3.29174178358154 1.40830183291873 4.14656678982083
1.17603043998365 5.32336491085365 3.12337414071
2.6618144425909 5.69660191739675 5.66682198620754
5.50412338610472 0.451477159161082 3.1553379794096
1.00899159708943 3.06166917609441 3.31524677547903
2.3325803876673 3.52869583603611 0.118035549992321
1.75102960347073 3.9240505391372 2.67400241196726
3.99920887840896 7.13934598112858 0.0791495949892256
3.54533346655906 3.83793855696646 5.95029475463933
3.08986728226779 1.18957283927018 4.27933816465855
3.04341638877802 3.95984009132922 2.41777387332772
3.34885427703965 4.42255358587926 5.37788349968107
3.62958956541284 5.3386421444716 0.429014528316423
2.73678252416575 1.16306464943452 3.90201635411352
3.88354729004169 3.49129159723179 5.03773311107003
3.66439301995443 1.2673679439102 4.41801416826484
2.44324725137472 0.248615897142896 3.53590665187188
4.40266864506361 2.31752910457488 0.0134746433027821
2.17476414249193 6.91267945206425 6.40813815975538
3.44564057332496 6.90003855409541 6.17684841172832
3.15284783546652 3.64315922721422 1.48236784447406
2.36860755671185 0.206799168667033 4.41257847955041
2.6604720888615 5.65420078366612 5.54755885695
1.86353303962994 2.26122541824824 4.64390229508003
2.30808158218876 1.56366957428444 4.65979312809459
3.26655598717041 2.24438612886876 1.61385911612738
1.95572736793436 5.50357173469418 1.92709210358083
2.03516979033097 6.36506203830352 4.8361194518363
2.5879629000372 6.34016723628031 4.29676789597984
2.29940839830833 4.5312469187909 0.0697380959350996
2.59854088734706 0.492690899649369 2.47466546830033
2.31688314674013 2.75984670583259 3.85968212156918
2.43568541604083 1.4905635521534 4.35462259074874
2.90800611918217 6.04972438330713 0.858162017962836
3.13432327559245 0.3424516020035 3.26047656736199
3.81426530402305 7.18377806982643 -0.421899767988146
2.62952241194327 1.84280508049417 4.55823023873089
3.38892629591137 0.81330976713235 3.57700775584154
2.70073163816527 2.14042639164792 3.7613293996298
3.59579692764924 5.51923018252932 0.158143646750163
2.53280968536454 0.336740201060592 2.01634535559927
3.68761745388046 5.25303484323803 -0.810150191520634
2.75831681201761 3.04404170339315 0.706247643963345
0.632272641730443 6.08705960864906 4.16597063928423
1.72513492285666 1.35655661819581 3.15427936872861
3.43018675722762 3.17851294267786 0.330312935900114
2.91099349660371 6.57580070143251 -0.743491311282828
1.07637590558703 6.85416294181414 2.43551709136523
0.57455288298849 4.75343552274343 3.5490782409188
3.15024289289228 2.79023727304486 0.315665471685485
2.36675052607679 3.05804070356157 2.3070307611938
3.80237870850438 5.04936778311486 -0.298793192622936
3.11892434606083 6.70685074461088 0.415325206227059
2.00035870805333 0.708799694729077 3.37787551062993
2.78231838392176 6.33566238088241 -0.574131137791115
4.68909178478739 6.31256113917807 -0.181875337810175
3.3481784977122 0.366887565336347 3.43098568977661
2.18617836811638 7.29952107168411 6.03034118508748
1.97306113095222 2.54619527816261 4.73586083681345
4.02616201058857 1.23116063717539 3.90119506016529
4.5303813230095 2.10074801186062 1.25741047292162
4.77498957251211 6.71876284122688 7.03482583311729
2.36469100621659 6.60973850254122 5.05301431695636
3.3714187925654 4.53704275995919 5.87811820519781
1.54959945165198 5.2142543292289 0.64082279424973
2.16692046694126 2.7328102042952 4.18748410825868
3.06552808531619 4.90167425933324 6.24219728301011
3.26559966686374 3.24163717447926 1.45352825313199
4.51305235561209 5.85814510905969 3.12658459957742
3.8925421512403 4.30221089295614 1.89847905629562
3.59025327129974 1.8468272283479 3.4855267893503
2.47957819902766 0.491623197652036 3.25366453495832
3.77010251169654 3.37651510127937 5.54483231554415
4.35530527405825 1.81079284373959 0.63296037367001
1.32855804828083 6.07586127437031 1.45667086232201
2.82844646174444 7.05984309480558 0.881459981848063
3.49107929033868 5.0106988179246 0.353132227259365
3.32641219876859 4.73115305157644 4.6348166684808
2.64617973755621 6.04320902964503 4.52666537622576
3.02539025127983 6.34928529817193 0.834083892709972
2.13311165340158 6.27494266040161 4.75191363554816
2.33483740270617 5.86264801983978 6.49336305781648
3.72674415343135 4.04455291274226 5.14641164167646
2.43458806066274 5.63872287163161 5.65820139632799
4.01361802217996 0.595761818241161 2.83994005544291
1.76472280888617 3.59160592546762 2.53252060528892
4.34978413215766 7.4734151321034 5.86656603770637
3.88070717526244 6.6365965347976 5.89911099011309
3.05328687064105 4.75966908456198 5.26601857024093
3.21918652606957 4.42239463991116 6.49643186695456
4.11542802359049 4.30337869755175 0.881710962738276
2.78366527982232 2.07227137853314 4.51151801565782
2.72863333220739 1.93821083508361 4.14030999790188
4.60330394619219 1.00970673910254 4.3395410932962
2.83982783874146 1.38066932217018 3.94919980310424
3.52581307196055 2.82531156638599 1.04265963182062
4.28849688521098 6.0963255913895 4.5747953087414
3.7320447304433 6.89886832053764 5.08719492381583
4.00382473470427 1.01265251647954 3.18261655390233
2.86750921863787 5.70261103416261 3.10474222720854
2.5836758444033 3.53096654953128 0.884809351605577
3.57936208846312 3.82716555222342 6.13059958970788
2.712830847263 1.19613128259251 3.39081003989147
2.17049337057057 1.93207213946765 3.39830001579893
1.6752145169643 1.09617735985903 2.86591582514289
3.31871102798546 0.797947883107475 3.04510789422002
2.42142111560536 7.27931261516777 1.50625535646012
2.06522061685795 5.03654136864693 1.10960535272332
0.525429688952887 5.63985700872721 3.13266837995312
2.92006911557776 5.91341390477896 0.929653979249038
4.99627929968403 4.01385387498599 -0.131924616451137
2.44342698018224 6.02378279250342 4.90618836171398
2.47308743047848 2.16936594267537 3.3732673706438
3.39329984798232 4.55490043838529 5.96457965810138
4.45395645542839 1.50428413943181 3.48302507605528
3.55296154551209 0.227986522215243 3.47308232682522
2.8535969743538 4.9498250622977 5.22305300047457
2.55268609656384 6.07820879704563 6.03844694952245
2.33077139646805 2.89023603340462 2.70222639894068
3.19500380663253 6.79686060768007 3.68128529106336
2.78082870809912 6.56051336531238 0.149350885790636
1.70829652010037 3.95963844319234 3.89809181714966
4.2723674041343 6.78931354269159 -0.363710963242318
3.07311608750425 4.88044983470472 6.79705393267248
1.82757079314934 4.98064822011895 1.2328616626894
3.90542501021629 4.26178053911185 2.88832392784546
3.93035383795891 1.58507681111831 4.97955695509243
2.26855158027005 4.70579063042128 0.799072858893465
3.8525559330433 0.373342814361717 2.46112406509927
2.4479901144161 4.34455619942809 1.89734948886093
3.18320306481386 4.70257493902853 6.31595290521567
3.71003228568084 0.587995019662545 2.58558195309507
4.39746285068746 2.70788636089506 2.45135259848334
2.88200226664438 4.45470758291405 5.03990344107127
3.77739619931344 3.50046423349606 5.19707044351211
3.24719579195514 5.71333439498654 -0.143350872826051
2.89315181266494 1.09324223933245 3.07036046383859
3.93559362273007 1.76930775628627 1.9392053675775
2.72600175634329 2.91817900816563 0.447757997095536
1.13521864507638 7.1961014907236 1.05420711111248
1.09389983916398 1.77763073621927 2.94416611469156
3.26962619781259 0.039844619768127 2.12624663240316
1.4178436056493 1.4117687751861 3.22773972481679
3.94198665154082 3.54233282250243 5.60363022352244
3.00800226029128 1.14661797277272 4.07006606802883
5.25798446747056 2.97215240713566 5.85584590361956
3.43987861819072 2.90422859366516 0.77076238091783
3.44303731772331 3.44445548049331 2.03543810069894
3.15484200679085 7.00027258795764 4.34815396776797
3.13169282102299 3.44883030030005 0.320566188025938
2.94198799049227 1.14447353737402 4.26946329047931
3.46631461550945 5.10575824302594 0.128110204711647
4.79726020643408 7.32159367924228 6.11742832990074
3.11150789928687 2.51430161519753 1.37530332741669
3.42913452836095 1.57644086772676 3.72653159012328
3.7488207536685 0.0797445954905056 3.23131846979568
2.42832059920199 1.5930760522477 3.95157923438841
3.63328809227312 0.455672755713236 3.90476632344037
4.62384840451956 0.882350441893578 3.79604050662061
3.75603171214289 6.32553059877453 6.15246200746154
3.41039020279886 3.3084636937903 1.97383984538451
3.82280942104841 0.694508146091699 3.72015957948341
2.06781045357477 5.15245367875728 0.509168756628836
0.975976123032496 5.22287492910731 4.08187638733002
4.27914267727188 4.51140432549853 0.465334081293361
3.1337131796514 4.92489236524485 6.15147626219556
2.95979900600368 5.01780880375888 5.42068632023497
2.38489433411649 0.972137603943638 2.76498174447059
2.93929222638712 3.07327509484706 0.859673189951307
0.840361165972876 1.9195276848502 2.14455707268475
3.40357283860617 7.16403140017403 5.94703749272896
4.10235956338565 0.664779669309775 3.9959285665306
4.82329289661387 3.27968925284347 4.2987083172009
3.52521147515137 0.994839089733154 3.88681777462542
3.47700413567021 0.303307287434716 2.55261452561334
1.56261993522873 2.04175035573687 3.16048197983267
3.36662323559969 2.6131729285409 0.884869745520249
2.96568099670256 7.21299311772746 2.13920139114507
3.96319717700718 6.54039071784866 5.1292724146008
1.75127296671832 4.68548093869813 1.47564575178542
3.7498345055993 3.24953587405632 3.87802038008051
2.80537638052209 2.64336132565559 1.7261411552115
3.36693845917081 3.05608922476995 0.929911571400258
2.98110459269558 4.3264780260046 4.81539014793687
3.83885983372156 6.27730637201287 5.9069048716146
2.55627848478596 2.49430129252758 3.0166303377822
1.2008918369449 7.16842328229264 0.487318792634948
3.34864563177158 2.13752897264582 2.69068553197444
1.78753547074394 2.65546274703596 4.26954551226208
2.21872575027766 2.98775247416365 1.6977426173533
1.26558113797749 3.64645825334834 4.7939510038335
3.78524132351334 0.706704447899905 3.03055985166812
4.36570643462916 4.86356010615262 1.97542766253254
2.17844225639216 5.81181944529625 4.97586777381468
1.6310648718709 1.80121390918043 3.74670793712442
2.86179597815142 7.14120419571123 0.25585140945218
3.47288872681235 0.24187369310076 3.39806233989474
2.26610292943364 3.69723880731183 0.974014517898019
3.04719735743101 2.38222543433036 2.09654236815154
2.44771184280529 6.43615966370065 4.77195863969432
3.30410096036376 7.18064724871712 6.158089830003
3.47398965834858 1.47997465982636 4.77387280653402
1.02287528672688 0.520717331111236 2.8407029718598
5.0832405796763 5.87244135124382 0.579692201281131
3.39453224097558 5.29069410424596 0.152197403487182
2.00787317966582 5.51440713250282 0.599174382460511
2.83758958867651 6.82201708629919 0.616976664268884
0.770237743453219 7.46041643120948 3.77461999536933
4.10420088629927 3.77097587951995 5.39641861137635
3.00974836324198 3.35100602684241 0.586640417616452
2.05533944671037 6.86346504425394 6.41435478139835
3.54401386607876 4.23513032768838 4.91925890790997
2.99513333992478 5.55442458158522 3.91844551691498
3.27294567164559 5.93732643156375 -0.63282235838
5.17475273556936 1.93244698109696 0.537532046147872
5.01453316371601 0.989179756764482 5.01826144686161
3.59581878647865 0.624885604328094 3.95151771641441
1.17161240414871 1.08470599069668 3.46308564154974
2.56702245428134 3.5000674227376 0.763600621823102
3.94358275291333 6.96284387023539 0.378309162585282
1.43051730786674 4.62071352887711 3.91808501846329
2.66527452259906 3.67642438599805 0.312837410742429
2.3581750183757 3.31636151126394 1.27132013414665
3.01233423949415 0.832248092187518 3.04496283712675
2.6977791264911 5.80565268526285 5.90470712948563
2.47539341730912 6.8859523202525 0.732209711499536
2.77434135497336 5.20620126855664 4.98332689245448
3.03000673092785 5.04119728594918 5.54731032543123
2.91036014061902 3.89918815951244 1.71324955609864
4.12360628338193 0.321721664491295 3.19307884262388
2.24800388676554 5.797698094164 5.57880643506418
4.17224133186891 1.70595728681983 2.38830716151776
2.56448485015762 2.28054255392941 3.95997966412982
2.27083511043653 3.99792471193688 0.623666698546144
2.72975551170379 7.27515090131294 0.563848605237005
4.07415938779932 0.29711467931123 2.6034368605388
2.96445584756099 2.6376397931991 1.68999618649488
4.32932900933206 3.401242227221 6.09449013315379
4.32151165523538 4.88220415511833 0.876936075696847
4.07253354918636 1.68909070986352 2.52832801646097
2.77852505792776 2.47611589848664 2.94949817462184
2.72545417032174 3.35645536372643 1.2845661929005
2.35418143122455 3.49599450977335 1.22303670189925
2.54089496542411 5.04253094223747 5.28944695362591
3.24841556076679 3.67970903038834 3.28798361543623
2.53775957975001 3.33661552366932 0.838957273569878
4.23276986552523 5.43738593703828 5.95464204729764
3.68017737159026 3.80941223612539 5.4937072212975
1.77900821661059 2.9671423769102 5.20460866430227
2.33918642963438 4.98537296755759 2.50193334758869
2.52499194161081 1.56733734938053 4.22761697034296
1.90218341111468 3.23156867884827 4.05770466513487
4.35523606611931 0.225665819149358 3.50759441186573
1.83105037914758 4.36707103533868 1.11966187816639
1.58676800081853 4.73270813604479 1.76411709596889
2.77587036173488 2.01750164540714 4.31883490072322
3.08608299864238 3.77449720518716 2.59766553780351
2.08376874616288 6.91133316993082 5.26206999545568
3.03136002473973 2.70278493015887 1.12759576816056
3.93421832461627 5.72429370790377 4.93667740897567
3.26549673992662 5.56965207858138 0.367514622877403
1.2835274441703 5.83620705947209 1.42913998437834
4.46952895220218 1.41490581426513 3.26144616032204
3.46478359940272 7.22795721021976 6.08772598926666
2.89352337457239 5.37832619956532 5.15991171492179
1.84602007863661 1.16759080062175 2.88957516596534
3.77237340283492 4.58905643683492 1.75467775108241
1.66626403577259 3.68124992850047 4.45929330634048
2.63615425725458 3.80850986367238 0.0929710222090823
2.15337605783566 1.97186027364463 3.66032463021766
2.44013886415667 1.15934313048606 3.7302657025747
2.53315037274868 1.99547624364053 4.3065754068066
1.85058220260024 7.40943650919574 5.5953853196873
2.17067225675797 6.78255561576535 5.44450740075076
2.70339198346314 7.16298050962136 -0.0545843793858992
1.56825173026866 3.96690588930993 3.37344143541356
1.68327046909209 0.741739352585817 3.07349352515269
3.39091632998929 6.67508218254166 5.63184274285943
1.40202000245692 6.17420207904326 0.177881327654973
3.45916629302983 4.87362898902482 2.23259188181733
2.65771882387774 5.85807959653 5.52851063798938
2.17097417119754 4.41553975765222 0.863643547687661
2.1008215821916 0.771224101063464 3.33126175403524
3.37886705322229 2.42146792410601 1.07659084109054
3.8256200211028 3.88946335086511 5.7320980027718
3.24630705316509 0.399321298071035 2.78499063491309
4.25806843017579 4.42638298999794 -0.743584362170896
2.70150717751616 1.90729893594252 3.94977563069189
2.45179919096322 3.13406387253521 2.34045565426233
2.51959211359282 7.30721881459289 0.287801020757806
5.09487550596499 5.6862612710715 0.207928809279313
2.95105166158316 6.00470414786718 0.528193559582785
3.08755877748718 2.28710561087438 2.80647643656628
1.6894623475551 1.61889266707513 2.78388606373281
3.82805578817649 3.12045682561541 3.25913767354224
2.58826563565045 3.42953179945497 0.320477988721701
3.10907832152934 2.84004237891379 1.01259367504849
1.00955994788837 6.25742257513148 3.71385629139611
2.87544197750451 1.65939385486548 4.45806791412834
3.14368308524134 4.67615039562525 6.80214966886609
2.45415931448117 1.44358462408416 3.97102329493045
3.31287255223068 5.55227717447218 -0.12088918449702
3.64030721367596 0.565626846419211 2.46231071224067
4.65292633968991 6.35400911630876 0.195452517758411
2.50219071871898 3.27871432366858 1.5115033647767
5.02317353310834 0.748199781543945 4.04441673158555
4.32552399709599 6.54158247401092 0.167796112448805
3.30754399590438 4.70408167453411 5.08978844960512
1.11117229427508 1.39442273884979 2.08177603922607
3.67221934256989 4.05555599954003 5.35754504140518
2.91098261766666 5.85445057237976 2.14898010922513
4.15006448603125 0.815689659119604 2.66824201609083
1.86650203327658 2.4578165407126 4.01862653383524
3.7421274652189 0.972089183439947 3.8169417906731
3.70068053744944 2.58594237135158 0.163731197718408
2.06033454166169 3.98137124109725 1.96535732776225
3.43471496740919 3.30014937308002 1.43442708416148
1.15157954744915 5.58126206259112 2.79190250447938
4.13047258139538 6.17695147885251 4.87852567022113
1.73909756001602 3.56314973690818 3.71615006369014
3.7936858745921 4.22846839056571 4.5443625716717
3.48815773266235 6.83288825665448 6.29447828994416
3.15564563143038 6.66774121755285 0.894932211537759
3.28563058918545 5.14138488462221 2.86298551208845
2.54184436983419 7.48436357233611 -0.598310079056473
2.55340654645907 1.26734084308421 2.55129180517419
3.22196154629408 1.15112112707216 4.5552421993089
3.49672744940745 6.96430952567597 5.1706848355231
3.18873086779744 4.62324666289014 5.84319440480313
2.95162556281132 4.47657009411325 5.10456048799332
4.20055366388852 2.31152197170831 0.828777409723374
2.97545122058312 7.49773909012669 5.31430267543925
3.28077505667375 7.24879413850185 5.93795152625007
4.01329585630452 5.1885278073729 -0.499593884554524
1.93699758190538 5.20317842525946 0.791377062051999
3.10572272140081 2.24634650242523 2.98584351730221
2.42208924905083 2.58713936088415 3.7249148826228
2.57580438567928 0.330569429049508 3.32127966102203
2.57008997405144 7.36678351569115 0.153244931248677
4.18912805617314 4.40273582218988 0.532390762279894
4.62083387937437 4.95071483447145 6.54270489298448
4.64127342931059 3.15112170916372 5.92473228871684
3.10444234507313 2.3397571579999 1.70305805533083
2.02882785581322 4.01554625780348 1.31005403656153
4.03317260192657 4.48185003932991 -0.042168231016294
4.56774594575342 0.587976498067667 3.35198801977033
3.45136318916658 2.91752445280818 -0.0521508820808988
3.52203272253369 2.39441207995308 0.802632045879078
3.95247466574207 4.45835777273367 1.00191718912166
2.05389842515742 5.97069579801973 2.9869886871019
3.02293965157786 3.77485538315443 1.75372378848976
3.57739124488025 4.81162402878718 0.983510620547742
1.4728896436131 6.18793532029461 1.50810061037351
2.51226137899438 4.70481521163867 2.87592353084675
3.17058772493257 1.90240772500383 2.85746840799773
2.31255104162794 6.56520240201118 5.80517819639978
1.40046078039426 5.88440865831393 0.644578351100002
3.36014514103394 0.556347679090622 2.44754933431194
1.10187326620833 2.01812142728065 4.00885937827897
3.99317280828488 3.97664335723915 5.30990381933653
2.07070583230341 0.643897819833592 2.56277980309039
2.3662403325056 6.42860348284142 6.90722989454321
3.36639175477694 0.748476507014605 2.93118240526803
1.88043020442591 2.61769116505796 4.09331989415496
3.80856777146057 0.945216421646509 4.21541509062005
1.01422888722583 4.59805867898714 3.59938305021206
2.9240090147004 3.92314913049393 1.4750618125449
2.08715750799653 0.756648477145238 3.31087375955883
3.29903394377187 6.28955848991631 0.45971962919227
2.22513537137187 5.69742106545135 4.47859904037659
2.60491919164992 7.19754526068558 -0.497834432103351
4.69383953440324 3.24875052116405 5.27298390677822
4.49399849787279 2.14252586663911 0.367146813216484
1.29153979826522 6.33920763842726 0.846688188477038
2.39049512514034 0.0977904687133559 1.59086287314933
1.02488842084814 7.01193518302149 2.02701216421984
2.39280405719702 4.32968424958505 0.350561566557854
2.74411423865652 1.55069143470676 4.4707488492579
3.57371227652712 1.80199414803696 2.64212443644201
3.42077058916614 6.203582865007 1.16600940214322
2.43953129267943 3.33315282371775 0.984824913124829
5.02202738305804 3.73498616491061 -0.150644058002165
2.94950607284613 7.2477941286724 1.77765120746675
4.48513380198673 5.91979584579398 2.16023372941561
4.51747155750829 5.60535496231148 5.9633011052959
1.94315498093081 2.79331111911494 4.35921990137737
0.122069155048661 6.68147979937846 2.89992551342973
3.87961683415653 2.92505863266568 1.43436488729052
2.60374329665903 6.81357139417246 0.691223696302869
2.01334982362942 5.93423171541534 1.85459332215513
3.48729377821351 4.42520176563449 4.97488185867929
2.52414890094662 6.97313838356833 0.989983270347449
0.432230629574435 2.24902887247476 3.1879273866739
2.28250179137098 5.37944038132326 3.93860198983891
3.10314235069853 0.764970422187544 3.11887462128769
3.71402745612826 1.10075988846814 4.07480178686442
3.07253615608201 2.3916953222905 1.62290464914631
2.93780087829327 4.11812148119045 3.92475123855191
3.27201461437676 1.07090597765656 3.91842003650809
2.84977992410194 4.45338439196398 3.88974953197997
3.14060819700142 1.0887439891901 3.87186771068544
1.78047246755583 4.5705729405849 1.13213145019534
4.09464610040785 0.33113842012204 2.96347765644008
2.7664934759998 7.12712399936013 0.179256292387707
2.57037856023594 0.628134741278979 3.10664421972198
4.17142733678129 7.23230532711284 -0.00192832178398305
2.3362248271405 0.782849627492502 3.23222322840883
1.79910577940606 7.36288041456397 5.17236099786622
2.47128451107318 2.59289970102314 3.50258794424422
0.627830545112513 1.84935167583049 1.8035747431832
2.15473366650164 1.38259603507668 2.9753003570134
2.84837412871685 2.81602492897291 0.616784251357635
2.16505328514676 3.40843108510084 2.47850184240972
2.01622555238504 1.39299124721347 3.99088062361635
2.72322435046165 5.07119891944334 5.89826729685621
2.86265084087129 2.42127476275178 2.22853073003093
2.71470103104137 0.665201379180279 2.25667882027896
3.07091496848033 0.838613401367451 3.85005353988428
3.69032702236175 5.83595768124404 1.71716677271689
3.8691883252775 0.0337345540484018 2.18050216519092
2.040014922908 2.68945780701497 3.81718735151659
3.75798584682869 6.81970192904751 5.79426059594135
3.57820715718752 0.598515865893408 3.27433242865583
0.645168674666271 2.3040864568494 2.69391715562872
2.2801809812541 5.10333997069125 2.39961290375716
3.35578911859268 2.70012295622035 0.971752625787599
3.51090354896731 6.67664873165003 5.63161805448757
3.24580372541615 1.59826678358553 3.99633456465148
3.17502815653082 6.24604813185302 0.984607568946087
1.25706168583923 0.72027430380118 2.04831167775752
3.83112170159376 4.52777760498209 0.118517686774185
2.81530374413312 0.975776773642804 3.7842010571721
5.43109172275276 5.35511101891797 0.165240988291461
4.16461871066459 3.24475787665893 5.6213653341456
2.74343657401368 2.15672127344141 3.90219428216348
1.5451470441629 3.83719479345931 4.20109523793621
5.23539058016224 2.89368584177394 5.27067316386488
1.61825289210206 6.0971940180243 0.854266419961741
4.09724982807538 4.69410911663221 0.186753058440616
4.43861894997106 1.1555030888578 3.98906034631214
3.56755735620902 2.66271030328776 0.893161406001759
2.85108741133109 5.64308943547616 4.56189334502177
2.25384151654412 6.78758397015461 5.86014671361724
0.294932658428574 7.2783895109252 3.64931334293717
2.8344237365426 1.2241262129711 4.73310484708467
2.92437915403611 0.921686816683088 3.14701565848909
3.5259810781683 4.05914667922477 5.00195768001841
4.05772930895518 3.65968421514265 4.86329342714083
0.373374854413172 3.11468503925385 3.48840689797979
2.59348448041298 0.102213891093293 2.88407309629495
3.69622581719769 1.73714336875758 2.55587742075632
1.79213551666813 6.36560484498884 1.48566706148801
4.8804161862997 6.52079093588771 5.01612410507826
2.61696864322746 4.61847990171678 3.37783246730281
1.23196151516108 4.79712257714643 3.9050886496976
5.48655421402433 3.54755748716464 -0.0386431898611846
3.07962897574658 5.93075375131599 -0.22142900797823
3.36977207985661 2.42722137841015 0.479076066163626
1.41803786523553 6.70161715437119 -0.0683654735062779
2.3646873212254 6.43014171204271 6.36667522670833
2.33322888225055 2.41849563886455 3.32653352785911
3.05296020043712 4.9615362358214 6.01746710524715
3.16149311371681 3.28080343439464 0.583244611087559
3.79212630590915 4.3744237279095 3.36444288003521
1.76282464445926 2.31271251380434 5.82507021247038
3.86875470720729 3.00833123405882 2.01286543334757
3.13296321217708 6.48113727855714 0.347757410597893
0.966837800301483 1.57874710421075 3.27466316412457
3.18551116743488 6.50191919965805 0.23776221732049
4.28058342422199 5.51896924474626 5.62663736983452
3.7965038941666 0.191240482788784 2.54543959870584
3.70265660404281 4.54282297899132 2.50505474418753
3.09756617615957 6.83957597583692 1.37533098022321
1.76316853112446 7.11035995816698 3.88926466602387
3.39949080889637 5.36808905017738 1.14294387996031
3.81114016445199 5.18680137084288 -0.0962364989872304
3.98018659878256 3.52884856247302 5.85974435742514
2.84690319985291 5.53045528673084 5.81984528057345
4.42805795863613 3.69140167796219 3.92058834731775
3.29639486965432 4.23978702714803 5.82065925856462
3.76230043933405 6.69257408119894 5.80684639295928
1.02364687917758 1.32023946298347 3.30966324125481
2.44532953828456 7.38302519986968 0.91842317396747
1.80078344221534 1.33039543699342 3.24474376556757
3.22661142534412 6.71961387791066 3.28578157389977
2.3744237272725 4.11770398441564 1.16941321069846
2.51083102232757 5.70219874261664 5.87040957730132
2.31007967467376 6.7376107886996 5.62341320802805
2.13954251256189 1.90172695350414 3.6383633930092
3.09186341739717 3.69267214841358 1.77949386235338
3.81726258133628 2.16141786217923 -0.00775864832435991
3.06517439894634 3.64505768654956 1.89259631109376
2.45415365448114 4.56625351195088 1.79580368367736
4.37958986562649 0.766795321978011 4.56896320669759
3.79541014516965 1.97416367149024 1.47466843931457
3.78573061032283 1.17025156086034 3.86492195837238
2.57461611056861 0.403081237462687 3.02295733590302
4.21907048481995 2.81105488931624 3.1128600068108
4.55786167795495 0.0332311703080936 2.74797666719269
3.618352153137 2.93549397848012 -0.122866473901715
3.59121301432586 6.45845058209208 6.76049310808028
2.57562902788962 5.66775587791003 5.53553523352529
3.66386983032381 4.17580086526656 5.39742901501955
3.09540693477655 1.04031307745118 3.80660258221273
3.62555335983064 2.88057481766727 -0.0704119155989902
1.14270278963718 1.17295445091169 2.7916415933963
2.76230146319257 6.35575337211579 1.34771579723855
4.47037362864215 5.35404859903487 6.25318429518356
5.29500682734108 2.78501359817416 5.55311086838237
2.92476635852323 2.36444182132078 3.12330962096022
1.5251685341837 3.58283323545509 4.82170293426773
1.97439639962239 1.91431620202421 4.61674666434574
3.55776484181633 1.25174312148244 4.28240343769465
2.89447157530321 7.27830139791609 0.980769134168868
2.2419155645816 4.68771311945942 1.00144569151376
4.21174493531811 4.33103894785538 -0.176024113732694
2.0991582338597 4.98372066163746 0.693999434062533
2.73739742727767 0.0174059567159635 2.54295073045445
2.66705259008701 0.74445020137134 3.71513057362681
1.81928486936442 5.76553706846205 0.352945867653725
1.69084618710435 0.91283078331931 2.51380181435609
3.94345859841622 4.18117224026006 2.96389888746139
1.68234524070438 4.24363599780938 2.10247468946089
2.62859826467538 3.94850567218451 0.707443332189634
3.84047919144827 7.06716041597712 0.544748987261131
2.67405306729942 6.51353886871523 1.32640899899194
2.30141635068957 6.52211037769404 4.82215434698838
4.1402748296308 1.42786486043359 4.16295106389531
2.25761511006779 2.33795754704829 4.33568851737577
1.14776374470454 1.44269443560896 2.66513946850965
4.33364238704779 2.8344404956506 4.13385165222462
3.57223603767629 1.5253881330903 3.68455446851858
1.9243879795246 5.14648786478346 0.643269326565889
3.41113670741554 3.6671501972325 4.17233506651883
4.08139288628134 1.67318707344999 2.90428884308289
2.27222219689743 5.51092550618286 3.63041230465727
2.96429335649005 4.65991221173682 5.49054934546628
3.63352304855062 2.86751679773891 1.40516526945813
3.27380054277961 7.30841699301744 6.04472376008029
2.22999000848691 7.45357791622795 3.6913716793292
3.45615667990477 5.74409952562839 0.367681296588602
4.76717483808976 6.74293731760711 5.05426604907634
2.62142140076337 0.0474321552362751 2.20603058685642
3.37769339926563 3.37710882752408 1.50616469982755
4.30596635111139 6.82036953319354 0.517468510510328
3.1922598567947 7.1966158394787 5.70175303807301
5.08811446489248 2.44030148503977 3.81737890394806
3.41079263724832 2.98072361939579 1.63415405386575
3.06710912415202 0.294439620080733 2.26297302303405
3.76014440951908 0.461823080229722 3.47854001066117
2.48666612583704 2.62018875157221 2.88787156869945
2.88013248084907 0.909898650790092 3.03251856098133
2.79656567729904 6.83786966072107 -0.576251892488616
3.21627899475331 5.75076629336985 -0.359011444602598
1.22921086311073 1.04660489598485 2.22049962183003
3.18942605858602 7.25984073568 6.31536197279034
3.63462204063985 3.43465618620716 4.59029105788037
4.30289891822558 1.59576629672116 3.60998093220009
1.07262871256195 1.8254831287815 3.31590555793551
4.60232965149336 5.53004354059783 6.19733398008975
3.05391942220736 5.42840556713918 3.27854717778666
3.72792504561623 1.62761346437966 3.91805618649303
1.33082544905755 4.65016036614618 3.13779820941423
1.26082723756638 6.65871053661004 0.918139750409766
4.44595462051696 4.62746908146977 -0.304558489349824
3.70331659851102 4.26737020660447 5.52583524445575
4.7572538093647 3.46899272546294 3.50324954948997
3.82261535794509 6.57430621175018 6.04749882948907
1.589421339218 3.64165463054102 3.39093785720203
2.98791020214393 1.18314144949974 3.37605892679678
2.44592293112872 4.30246391519421 1.24722101903421
3.64153569633326 2.658658188093 0.154948842225097
2.77638489696482 2.51143252570255 2.79710671988445
2.28504509205895 5.08040345460741 3.01544957210418
1.59911849401254 3.15486469811291 4.20704095824807
3.03787569543751 5.20489713003418 4.73878878889455
2.11172938133637 5.07347746572735 0.558951664084619
3.08401346195949 6.26356531341068 -0.116271187561891
1.90529218094397 0.300178198231468 2.27691700670535
2.87103356915584 3.8031627153828 1.50379428670449
2.2368535526508 5.39985172993192 2.61820082818275
3.8716383322704 2.15384076328087 1.07830311954885
2.1159633652237 5.16735391225143 1.42244756260377
3.27041232535371 5.83736439958073 0.0188578756321706
2.93433369477647 3.90130959574286 1.64487295917465
3.94307013078587 7.44461801240429 0.0023264102890346
0.186844411475175 0.536410330218901 2.91824216908211
3.05259765680088 0.699133334407342 2.8812803260031
3.83510676957752 7.23632876555915 0.545527133887367
3.84431023549413 1.16379837014051 3.52524814984158
1.8099877408361 2.51646713720692 5.46355969429435
2.81174238708732 3.83806202952099 0.537811465987796
2.94790451985652 0.569331501165342 2.92262744751414
3.66395453515438 4.23071436675665 5.88700539149961
3.32654402498999 1.11341796221042 4.1914450466396
2.35965311472563 5.62697761611321 4.27512026146299
3.43917655791495 1.13624117199148 3.73572042782633
2.33719805478881 3.82422959370229 1.48316499922514
4.51347683228658 4.33833789263305 -0.172459032211357
3.58912518449301 1.76312806107253 3.15233079001941
1.14766444557233 5.60628709459773 2.64562266883631
2.54752084866841 6.75144039123931 1.25455642136006
2.59258302202806 7.23141652520686 0.736171378111825
3.71962077906782 5.83356673577885 3.54750527301864
1.16281797780049 7.11439667078481 0.796564363860629
4.29716428916187 6.08044962583492 4.20082672824582
0.967675525270877 1.34682430358086 3.23719273769996
3.27781365563579 7.21051783223794 6.36179648257629
3.07558060951727 2.29554794875592 2.64990911563335
3.88806403369984 0.260881158414438 3.32273443905167
2.22848709758691 6.22166262344558 6.26208729727128
3.58261213649443 4.76277676764987 1.49956125937125
1.74252355584794 6.28628667756647 1.11686708840644
4.32201042128887 5.93610169936839 5.59381856301457
3.39580556355614 4.36881215672795 4.8859970701477
2.40053147683187 1.82961362693859 4.01636829118214
1.18759054075455 4.51978175329118 4.03211903202714
1.45533210864961 7.24976295115545 0.65444034130351
5.41327439215101 2.47737317971329 5.51530479787959
1.89910229178893 6.20314436708493 2.43848157485865
4.80694997695833 2.20525476631608 0.488333536382131
5.49630678880365 1.28775880066822 1.95006156220779
3.29446022544306 3.91948081889546 5.0537564312019
2.42683939009708 1.17420730490224 3.20524505115791
1.31945836782452 0.0827155877630599 2.77294199124457
3.68819724373076 3.7007566403575 5.51464596911197
2.93171185228289 6.89225966955383 0.114436131242564
2.23061314035909 3.24041119646026 2.10544849622873
2.60072771243037 2.58072942371133 3.29733512151538
1.71673587394217 5.04918473573502 1.17065079571541
2.47824841578896 4.98275410280039 3.96641850701275
1.24541470450723 2.47733474725122 3.29168677171282
4.64239027118977 2.61919845465291 3.53569855381709
3.66347822412191 2.89797502288775 1.22283575099699
1.93663600416729 2.29060129602355 5.69308052016948
3.74601099539363 0.0554927970525574 3.12059522589729
4.03059009758225 7.24885817334 -0.366733386696494
5.20591895287153 1.4417866132598 2.51826004008422
0.218137123921797 4.13786960453448 3.4351278502228
3.51919218994216 0.846772699750632 3.82975922587428
1.24217751969185 2.56280416436283 3.32130546129307
3.79559249819935 3.22223436504612 2.79419519438395
3.65556099578837 1.07386293283522 3.48372515644248
0.11826402265298 3.94247549185596 2.78577176202161
3.74175519691101 0.978285257368004 3.92138247968727
3.37682203673751 1.55908452764739 4.77283330114319
4.02334289936287 5.75768249467797 5.43261413470297
0.556549124770663 5.31507897105415 3.6118080846989
2.70425968294885 4.17492879954671 1.42357131248023
4.59601419539403 0.103100565015699 3.10221368680538
4.27141931099576 2.72076715010813 1.62431429342591
4.38951640579257 2.4005048695052 0.821736678193134
4.02788698455874 6.72862717314729 -0.0155864193984644
5.09503635018953 5.96904211898382 0.253040757819933
1.55521613946257 4.33485415729284 2.35542743072876
3.69480560161241 4.40038307575737 4.67990686584291
1.2436484226202 3.29672961209517 4.54909703231686
1.90600553009901 1.41129444830675 3.52699954183454
5.0620185665666 3.36724225931201 1.67058984167963
3.00473605021461 0.490139692121109 2.597852916061
2.58499973367655 5.64658972267421 5.57677572505434
3.43441426645044 4.75477110000037 5.05827845604118
4.49682231016182 2.50665410226958 1.68341434959222
2.88679142475349 1.7866518594101 4.18610397765524
2.98449634057681 2.78169813438907 1.39278125311347
2.92391937099777 3.77782272505741 1.54843654281759
3.14061405421231 5.11980184982619 4.75218391129719
2.91479478309015 0.953344922120378 3.19049555447613
2.82901761858829 7.11308525511458 0.126319400297047
3.65395548177214 4.9889320175937 0.381171295369282
3.78148953797728 0.917657809444307 4.15690976652622
1.792298239186 4.13024016061602 2.98541886880151
2.78952781353765 4.46264346059159 4.18018734205586
2.84267908937243 5.28048032937289 4.99716660170438
2.62544456989843 4.68897519736818 4.23070365423501
3.71388062895073 4.02966562588592 5.41271609231097
3.40238998367689 4.49329193348045 5.92482308476739
1.97417354600119 3.22182215720406 3.24876206374352
1.92900498613067 0.720514316477043 2.950845001181
1.93680827537992 6.70483349382988 4.94010644066476
2.81054426053196 1.57284694584975 4.15385787135261
3.05026022327498 3.39216007146967 0.773228306932993
2.34554177351755 2.85624431681562 2.52896197015996
3.53134976270912 6.71030209132671 5.6666095467641
3.32210293057759 0.674881067169002 3.49161915084745
4.0945969027109 4.85264322310887 -0.1206303195224
2.7673269527048 1.84205071403373 4.59620617256487
3.73992494839237 2.1754413804472 1.35897294861519
1.71361271030004 5.61315782748486 0.445027707224586
2.02266559248347 2.84980976592827 3.23362542209963
2.57333622005231 0.816243192159852 2.41376274600317
3.83043939395164 1.07460742256299 4.15652024648053
3.19349746982628 4.37685201922457 6.37773396337699
3.11294472106851 5.96855528461579 0.237890880429228
2.68186338695775 4.67033936970308 4.41677327755923
3.23732887854679 4.8521624439854 5.36897239783102
2.83319214246376 0.462225130217361 3.09609646168362
2.81783749939127 7.1758400881517 1.0557289144105
4.81871413985403 6.04861581601518 0.14910922463027
3.05203820053535 0.0598884488578504 2.08717754998117
3.54159297601692 0.805264418796034 3.06492554724295
2.55758963710137 3.97689254486158 1.29213282316444
1.96165681506268 5.0249263846908 0.662257593142731
2.60259235202652 6.11109519792234 5.76787255637939
3.61708550180147 0.928245321211618 3.61498949608259
2.17543556445831 6.97620434071739 5.39389914460146
1.48289152667364 7.14593341705753 0.111317739510207
3.26028832052645 1.60222962387392 4.09302737253516
3.66657152239761 7.08994313241295 5.66783876928869
3.03062549473458 7.03268980962497 0.852462970380658
2.73647211852259 1.70157849312126 3.90360516421335
2.31476119776657 3.28629153100149 1.47726747662188
3.9219799627922 1.1826806133228 3.79812342658955
2.50377647168654 1.27231788714171 4.52624952395556
3.76900370914055 0.168324601981944 3.46881922310117
3.22452269258663 2.95530173971929 1.02196337674517
3.97549370968738 0.772641388146886 3.89685111570819
3.97687550988256 5.02492310467056 -0.417682074411906
3.09200183801505 5.11172206863036 5.57329653775752
1.98546857362883 0.789909679901369 2.75264836502584
2.78371782362648 4.35698790548324 3.26394188104838
3.22609571117006 2.21800612276171 2.6702189941309
2.90825644490666 2.5616342534544 2.17854251572872
3.74644321256841 5.51308481674521 -0.0543297068501117
1.75326281542602 4.37712759939985 1.40444782276988
3.26828371775441 6.26473814941526 -0.62308063140955
4.61463266220182 0.63092154059611 3.06909106408556
2.38132171798276 6.55265111031809 5.73546515819522
3.22208729361481 5.34371463420857 1.90522674401449
3.52422574352098 0.998953886379756 3.65509659039815
4.58380235488369 2.10136865822183 0.772046417428488
2.93740314077971 5.99634147584379 0.112482950040528
3.76053917264007 2.70192040643273 1.13099004102184
3.69132175586997 6.47767750188312 6.08811070152236
3.27323416427078 2.13476923376091 1.59326896096163
3.10221191572885 7.35065404471019 6.22917603941526
3.32477787607098 3.70332007398348 4.80504156040081
2.1995913241001 2.13601056303524 4.49232048669696
3.73418112531055 3.86747452231011 5.39347311394035
2.86382372790552 6.002373977574 1.80089174234119
3.13136330392718 4.09312268763296 5.19679308236753
3.45812043464954 0.506176568211503 2.51595883418396
1.30133938228481 2.74416162553274 4.21547123965279
2.8234595381314 5.96121876408132 2.43573925727601
4.13948102788041 6.5692363480329 0.704504865574132
3.11591164162566 3.7007371747511 2.25285010178132
2.43095049453786 1.43790564277102 3.93987020315561
2.34032285849395 7.07548914191942 3.40832373487529
4.08776894540084 4.15498965616716 2.06649350173508
2.72363483117353 5.79498081233168 5.33848902959987
1.86885749199299 3.92526394881518 1.86827728102567
1.74371045801115 1.9875028605158 4.28471714078902
3.98154565678599 6.3129221775359 4.96634998040846
3.47404537241737 0.917776816673349 4.52908605331222
4.01377831752063 0.623000480469529 2.78871210604381
2.6124296731736 1.93036239424838 4.51314128872804
3.70938901747176 5.13430870301609 0.920886848922775
2.70011964320807 7.44036689276897 0.667159600350754
0.992482494148519 7.43623589098229 2.35918673658773
4.36559985673827 6.4149420534091 0.201141893378366
2.60356952815053 2.83166985458432 1.35968836771692
3.99560663419573 2.07442740855828 1.29683991832337
3.70081680595865 1.05855712129747 3.92049095971268
2.04505249311636 6.93893459873706 5.78982859393033
2.34926373602314 0.946081328365453 3.39495664132962
3.45003406692061 7.37033405687719 5.5121233086962
3.13609571197004 0.267844382633678 3.2115548369501
4.14228395966973 2.88246263539609 2.41980033898132
2.9020907985098 1.62940915061453 4.59669992929857
2.91228789065228 1.44005173822107 4.24104824163399
3.76202139922428 2.03194145554904 1.70363018713338
4.10300763926822 5.47655340708539 5.44525058589412
1.87432307585569 6.45789200579172 3.17712688237231
5.67201944259675 6.9513280143852 -0.49539854789312
2.20397601792544 1.85850926794542 4.46424212890608
2.3671530517022 5.53320523688344 5.2721001863374
4.03723171974493 2.72770128889761 2.00798502686814
3.79288518717143 6.2687755348461 5.95754713091259
3.16741480052154 2.37980932847656 1.99864523639873
2.18126718460341 6.20785495005009 4.49321092914087
2.56993120582699 5.10496507260837 4.55043070995088
3.88800589658984 2.51908532337302 0.336214568500675
3.6068046960591 3.14687000448974 2.03286177356308
3.65338092326139 4.44793154908957 4.26591600491122
5.26917160012039 6.34141897074892 6.19886760176949
3.76770316430362 0.131838674965279 1.75571714824186
3.2187615665601 2.7016656199958 -0.256582488058921
2.81264416761123 3.43145598571258 0.944603470545608
3.42156059757032 5.31548851596276 0.557789754010526
3.06810089504102 3.57795976013964 0.859308743892085
2.45826910585001 1.32578468844504 3.70298797978319
2.68106387722254 4.21323878948741 1.82314260521107
4.13012109755173 1.78576307965082 2.53293351793865
3.65654476266119 6.50970408633624 5.4918115774432
4.0814528059749 1.16635415678408 3.99475398418299
4.39807966733599 6.00727998386815 2.70483571598465
2.36462279275776 0.587109569173413 2.82665519677219
4.38844014805711 5.48659634083814 5.79036116646869
4.34268927871495 1.86088981762678 0.499371480604527
3.26369154214201 0.667743601788709 3.62085251886896
2.23009813472766 4.17866046509551 0.391225943637865
2.88814195885361 4.76083325734044 4.7543972570209
1.86554028850491 7.17936747202044 5.29163177713604
1.34093626796406 5.898323146021 0.0938769168415883
1.98769389159764 3.37489718538139 2.52589188272969
2.79854918381596 3.79543715193491 1.23729624160862
1.32666666442401 5.47424727405068 2.87888751798643
3.72785448712657 4.78341081975256 0.0964904933268199
2.86984148562318 3.35726796895264 -0.417595037724434
4.16843614346222 3.45543410531382 5.2094817070609
2.62686606679413 6.49892591343537 1.77970677910498
2.65614203762397 1.19206923413716 4.39418930879391
1.96614857356566 4.17025671642657 0.945717005054655
2.14965741059444 1.29503636415333 3.20713128229356
3.59064974833861 0.771982841918787 3.29547258175448
3.63354343495657 1.93195007827474 2.26816481365588
3.06601902986931 3.11785701406878 0.74596756831662
3.90360841062666 7.07278722103072 0.809519317485951
3.37765769099464 5.09758707209868 0.485575125165339
3.38138378671264 4.95342155770804 2.52385015267284
2.49188691329637 4.58305299720648 1.45854095179017
4.31096371104261 3.25424917802093 5.48099744307506
2.98177002753382 1.25850857821418 3.40637482901947
0.465665354016229 2.40607366967419 2.73634621855057
2.54335119780697 2.49268381352814 3.41228760866846
3.18975223140067 0.374326163318146 2.14794287242777
2.76498489222631 7.16907621998293 -0.905961071344527
0.475900753644487 6.2544450529027 3.89012271186045
3.5308865275855 5.53609239281522 0.559967050775712
3.7402809572155 6.92726457303166 5.52774606293811
3.58806821034616 2.03985549258102 1.93635040985904
3.37902275059527 5.8849730087127 -0.187777790788784
2.46090163351335 2.90589502412944 2.05782089195034
3.36586098534989 4.60892633089228 4.56164733678442
3.03175934612618 4.71002568553184 4.77537715165421
2.69120179952101 0.624657115585789 2.95718381789309
1.74111621245213 4.74934447501519 0.431913825509213
2.78972502106914 1.18831082657597 2.99495826955891
4.90516831077326 0.701185515532244 3.36067598580964
4.33779377410969 3.13986565579856 5.92231196847878
3.05204711022869 2.91247447414133 0.167685435214953
3.37714513505293 3.56121714831454 3.01298445415208
0.767180537679268 7.0985327980415 3.39642087319727
4.04560334401096 6.76081316510487 0.0883281076532646
3.73144339015015 3.38518152292111 4.41682477660592
3.28292666382457 5.57284935387167 0.810166190480806
3.99441274974128 4.13450882586258 3.52806655646673
4.1635097104157 7.27206699612046 0.611409729182155
2.87347350906924 6.67394820756056 -0.42222761648923
3.76894932372359 5.43723379210993 0.187861051179889
2.85088213618321 2.90771129656682 1.46767336471875
2.00773437677687 5.96906069301485 3.36850704486905
2.63883961432087 1.97177843116611 4.23633162013193
1.95372518863255 6.14663636220853 3.50047161687085
1.84852520270285 1.10183291289427 4.34361415928402
3.16213061045631 3.37766466880623 0.959247530864328
2.76144991452465 5.08574266623205 5.36085193868824
4.31289824394938 0.0793791879549266 2.72689220370531
3.14214888167956 1.10944054979052 3.92608838552324
3.45737796220317 5.28371277129018 0.565053626806377
3.24345849835667 0.912344749605455 3.61918312898722
3.78498392936733 4.99976527227191 0.188299066443562
3.69820545814694 2.99808375020447 1.34057043437179
2.4878640833048 7.47139468911884 -0.0453170012743836
3.10883660088912 0.735227699501415 2.45102182959015
2.44803289881345 5.6374321594826 5.53846124848995
3.98922844330127 5.27992902526946 1.11857629877475
4.01821917753842 5.11644633465486 0.596538801542342
3.64833908565033 3.10842714907402 1.38205322572063
3.67410682240067 3.23965637107476 3.01120056379935
1.80726966756774 1.44898794816405 3.20660037681485
2.73670772482884 5.45371528194774 6.04443506794041
2.70556312079209 6.55858965348512 0.601351087531644
2.85933096702578 6.63939400125511 -0.806141056125107
2.91298346566389 6.50075477301637 -0.408256981504341
2.7163526254146 0.758540937216465 2.8211058118177
3.67213356807187 1.32703413478823 4.44772017545743
2.72908315246535 4.32190832427595 2.26217678492847
1.8137807843801 0.9218973404512 3.91792631105529
2.56353874610766 4.15762588300829 0.133213003332602
3.2346387841146 4.76334585663802 5.64806736136756
4.91885599502556 6.88725880850863 5.59163521431506
3.63849357748042 5.74817813900036 0.837590298597335
4.31628505160129 7.43930783202814 6.15178158850984
1.84638235194681 1.11340411545947 2.01685969661683
2.13916720391757 3.29654425837696 2.74804628354494
2.74739879958385 5.32650951084896 6.31619290709299
3.13980080090832 1.29448361570588 4.25939016540632
3.78243541767386 0.990617430564503 3.48348740686045
3.11237560211539 7.4146940777086 5.37836019185466
1.69958228160858 2.07922681466771 3.99317345645881
3.11056953798795 3.12070691844882 0.354051156881756
1.9544083781422 1.50833134785287 3.84906701683261
3.17329409535057 2.98978770435588 0.455401064716071
4.64310745869459 2.30206773345215 0.819259465209416
4.47733885895523 2.61513416839397 2.11062036049334
3.67654490250459 6.51112909100953 5.82593313295784
2.23271166603055 3.51634954580488 0.185788150048138
5.61303827280577 1.43529604502384 1.41805579341851
2.0968567213994 5.10722007515387 1.20860042592482
3.67783275068405 3.91054448811858 5.9397453962835
3.64889617486274 0.373456189949676 2.92266067702797
0.884140614084653 3.88535912107492 3.97636922721765
0.987584846146734 2.28967014518995 3.51177933836312
2.98422664860591 0.607255952487073 2.64248736176536
2.55373661834431 4.64910526086147 2.48014572352871
3.04608930513848 5.73155970299719 0.32469644253602
2.38336194396386 1.57834421348357 3.69387661099428
2.06305723476178 5.56264402731092 1.39239239249921
1.95170210868586 6.66664280975827 4.85728548933647
1.86136696541675 3.9796610916756 1.50659119991949
3.28032579440306 1.43777680594064 3.79194003387314
2.57010169302893 0.707941767405505 3.20582048463124
3.81646985166076 2.80960236459364 0.101939046120646
3.43127553015397 5.82850742961206 0.559854906515094
3.3359373475609 4.43646990018443 5.03619500525395
1.84822924034154 2.54622882416077 4.41264460992225
2.99003577957639 6.6901677278578 -0.0159208634633838
3.03479646053819 1.36860839068794 4.15759584221603
2.80090623581669 0.934966199130732 3.21288681621549
3.57614697052298 6.26678999774884 4.93573795731337
2.99259882429505 2.30561770249701 3.56670392813139
1.45846257312284 7.24792895785231 -0.24008917829033
3.41840817952023 0.773124916427705 3.16584262090341
2.30438512374679 5.65662281384218 5.63077436078096
3.22392720513353 6.84332385921285 4.39096619455442
1.37253880636201 6.49786784606623 -0.435078781339726
1.90941335092349 2.0426384680035 3.51537058896187
3.2741031715491 5.67072696457048 0.0516246041643243
1.21714484959083 2.96607958517089 4.07258965082175
3.65608530835276 1.20919694548712 4.47072264089711
2.36115899270891 4.66045704870974 1.32011488315017
3.3576734610647 6.0603170776052 -0.280324479993502
1.99852624941435 3.89220051342649 0.816036834722836
2.40282499789479 5.7421870731935 5.42940949876706
2.74064281291015 6.98427676547678 0.549001877277771
4.49426054424498 6.1402959524313 -0.606442866611805
2.6638321419029 2.61688357781104 2.77818603265339
4.18135012011221 0.185895006191045 2.37787110646045
3.5871952328603 6.37350154168181 6.15524785986926
1.9782246304934 0.348274929884776 3.63807258379512
2.41891286851816 7.16222705057801 0.921573666015403
3.25754435527774 4.54885417927604 5.41965842801798
2.23015864603535 4.34229990810284 0.406045247809847
3.49876017532039 1.16358405329217 3.85232654077559
3.61782952754977 3.31013193048614 3.84799730922721
2.69227183332141 2.87265203771716 1.69318140611641
4.84679389605928 3.08291064784733 6.00534391709726
3.05752323564609 5.40279335281086 3.19908416214808
4.81040313683183 1.75202026013181 1.22696988573969
3.28194890769075 4.22458261684093 5.49209313031872
2.12395168322046 3.13121756394417 3.57898436316151
2.86024977186394 5.2150698249918 5.8160890463185
2.74352522385321 1.40173336602418 4.65150630626887
2.56082430295199 3.49797472601375 1.54502132759233
1.5151896300041 6.32878054729108 1.39046499797812
3.3384648286056 0.625681736413696 3.0152771282452
1.4922363351821 6.08848354559325 -0.147209676044305
4.62940187708923 0.885668480519233 4.19970236729342
2.71034588736286 6.97354067782246 0.806127081119451
4.71098937036019 4.72738386009315 5.14050935207106
1.80203670465165 5.00683077463755 0.00366111396665614
1.17745933712201 3.06939823413735 2.26425271217521
1.57564826664345 5.10851215407407 1.19653631725625
3.86470602650469 3.9357943702093 5.03751196338392
3.31432352877935 1.14117653623929 3.50187219114482
2.82912066118578 6.1199286783028 1.12809203834116
4.0981588287951 2.76851482023358 1.03821553791006
3.58963640819156 7.04758906083349 6.10621602708008
3.25491370664635 4.02602706989028 5.21125877872056
2.9279990858365 4.76818923885731 5.5368153677699
4.43200672861621 0.399070730171868 3.6659110412156
3.34195102946904 5.8154650310421 -0.0684976017421692
2.69609552152869 4.71360990301621 4.4485547735941
2.16725517124444 2.52108382534976 3.3993337821772
2.95808842382815 3.50179055398896 0.570742620252768
2.38340493012057 1.22051676543555 3.10426751904659
2.40039123848387 1.54506676231326 4.36810796219343
2.45703489041798 0.331203143268058 2.92393964326466
3.8171155440463 5.39758295841015 0.191717648208663
1.61331868299785 6.34329904890842 0.771887806128681
1.65579896739081 4.15956431709444 3.81246277955361
2.78895074623672 1.75536840792684 3.90628310866056
3.31638471154766 2.83776220436161 0.14218912810634
0.775785935372538 4.33312798123509 3.67188806862166
3.34382222080663 0.268844267354747 3.15231873439782
3.46129147700049 4.89225684979112 2.48429236878183
1.13746796218309 4.18016564481308 3.93085535562263
1.97512427686197 6.08586966297753 3.4627265312457
2.57303723192255 1.434579097755 3.89822916559362
4.09145179015985 0.44843805474027 3.28309312625936
0.0126449250716925 5.22597308192845 2.59232784082061
2.48287823272157 6.49122549751862 4.0556351291824
2.70338138065934 5.40434641596463 6.06423589184744
2.8570670185949 3.20139373364349 1.30848153885981
2.90551715052235 4.71553103917595 6.13504756695616
3.72694582113929 2.09303138789484 0.862586774278462
3.0672639142736 7.16379578674329 3.5368806784192
2.67594298363282 1.86889861966472 3.8204907061956
2.35112633464302 4.9057827784659 2.21438289937863
2.3171779548748 2.80719295080849 2.25670401739834
1.33250613519846 3.84072535603707 4.01583610714951
5.00243824820783 4.35026966701138 3.82802202736389
3.01052991210055 1.68049912853126 3.62757184529371
2.56971145299512 4.96766501016587 4.93798726014195
4.22620192354354 0.514683618486436 3.16447099547033
3.36182130561327 6.61279733510476 4.79359199333116
2.44093713763587 0.337148065777019 2.0010831731163
2.60861509121443 0.905660162755512 2.56622476712058
2.3108235169925 5.74779566909251 5.11172440415827
4.86791202809525 5.58183351895089 -0.44220515489205
0.898245754067409 6.53255195233234 3.91841697782124
3.21132130122289 1.27138566586033 3.96607714829403
0.962494115971569 0.241592885420197 2.73812727431668
3.5503457698284 5.09337213094541 0.108861849384246
1.78690338995505 7.29352179965978 5.0003573191699
4.03394870760443 3.04685489398527 3.64122853003626
3.06723766676491 4.89081305389847 5.84217043077941
3.94733537552534 3.14987455885102 4.64673256381402
3.19524533788403 3.50553949839599 0.573469853150894
3.14784453318056 1.19330718563253 3.87477315150031
2.62627258748039 4.31431747982657 1.16333289705738
3.10293380670481 3.70627034549667 1.43111504639423
2.37654351984892 1.30323755245905 3.98066338439971
3.71596674060441 0.931492573689532 4.3787625271909
3.78336876890762 1.62468185152577 3.24480248563668
1.50000046792954 0.245861647619382 2.97438846178332
4.31270926828932 3.49570027523169 5.6214313562831
1.89267530346946 0.577443574375198 2.12832317345135
2.25452620944431 0.696858444281309 3.77404076556841
2.80779336409903 4.61064290022341 5.24001554754484
2.05014325970986 6.20100055606578 4.91837470403493
1.04503469325633 7.34257460341605 2.01991156728969
2.41496394998299 3.63587983231823 1.05629354169566
4.1157440418125 4.72326313245541 0.0576951982301325
4.54695746006027 5.87626874295106 1.59939262851417
2.04628024840026 1.56706583000446 4.57390386141778
2.65046973759821 1.17402919314507 3.10824727701324
2.16096010304033 4.32898154434627 0.108012073623547
4.06677196482026 6.56399690430244 1.63052954787237
1.80436899678223 5.9248436139644 1.01886737449015
4.11452736299081 7.08136318426595 0.258768318846045
2.24540989595426 1.31070663377805 3.2225522553425
2.40935040103076 2.99169786491222 1.55561688397653
3.67552824214216 1.68649459504527 3.61218712200547
4.30516567465049 2.06465605070329 0.84054288163086
4.64260795164961 0.760135449589719 2.83385760780508
3.30426274735707 6.66956676613162 4.96934235165119
3.00286359884269 3.7027391939075 1.47148296089885
3.77569496114423 5.89346825553839 5.85222849314282
2.43846028586779 7.03621210546049 1.32388987390121
1.96246987321446 3.76925381308315 2.50444653585909
2.0269667509172 5.56682807779633 1.07791115327165
4.13076251687158 3.11217057308667 4.79567936999524
2.00409300345878 1.2104468455785 3.45695060847597
4.1304774716443 3.81260798317888 4.81400347101704
1.70100698070908 1.29339543396615 2.66124708389366
2.00047030973268 1.04371118440467 2.94524441278523
3.20255685536509 1.94180929833444 3.96122077364431
2.86263975003153 3.5736506436925 0.777191972125419
0.645782521561193 2.52386712011672 2.33619173267528
0.977948766410178 3.87307022018576 3.48742497265262
1.9034196103911 0.0821955932877865 3.20572417060894
1.70229506573154 5.54413391421855 1.22374370660942
2.19099330755133 6.83103279873606 5.72328327560767
2.12882179769688 7.23479590419443 5.25160812693852
2.97505523690691 1.31938902414844 3.28817624226231
2.19317169695662 0.727707467038134 2.65580541694955
2.87264049558205 6.98924487804048 -0.61807132288102
3.22836757477026 5.53457024072803 0.0670460803160083
3.13771092467867 5.64257105384393 0.672515305210372
4.31403280511862 3.74038135130024 4.36426620889859
4.81161482804984 2.77335207789471 6.10121798097736
2.42315946126329 3.59535637983126 0.872823912231078
2.51174444866376 6.58333381795719 3.14460410638096
2.00464606122903 2.48286837117487 4.56482172878327
3.27889448194236 0.813960134745577 3.41268543037556
1.23838985920282 5.926441444298 1.89556759409771
1.88746570856588 6.14436366972931 2.33106260279923
4.2888270278101 1.01798677696638 4.11742816252333
1.60105374450382 4.67800550944564 2.14998843636069
3.37706076263157 3.78682734528845 4.87606187166956
4.52524778249806 0.656158383619695 3.85015583519745
3.12796680879247 2.81023436939896 1.49542134981414
3.70277513699051 3.23048782606017 2.83414175906035
3.57559203251504 0.140469283926565 3.81499559317245
2.12535169919965 1.84454999508141 4.2211536346349
0.735992974712731 0.706789168464815 3.09744676982104
2.33313893156295 2.55890376304758 3.66695206326492
3.41821301117372 4.37716099680919 5.64618065483592
2.77691670182363 6.00641536542591 3.13791787144988
2.05580574981715 4.47660257162473 1.19066116962264
2.91494441306481 4.68041470389251 5.48469099466878
2.04311581170517 3.2206100129991 3.04551750963784
2.87082360074815 3.5513056786851 0.171765961254206
1.36565547107558 3.74481716898946 4.67668195073046
2.68974968532081 2.55607699574097 2.65009278080422
2.60890234865413 6.3524970500965 2.52273737195013
3.63817143202019 5.8795186242319 2.25858124040851
0.916849618316874 4.43225061932208 3.32037230619537
3.47966342058201 1.53030994561577 4.38997037301733
3.46870418047011 5.75001453460587 0.367456196583081
2.39641336230887 6.47722434975138 4.99701508656121
2.96336625855146 1.41813855650318 3.7111939212302
2.69377242562668 5.31403768069625 5.93252980028038
2.76012100940484 0.400987770303644 2.7242286943321
2.21574244726158 5.4054098046176 3.18210983666772
3.36871789895792 0.60419442814966 3.33731125948626
4.27328779984318 0.789859614049981 3.55800135263007
3.90913728313517 1.43257314959514 4.70014143079049
0.687534741292351 5.81840351916155 4.22295218917625
4.26354905170241 3.25263719397985 5.73691721818878
2.15634829343492 4.95908607553946 1.24455015560708
4.70351746979028 4.07468891296218 0.60450345547179
3.44189261443493 3.10968079622992 0.157429424887999
4.05898572438952 2.19161938668997 0.851799688552176
2.69010922789044 3.20104810170152 -0.183759526963908
4.82163770065987 1.95127333346508 0.797733628135883
3.00814342198289 6.44883796629532 -0.668320113206897
3.81983424438321 4.64047568208606 0.866359287963302
3.25450817306354 2.9540029458457 0.0590493706420469
3.84263288211486 2.98491731137944 2.34075839969314
3.23742970844501 0.890450886613729 3.31098352398858
3.07258918851448 5.3675815707653 3.55404486708336
1.72917868874038 6.23384939142373 0.857255999513433
3.6198165920701 6.80713558186644 5.33721546916883
3.45417678403695 1.53991581674316 4.58572409734882
1.76103255779641 2.2455127742686 3.8398667592425
2.19877096208641 6.69459656474842 6.50479396714221
2.75751394688164 5.077768589658 5.90461251869318
3.59091032942739 1.90100169615804 3.07515305117015
4.48442797136798 1.62945293929712 2.76644492997227
1.77932249162632 2.02766276532596 3.26269611961684
2.88508477563173 2.55893904991498 1.97452106294573
2.5972125090473 7.2430652908136 0.0381754900866556
4.22831890667373 7.4898568997352 5.42890285108417
3.19361207650975 3.5433904944859 1.97932645079507
1.10605360811615 3.76242695403535 4.87961009183073
3.10511673743153 1.28539503630493 4.21345763258325
3.84188883472693 5.27508376484965 -0.462180559606813
3.27166843038329 2.06897876319375 2.95736040865826
5.20731727172849 4.62962346814535 5.92020033605109
2.78860397739772 5.27781046837505 5.72911559379395
2.51873031166949 0.596321525996633 2.42846566639107
4.2425499324453 6.86096578789189 -0.949652215739837
3.75269723436541 4.02165510196534 6.1767835371846
4.50427680451068 2.21971453379414 0.882752329490525
1.70978078713236 7.1984087354083 3.16544875539469
4.99262601925905 4.76827551984629 5.61427608109663
2.4648685957615 1.06856040890466 3.36972790470688
2.250520993317 4.35303248543221 1.55165054611918
1.97309879177649 4.25845179845796 0.465354937583555
2.06277159037118 0.16645084034542 2.45306517090689
2.28385929379107 6.98185934069081 4.90208056296783
2.88195158008885 6.36308624805169 -0.16446045448419
4.22464845080918 4.12505486710211 0.801058382208263
1.68416425778258 2.68303197791127 4.01656688305755
2.7086786893895 1.66651840318811 3.8786305264722
0.848821688332884 5.44001038694846 4.81284332566526
2.64697506015563 7.07493474062932 0.228499273029269
4.66399650019896 2.70092414075202 4.18876390920005
3.21214522307034 6.90518427417734 4.25223926193221
1.80757966984922 4.19514413371761 1.86250634154734
3.27043156878668 4.10846471816884 4.87214164809245
2.08259350672721 0.245424560998764 2.3558252273928
2.61021145186564 2.88910112547746 1.88770675066087
1.26947646615906 1.57719359160696 2.4227499080747
3.73687350959173 5.23318240681278 -0.161516675082884
2.98177431468165 5.02061849761417 5.31045342333771
1.47942837170528 7.10852350674586 1.12303767493006
3.08599687949027 5.65352579851366 1.07027552333844
1.78611176231404 6.22627680832719 0.707982207160275
3.29169890365255 5.27018751921798 0.706265467158454
3.63425193008125 0.277478223167456 2.38963447235362
3.22915201397073 6.20509181139091 0.0834735119776966
3.41001983956834 6.60818591613273 5.57282021923396
1.51131500530588 6.53034611040984 1.1941393580735
2.55020372893479 7.00533673441885 0.742680195348775
3.93515624246824 3.70994243398257 5.49565376656623
3.55181111656005 0.455192644444442 3.27086738538191
3.40459231083355 0.504120334314075 2.72070221520677
3.67977345616973 2.84004252508176 0.862563127038845
2.85562661735582 3.43095537066991 0.760484497684452
3.79655501874932 5.87975057985642 5.88414617861716
4.84218876357556 3.96938310695259 -0.345494507264047
2.98305872988133 5.2380538745974 6.06105111519446
2.96256694490339 3.26982381672572 0.345147143279518
4.27422499598447 1.98578400737878 1.22197066236542
3.69656409217065 1.75926795706235 3.94066907359079
0.883942310133162 0.185183525396686 3.22783307817218
4.49500080226112 2.8760134034254 4.13421712682314
2.9600312990995 2.34971513107982 2.88475795698411
3.58400082208264 2.48887703956029 -0.1689146389179
2.25412420307119 1.3368886892399 3.44314313684715
3.66783511982345 7.06228744986424 5.04458998764404
3.21832815007452 7.28873214679275 5.59759406247222
3.26628895500855 1.13911961096507 3.17554532092012
2.22077206126569 6.02022720680597 5.20620216340163
3.01157343528436 0.414733511543208 2.19642406065141
2.1601142165775 4.25508103618587 0.442150845210157
2.87306200225899 2.79231166125823 0.932456250480739
3.1088260050326 2.759185148142 1.46621177526541
2.65879640698857 1.40829755825223 3.78704189843846
2.57675583409044 2.25486403180321 3.25110220138443
1.96493116746781 0.983577988247714 3.04431892806013
2.88940999089491 0.841764638308715 2.96645476967236
2.55832301960083 5.3326063216024 6.02504194190486
2.04230849647277 1.08849681760772 3.11547953450485
3.08318770738011 4.95412700175243 6.01098837446483
1.22035880518609 0.316822167766359 2.62496836254917
3.73391466706872 2.06274453641764 1.06623414251056
2.53829507084159 3.75109171967375 0.10304496385995
2.81789828154311 0.347618751509248 3.43176967681021
2.59982307549773 6.3300649230853 4.29224221786999
4.51440576202435 0.754348645970115 3.70538362040686
3.46496243381976 0.975175980939984 3.20913413546555
3.57868694218405 5.36387424173764 0.0393182760628108
3.32815202674922 0.549600092935261 2.76308741859805
3.34439460221148 1.54271857994487 3.75502758206478
2.88006431530045 0.863784872770021 2.69348122463384
6.1907125109704 3.24776409119996 0.0721625696336488
3.63312400937438 3.71257607035624 5.65171500031799
2.16715985294104 5.54901708277518 3.70518751543051
4.26512558713301 2.5115200144693 1.59040785660747
3.95184535665447 6.26573055552528 6.03305450695207
3.75582681323643 3.28515011508274 3.85244934657387
4.34121086096345 5.32542214511092 5.67189375613374
1.39611193098805 1.94534307623101 3.04885713862663
2.5125285354246 1.07908303644778 2.71370029479591
2.66915333968232 3.44458967923202 1.20103490347572
1.53916039019514 6.32790165344708 -0.110478261682656
1.85614940826015 4.30824482128551 1.25778792604982
2.96752224589034 0.748330062716558 3.00764087145514
2.85037191599489 3.56872558573661 1.51637767668319
3.2037722610197 3.27241301371407 0.652257578729551
3.93073972116672 0.738370537828785 3.47589504093805
2.72257301885653 3.34661994435351 0.61849665640518
3.13258310800364 1.64442790457553 4.33072808867676
3.08686099695758 5.97635282926213 0.467660620399203
2.74361755669497 1.44502763751019 4.18694836029833
2.69847069231119 2.88075144184883 1.09100153367515
1.29318368640659 0.986810836783037 2.44567456705788
2.70432973810516 6.70330516686571 -0.352280059050342
2.06849339703216 1.1373108988757 3.60108104689031
3.50526017807611 3.59143593087137 3.39392196056118
5.38273060665394 3.41888884459614 0.113483721855307
2.46811997080521 0.91955404626468 3.0761880437653
2.25604441282815 2.43240465360296 4.64568225252876
3.30059439098157 4.71120974489378 5.13931619822132
3.25141516901535 0.410876310142315 2.66847923802201
5.05074004140219 4.00648325161023 -0.248982518683814
2.19032243810586 3.19706009286592 3.2009797390339
1.76100105648149 1.51887815488317 3.64662095545564
2.27328315246663 5.96556509982789 5.42956800925608
2.12695897084397 0.255932718274756 3.40746354000072
2.57090843537063 4.37040439462648 2.09764092047931
2.33860734890226 1.33990444887533 4.13447490474472
2.65826410773795 3.03556768819434 0.919474734172525
3.82553046726053 2.49840830381144 -0.0652383953512109
2.64318621296132 6.41342984848925 1.67558484824219
4.12403051510359 1.68411987313737 3.57545183049116
2.29466176843351 6.6831735433843 4.67711460436027
1.6440481392995 6.54852264895481 0.844206924300497
2.77845422346444 7.16949261983664 0.621987172562323
2.39034043081277 6.79326755355091 4.77080736914567
2.24045004704951 0.26027614555307 1.43973117588394
3.64882361977456 2.68063891624678 0.479310022209505
2.30145864324061 3.38020803250975 1.75793484723397
1.5190869514504 3.74224151997764 3.74104007711024
3.43096043486871 1.83786103930259 3.51413491780829
4.27164935165887 0.260821978792969 2.92100493816983
3.1806986803541 3.2682313928268 0.525485961155143
2.50722391745554 3.50506468043858 0.781975654286025
1.34100446744206 6.22350695603194 1.36307744336532
2.84930896035133 4.66644104976985 5.41117233432345
3.65364375181504 5.48073802213175 -0.203011703210802
2.3652553732337 7.20288584727269 2.27741648454991
4.13106859589798 5.06717049884902 0.505098392667048
3.34959292881419 2.08483584817348 3.21634718958296
2.05115321036755 4.82230095344603 -0.531300751018235
3.89438334251331 6.19473880410793 6.09707895510095
2.69674345710706 5.0696612804382 5.70162334480765
3.30589936806241 3.96144576237069 4.83751211595443
2.61055509171588 5.12594840882551 5.05870139417462
3.69102034734949 1.26582803854359 3.3370203190732
5.28091361857815 4.65255979422516 5.64944666655374
1.76732212959901 1.0499120555124 2.50766902962468
2.11778246590457 6.33329543568906 5.6654584027975
2.2082188327915 0.405035059262143 2.18578115819028
2.70357680033228 2.7040489681435 2.62212157248284
3.04453335366725 2.44752333563928 2.41240276755391
4.4256121193948 5.34117979289675 6.72830540390771
2.72481946342972 2.1308470260659 3.6218139680121
4.69161160060539 1.40943846899498 3.17897929210345
1.78070942105452 0.283105105557317 3.38327641261858
5.0050127155995 3.34459486467703 3.04860926165642
1.89735349711829 1.04612153538768 2.73481223765889
2.50664492220175 1.93562941957729 3.72413187614928
0.966926966823252 4.18045890275248 3.81154050095622
2.73962460494042 6.93228955632471 0.483601286453932
1.31169057685936 1.17394432485025 2.56426956434144
1.92107861526883 0.0746371723379209 3.01016655070675
3.35419148015139 5.08065335916307 1.49840116106105
2.89367378454534 3.20679713028378 0.331337305025649
2.82219265129792 5.65638511645199 5.26724612769429
2.06840763179404 2.72089767729391 4.11224874374194
4.08517773992209 6.87682354352926 -0.115649881582606
2.65875902365946 5.05305874139969 4.84506417531775
3.19214804436891 3.62793279389655 2.10394260164258
1.39861164012046 3.95201959536812 4.56700849904377
3.35570490035237 2.9339787174437 0.626878101977344
1.67017699016462 4.62215016667487 1.81265536168317
2.37225871055809 6.56361628526001 6.0607597316925
2.81417525847935 4.79225484417511 4.79485097850005
3.3648066666739 6.20349184804907 0.289454109769281
2.81700950681872 2.09773766996431 3.88239996683306
3.78294714350981 2.47582687035816 0.948065018164691
3.67194040355324 4.14676603406439 5.39050255860102
2.73580692147815 4.49315533353943 4.424149168264
2.59021599467815 0.94226303308178 3.25443783872918
3.15391850138125 3.696134322831 2.8090452610864
1.80035258566766 5.55229584840092 0.096430309479515
2.21127683624484 5.5473988347732 4.21990823996313
2.60876661427348 5.06662660545028 4.84068491344567
2.93012364149557 2.4551538016763 1.98184905146336
2.29714460674086 4.97923752256938 1.26344534369457
3.62263579213399 0.263531911913305 2.98101639551602
3.10819559039646 1.98093255847258 3.27998513341449
2.54090876402854 0.830267121344373 2.63185402083034
2.94256291303905 6.6882377946062 -0.0967273789686263
3.11650559460655 1.316430307585 4.53097599773733
3.89578840993374 5.81586982734606 6.34458891895907
4.44263341593984 4.17559164646326 0.128478825971347
3.94911717678513 3.88379530578899 5.45859080488349
2.21041883040672 1.21305490749736 4.32474130317293
1.71933600509993 1.91275311355073 3.59650907157069
3.76542812843834 2.85133109344441 0.48803892212547
2.34855266971831 1.00228551460235 3.78811750272071
4.33263177098932 1.43917634129746 3.64243688354813
2.41021810686435 3.26879213084463 1.55630661687474
2.38392456800075 0.738489766727578 2.08611727095552
2.33558476458654 0.213999776285261 3.05989485876252
4.49469521943367 0.321148097722336 3.69169149419903
3.89087466492009 5.32568475504722 0.843995082305781
3.20922011269993 4.30136885764116 6.10282201392802
3.36615911064472 5.42171700133984 0.571608395416631
1.28993118407627 7.07018206205368 0.92969226647416
3.29481452733159 2.7365717201784 0.814838257857215
2.66928349292957 6.20933131008079 3.72400570529144
1.77583185310472 3.8965541955058 1.86215068103989
1.06385517895104 4.1197142946858 5.20830088375606
3.40692745338341 0.632941502029492 2.89134656527142
1.96755273127569 6.79915694865186 6.20898548561367
2.98893915946791 3.77572546179791 1.36016471459821
3.31106053285068 6.61213285772275 3.33781299568569
4.79687788028682 0.498036084297963 2.5631864927638
2.53551224774881 0.628351857658625 3.59287205956281
3.0274112852496 5.08248691500784 5.91792851227505
0.124918150174807 0.814023800290493 2.24152691888172
2.96299196242874 2.32363835801166 2.06036524291413
3.51875061498023 6.5089248548326 6.89797578170522
1.27742623024793 2.19668603167554 2.72149342320288
2.63384536744663 5.4422966601801 5.13427768542517
4.33815244575589 6.45376593791728 -0.529568199820433
2.77257000884643 3.06432657521158 0.0445984200140499
2.92599501199748 5.90203841090518 1.70367100344866
1.91852964388347 5.12456035743671 0.780917062072802
2.03731909428124 2.77607477816181 3.7171149309867
4.01703607595327 2.30585282089807 0.066833756328889
2.59278149240619 4.17146584501783 0.420128742389165
2.28511712403264 0.632648605069896 3.96665243490405
3.01689600076401 3.11708843814629 0.136487746997365
0.795625396550202 1.24511497767905 2.38730975515373
3.75072119200898 2.97998360597635 1.36595883596351
3.59669400295122 5.76066929521743 0.253399067317196
3.76882660402877 2.66660481674096 1.08011925671615
3.7591820486368 4.71760460560117 0.156560245588811
5.30061125590766 5.52888471997335 -0.555751695254392
3.56276843946914 4.50433067498039 5.52067659952332
4.08697039889926 0.242209597932519 2.41746388649065
4.79469109807003 5.38200170568588 4.51825401376159
3.19951101192263 0.685273654833411 3.53441174970829
2.17739506025158 2.68253757961697 4.23146628561093
1.84408866061312 4.88811253946402 1.15668239454058
3.73831773973077 4.31444852724814 4.50233151056086
4.03842934274953 5.23527696359097 1.17351975598405
4.34343607441328 0.557016557992108 2.942260046408
2.87736618658532 2.51276492729809 1.2945828879815
2.13573801761816 4.19593127797063 -0.222226849183967
2.62574669145566 6.5597398281471 0.466505502929304
3.80140783816311 1.82311937260054 2.60305225171033
2.98649870606401 5.45260921611853 4.57161049143256
3.73317112299256 0.321486199449224 2.79150452934283
3.04945030758518 5.03360728326681 5.44867499609158
4.55219089634269 6.62297749896636 -0.422785492155689
2.37550620561724 0.811945272523559 2.70970451571102
2.70460812826653 0.429440431601892 3.27811688325397
2.07960512552541 3.73682783329567 1.36325061059967
2.32168292208282 2.57846041036356 5.22464764532025
4.21512760192445 3.3253727441834 5.61476742340966
2.97661192998933 1.61488330330739 3.98742945265509
3.11417101873162 1.71805273294668 4.19950387310739
2.20530872434718 7.1386535803015 5.29352807143128
1.80066868788012 7.44786297549409 4.94681888792279
3.60766304393201 1.30886982402049 4.34730480108743
3.20107279333616 2.02376615253335 3.10766540653373
2.39270447311162 2.33530622101386 5.72194790407194
2.55648820376663 6.21261659143142 4.60175404106703
2.36880302378013 5.57759589031761 6.07137751916266
2.83572778226001 7.48711279361088 1.01784852027007
3.46691442816 3.29495177480199 2.08491152168742
3.48836998433039 1.57323074671794 4.17541316743912
2.81807025553196 1.68709374823833 4.1372992284915
2.62312053529451 2.50656783488382 3.24262279413189
3.22487296379799 1.61291190301731 4.47980759065628
1.73959683652114 1.7802616758616 2.79384519434602
3.30799722037246 6.94423698975862 5.70012949051844
5.07037196884693 4.3810735012669 3.67246978462412
2.90543075632941 0.557046538274102 2.56648459258388
4.20411182256573 6.12209285937032 5.20881858306661
2.63167170617555 0.234519142484338 2.96033627116555
2.22677315981945 0.665270697182334 2.71922778099314
3.77951845365681 0.917046186242874 4.09487285831306
3.15692858747258 1.10940198563569 4.32796256600741
3.86155699555994 1.08193387474145 2.801419827174
3.0843007770318 2.96071317509517 0.304958403877599
2.80046982209473 1.23137940589453 2.9953216167317
3.66916783504278 2.21935716797211 0.413634158361858
4.04154159568804 2.84191205776746 2.24131922216123
2.73294631898234 0.0708173910732484 2.44334064006813
2.20032033414627 2.45687678032963 4.17008419824719
2.82669196206712 3.91018276586849 0.632176743374962
3.59018328524079 1.83896711457604 2.88324136067482
3.20809906131884 2.5890100773907 0.428606660229802
1.77529102982069 2.7927668048132 4.30290459080182
4.12039118928623 3.50947964964555 6.21440679812361
2.87240797133843 3.84337367202229 1.10628021593612
2.29901624751606 4.47209529113762 0.813480484172163
2.75907490087358 5.88051145729131 4.73951050083867
3.05887557530388 0.86405123785971 2.2707635613378
3.16561002359933 1.52837427561306 4.2686339998705
3.42795922422255 5.86057543988341 0.599170895530562
2.91843550006411 4.5780203484673 5.54692796294638
5.87234518855366 5.26171436896225 0.108018504647336
3.58392187300387 7.1015101802352 5.3312886398925
4.13349628345306 6.62205528577743 0.484985326610441
2.60096168881423 3.80051511452824 1.89055035177331
4.71207522899824 3.23258734449359 5.94121356442347
2.34726091801896 4.84448995040308 2.03998298101958
2.4475400676368 5.96540228768599 5.05693693037198
4.10021978720438 4.00524374319547 3.37181024137994
1.06873038628569 2.19635658341031 2.1995330669942
2.64062403610708 2.23775628648932 3.75987431520753
1.98029316602448 1.06258936494736 3.12753476822371
2.21803911139514 6.95347379962151 4.96447148121939
3.95433293959438 2.83753127474754 1.4641361129446
3.55137709961306 3.36617717054285 2.63212337107357
3.64250221876256 4.32913917253763 4.60540555225299
3.76164277604068 4.51897445690804 1.91681065259156
2.57605467597455 6.62257384092876 1.32629934763827
3.76327111344142 1.10006641438408 4.11041803725895
4.18211029251065 0.144423218098229 2.50697951145367
2.69486721112565 7.19791551455893 -0.643454957813418
2.84566519518447 0.933192695907263 4.2209160817582
3.83656268008229 2.89692359406139 1.0825487450102
2.1428050985615 7.35245184218387 5.39802467486697
2.70227902346885 5.09773573671266 5.26207549124607
3.77141736009082 1.11653043104717 3.5852498481748
1.55998819765485 5.38086073025954 1.35205517656742
2.59536587492482 3.42151767545686 0.965458330020187
3.36679749517321 4.24323843596191 5.69826308283634
2.33205952060103 4.4245726246677 1.45367780942603
2.80610313782713 4.01031707113129 1.31273967990512
4.24511375449558 4.46236650269471 0.453506119700365
2.65593208544157 1.6868378393756 4.28936331355081
3.99815995484713 2.13909965414173 1.21706820426286
2.12826859637079 2.18504793366556 4.15858869856105
3.36578431358768 4.62989816826161 5.05191582454629
4.1588835492549 6.02468010691266 4.88535981476818
1.32012071872356 3.37487687846889 4.47223212418072
1.0410872229724 4.49100778776997 4.63927337681737
2.41515224446221 5.43444498856022 6.09723638169657
2.74962380023918 5.77492345548528 4.94571231912813
2.6969311048904 4.31361420603416 2.21850745535722
3.48237050758351 2.76475019991802 0.143596570631256
2.70843470578157 5.2198414364305 6.24876861121301
3.61931038831598 3.71058546609499 5.66571859207633
3.06350520668354 2.77335522507946 0.0406855930620893
2.32828069328498 7.38243987847049 1.27399973984802
5.08147292054604 4.43581348042031 5.26587517850083
2.08184119198073 0.0455511507578512 3.23635378926223
1.60313378129161 4.43679965469612 2.51874738313783
3.50198028943859 5.1842546414167 -0.28131275603154
1.98771391642037 3.30914286505203 3.56910541768665
2.12293629002228 7.4671802757187 5.11446560803618
2.48511848764118 3.21387065761192 0.653092611303795
1.62676944521476 2.479459892394 3.62061755366918
1.53352053001823 5.69796653667079 0.882080335275752
5.78327141657888 6.835474652528 0.250991694962229
4.67863911380333 5.47836892516304 5.83854380925144
2.07312611919584 6.03537532795555 4.34182530801288
4.55177389756452 6.82785923199187 2.64754335322304
1.63207278597821 5.0104877173296 1.77972653859011
2.22429611274174 1.02893577665789 3.13918449892933
1.28895465214612 3.13560847241017 3.76605674274154
3.37743036660037 3.69518342826097 4.60277790631207
2.3502676154537 0.690512176463541 3.39870420639379
3.26079334532805 6.31056982663892 0.863325273238439
0.22016481784777 1.77918179817994 3.55673214507739
3.11231412158471 4.47239352911364 4.38658666138677
2.88956867369394 1.56947834911453 4.7450227640749
3.51882469367598 1.77708512635492 3.78303732055833
2.59314287532546 5.60600442755306 6.18112123417277
2.46345144061912 2.67589945812982 2.90681271342528
3.22190788473402 7.06814397440205 5.85876235541368
3.0491669620999 6.69041953252278 0.704941115971399
3.76365981046946 3.74875222399206 5.50927856825351
4.23913960439233 4.51409013790684 0.347476817451161
2.38456901818497 3.63593686178679 0.881215829231505
3.59959426540071 2.31895064291507 1.91575000073385
2.79594230826039 7.19685652690383 0.930450995535876
1.32836825764396 3.68696644904934 4.32338517421007
2.21577153729341 4.05924406957418 1.39502219044074
2.74795444985643 0.86780067911672 2.98423679080348
2.58698643077488 0.00560168705612618 2.81155371234582
1.23807517194483 4.65874802672098 4.58059498698227
3.3290557825383 0.605906845640421 2.95718725078441
4.23103240752347 4.06168079774789 1.81774191578682
2.71922186035259 2.46887452019706 3.1474165024346
1.61729523298982 6.15692149789436 0.799307396531762
4.38666150650713 4.33731628929798 -0.0812660912531015
2.70932707532091 2.95770434951416 -0.0983183373432455
2.76605225347614 0.884870184533839 3.19356144375331
1.03112939818936 1.50022509913542 2.2279260656431
3.39346987296742 7.40631452018107 5.21774121808919
4.42091683893994 4.84641347765891 1.57543993392248
3.99689601146968 3.04363180225257 3.67209133382622
3.82421539474328 5.03220318014644 0.503686766558131
1.89036344214795 2.04937951221633 3.57365201913606
2.0346187186879 5.00640772676347 0.641337079389416
5.69223819524037 6.77744739822383 0.20150405427315
4.42269410949091 5.30495186264231 5.50251559341107
2.26740339866476 2.48314875124575 4.4434678973252
3.81472289908932 7.07611667231369 -0.213693539899413
5.10144896209923 0.294248267013391 2.56173647817279
3.16560727487702 2.04805755694326 3.31499727220878
0.672705180391818 3.06082406067034 2.83632214847236
1.22687054999717 7.47209146211093 1.59391501731118
3.08572112260464 3.40106333206648 0.565064535356766
3.68138580119136 4.80399571307107 0.401802579782248
1.74874556583383 1.03244884217612 3.14589866686985
2.94744246861389 2.62752848459076 2.39725812127902
2.5320704948494 6.64374615963573 3.31803632128189
4.15357707247579 3.58393952524861 5.95469837623549
2.97346722950258 4.99028104999559 5.46973539684525
3.92696019153842 5.95732763198616 5.40769405577797
2.68652367085675 5.50340561789152 4.33617322685301
4.48924674283836 4.51607546093218 -0.140554999834519
1.68556491736396 2.24995720491309 3.4685010659738
3.08617960480406 1.55382988389338 4.73245801599202
2.20056041919631 4.58081056254595 -0.482379556976845
2.21411342301405 0.901854827813567 3.29439482580727
4.54976472411807 3.27780804213012 5.06651843419769
3.41132505191443 6.90118865994734 5.67294228046627
2.43922151138838 0.85957745331198 3.6327741798216
1.45840440443515 7.33021114163154 0.823438465011694
3.07609468361697 6.19357756526413 -0.0280274259082667
2.78005809756508 6.75036451824766 -0.0754288920617986
4.1802562905603 0.68432748001088 3.48294633460652
3.18093998047905 7.04037523387715 6.21402875341021
0.697602281476732 2.48867175244287 3.34273914107994
2.59115304792042 5.08160201981464 5.05303300379528
3.27515634765366 6.46515535276457 1.40657888305723
4.09199762112233 5.18081711867474 2.13810563405636
3.42867901579544 2.30665911995989 1.46420100788077
4.31288513253368 4.72201878566597 0.0391969113837938
4.35683528907911 0.334696274822891 2.19078350069416
2.05197883072893 0.732995755304908 3.73265838544308
3.23601667179017 2.35931221187712 1.61261026691314
2.88830209284987 0.872191565109669 3.41361833507666
3.59452567996623 3.82696979129006 6.11418580970684
1.80332956307233 5.02704170148991 1.37986858732785
1.89845995617579 4.81809263605855 1.17071449598651
1.55156301468153 3.61546251173836 4.7158491951569
3.16664039789452 0.39276566475353 3.36734716878606
3.04726794727718 4.00962424853429 4.29661271724408
3.29038624253028 2.24576611926328 2.24430173881853
1.66321695439276 3.62936576245161 4.07222109800742
3.97821696342255 2.38260756818516 0.124819227724603
4.10506219825422 2.12065962478538 -0.00786517460037628
4.09194798738894 6.94893632195117 -0.377109200362069
1.58370099026187 1.64128633327717 3.28577099704094
1.79060614942965 6.50889968135902 1.29610708559409
3.11519482057931 2.73445683465823 1.05412392045565
3.15307155339134 0.755308874432544 2.59711357453758
3.86836497860775 2.02858420540691 0.353176441261709
3.0413230221524 5.58502719445943 1.65091099411495
2.63838639452749 6.88110186469213 0.675491439377155
2.70229599411654 0.318402638241463 3.03598563857978
5.15608206472633 3.79690017630945 0.0950284942227403
3.0781605554307 0.324118799320271 2.94455280876045
3.07157545713057 2.16312948822546 2.77175979154019
2.83668916636207 6.53396250109609 0.148348874190452
2.3173587170394 3.50606947792873 0.333329161704073
3.63211965849634 5.12091638844361 -0.47466323073045
2.61462926570963 0.0889064578707135 3.86974068092852
3.89383722105649 2.46901256213445 0.0682838941565527
2.4955852829303 5.01085825399654 3.73298378722738
2.29448072582504 2.8326767782791 3.40190651446078
3.55138705554107 2.6997457453874 0.406862129342051
1.12782689081629 0.673576053344326 2.83242702691028
2.95941564429409 3.75356381700905 0.915678580728651
3.8468811231848 3.93842696373384 5.95589871532071
4.73780199247785 5.61472206252584 1.69488089721879
2.79323514237963 0.237851864008586 3.16202332031299
2.90916260919295 3.87318014349018 2.1799289387286
2.59702769570961 4.55374076910142 2.44182690981916
2.90366646574903 5.8280457011562 2.78380713796176
0.953031682111041 2.73213612190847 3.36264547358373
2.63495654375814 1.63708871791319 4.17504104956008
2.76188447322374 5.61802174399577 6.3498732289412
3.45929112463907 6.11996608784039 1.82880893599964
2.17711040591162 3.59119786224844 1.90512176919893
2.78309770532642 2.99665778388154 0.972321206499812
3.08411121693335 1.30581102521934 4.37582657463704
2.76634644220151 4.28861779383677 2.55973868826394
1.50565446017438 7.28379376880103 0.474042076715931
2.76702929997043 4.87934408440065 5.03506833496126
2.4870440588287 2.51736043828104 3.97815804090431
4.06181166995413 4.39389866581358 0.0398054929878012
1.55977569990868 7.42296375617991 2.40718266998336
1.75943573502758 5.59867656641117 0.474888337277002
4.33741665381308 5.15810141696344 6.01488968067031
1.15405103113098 4.60274026944415 4.86515332194013
3.54303445820191 7.38008294869469 4.9324753394128
4.17140812541881 1.61755759186654 3.2965283213776
2.92577057013968 1.74394873148333 4.19783526653714
2.0634034590832 3.44159546604158 2.82127884806615
4.49200804729085 4.70250640875686 1.48278855339904
4.10071682842153 6.26391848899853 5.32248934687919
2.89178466529621 6.80061411272894 0.869234492554598
1.62544509777659 1.10041391658844 2.58712140551342
3.49189198823288 0.227875379082544 3.27489525004607
3.3459134181868 1.74431504491732 3.99203141096732
3.38976626925341 7.39529721567417 6.24889472397209
4.19242308439126 6.06668958521531 5.6563447522278
2.64785968852403 0.648800584308351 2.46075715823068
4.73934680995507 1.41480293410635 2.69460912116496
3.15895834173388 7.12034357443098 5.69241280162344
3.04008043499358 3.51480287671056 0.665327883099186
2.00505288104907 1.6963900434704 4.99799389031051
2.83430430491843 0.842758488789716 2.91103041432904
2.0558203893394 3.77449748832275 0.759165543776612
5.11040888064118 2.94737272452302 5.78216228563347
3.90344073945766 3.31171067754734 5.27162595880197
4.23755579964653 7.413505047206 2.89834863872219
3.43843709771803 3.88287720755798 5.97605650072326
1.70589332826506 0.789884466861402 3.14909511876197
2.08703226429752 2.79621249344127 4.04584513258948
3.5484462726388 2.07906600266716 2.1896854472608
1.281834375057 5.59789454070786 2.03839246170224
3.21197541351914 2.64389673502391 1.00977721679983
4.73827622741463 0.302609029093566 2.80307689695889
3.40492552269823 4.61785854444205 5.52897525877957
2.52554337446496 5.18314905997975 5.37564051606016
3.34284759489091 4.52500300833791 5.64180295846101
3.66871076165733 7.39470835345496 0.633436383014696
3.3133299759096 4.87344731459918 5.2202876880069
3.61425862692015 4.07119483296612 5.48430874535851
2.67320869746057 1.86223405350275 3.79166386427835
1.5312122271723 5.6562786456085 1.08664621236127
2.54069025205754 0.884699777978106 3.13114262764666
3.87348944840403 5.31831711574042 0.339193155411317
2.0680543927266 2.19765656575886 4.36910641818087
2.95382703823891 1.12453932583175 4.82903626944663
3.38224510446217 7.09658737508041 5.52988242969689
1.62863148075959 2.96561659201167 4.64903374959498
0.965765388913939 7.0492581575818 3.44777684222477
2.89970945742912 7.48553559463373 3.18449665330532
3.80397673256643 1.23633630782342 4.02035964251374
3.31286349059645 4.36781313715214 6.09621317568745
3.82598791476631 4.09582994275792 4.57898832497028
3.06783688068943 6.10584778343801 0.41427644839823
1.1992284315573 4.1641219389323 4.34214298857392
4.64338938866443 3.30383374921628 5.95217220833526
4.33840828732568 6.55980638081449 0.513707130307921
5.04504146687245 5.52379880113882 0.6625797079137
1.14906631649596 1.338346608125 3.14802802246305
4.73035102800693 6.42316221688903 -0.388241377387539
3.4864166135485 2.45487845365653 0.961686144235907
4.34952996965824 4.83966583063132 1.61261469160653
3.82408866782823 6.77154446260134 4.75697320414689
2.59389781436572 3.29917720786894 1.11955259372913
4.33516748027551 3.12408640394798 5.33750096836221
3.5500879770053 0.623641715832325 3.60009951444156
2.03533206252383 0.978492632386399 2.6959297152756
1.22917866796463 6.83448203521812 0.68463058351718
2.0736936949722 7.33020081376775 5.73908065973327
2.33889186073499 6.93381615141889 4.56905422146207
2.89002231284213 0.279748340375098 2.89026577589833
1.90023999875314 5.38261422397625 0.254993081836599
1.56160862284921 3.10509988506173 4.52231162557984
2.94995041258534 3.13585574926548 -0.735502696928139
3.00987903626026 2.67195367970914 1.08815147639675
2.7757004987967 5.30688923752822 6.31513458303629
3.80041927599468 6.51290020569187 4.81001845004176
4.35130032941276 2.75891895654182 3.75560953520782
0.669931204830479 4.8463412101503 3.53820633218782
2.75682327290278 6.46511673560078 -0.33458734112973
2.83900381830065 0.143876261828766 2.53584949676986
2.31376311295498 2.96439441710498 1.67848002824195
4.32878104686643 1.11210577217029 3.89554631223311
2.6670635845973 0.172226551814473 2.72216726770154
3.37922269746996 4.58819519643622 6.10280905586718
3.37663222074274 2.36507650833995 0.763588451763561
6.31210815250678 2.12077547911133 5.56336539756649
2.74843564524953 6.94582330868989 -0.530212678297787
1.70813107059623 4.99975300907345 0.691713853883294
3.86760853064319 2.85181556577955 0.660410857718344
3.69446555121464 2.62692705757786 0.129335611847819
3.79379226259271 6.20016329807027 5.67049836004639
3.07545541692569 3.99154524510044 4.24808372528556
4.09192541259798 1.78628469527639 2.24286546765337
2.07365994132534 3.05543158272694 3.67606524931317
2.83270211168827 2.99112793775995 0.437267294627292
3.20941057629291 0.546555474139399 3.02820558209644
3.40283900296611 3.83980119500676 5.10125547045637
2.84780096599404 6.10861178626318 0.515385475645311
2.23078916590188 5.37686591448422 4.07904120648731
2.89077330824789 5.70567141047426 3.56951166441943
3.58402661912566 5.59281371813951 0.656803003185242
3.96786011406925 0.519760791071161 3.59982815802561
2.18871607841088 7.15526525903802 6.01187610447723
2.29177984066431 1.88735550179778 4.30700374389103
2.75050388209718 2.85823364130778 0.631982787458771
3.71143298546783 7.24419587539213 0.717787326858073
3.23077239983925 4.53153599844128 5.66517917217898
3.15817804997205 0.679078043174368 3.06832336637097
3.36818408528753 6.6435843301032 5.41823049238709
2.99564149183855 1.76930540874072 4.05282135858077
2.20831899424171 4.59241241605393 1.0020020961847
1.72618086695926 1.23435371225087 2.74463144328025
3.56357494939818 5.88434741023592 0.58814590350205
2.22450040620098 3.52690983383852 1.16761230118894
4.3368259158812 1.44636816449679 4.29881482986089
3.53845929695134 2.95823813357169 0.17984598322013
2.63683361250356 6.70783459182202 0.60182313512033
2.4729346571366 4.3016460305623 1.49341532487353
3.24502309431387 4.56995696488714 6.90198618662635
3.52445092397646 7.28888037940859 6.63480572936384
5.54869233916988 3.91655542177532 3.64617289868504
3.59473919557014 5.03207101482121 0.0901240632679656
4.73909628808372 5.45691491890389 4.63791763930058
2.32491285282673 7.17943252558926 2.59344142848796
2.34474878308041 7.35413754089104 0.535723437574299
2.3600804203148 2.15816906270753 3.76016779428065
4.72482843146236 2.66208377167559 5.05766043147666
6.18966109978293 1.3739702130172 1.91238554321572
3.29611285416122 3.47171238047064 2.49341248724191
4.17294809718641 1.60255799322284 1.83691559762201
2.53581849744141 0.994159946238952 3.80288715064416
3.55347822774385 4.38305366078017 5.33172227806827
1.5828846528656 4.32926090632445 2.98742461070188
4.29859775937289 7.05700976234263 -1.23742557291696
3.10632411161146 0.4104136970135 2.56086734679345
3.82050475717655 5.48654826466861 0.88052727350628
2.96859850836995 0.584757549537307 2.96465279626697
3.00314708711023 6.1564583802242 0.010556142946749
4.19388294380576 4.12778616937819 1.40766015072405
1.43124921343902 3.17868526946945 3.96433708188979
3.13186441367023 0.844966776588746 2.87470619564393
3.82585581664947 4.38823194780879 3.23862745646558
4.31470105904837 1.48790699720633 3.09912565135423
2.83616390726849 2.99658024165222 0.481624484533566
3.71118409086344 4.52980326141591 2.11905726349294
3.42494892521654 2.61035596141453 0.395308339669118
0.80486566288608 4.42294950498353 3.85522587549278
2.42399571754848 2.47960334789738 3.13709236104852
3.23959394011477 3.96383670480071 4.9445539264659
2.06874828918782 6.94826936042258 6.4265349713322
0.96319749518921 0.809426411796879 2.84522203556687
1.03462545769085 3.01204291085107 4.02057398450514
3.4717902454372 2.5808176871365 2.10693588961824
2.92681284642879 4.72160223758643 5.99662120871171
2.54408284119309 7.12648448866772 0.00574701007529935
1.99836317423289 7.465763617113 6.00374491442391
1.7132014921937 3.04238586531455 4.13724877208626
4.74368749591433 6.50877987716528 1.43690976160395
2.29144454932256 0.368451189998333 2.58965216322727
0.920459753225792 6.60212066072046 4.14693774668064
2.05231455465796 1.76238854788359 4.62583354705264
2.20358071457059 4.87920817169047 1.35900158245088
3.10155261738943 3.86048094870985 2.66025839151096
3.18497842005596 6.51313926493564 0.534517836052271
2.98099347037979 4.09762501545408 2.80523056294224
1.84108988775891 2.98285887901331 4.04958536544808
3.79268237425497 2.72426265823298 -0.238110012358339
4.87107865838588 0.0318790107122036 2.10260590571119
3.89958793265835 3.24261312229499 4.39275147477775
2.98180836033484 5.6890232669085 1.92557213026251
5.45203421114484 6.89133154367339 0.0576692416913121
5.00200072756964 5.58459008599422 -0.376269530716402
2.49194164181113 6.38006740019516 5.00717768438494
3.65805659296154 4.88222166183695 0.0954277324790983
1.98610517085221 1.70950624092522 3.3870260313199
0.849410120530769 0.334333539918008 3.33022369110007
3.21814109951708 4.09764640099465 5.08053247265463
2.41365746506429 2.25192500275444 4.10174164312725
3.97862733615804 7.19077211368538 0.0827473026516947
2.19690796707179 5.60603413920784 3.93711693340259
3.84759302137759 0.86378362088785 4.08897528734146
4.79236605347085 4.15573114113952 0.196111858767133
1.51441989288831 6.38269889618154 1.11493089527504
2.46490459121796 3.82782070069471 0.448289092426395
4.06030117125271 6.71775900701349 -0.0225924083383914
2.34026623602906 1.80592291167423 3.94232153264238
3.68736932225318 2.20622904756063 2.17573385256436
2.1410939216938 5.14093062906857 0.897204589292858
2.53097550105558 6.81082875206222 0.335565783486189
1.81612250061448 2.36906315624639 4.92456929322954
1.61449401600969 2.6947877509766 3.25489161289962
3.64280561024826 4.71247650258733 1.5075016614206
4.59457884734088 6.7171050389815 0.715464603475748
2.76255285044052 3.21826743512398 0.57030929803114
2.83928692064356 0.129740161772087 3.3067667022325
3.32192053972004 0.380216024452231 3.30977981214937
2.49125540255821 2.16611431598021 3.85592124222789
2.50881129931417 1.36932306591512 4.58744411432689
3.36188822315726 5.65227417374104 -0.524161987094377
3.39828054011756 4.19844842919527 5.46599196731211
2.13505842383138 6.80183573852239 5.56962518336567
1.55953325968212 3.90753380979754 3.30526303052208
0.95750022545396 3.24510120276878 3.52392280421075
2.4854355087862 4.17892598367805 0.705828412037198
2.82999083572787 5.33149655822284 5.59191070424581
3.33744989689265 5.0625150492362 2.23501418772466
3.44699873492736 0.50062464717057 3.35949465269063
6.16186702002872 4.22529715045645 4.59738146188003
2.5840725214579 7.31083124982123 0.512523553881904
2.54539117908616 0.822338185992557 3.28081737065783
4.09950552780863 7.08360411768382 0.371077479084092
3.38092579248445 1.54618135063533 4.29619386768646
3.34024824396 4.94919887749262 4.14740464755891
1.69874890097353 5.1902807193873 1.11242175155095
3.45789841204 0.224955550357754 2.35911925933754
2.70346472596004 1.76970251877008 3.73091026932938
1.79735946766575 3.23625814008032 3.68144284100264
2.64102112509974 6.73566356487806 0.737101129912352
5.02150726005646 6.26274859571086 3.51066701752219
4.17520144929084 4.04327218306971 2.09784157172887
0.650159603354039 3.89077123799928 3.42713383639046
4.41707328309102 4.71953263828832 0.824507736498085
3.63017210850785 7.26645831946961 2.54044692640987
1.81656873356029 2.88516668482483 4.39300617885155
3.10846213243525 5.31177826478024 3.63154410103462
4.48729952923025 3.23659478463831 5.19674394835141
2.68413657364116 5.11626989399358 5.15198584432972
0.744435071952272 2.53672456959266 2.289438617527
3.69139918778755 6.26034131440071 5.97966718478268
4.04473384819421 7.18120714254994 -0.0432378184375927
3.17970310643432 0.298417792482064 2.88483403752054
3.71981442185631 5.27490076204269 0.346958645864787
4.02600585099586 4.08245266151966 3.7502204706
4.41597442010636 0.388211957801898 3.58885797134551
2.45964517092713 4.44248350515683 1.27529498359226
3.47889713787822 6.05831532938736 1.09494251002194
2.80274620298833 2.66781206168427 1.19128967309866
2.92465652439656 3.12805734284966 0.418850835598253
1.83530409595033 2.48674244979102 3.40480171353782
3.35130664089686 2.31131993479784 0.877891423053455
1.56093934261142 4.81714368900762 0.862906712705869
1.96878105287241 5.52495884689555 0.480496000907938
3.06707636501163 4.92617669577404 5.3896615399393
3.03579201078844 0.938380934503537 3.89926692833326
4.69255381086263 6.34696054368414 -0.492081541197524
2.87152251913601 0.41343218389054 3.40937964830979
2.12874162431747 7.43203099777991 5.29574382836867
4.68508881010739 5.56995047481337 4.3872751797617
2.76896808589943 5.2630218301718 5.33608045670574
3.17662997347669 6.38780320538269 1.18680163692882
3.14819708462588 7.40759107487038 6.37704289401392
3.08235110235131 2.71498168595855 1.42932636921993
3.4370193319945 6.47733324814361 4.99059025258154
3.40442471428979 5.59517353096815 0.113034757178949
1.70042424295716 0.923892617431036 2.40416135302102
3.67097887163434 2.172020681199 0.969576068497772
4.45440033240556 4.85725547769399 2.73140533854921
3.63916503197385 2.5779916741576 0.359501525976899
2.16096531196629 1.96704618475508 4.80698891474382
2.88876675685982 3.09001346201802 1.54758645192317
3.59456163281981 6.38287814965138 6.24242313688121
3.35405636193141 0.849483188073065 3.74770977892659
1.23860959504225 1.95531050833553 2.6424090337018
4.37772012648739 3.28080553610124 5.36895917384119
3.49667203620462 2.40777554844347 0.936416731232565
2.10122777145198 6.34896086354685 5.71999817057696
2.27449576560261 4.00663536288429 0.331106421197008
2.91247358207386 4.90750169641842 5.94515075999908
4.00429907092653 6.49926119927718 4.63213055242925
4.23996790524628 1.602442602149 3.12858127749339
1.27408357151123 2.59685538850299 4.18016963938922
3.31467231828081 6.65316592907516 4.30216395666895
1.85350810876948 2.3576052643886 4.0088853251378
4.54087607139048 4.47305259172093 1.26199033205075
3.15006953228562 6.4056496127559 0.547340431177042
4.24531116323187 7.23563810034036 0.7531828406677
3.93374699946014 4.01663452787378 5.47424775909759
1.20676918630045 0.254427460499691 2.44772738834618
3.92188904917725 5.39518647290876 1.44655886123776
1.58301429739798 5.66270308082593 -0.253976137250572
4.21884127250222 2.99748437695309 4.75747880581822
1.96168787847625 1.91460471182708 3.27779756134983
3.95242219829565 3.32928432136721 4.68860572932864
2.42676203680223 2.91474399163573 1.7295938524084
2.83772217872735 6.41288520100892 -0.266063701353643
2.47887938250424 4.61882267211722 2.69086300287492
1.62231392657961 2.15900000004411 3.88282677794447
2.79572808795654 5.63714179802772 5.0093799492189
2.24996080498502 4.58910819354992 0.0738508081239947
1.30819212565995 4.13201864072751 4.0188868029031
2.8366037082125 2.73131523106685 1.33792395810147
3.61014119842674 3.83750484584069 5.6081975479692
2.23152215991973 3.93226875313747 0.601300643469927
3.90052470519793 6.17503973358072 5.65754769372827
4.31656962716627 2.52810432046502 0.750335107204469
1.81248204856059 1.851832197831 4.29518423961083
1.10694445968697 5.22947971664077 3.79442651488773
3.97492302952936 4.29934731956671 2.0038161348629
2.54486956788866 5.17900994821458 5.26675053347369
3.67575681585669 5.29596942867481 -0.406192702040136
2.22172103647396 3.36670722132798 2.39976374959836
2.95399707990344 2.13662350783804 4.03773941796706
2.71363669646606 0.399431267222067 2.19823467736063
2.9657230283398 1.48181222123191 3.51591509345664
4.54428020129232 6.91840298402352 3.41785067943894
2.1323014245282 2.89190267598811 3.95166271142315
1.26660321977311 4.96609599293595 3.16571993596656
2.00945871871525 4.59026040938786 0.271214229872068
3.74528255075267 4.43923320968879 3.25669279513638
3.25981678454953 4.35520637950419 5.48585763835097
2.86381590801213 6.94824704186648 0.22061836354737
2.54988506587372 6.9304784022317 0.59907108146595
4.16431074182838 6.20177210593875 5.58427599480577
2.54750719075133 3.80734617345898 0.454787448594416
2.76361779561904 1.97709529131601 4.41833795740017
3.4549019337192 2.7642239175686 0.928294856219788
2.57528879226578 4.54158726639791 1.45772318311276
1.35675979324922 1.1639975040566 3.17674270034807
2.93628940193704 5.06663091475898 5.38112494043065
3.10251076355781 5.90907102011223 -0.48315810415323
2.91711832501364 6.0908021104529 0.399669780371992
4.04577698198501 1.0168784393778 3.73120171208648
3.94723468834683 3.912240694336 5.37387968750164
3.4882808589738 3.01903539659733 0.846738409449638
3.12102861317971 6.29531670053804 0.220829523607949
3.11639860144693 2.21569786951945 2.18724330861436
2.14743041277539 6.84640216538635 4.73778851553386
1.90968963026144 4.7558230411544 0.355098867060349
4.20135882911078 0.208613803556615 3.11678156552907
1.7916960533454 5.61417267981002 0.569057100989608
2.45713227331208 2.70609667716548 2.57114713193367
4.14589200115222 6.38075857681515 3.94701180866672
4.19317452201956 5.49106894374791 5.36816369473626
2.37847580251453 6.93165678767264 3.30869919165973
1.81111124899603 6.42191238637433 1.53818117167446
3.19007197092372 4.52086296384089 5.12230791346757
2.85498065899334 4.79060194557218 6.08789094540564
2.61405209542992 2.6329803675474 2.39206385824717
2.98595957492775 3.86377210460897 2.26365215822006
4.5309610755764 3.34468880815356 5.7054524987463
3.39760582635742 6.39559630423545 3.37487405827225
2.72632946331516 6.32448586374162 1.04701032385428
3.45003727538439 4.27968184807594 6.6352944878302
2.52403932877471 5.79468394807324 6.42488925463218
2.69511832241135 6.01626238757203 5.33438498555438
4.54798155576884 3.61013121003427 3.64562880509376
3.18051051351416 0.403740528149004 2.42832619111584
3.40005678558129 2.67295170940154 0.885466637120361
3.1735942010343 5.54466464030149 0.72082095985603
2.20266610298786 5.10584381500578 1.42558688307059
4.74754221413438 2.39375907703145 1.11100002680453
3.26247578852822 6.96352759717101 6.15221932584313
3.13378552417184 2.18828826388387 2.64379799250138
2.78030980766882 4.84024057364112 5.75802728643441
2.90461254765054 3.29760477286432 0.188307563032404
3.40596565357983 3.76121073951334 5.42117172466952
3.48676508209414 1.85838166427386 3.38201779906597
0.78108984141866 0.626103460535386 3.03803061998118
2.26317416489609 4.90526502160702 0.94495957234709
3.04598424452427 1.22166924416642 3.71394846348054
3.49864101170258 0.911847563596833 4.6734318167933
3.41405353551548 7.47850965694484 5.11075605682594
1.9047034154608 1.99268202505842 4.66909327793416
3.83115764564757 1.76786490540771 2.60809363142474
3.62766466246224 6.88685603541129 6.44726694107596
3.3192586443469 5.4736215176482 0.25788231582699
1.61003826892237 4.58024954861109 1.34702419184027
3.67491596559346 6.72056462331722 5.70922548305327
3.30045761041301 3.24963675831889 0.682514724606946
4.23124002217446 1.13352997115092 3.66964416015866
3.06466231264849 7.21577248651913 4.93848476232327
3.12672661325433 6.78029718624353 1.6841343079121
4.33960264760687 0.529420436274838 2.51764383003883
3.18190673894189 5.1068312026345 3.81346839558609
2.15677634286075 4.44685907872924 0.782229558160045
2.48506808628503 3.69029825580689 -0.0245533748200518
2.95578813146324 5.68984172039231 2.35827864809323
2.93259756640917 5.28387275175814 6.46491960042338
4.85486454109106 2.4378193047118 2.58415433184107
3.57402619236789 3.80349875011867 5.52762054403505
1.75724977138261 7.05714254154167 4.07781235234209
2.89412819538407 6.20958190820921 0.237002792409401
4.60300908958938 4.46033425075613 -0.152837806035284
2.38767393817866 6.42891077238957 5.69683913432584
2.12695714540863 7.0494587551557 5.76594962387445
3.57463596255983 7.10510800608511 5.43187924027983
2.35760468168081 6.82198963534091 3.89912362931481
0.421574313063581 2.22006037228679 2.20992219812705
3.03873028638345 5.56639782975131 2.82551639450426
2.69363727300187 3.85630020613527 0.488944199108018
2.29816378455989 6.33448673255026 5.878508857114
3.13078870180169 1.8873922870381 4.77352865449436
2.64950435591832 2.92196384430595 1.24302060934138
2.46243520589584 3.37653904712269 1.41898091223295
2.91626637305916 6.01749476129087 0.598955712837213
3.65882630550973 3.64406187777636 4.31764331397427
2.66855072207669 6.77254526530267 0.300610190429008
2.1581048888445 4.17475285192276 0.37094109605531
2.06189625900082 1.9324998788131 4.24812827891394
3.60410920237889 4.81821013770104 1.86928051743046
3.28012027784747 2.59846722482571 1.34619564525536
2.82371482877695 0.641239420707779 2.7031048385984
4.94666112267506 5.35663687946523 3.05059150155764
2.5476285153058 5.62059019478243 5.89071059408982
3.56535992312738 4.31107047583287 5.09593842306045
2.53569696178861 4.50217651809056 1.4688861376769
2.19291719372459 5.19711579503274 2.15923034618241
2.25059785714914 3.83245048189684 0.989540725436432
4.86188169117392 5.95367508642756 -0.276817036289229
3.79827282629335 5.52297728869866 1.55793696071608
2.55917208021218 0.78385968303568 2.96917047084181
3.15019566579282 4.56832324156314 5.95447283949952
2.3810651838524 7.23858720242834 1.17219805959169
2.02171786152822 7.3130407012249 4.95128502537854
1.95097598569071 0.912990551730403 3.09781429610463
2.96075223702724 1.11598998451213 3.27277673400751
2.25888129361884 6.53544148095847 5.5321723168329
3.02731057047236 2.9041475004074 0.353650047259252
2.91309613174045 6.42211013706894 -0.234709881206455
1.28541553778189 4.94105272585611 3.89443879132341
2.34081955182974 0.539032840358248 2.91715490191218
0.914070560947666 2.37299640985794 3.40690214370642
1.98046085991135 5.86478301275131 2.55229990380245
1.39198474945295 2.38207819022265 3.80611047942654
3.1964632686766 3.46904785183211 1.65632695960411
3.17349820774754 5.32330600447385 2.57008742095898
2.56206716114399 3.32160955821836 0.798531995306993
2.00990829268324 1.27049986384324 3.07089819584682
4.43566067018392 0.214852733307519 2.75669454929814
3.19754906307826 2.26875192006722 2.32933188596772
3.39973187048284 2.28648511036131 1.26643833505004
3.35384832686129 7.44492887042877 6.22567343239173
4.38752972865407 7.25818804036796 5.14214494258832
3.98668892154124 2.44675285236129 0.285716872397023
3.28520172854676 1.8511667681038 4.07046321046207
1.47727350253114 4.40511068336851 2.760812747543
3.05396958993219 7.28011453131819 5.41887230043819
2.08658492834169 3.49314130201337 1.80094272224283
2.85747927949289 0.434741822749646 4.03394467740683
1.08403017287466 6.96133729084546 1.97621715504051
3.6800209906589 0.562766583448334 2.79125615309097
3.67629296239392 4.78916904906429 0.81262379388767
1.18453549829549 6.83476974998536 0.833527532662819
1.72962872339598 0.431929625731079 2.49689871489779
2.13362200815501 5.34681186680087 1.28561277517788
3.44240031205571 6.10233770636362 0.487975033091291
2.97215464525788 5.84258843953496 1.55823579287095
2.37974887323577 5.1790536248096 3.72054626353416
0.906221579768192 3.71726559182918 3.81112501599821
2.30946856089327 1.76135936363958 3.65741061862545
1.81672346806112 0.351307547760512 3.08726511369917
4.83698282194267 5.20324054564717 5.87398016941781
2.01479640516249 2.84923985502492 5.52703724382842
1.42179498399949 6.62550767380458 0.51759377695797
2.80138972942042 5.68563078937496 4.76876062980135
3.25718485202386 2.85916116722064 0.326529671528458
3.10303691868694 2.3104330487973 2.81318123355798
2.99328724155572 3.37819176291446 0.733951983503786
3.04187536549383 3.63616168388089 1.18478273875888
3.78406231702689 5.03775073757633 -0.332023526805188
3.48507316202533 6.5305707567674 5.70094081420206
3.35312945595373 6.91054144922186 6.16742178470627
4.1471747344697 0.760281461180889 4.05554582825488
2.96553760827265 0.839563338676224 3.50996754795206
3.67593767617291 1.37654768068964 5.20334183488809
2.84772755064984 2.63045236945374 1.56271466132969
1.40662420989854 5.35152261408755 1.76570733113124
4.11666187473637 3.13864422954821 4.50885260974551
3.29694722526077 3.81310875339086 3.3530932530572
3.62837922109016 2.92921287311901 0.69935693514379
4.32912886692225 6.36843362840166 0.555006481000703
3.79893018738697 2.22267508508858 1.42840569992947
2.93517742662414 1.59473974238044 4.56450773194162
3.9850883596679 7.19100437605414 0.760292075548091
3.75550363340652 3.61268004651911 5.55997311144942
4.41854035101249 2.06331151247029 1.26812243460401
2.36988208091994 5.10451892131833 3.88355904001548
4.34563273330336 0.59398847850949 3.42883303186571
2.40022131110134 2.50663052278235 4.10282239645075
2.66994970228154 4.11183079852334 2.03457070325958
3.06087517500236 7.42297021431962 5.57910525532007
1.87282890274139 5.99044397262546 1.49979681065628
2.88487216620419 2.00945404997363 4.26261686795996
4.66217189827266 4.82984802470761 5.24745332726773
2.31747036398846 6.46459432154426 6.64059732271656
5.07088336157482 4.46901557276083 4.84936665057724
2.1253721442574 4.90584168400046 0.545632041355606
3.5206924738622 6.71896839376318 6.32837940311855
1.42847563114571 6.82067858981485 -0.240925311998901
4.65311546425359 3.74129363015652 1.04479687530324
3.71944573292405 2.01962425037042 1.68161357005254
2.6544631921262 1.58304735260116 4.27098707950589
4.68558715087717 2.81363433539309 5.83230604398948
2.37348911231761 1.78559334290517 4.53272961568312
2.50836564842806 7.44365295224111 -0.659355957664553
2.40701835127542 0.659981000548002 3.02050747014658
5.03837867663739 0.132573545133921 3.10898559835321
3.42138728833568 0.218682436310347 3.4574019659459
3.28252878947788 6.84305678264159 5.21087104321762
3.04193047726383 4.12949211775744 5.00287706873842
4.43674265387328 7.20723021458589 5.66931093249473
1.54296902112945 2.15070526050039 3.58660749576334
3.33790323125371 0.571164500129012 2.41432990431703
2.7260832966823 5.78962147533866 4.22324280154307
2.94474154774524 4.09490107015565 3.6531184283364
1.72917728279403 1.68465495784646 4.20431889387539
3.05324729612593 4.85677934912441 4.91800763216983
2.90377469139722 6.66620229937981 -0.771200660076769
1.15765327664265 6.43774930811842 2.0875604747838
4.38393283313599 7.256041666343 4.98010181100285
4.11011007745434 1.91841021434089 0.647990635087323
4.09723871328746 2.57187309876693 2.23678348753411
2.45893641409005 6.43000375564281 5.23217278343748
3.63033263331208 2.00196272044559 1.50613341506129
3.37901003830812 1.63409179625076 3.91855489299288
2.90481581023047 3.76020895344157 1.08004305811087
4.64298031714959 6.66113233759422 1.26523327421128
3.14330909352408 4.68710767847737 5.55227928191159
5.48647840851921 2.86577256312149 4.59631383865354
4.2864517893545 2.91595230820179 4.1684531625142
3.27084272694556 6.80077229548316 5.79765133070078
2.34617524183323 4.29193273122891 0.310464064514863
3.33878583557208 2.6446628339561 0.954134113045114
3.21474408588858 4.71301112749113 4.91726755006546
1.81266402427871 2.4075976755586 4.92026226644442
2.49574094077415 3.72511706696007 0.00984374203355998
2.18819665500636 2.75398604023376 4.02548562586901
2.66760559807902 3.29128927182335 1.20356833233999
3.07894726711642 4.63887856619094 6.47805577436052
4.34598681621641 1.93179516336848 1.40679490713127
1.69661164736845 4.25394419424029 2.49574025724744
4.51913418607171 0.374369124592493 4.05703230423992
2.80852518738805 1.39815732819215 2.95898551130303
3.10326161580771 4.42242271469132 4.89206082043113
2.25731497537889 5.8528765682513 5.09997780541622
3.20509793390501 0.300868180077702 3.0318432675778
3.47400229981596 2.56278071198737 0.894727278311805
3.46131711003094 5.30281354347832 -0.0162066612251592
1.01269352535487 2.69487274335246 3.12985467290914
5.60491533788417 1.62451354318518 0.806750134359251
2.08407752849496 7.37415203745096 5.93651977846227
1.54422370515078 0.783675181430274 2.72894342335407
2.93100224187553 3.74395145356345 0.825868510844183
3.1178174444166 5.73091280745552 0.675451419634034
1.95275616700291 3.50500362078793 1.7885173402404
2.70205352167017 1.17710392632529 3.78720885739934
3.78137103333383 6.77019803241534 5.63821493752313
2.04431201486337 3.48681845700726 1.80151550137171
2.87166467048859 1.24295120223969 3.48236268144564
2.89938743525537 4.34758489901027 4.350565785333
1.74612006165823 6.32047112604771 0.688350390157901
3.31222793756677 4.66698584217686 5.90146746278803
3.31078486124473 3.95631918711858 5.23114716138114
2.95217777967442 4.64581355595981 4.87840260111248
2.58916249158897 1.1417131623509 3.10364832213232
3.25136609208903 0.0742121566851228 2.25275266708084
2.41559630508784 3.8214117587487 1.36533656967731
2.85506919975752 3.72048819041989 0.577376642346915
4.45192270223485 6.58459542063947 -0.149138868296072
1.75151957424244 5.05217493921107 0.597539169098037
3.01795826953396 3.75891666445542 1.74516533922913
2.71680355431074 1.59633071603869 3.9077418636001
2.75120634055257 0.0161996843316601 3.58392014421554
3.51639308151458 4.38723530707332 5.39549451006467
1.47430190740975 4.7247194758608 2.88509445760466
2.82966682493636 4.45145403421866 5.21747381683385
3.58249627958498 3.86596314763563 5.78150142198114
2.52589319510742 2.03557970243279 4.87367052289022
3.57037653340506 0.371474169231361 3.51978848780946
3.30215624401522 3.46907224872802 1.52676945124203
1.24055590360259 4.75503826857459 4.17536380852402
1.96332179459222 2.02126764480928 3.76168274499994
4.35591489324901 3.47791973905801 5.17574524779712
2.34114345238564 0.226452736804387 4.08654039799958
3.33568428478801 4.95300528504095 3.7490962290224
1.93331274364966 1.52727945390084 3.93083854594129
2.2495575040561 7.26438612133951 4.05797695577309
3.22843693608854 1.13010616042358 4.34831357442739
2.11934646390059 0.118854084959241 2.83006141260382
2.77792613167712 4.78819222202403 5.56704722393591
2.53123305280603 1.36887227928267 4.53107282256823
2.5250015642163 0.00328325271465335 2.53724695106956
3.03170226431864 1.76088307328346 4.32476698261535
2.58738779550388 1.48720643108797 4.98251651156887
2.8647924338959 6.75264843706121 -0.182073490471828
2.83356221686544 0.564258118704291 2.88562294190135
3.63081834907303 1.54799696784673 4.72382041420468
3.50902526320923 4.60323026085912 4.07900161661578
2.91982716834755 2.22570894574991 2.82837694090568
3.02524587393707 7.19834990084112 3.86710595101088
4.27611977389413 6.61201061467782 0.158675051427015
3.26326218703403 4.2984102653413 5.77193383483564
2.27516407892338 3.50871026704036 0.271926599525587
1.96614633437416 3.41565846296109 2.99039172952615
2.35340224362343 2.2356864004582 3.80535756586001
1.84299905498264 3.55685371004861 3.46284126788937
3.19396160848757 2.89412875874686 0.238253266014164
3.36958035958125 2.08832288110889 1.615120916777
1.86581493634526 2.91558896505718 4.93600614752742
2.50319020487803 1.5641508581928 4.68626285496559
2.85890930516695 6.59167201190456 -0.433252929888065
2.97092322868107 1.79195941130774 3.79651449188579
3.82241126313815 2.4938341448848 0.426182518665581
1.84802964314486 1.217341752457 3.11806842312958
2.71439290312652 5.81104465247091 4.42856758046255
1.09822315387374 0.517979234862808 2.66009944150892
4.68919015230261 0.575641245891071 2.78977273688107
2.3654626450695 6.8025382817961 4.76105469022657
1.03824970698791 2.59973122054816 3.69557168789332
1.81389802414342 0.680410682943124 3.0485938041181
2.45302505854448 1.46317821477231 4.49944159112089
2.93844316063973 2.1480541704968 3.49398572329322
5.28714831175724 3.21282618499497 2.44566476450631
3.09621060537425 3.03119171963338 0.529806871471928
4.06966761892758 0.738885792962119 3.76223582994055
2.58934775002123 1.14378348018204 3.48780780848894
0.842093456146867 4.83360181826208 4.65279634296213
1.93746524518492 1.23943194449896 3.44946610907591
4.02799260436016 0.305332064312564 3.24588252028682
1.72053535249409 0.370646388692702 2.24403583632847
2.76014261261043 5.05109518582535 5.42064564833365
3.9138130646659 3.51775181295898 5.54538916594446
4.27653716605461 3.57874867533181 5.80738728175339
3.29747859518478 4.73528630856307 5.20297161822409
3.51262838446998 6.56629086555308 6.61557222547738
3.21756250840761 1.70787679493621 4.07124376604228
3.29801382168647 0.913444928319374 3.86743441777832
2.96895552671885 0.987361098967758 2.44501165627757
1.97958937998769 4.92764669536591 1.69253450974425
2.95399674212889 3.36294957317426 -0.22165837176344
2.30165320369989 5.415493730624 4.73250029575733
3.3448342193537 3.70767815375296 4.23993173591364
3.2117785916422 5.27493469549303 1.13164064041608
1.49920532067374 1.08036772568177 2.63900580086403
3.65975174411745 0.810181045744554 3.74721786075736
2.15007834649731 3.10833028663556 3.1277163258623
2.12036419606782 7.19245113929809 5.186010919059
2.76122159723199 5.00455611456995 5.90602887884365
3.08402786960319 0.503430930754383 3.07822612399318
3.0460506770067 3.68742378743984 1.17827676951479
1.84260935682541 1.13858071512407 3.10250266797281
3.04258060963213 0.54454461204927 2.33426727870259
2.47699538606428 0.0668486124745131 2.48213307730939
0.854915335111591 0.43781009205082 3.25371944725717
3.97935719094859 2.12913967400727 0.782820153975706
3.5937700913955 0.703702360743288 2.72340336663971
0.965524340221281 4.37976610207526 3.55248088791093
4.02055106213703 0.131007778678188 3.41092072967367
2.56466708431602 4.41762867034654 2.08267352083991
3.8350001778543 6.65201927793813 5.78023486970485
1.95508999752591 6.63777133604543 4.67492437883759
3.49358347611171 1.64365682555845 3.80002909433479
2.57294996784863 3.2139982660121 0.0764934249258771
2.72381566464185 3.10444432058645 -0.111527917441917
3.56954172334274 6.75095205745086 5.73181862575326
2.63101174149904 4.96565670423489 5.03158877023685
2.16330309840766 7.19652830975458 5.43694785089512
3.08931636090949 5.98865170533741 0.385324541807667
2.65929092978439 2.63257769132669 1.66536041690729
3.73487893457282 4.64755876528333 0.919387130935885
3.90512441179698 4.67971293135959 -0.484944758406494
4.10991205796191 6.53384755759449 1.3281074027281
3.69314000855512 1.8945293607668 2.56636677368902
1.49022034647732 3.47973899511689 3.97300537685462
2.2473934847427 0.946066411558649 3.23295454542663
3.48797926183329 5.59626471890947 0.52198380232734
3.87731669133041 1.03487297936194 4.58104079251118
2.24779361612828 5.91485693588572 5.99762030131472
3.35945226788665 2.82298762185659 0.679732655960503
2.12363170066467 6.61457426263881 5.69230548439373
2.39666703364662 0.486420003166368 2.83943471423657
3.67155285178129 7.33302983925692 0.76040764116809
3.62597126316663 1.1697342222995 4.06629958409905
4.37856857050063 1.72443352312822 2.45081846352997
2.80161888547025 3.43434223100488 0.84122703604208
4.8954930121634 1.52647562626741 1.6791049807117
4.09216654418211 0.906565634856569 3.55705607948352
3.11568747567904 6.16650178266649 -0.659416242701376
2.22332037480542 3.56504752288533 2.08639920240616
2.9698850818252 6.52890511837688 -0.581537860899325
1.23459032671275 4.03695558895263 4.09646128037082
4.04358075907783 5.56835031060512 6.07128678301897
2.74785997396687 0.532624608908376 2.2284556121682
2.96290261736349 4.8263055533929 5.31059443393544
4.3613665445729 5.11474696326568 5.80597315219885
2.08118296097009 3.36672826540703 2.14578640611291
3.36603855408297 0.360217113651152 3.33167628734632
3.50040527348361 1.02880965272388 3.70533857976202
2.68312123911788 7.27644921390314 0.848779018518816
3.18793361943818 1.1760604805524 3.998387767603
0.105510855883417 2.25041842310115 1.93061209074142
2.17425521296437 4.84966984806114 1.16532997186335
2.13148015275089 1.06713149552626 3.00437270744275
3.32016737109275 2.65460476080082 1.0731719194117
3.42935039465848 6.7479011611793 6.36177638993485
1.14073929750294 3.60340651844295 3.43207097682956
3.15852487000151 1.33195249949042 4.15227184612576
1.9744248738974 0.25555375267627 2.99413486077146
3.5524328997828 3.48642654308807 3.77947543272605
3.65264999238319 1.69616424007277 3.77042056592732
3.35309329524615 4.06003101767765 5.86245280341629
1.63672318503824 7.3399375966966 1.8301402328466
4.26467983163627 3.58345337421503 6.18177281992133
2.38893439935576 6.22099152650443 5.53508891098012
4.52892768763498 5.60763326309969 5.60540035250944
3.37868675105792 3.83019110638827 5.00911094039463
4.01309229845369 7.16762914752571 0.462648732332216
1.57803293333509 4.50214615662824 2.2954013282643
4.33556010024391 3.63209354722799 5.55583035255946
3.39453835127879 1.70128060857853 4.199449540082
3.62743109576582 0.0428334820161798 3.50506435961441
1.71980465742756 4.77748347950326 1.48218337414673
2.23525422587111 7.14098334034537 5.27747976613844
2.79291899653774 1.75090105672477 4.71616073249574
3.99411543551055 3.26221680553499 4.96749678355158
3.8702995729629 5.26087285945402 0.100739156860152
4.44739850076309 6.2768815731146 0.336345810276498
3.52952663548713 5.64902083839825 0.374430873644967
3.9408790890282 5.26607218968784 1.02548193014812
3.18630265335271 0.738670265905424 2.91663446518513
4.09890047801289 3.55739087238762 5.56146514653875
2.90826147890789 2.78327946314104 0.885945719161176
2.85075793085759 4.99387522382869 5.59498148317638
2.43835052619058 6.54994747167496 3.95071380235583
4.09539744346267 2.04175439690054 0.6848760812748
4.39897184632735 0.756561291415212 3.7282955874492
3.99268575444627 5.63680306243951 5.20564721597792
3.41768963710518 3.3858504657044 1.93222121144821
3.88464127457715 4.28888136380173 3.6025658362103
2.95688801576431 5.14028625527197 4.95843363504996
3.63830103767863 2.53270056703294 0.712513826087496
2.14794824673367 1.52361822696948 3.97230616147423
2.76298590123322 2.34293762997103 3.78987233389901
3.30099226587543 1.09868705311179 3.87922165402045
3.01383465765364 4.06738631272308 3.51917748080176
2.0148298639869 0.954729432943714 3.4016066031192
3.36716430799533 6.57936298907122 4.83794968869399
4.13198289037859 4.66517034640308 -0.431909298882384
1.36768312593538 2.39446933041967 3.48532808241481
4.53097319027178 4.24733155534654 -0.332716199309897
2.30968637855348 7.22881868467625 2.72325829395409
2.96285967138887 0.568541021458579 3.54157403523064
2.84244954782242 3.98721496169149 1.5418385245425
3.34431811640285 1.00367170293009 3.36835569965478
3.9450268920376 6.72267581408741 2.54961520665798
3.92750270040307 3.27857284954547 5.20622389241076
3.68103874749368 5.30452909747304 0.0355003420605964
3.34176361218547 3.9988852106697 6.0065766851125
2.68223161490214 5.18436698104829 6.7266901236856
4.35247050415199 3.61081951233335 4.29288699579294
3.68851327125673 4.37314534977638 5.45296801259258
2.25419509993239 4.41296996288783 0.750924843120555
4.74420544717175 7.28213118009928 6.37345231360851
2.96753315903532 3.60599006888942 0.991986008698045
2.16687688524838 2.84065325500339 3.82557533479305
2.36870333654971 1.89742439532732 4.50971374623578
2.69735753851181 7.11864920191078 0.115728804032184
4.60184817108366 4.31210571179226 -0.351479696058566
1.53887446147641 2.31351353956309 3.73182321365833
2.48692253036207 0.393856843801439 2.40089717697121
2.65548211713775 3.02165851917572 0.771137666480375
3.55355119815429 4.24820230888612 5.39657374584377
3.87318999964481 0.719529440327147 2.96484690285343
1.02868213424234 1.89414112572656 3.0000244743571
2.47571937166997 5.81588261481 5.59798848018276
2.96766958511799 4.31590047435807 4.33115221212774
1.49303995397599 0.291303563388055 2.67819899509176
4.0988281676201 6.80598263112467 -0.417518273998091
1.53492898059121 0.857084594332878 3.50260676153291
1.94895050925197 6.15780408169243 2.86744103792002
2.43136596792478 1.48300453960446 3.67840672114361
0.996774725944038 3.97965339493392 3.33520730817577
3.49557414654795 0.546105627505066 3.52267149371596
0.518316230000009 6.82049431380376 4.16935044682143
4.58024412000948 1.32483336207391 4.01442347045485
1.73135073601015 4.55396421007556 0.581114855763438
2.3365457235817 0.34252389864778 2.71234768534604
2.96591317083108 2.2416904460357 2.87905549597504
3.62645531908672 1.0058252849659 3.26773788224613
2.04304895841649 2.1022082131997 4.0864168866953
2.44852967803559 1.82055911788949 3.772313449979
4.57537036258657 4.8682769188778 5.30193658789442
3.33433020575774 7.18580995533781 5.66578628158168
2.95267074180177 6.84127775486603 -0.298581472979958
4.54720500131486 7.25267181930254 5.18648726041836
2.69337449489922 4.06966475909269 1.64549424247002
2.42293280420266 5.8890537480824 6.11597618997408
3.05565627375762 5.64116328081291 1.09351838664122
3.56735132862922 1.81359991556922 2.83536747913171
2.39888459519639 7.37517263187901 -0.0392511818562756
1.80116133319222 0.130659948252014 2.40884511886908
1.8816014514079 2.6087680626163 4.64168192426043
5.47922467698288 3.10596102653179 2.00362208760474
5.34873402262521 6.86115862797407 0.185311585887393
3.63582173381555 2.96495180339969 0.633959310103264
3.3948716235244 7.09001556700864 6.26174638976748
2.88843143034203 4.00876183144681 2.12816955545759
4.11875827231603 6.16226924967667 6.46555100724181
1.963558245132 4.32491688709295 0.849817488783274
3.25684323616213 1.84576011723787 3.01069205034289
3.6036298577484 5.61699941134384 -0.0801600668371797
4.26759942572536 1.63100826072552 2.81638801173242
3.20701885915905 6.61009945958418 1.70351797500952
2.23834081872711 2.0779441645926 5.47070193675179
2.68846871143051 4.78367819408312 4.16191227788712
3.78438349829438 4.28710951732354 4.24033169890148
3.29683850855831 4.05323338684604 5.18411111177253
4.30686549349306 2.30997412081169 1.25545082231319
4.08884990671753 3.63107344499805 4.68112309823957
2.72585028472961 2.02221267753522 4.17439992890753
3.43123173542104 3.20379706062739 0.610443038490797
2.01270074605135 0.78180216411748 2.97408213815891
4.58314133797479 4.90302279375705 5.33395505286514
3.94152074581179 3.7810337480443 6.12859906699151
2.69227554899606 2.20705518405551 3.44970350057529
3.79267079006913 3.93832955214066 5.74546424124822
3.83500757086714 0.0824485813603566 3.02738420171147
2.90098959375555 0.681262307691192 3.32623977574444
2.77154181308958 6.58610337779981 0.314469961339739
4.63564232222316 0.505576745561875 3.54659515374159
3.65957311846146 3.98119732901907 5.87887571993518
2.22315364143882 0.219095203518036 2.60495756328831
2.42792016722867 3.64572172202306 0.398929827892541
4.14898620682831 5.47880146721195 6.01634537879274
2.94951043548566 3.81624460076514 1.64561990062139
2.15847014150234 6.37618710015486 5.05565974446948
1.47320414853748 0.506020700012094 2.87125334828857
3.86630512298402 3.03811427942929 2.84917937262505
3.53082152345744 5.16219345476075 -0.431176256424824
4.07503305748358 3.4392274826758 5.55217120370994
2.44620151161713 4.64318577759012 2.26907499679565
3.84408284311915 0.445892888479593 3.36111142911746
1.24661730484429 1.83023843556505 3.40651416517145
3.82277672884912 4.68352816996835 0.318084457319449
2.69411216722401 2.51459189643383 2.47880312528667
2.74314791553539 3.63358126909103 1.67983300160951
2.58051438328208 3.58592142687262 0.587217016252487
1.58674708793686 3.90262007500028 3.92925103552859
2.84923230194067 1.21793500081466 3.64654106630833
3.46670365329349 1.70532527441415 4.58198239933451
1.84770818702299 5.48885789229463 0.468767356010528
1.71246184450951 3.5209747421997 3.95006837661179
2.4588878764187 3.19811021148343 1.09391818520931
3.3171064998462 4.84071950894837 4.16764650792855
3.38444287627732 1.8986726765666 4.16762450988983
4.07961221168181 1.69960135280006 3.07868870743101
2.43158361549139 5.68958151578897 5.73439008683975
3.10543690824647 6.92041333230486 2.90946031663027
2.98394178407492 2.69080305113474 0.522912551118296
4.22421034559208 1.50606183999191 2.02635517654842
3.61754287702302 5.88869064892392 0.793488717727808
2.79591023342783 6.20433910322479 1.33438644525712
4.11044632697807 2.94371036361027 3.8875666927367
3.91614591448856 0.258521195379703 2.31545302622915
3.93112844239979 2.50841002131691 0.5445171318916
3.37313725390519 4.95071893597903 3.4039204957668
2.79597508949234 0.786569687857806 3.63032867724455
3.55747917507422 2.86328058713262 0.819178608181522
4.51110271844864 0.0196655524486351 2.43249201787647
3.8569294622449 3.31150032060775 4.41150185921855
3.91806508827725 1.84869370857864 2.14370564602994
3.31245389555772 2.74046712316527 0.069556487269204
2.46798341097988 6.04004694311448 5.47540334920166
3.80840124840013 1.8707811705644 1.99142360500382
1.80394650610799 5.59116721130915 0.317525424566352
3.89363865083311 7.21299480208587 -0.522212719708767
3.38641928705486 3.30327017003221 1.59049534251092
4.00578771063382 5.75247151254518 6.08509569408331
2.42578800920729 3.49963059166192 0.76781206015982
2.12413984261158 1.36816567637151 4.1538305446743
3.68851762361795 0.335075592334555 3.05732952257138
2.56753989652324 5.24201187957582 6.20547508300244
4.20704040828472 2.47816975297025 0.758956649114498
2.55684160627515 4.86251311531103 3.63461435500948
2.7469639791836 2.85032217393345 0.805442194172377
2.92314147118494 3.23185709143659 0.152665495068228
1.66165640798018 2.40762927122246 5.13502021957075
1.16089646752881 6.03036650280554 2.98612441779696
3.21384937946295 1.23792564799428 4.69206535358096
2.66467014147144 6.63008634504884 1.00602879460049
1.68257061792423 4.00442084763324 2.22783326382148
0.723050823322903 7.28560949780113 3.91575193453415
1.85748192093623 2.87473977185864 4.33606466953984
3.00359756374052 6.40142063077379 0.698791544508419
3.08469110268702 7.46607818452209 5.88089386691065
2.98498119830019 3.62818741735798 0.427875536348045
4.74441155239261 3.19136415185402 5.83910538852423
2.9240702977785 0.0933113727383086 2.71308101599044
2.44067701612772 5.21585626006665 4.94493625190297
2.2518951221454 6.01969176836329 6.11016728357454
1.54081812012432 1.16028952761013 3.01843178575332
1.8723955691712 3.67900716419571 2.3046979689334
4.56493363658389 7.33833483348189 6.3043048566438
1.12287012305688 2.45167754141033 3.58534639315573
3.18740818725933 7.32418081437924 6.15897883651655
1.0962974178895 4.76696897920586 3.67053217408733
3.3545865903766 7.31111649035667 6.02857644666738
2.77834712457779 5.27458800848338 6.0536275657895
2.89600359192815 1.90948476655067 4.16545110963393
4.3511440478024 5.88154730347048 5.9631661182333
2.96677519018887 3.90814073916932 2.40618945698061
4.60270502854386 6.18284539279179 0.64876685081339
1.87636670952648 1.5618465743763 3.00080524705428
3.42878491885698 1.23049095368826 3.90471591832867
1.70334642359356 0.726260731260856 2.36139200729222
2.43634938602086 3.10965333269259 0.58780277062976
3.59613468832641 1.68234383579301 3.71403509220248
3.56546486802364 4.27891963755893 6.00831262247882
2.56834577046903 7.41046492377703 -0.813313581276759
2.97019327523249 5.62702730871129 2.44220050133404
3.98142282409274 7.39923883931982 0.823909979139594
3.93450657852504 0.131317811699532 2.25650197465821
3.48273478638733 7.30889772477247 5.63770822178838
2.68501370446692 0.618442339294433 2.31900686815881
1.50152288020971 5.84157750930418 1.36038838764311
2.66186955208231 1.52963247218916 4.44693346138218
1.66590012559318 5.36403298053364 1.20068716369447
1.90593875475527 4.33374523228591 0.47102205101419
5.03845986080226 6.17744206557789 2.29488275075695
1.39438425167781 2.68264423912083 4.37749738717694
1.56661991315837 6.95477186151959 0.521783026903563
3.52432960854552 4.82559950386778 2.09685675916768
1.13334347246875 2.40522172108465 3.84259172216193
1.40421428308267 6.2117336008623 0.713100137094595
2.28678257156339 1.79520684723708 3.8326416701291
3.26978699358209 1.77163160012678 3.50952969810969
3.20897993862158 7.10202349233198 5.82124247876401
1.46173911646283 2.47046264175698 3.42013712662192
2.77135976055881 0.711147733189425 3.08754715460792
2.45072223167716 6.8722949438629 2.94771630854461
3.39184446635402 3.77830489670914 4.24789657005363
5.25228772294994 4.06210150966736 1.91513005854028
1.97970605458911 4.05590573727153 0.770267216095199
3.36996058489367 1.01867312396333 4.53888974049674
3.9857962910851 4.93780166726427 -0.629481293797467
1.85627524494665 2.16678683856484 3.0694905209934
2.76157182365594 4.43143727984488 3.73206052152634
3.10141248579518 4.26767883105728 4.91180161792701
2.66533133589318 5.01068065248116 5.46519728781949
2.05060292210375 0.611354481960242 2.53721155765402
4.44222018265916 1.30112912345381 4.55007500215097
3.01413541461153 1.96923422343141 4.24779079621482
2.38084406716792 1.5004015459969 4.37361910216564
4.25855261378873 2.53726396131799 1.7690883102692
2.19219887764021 1.08495589606737 3.01026142144584
1.88846610197983 2.66531689046807 4.56142923154543
5.66822718121919 7.29743656401044 5.73784009706063
2.51683722672061 2.47885510928152 3.16359922199836
1.45987850120732 6.60637043057993 -0.203448777563968
3.85455593613976 0.741060262054608 4.30838273678263
2.76039324077937 5.04004360966829 5.41684609011382
2.33878318301414 4.35977874559726 1.08832008528842
2.68641393328933 2.35740269012023 3.77515101945117
3.95280574019776 7.21150548672515 0.509680198466317
3.14104725083934 7.39628035097221 5.05850623740014
3.59844127307672 4.88271379856783 1.10774885260093
3.58918792200755 1.47876005509556 4.33114358673136
2.9933614051924 2.78058995257327 0.486352340844157
3.41760474990337 4.13019647812722 6.02561107373761
2.42031459810252 3.00522144011461 2.00063948537667
3.04878787288152 0.897753845745407 3.58280326514479
1.54046590345518 2.6274129440985 4.05241803059299
2.46964402023257 1.87552718909275 4.56543144688027
2.53998186726855 3.63553911015993 -0.127891955459799
2.68127626698651 7.234479962831 0.629081196676723
2.73245737560131 4.61600484906744 5.30213774689374
2.35392417156217 4.65377212206867 1.30485754450989
4.0210962375778 4.63998176248828 -0.0575531749916963
2.78480509284868 3.32432336751756 0.965482244961946
2.79444120890411 5.56437834392121 4.7821682204829
4.14489405387709 6.10316062659529 5.50388638731524
3.29286843273153 1.94414637335973 3.86314233233453
2.85064645542966 4.74376711471996 5.0013194822389
3.39671960601391 5.20040217256464 1.00179145670971
3.39536510374697 5.50618881817905 -0.0224011141371224
2.05072403277716 2.19823043266081 4.10244023336772
2.99560929071394 0.399198849277322 2.35366775784016
3.12790539569689 5.57811306121813 0.898635824953627
2.14849003868233 4.63220572026536 0.767373249049606
3.55372870355259 2.98945350775593 0.484777221626809
2.53795571714996 7.04211616699328 0.366029002001779
2.51435273220226 6.79768899293586 1.13380213243029
3.00321024469881 5.1799426809392 5.10630245986228
3.7025041611589 2.83871870487105 1.09421274225532
2.68768386557187 2.55634457837594 3.86167104092131
1.78919739961158 1.43230740096939 3.94053523521948
2.25456918172541 4.13115085498304 0.99460683717167
3.36788716646702 4.73177146793477 5.29381103257801
3.35375055447935 7.16772112327993 6.05899229606604
3.31573890946933 1.8853716084023 2.84570874643578
3.202642119355 2.58034206416239 0.981814017275299
2.63731781057826 2.00230344175528 4.93768332993981
3.22904296563099 1.51136854095268 4.77457785604771
2.64569387203984 5.809586027692 6.15375314842619
2.61900459125394 5.09506989419851 4.83516497040333
2.33541315185625 5.60153939795794 5.29083144783413
3.42887674419311 0.670715189343644 2.83055146634273
3.02555929932866 7.39573928154692 6.12082265375223
2.1254970484265 0.0411264368206261 3.38158485064697
3.33310852366876 6.21178531366385 -0.241938074729188
4.33703254463328 4.01133682195496 0.445900439419133
4.71347741017271 7.09082000533583 5.64388166094306
4.14270362321713 3.24800577567212 5.68902846060212
2.85783244669528 4.5844879395788 4.47285284461457
3.24247816893052 4.87452548357297 5.09839678526038
2.77717436998804 0.783877917311234 3.4593189540213
2.20319470609005 1.57659537043691 3.66407925751592
5.54034794159386 6.43696762371342 5.60233949123112
2.30982829313298 3.71046607475917 1.77473138391815
4.35472810455156 2.07964788745874 -0.707642683120463
2.05440733529717 2.93491541286751 4.53793601847403
3.80704055658866 4.89565499571203 0.330751098533796
3.8251192184093 6.45478729741658 5.02724166844064
2.79962376016005 0.0531419680024561 1.95368225991228
2.11069318165809 0.496514724913753 2.20284258747316
5.64357481023976 5.1547372666118 -0.621160707123029
2.73886191501702 1.89929035442177 3.91805765934226
1.99931806617899 4.15337335783955 1.9636302901287
2.9487375122168 1.85023235676114 4.45400316501438
2.3644022657123 4.64065025303134 1.2893216162706
3.85432347371165 1.03596577220236 4.16222636221412
3.79662669694784 5.50132357327239 1.40931044956775
3.24117852932953 5.28195184758523 1.40230390815865
3.77196054783854 6.12032867856856 6.26854582656104
2.11596047566687 0.902352405094546 2.63370065611262
2.49036127026287 1.43563603762048 3.70764832027389
1.60191684216892 5.350382107974 1.09736769292583
2.10262461292663 3.1572780936891 2.71007764672676
2.94876491540671 1.09630976118819 3.33669312172941
3.97200181924836 2.8996269690953 1.31849000973589
2.41949377439856 1.50261835430122 3.02564169829656
2.90225973071629 1.7204951550551 4.76964936494007
3.37425917463614 5.27127075715476 1.00475641218451
2.84910881024725 7.11192894232749 0.130384828684822
3.93877380458499 2.28577634283236 1.1578568915565
2.79074258924574 0.477380730366238 2.42173560024963
3.00290700126453 4.64004471311458 5.04625820519263
2.45343184173475 1.18235877061625 4.56162258333267
3.5245588140029 7.168231404931 5.49871617500184
2.89637923623725 6.28698962262204 -0.111933591884479
3.63603028944548 6.45369516005803 6.43044936277267
2.63975346203908 2.52312839037235 3.17845748114254
1.81581322734951 4.42072848347791 1.5317796425452
2.97670227215831 5.03804266294585 6.1591704250596
3.81062515891208 1.47609094249885 3.66935224627875
2.45303378747035 4.16957996030166 1.46603030415585
3.39630873939659 6.94055199653806 5.97307416873344
3.09280563852644 6.25162043853739 0.664223069455103
3.3380825447044 5.00536100460984 2.07747272189044
3.41258512113107 5.74494519280252 0.396658389302189
4.44534787496885 4.88408368104423 2.28981626120587
4.11779776851448 7.27958977798578 0.39654452649597
3.24155275390128 1.91700013503228 3.73906174674218
2.5069522605772 5.53327787325104 6.41728016209671
2.18782050111068 5.40992695716641 1.89646402913795
2.54374898485923 0.264327557395576 2.85375109410104
3.02290781179912 6.02318548529851 0.291228555987078
3.08852240434861 6.31878047311038 0.0358444361108597
2.72699125226872 3.58293516950468 0.889482941703552
3.93972265564121 5.89209052766844 6.04460689408789
3.98493226149405 6.27824614907834 5.85869806706018
4.78810903882392 4.5858419143108 4.56830752069553
1.06405281698357 4.24059986153321 4.69176099238273
2.65193659920077 6.28861391724627 1.81840140317132
1.13438490492122 2.10140631382021 3.2115910133753
4.55656934036292 2.09039017138867 1.60129613344529
3.05503664896318 3.12373973868975 0.418826893863606
2.81050572969091 2.53631826816629 2.60625158720433
4.07557048169736 3.70874011169501 5.87158401474363
3.33237027362894 6.18896523836339 -0.368571447365972
2.53194521326383 5.07767395491478 5.39049817916093
2.60545732606477 3.51104997054331 0.481780903209669
5.43314424335143 2.86121982849538 5.20696376672169
4.37453989307919 5.68694343954252 6.03030898509035
2.21186669279601 6.49056303813158 5.29853637334821
2.54731829513146 3.75355252953443 0.551022437850704
1.12380872403307 2.73020024959921 2.73037803710762
2.34377982592507 3.34369675982337 0.995034094963942
3.25267004219072 5.48875737040198 0.0879961269367533
3.43698802903976 2.16407565748634 2.34543916606224
1.4957102745204 0.402373318033593 2.1171920352751
2.22678646989221 4.40399610896984 0.87871986543327
2.52786823025595 3.66719637035788 0.364834869944133
2.87637567315646 2.12430624920115 4.1478879483233
0.963977061993136 5.77466409670721 4.2680290911278
2.51220876571175 3.94453795426549 1.17302395057374
3.0379193879481 3.18416063422436 0.643759295853587
4.61353834930551 0.317678744303475 1.84693692590083
1.96217857414262 3.37001411213429 3.46354521405982
2.22780605329112 2.27715905998222 4.70533995572262
2.52069808567721 4.62962909847434 2.24880239956745
1.50854270205158 0.190303724255893 2.81551174176102
2.4448392349931 4.70776687056077 1.98603151240758
2.58156060137235 5.74800719518424 6.59348936782624
1.81757641563223 2.72656169853103 4.94429491729936
2.41769761990923 1.55125318776018 4.55136969891405
2.92755525528682 2.10426406383375 2.91387578066368
1.3812598471389 5.52907914282982 1.28254533649502
5.13033491058303 4.66034591862791 5.97628679606181
2.52535322569279 3.34954023731261 0.248963853400495
4.46097505182795 0.0172443436779819 2.65388729535748
1.76611109844242 1.98290630241509 3.2205237434779
1.67620141449368 0.773613824546954 2.90382113222862
2.87864053812882 6.39255303695999 -0.078352923770302
2.0740925934228 6.81964579543076 5.74307747485876
2.68106405617136 3.86736944072463 0.789161889789146
2.48903176717877 7.16816643418836 0.0685379380532661
4.33378695504891 6.6366829662633 -0.385581313578804
2.19631753311761 4.65284742864393 0.88584143450003
3.34380672579658 1.26459657576631 3.43013180865214
3.89085378293576 2.92516415018501 1.57685540645337
0.879512588459723 2.62875348147461 2.02176292142954
3.38374610210978 4.36888163606259 5.2448546286779
3.8824963497152 6.80846933892955 3.79993888412483
2.82665943035707 6.58243975193988 -0.301698539065914
2.26902298540463 1.42582646693092 4.02897332748447
1.96733380547321 1.0438245210381 2.54101680189534
2.71407615387514 6.08339309298505 3.59861520090696
3.50349381222837 1.03726182802145 4.3546751327979
1.78407797871143 5.32931681840129 1.04816721368127
3.10554960320288 1.34150726129942 3.57713190122713
4.01213061766807 3.53969307571792 5.80497100533431
2.81068499910551 2.18607494119805 3.26882703196657
2.93173621353999 4.98694828700945 4.99302999713659
2.36607653272956 1.46899149713869 4.20931272996909
3.04702336671274 5.22537648753349 5.15792069308924
2.72872908519019 3.73162073583129 0.041684924606499
2.995556657059 6.09948045237137 0.376515327895625
4.28366277343134 3.01192669865594 5.36359543441103
2.08871142694625 1.74297232741558 4.30005733218436
5.98817600569514 0.0610789460163428 3.45765837932119
3.05234426525196 5.95452317407287 -0.341755548163065
1.61925314257909 0.337047135692192 2.44247253767924
5.27332879081121 4.79979151098223 5.67829585911656
3.12427902503695 2.90541833339644 1.25926086639331
2.55995003478688 3.5404196429582 0.882538993374775
4.6269804126533 4.36915312876532 -0.183670012446707
4.18963400765396 2.42855142685841 1.10076621439565
3.47718288190856 5.43729579200306 0.578023027655866
0.88159846545949 0.839798784072566 3.06904921277896
3.48892910465514 0.191117952534959 2.45296537467902
2.58581793077277 5.52723368884205 5.61821774669592
1.83301026589269 7.36737813003222 5.70389257456684
2.50719902573179 5.81659885856265 5.43805038078192
2.70429054126691 3.63683460931374 0.468533433955783
3.35299793860124 2.01343142967164 3.4629020890911
4.39463258515772 6.76003584446755 0.141744565765105
4.46485758256338 0.71178432562038 2.9747656822294
1.21891445759572 2.51134406397966 3.42504418505016
2.04053537426124 7.07583517783353 6.60142459669482
1.36905364034392 0.297674671027961 2.47999187615564
2.59691434044028 5.88300521806107 5.33536479500143
2.99523542174363 6.15552160394316 -0.598474523073375
1.09718142815646 0.459905015527754 2.96541361592679
2.38472358068881 0.726695327061859 3.57788578824056
2.19512802404486 7.49844364617501 2.99885778158114
0.81104904344532 3.02853411656268 2.6577853215136
4.29934328297014 1.09088952848544 4.24366214311664
1.91161241866384 3.09449706597611 3.9103622511019
4.37540872237463 6.19649870527417 -0.586882434364238
3.27861828505176 2.52743740608432 0.317049740669884
2.676340468282 2.43507988692809 4.0446925778769
2.33215607778947 5.74674406882444 5.58396891163911
4.79069630554658 2.39115239484907 1.83541757577374
3.11975683615227 2.36028455793827 1.97960623759303
2.81798835570125 5.75175709875536 4.6599161074867
2.56431793483227 3.25105444511732 0.274756717895253
3.14679542835248 4.25144588182662 4.64654834855862
4.20728440426129 1.391669836363 4.18693661490903
4.51249345429195 6.17557295915549 -0.794467201641346
3.00920349080615 4.80834112227916 5.87569610122503
3.42736010548016 4.09515222961561 6.51136240041616
3.4310482055897 3.59803864780327 3.52140334169131
1.77646609880346 0.420749789963619 1.56735070298523
2.23241904258045 3.42612426710096 1.66497741829868
2.73245499714962 0.99428867454716 2.86557359927385
2.36399667398934 3.46171117155939 0.360224975798929
2.89020390623246 7.49592362936274 2.8964589707029
2.97826567498282 2.48934090989131 0.957006535947238
2.08940170919945 1.69256090461836 3.76292470341541
3.4036088599489 1.59487966198689 4.38147682642969
3.26132493526998 5.34589922831368 1.1360260685606
4.68383466234918 0.254292247050964 3.24808718270186
4.95153599832243 5.48605303106325 -0.476602255660115
3.2509023584041 7.16214605251175 6.16248014683672
5.41652133269566 0.340850954822354 3.67136842948201
3.77734507032665 1.77004420137745 2.69161375905926
1.57487670716061 5.95613421988446 0.297639456642459
2.00842405538995 1.05727581478713 3.26789603854213
1.44667551355791 1.82558462910165 3.62973021144491
2.18393863606338 0.144706923164446 3.32945409945576
2.26916664782004 0.875852475329467 2.67820100629194
3.07515078254209 5.9653501797822 -0.0597608986577
3.84740561272193 3.46841329312445 5.63262804219035
1.62985288285848 6.48665802523172 1.52611001812506
3.54260862897963 5.08641307437937 0.302034324182438
3.61741553707127 0.950700918869586 3.25276509891586
4.911197202275 2.46903497132669 2.73522877439228
3.06802630537732 2.80861558458125 0.899439665819557
3.62766156039113 5.15782373191603 -0.288610118888269
3.39579730674697 1.66939352282914 3.85812000120718
3.49263251408964 3.38489678373095 2.70092362970306
2.89552300030576 5.54870395041553 4.80097536640438
4.48339367479094 4.00727537489961 0.516934604879889
2.7488119856929 4.60962537753776 5.0649678056297
2.22375083965307 6.52395513779486 5.73961977062269
3.01523720475778 1.5085821630046 3.99938125983503
3.01875943552795 3.80306557094973 2.05066863633806
3.55637468184566 3.77018251088305 4.90392141430808
2.89834282097139 7.416260331782 2.41831751670516
2.10272065777734 7.37040093599156 5.39402640216979
2.48314304087908 0.865210374058983 2.67317120899637
2.41441164798203 6.1963763331541 6.59809030120207
4.35361629064224 2.55847813367417 1.46125082352367
1.44520084235608 6.6416720066977 0.530199207234196
4.38713582689581 1.94165585963615 0.500702068934698
2.96959390531672 0.80272046238757 3.88029753110844
2.67238854781974 1.80282050382325 3.98612988872371
2.68463372460736 2.87430955254687 1.81955335779578
1.98985000362785 6.89204093057288 5.73576455205063
0.964350391058301 5.21772903176906 4.95871036129985
3.3050106989011 3.42854329887765 1.19340506429349
2.79041383865571 7.00555136368481 0.0160038108809194
2.2668129295831 1.66132632025599 3.64701242915381
2.77551175661372 0.248570577537955 2.55522610927677
4.34459809482909 2.03947499893966 1.30148103065159
3.00873490896221 6.61887380323994 0.82583868485873
3.80729164213369 5.41799051445146 -0.150691444820557
3.90159527029899 3.16925055842543 4.87516545622546
4.6156209500287 3.73283787776709 0.848603061867033
3.8480662958663 4.65606703850672 -0.041718295642367
2.79969108030399 4.13505794620103 2.41509917591589
4.90878674573865 2.33764574265528 2.22505017004904
2.75210146887028 2.67767531405807 2.60810821008612
4.81856891379823 0.0789221936465152 2.32157597392366
2.77401581279346 4.72325161005965 4.80977921747003
2.18672029883896 2.4697450106944 4.68321456484472
3.70433312281391 0.473248987251203 2.8530580722705
3.64963864866979 1.35026139624386 3.64198551602105
3.50899851949772 6.19653819397591 4.04770230681783
0.941913452927269 6.2980207685101 4.47742660413759
1.68711730843581 5.6411096540374 0.554367423693131
3.62198273535195 0.30616183145668 2.52518811310347
2.59528076723891 2.42407225172846 3.17410011044083
2.42055567980112 3.46332725965803 0.757106316007067
1.03801426619457 3.11893406903621 3.86308971688608
2.1454581498942 2.94541816351369 3.61009586521908
3.82386384373236 1.27271332348493 3.88523710570711
1.74717667960472 7.09307931429453 3.87812141155709
2.97609700433355 0.893383854521072 3.09268388720983
2.42076743746929 4.26655050314121 0.426428156549805
3.7890573665373 3.59239708346364 6.01198796797048
3.69131631299863 1.4506717666775 4.43303672966392
3.01374416575277 4.69448229937057 4.95229593138477
3.30915898277547 5.3133375425766 1.35423252593019
0.194266445627181 4.49545906419289 2.39535381899922
1.70933156690342 2.18171930545912 3.96110360822023
2.61028385553371 1.96266104658188 4.35623228933428
3.6554123773449 6.92749431968617 6.88230832665148
1.83379524968903 4.3099215406671 1.32219531228578
3.40505158521409 0.327827861349193 3.03709288663659
4.33105372707489 2.49916929676653 1.63029072254107
2.12475964519507 1.1863707682822 3.35987411066317
3.99557953159277 4.67560199567223 -0.0624958123249005
3.337912893214 6.11066847738362 0.844883200713329
2.22749692013986 2.14259165221521 3.74662968798746
1.74144014916402 4.98995296499923 1.03041580260222
2.9468651699633 5.03104538838728 5.50898039327858
4.77179943721841 1.49081773490115 2.48601316432266
1.65885227782206 4.05500488780927 2.57397762087067
4.24454001467438 3.99945432544592 2.63794619359979
4.63880630110189 6.70019979549634 1.31130361504144
4.40208122518713 0.157745631653517 2.40670466388308
4.16714386662054 4.51445687942775 0.600385027913121
3.46449809803326 1.36501746860631 4.25078765418041
3.89567309766832 6.57437554075822 5.75960930442129
4.76281867848058 3.80640544186502 -0.0373945636356924
1.77025139341176 6.54679021380044 1.98346169375688
3.54613082919543 3.39058585572538 3.51757612664494
5.48866393078581 2.36243464947581 4.34098597315119
3.50853211768549 6.27942441750562 3.74817743830094
2.8034379964867 7.2293530537033 0.0942681987553265
3.89695045046832 3.99152316999946 6.20912561650339
2.06426419638845 6.77946243110093 5.83355777166881
2.7186027127416 3.52456267523171 0.0882623625354423
2.27039286916145 1.27764094249506 3.57424860355344
4.0070298569523 4.64348135603399 -0.17192007925625
1.34322220244855 5.05898044942453 2.81694885150555
2.16106861102633 0.0838250747526779 2.21425059488885
3.99055902290688 3.60228640271621 6.02111366199609
4.29250835191822 0.490654797944798 3.21017674070917
2.49948585845111 4.13605764324339 0.776581183620863
0.74921803504893 3.36186586166037 2.88939841624238
3.75815019672924 5.59560384384823 0.717879784587147
4.24877743342244 6.12054452380804 4.83328168005942
4.57467496269572 1.78274209986165 1.09342743731457
2.29127773887605 5.99925108791423 5.94778111653546
3.95983297539189 6.62626677943161 4.46626842684812
5.33321610700039 1.08878105920764 5.05501268170339
3.54583300822074 2.8486692206016 0.476096161593067
3.85354599388379 1.80727557419467 1.84584795523637
2.24038048830838 4.43413664780203 0.286994094567043
3.14154568717323 4.99082858519722 4.07655226098333
3.03661421148817 0.433025204847867 2.86200853719808
2.35662517338302 1.78570366137052 3.73352400725086
3.24651327253316 2.30298037872062 1.67174187934459
1.19790992264152 0.729975343030212 2.32348014581524
3.51247994268516 6.77340440491267 6.24680502963041
2.05714420711704 1.52814272840101 3.57741770649616
3.1277313453999 2.03283452451228 2.60393747826956
2.18505131870855 4.06346838745936 1.05046256323347
3.80587531146771 1.99892159390998 2.70833508693649
2.46878283178119 5.00613413371078 3.89991662864018
3.14049227759248 5.09002351963725 4.77276917439424
1.37860445082882 6.4033428086654 0.718811687093589
4.70513232359964 2.00538563586941 0.120689393398439
3.79862071818633 3.88715686745684 5.73295271332944
3.07241751388477 2.94099111049848 -0.850937040015294
2.697017528466 4.59567313825278 3.81339103424045
1.68163486283447 2.57601532082912 4.15536148386336
2.13646847159018 3.87143322102822 0.450647938767959
4.62822124223529 7.01200016548914 5.89668599636346
3.51364221795659 5.17104256660018 -0.25863131680021
2.14296783586039 6.28945401423707 6.25048729443306
3.7244614333968 0.279251131566174 3.19532443191534
3.46400734770463 3.71546663698609 4.80513791735462
3.34100002954326 2.99789597099453 0.942170113941543
5.24250813255312 6.03825963988325 4.35761020745967
4.18813045493261 0.767551798800327 3.88589576786999
1.51797848344731 0.925956518888483 2.67471257600099
2.76984164934711 6.99044253453406 -0.191874082727891
4.08064871853928 5.84958670287404 7.08593202779076
1.6785191834553 5.83355403098192 -0.123121411288828
4.05846485437704 3.55476876112789 5.6708536279934
2.15724462983867 6.04529104774237 4.86395354219382
4.03293274316176 0.753307268389786 4.2956788983036
3.3705236331038 4.83785535120341 4.13568109018214
3.72137788451127 5.33353217902626 0.319516330490797
1.86301566787557 6.81016270999325 5.19909105430402
4.24596184919225 0.41624274619775 3.58991648395592
3.10240368368002 4.15027142859305 5.43224910602811
3.21520220918228 7.28397047210411 5.45702682841461
3.63493763336378 6.76094569551848 5.63756151887087
1.67660266656245 7.2581823238385 4.27354810162495
4.97524847912471 5.53067798312239 -0.40674687398346
3.36990613106187 6.08319254272591 0.434683152798331
3.58335162286644 7.25347177372572 5.98649981763302
3.1657682463331 5.0828292463583 5.12885108153703
3.38820621077464 3.20672274602375 1.12639188974517
1.26886312843617 4.49108044591051 3.4578128625544
2.51189905139142 1.68304052497509 3.6986879762286
4.8277401063394 2.27459505084038 1.78516806224929
2.17182700659857 4.05837109303888 -0.384895184856182
1.04752953933781 3.55344567004947 3.81577708272087
3.97336546168767 0.909782233496503 4.27856809208103
2.07977298144899 4.45948844759512 1.22699449534283
2.73841304615964 3.7825226958287 0.764321900602689
2.61997989566882 2.79255735564694 1.35712071935641
5.12798861570873 1.05762588131031 4.42729477939975
3.67736354109492 0.397694587497312 2.60186381145728
4.08306449891412 4.29107731959104 1.20743387391445
1.68991938127986 5.87435943186725 0.919914346970161
3.69717363414282 3.28211074211923 4.10253092778282
0.948029600723137 5.76944751958189 4.85804135836911
4.32425091703718 2.48906319437914 1.23854264078212
1.61337558569531 6.72017499436132 0.911225186214062
2.74887456463848 5.64102665435453 5.89430081970492
2.50425052950305 1.5678205815095 4.40632500417369
2.88119119093318 0.270673284246093 3.0530759670492
3.65214245794497 3.2234763096018 2.59246342204585
4.94463961056012 0.982584032037694 3.73783505596206
3.27178950478058 1.11545474259892 3.86302335240017
2.1891510505132 3.62504883165902 1.47418310151989
2.72737093290852 6.55479718945185 -0.192316942138283
3.15800684032214 0.765553587169335 2.35914241103343
3.62855636132921 7.48226540262504 0.216149091957107
1.23414174335406 3.04861409634527 4.32584159916952
2.67775171895964 7.37328361086122 0.967293066730094
2.61008476266556 3.70235108267194 1.66079962805889
3.94201938666169 3.42709590978007 5.21195319658996
3.9709612161971 5.29583051025012 1.17611818450849
1.71915012284811 5.45613748272646 0.949571108075002
5.03037453520797 5.66980345098858 -0.410501130001709
2.98933375427982 4.90064087196452 5.29435931945006
1.94118348494823 5.62802735983501 1.25573813860086
1.20238894496584 1.89600557903912 3.03093338215512
2.9355846676383 4.93847633854151 5.64800548776886
3.66833963477573 4.07773275858419 6.00933768044661
3.94408278881097 5.61175801449121 5.61767939242988
3.35162870720041 1.65262157565437 4.68224430113542
1.61328371705466 6.55611811641187 1.23622743790416
1.54749340936825 5.00891022401966 2.27862024195865
2.58899052175052 1.27865093458789 3.81302109388401
2.83232668519473 5.23475599489202 6.65195140192331
2.91237943845172 2.5167816300143 2.46514038559832
3.4563214143078 3.15248428897238 0.745021185025821
2.5400627378859 0.349466394235341 4.21660456231688
2.92373634597644 0.398428981307326 2.24759527740558
2.78453789251824 0.025678649244929 1.82620470660867
3.05248931114659 2.54405198991207 1.95296981919316
3.48730490952461 3.22218710280813 1.04711120101139
2.22123821800927 7.25017725385053 5.50134095805251
2.45251265740003 0.0406578387297323 2.50177164825778
4.05196170820366 2.74817612249397 2.19533123632406
2.04209663075052 7.10901828225056 5.79575633356087
3.68836490224562 1.80511018797664 2.99114924430965
1.95544157028282 2.31736825810502 4.7433471078243
3.87211530694447 0.883935420417459 4.12598372241963
4.59939462285159 6.35420029918522 0.535902146754123
1.5507977977461 1.40921591393383 3.0727916121727
3.85296143769737 6.87321583304361 2.74692916387105
4.23501890682026 0.380535399807612 2.49637935327922
5.67861131562395 6.7624327591121 0.0391958640700451
2.33455124627248 4.91480765566856 1.65989803591207
3.82655871340777 6.05882234891519 7.41969210046167
2.24305635601394 3.46073213980432 1.41881604179206
2.46785486407936 3.45063611215883 0.887738656149104
2.60070963470213 1.01587021147803 3.53148956108645
3.55891584710734 1.39758243607799 4.39134276179332
1.7268846647578 0.371694376657255 2.93594460534662
4.06427471703777 4.82501532662041 0.395812253045868
2.94580635158943 3.25441425092792 0.782764558359528
2.44408960386861 2.22017552793236 4.34359483509442
2.36662649468708 4.29856143089028 0.481754155356
2.73023066772705 3.67926852288602 0.017963010182421
3.82638171671516 6.10916890662639 6.30922987759152
2.92458831146725 7.38505630026383 3.28502742210604
4.31285473913581 3.27259928992935 5.01829812664658
4.58789474944746 6.90412498538911 5.5896534389731
4.5394252493451 0.842033517111189 3.48556021604574
3.77314910600497 0.310876041583996 3.62737210701341
1.9508234885047 6.29024026410484 3.37223435926078
0.917205274854455 6.63998985520638 4.39511381799971
3.23448246161814 1.56551788416782 3.85011522716774
4.60723237658817 1.22758178613016 3.49952985521575
4.29018702202712 6.51653834398757 0.770649221658181
2.47818920845997 3.03730632648466 1.5802023090793
3.07584039841517 2.91414383176248 1.02003720997841
1.20817001702221 3.32942361419252 4.16214141934364
1.12498022239477 1.42412408848256 3.00355378394415
3.62785719498121 6.67578694885342 6.35908957689579
2.9182500417725 3.57657495047528 0.789979150241382
3.7093560809129 5.31629570804467 1.16959887660698
3.89958865850936 6.42957754876767 5.74835287342952
3.42086732982776 1.1748910397519 4.72733486249818
2.7822972421026 5.0741912830938 5.60949191647781
2.92013291061434 5.84186128474827 1.83355312888247
3.41371892497167 2.71323824264475 1.6648761317124
3.84547319917213 3.63804334423307 6.05698344192781
4.25678346490753 6.26073361137285 1.38927730002653
3.1977330959298 1.12228445299663 3.48537803537539
2.95765618071433 1.62759437456557 3.48662689806306
1.7236023036715 5.26943029231655 0.891856816943352
3.34490569800213 1.4387907900843 3.98401827519763
3.27924368205095 7.48993935648363 5.70726708058797
3.18317502909475 0.645835162326523 3.78260807823516
2.21745766142012 2.49863194134417 3.70585225371058
3.5006549384094 6.09631869357825 1.21402440113685
2.5404890189343 5.02777706311314 4.35478576590326
5.72477349597826 0.632610867022645 4.17730025542153
3.87347454696522 5.37684363005946 1.63387213587991
3.8170361404131 6.41489071330296 5.77914863737246
4.94017992047986 2.84379709728035 6.09627597365378
3.69688651909121 3.78157752207914 5.93635833591248
2.74396991752204 4.19470054963141 2.3598425535414
3.00471972941107 4.78263612389204 5.68247976404629
2.76414207703348 1.69336848908976 3.43520318164739
1.43025925852541 7.34901605522669 0.208603701672735
3.36181334993694 4.88537840975516 4.83865601465639
1.16148345589009 7.12603959965314 1.6057859845341
1.73219161688978 3.25414396449966 4.49752852091385
4.41138327589896 5.8885517601095 5.5703208340071
0.986682142332768 0.470730148667699 2.48817603960789
4.41281112730591 3.38644888330157 5.78513635815027
3.55721797920071 3.51768693379602 4.26266502011292
3.55947713765757 3.23979686486792 1.46437282183342
1.12929045006181 0.760859841640143 1.97113578963089
3.29674304645948 3.6260616022341 3.1702463562381
3.37023025690936 3.97953788716685 5.53392015793862
4.10105653157112 6.37533739335935 4.410192221673
3.56479391304216 3.63153706192988 4.72169006790095
3.08330624440913 6.38315002615364 -0.217999843703764
2.31746822706706 2.64120757642792 3.8020547599814
3.11164259548674 7.06687737882051 4.57649785007036
3.28433030155335 0.425197295060179 3.06884139194416
2.90167612066777 6.42781422540975 0.0137436029392736
1.3086244021162 1.12195993227592 3.25010987821705
3.31113454312186 2.67536570458486 0.562182244450212
3.50268067971387 5.20889614164477 0.145946928203444
3.20229885021744 1.21659699864173 3.78697691630896
0.953454390128887 2.6814886911733 3.00994019378015
3.97847173727024 6.99582038687039 -0.456903045985251
2.0697221038625 6.30605451840046 4.4273815247679
3.38451839963418 3.41800341867067 2.13295524865893
3.45059134924133 1.6460023236393 4.66741582152631
2.83407590607164 5.70382948407195 3.60389187038402
4.79886503272915 1.78891423584458 1.08682723863575
1.29575877533661 0.659175636582961 3.66337585278823
2.51404196506448 0.563166866923868 2.8537957596357
3.74548321922247 6.69709138260929 6.08288165896165
5.85889473562172 6.93511787759975 0.260482064986571
2.05765462869917 2.40788177633922 4.33670245042479
4.00347077492152 4.3217682548111 1.42760972597442
4.14864800975372 5.30407443265011 3.62004731711227
4.12002909140682 6.9249651333123 0.464324007172748
3.37410789733738 2.9685869986294 0.345255078248047
1.21421340008534 3.50572447321968 4.92382415688471
2.09298501428587 2.96720803954481 3.98262300366921
1.63729862272721 3.03643884015849 3.91188009616433
3.48340950620395 7.48373411193829 4.67583477426027
3.21073829144063 0.809954356316383 2.81950594388183
3.14774695776323 7.1438651306884 5.05953857226764
2.60897684973594 4.76760341432938 5.25323517045066
4.34868703251336 5.25845026132127 4.80287553784894
1.54461794241402 0.593839530502529 2.73281343929661
3.35917919884271 0.519617896640439 2.31173121688911
1.74668061412008 4.35023995679229 0.627492827781191
1.39626545098053 5.23632734863325 3.03708260787299
4.1992769839512 3.95822685660715 2.64375145594315
3.43601113883291 6.01550146900962 1.11151914684971
2.74621770389145 1.53547712777572 4.60262301435781
3.98530032220241 3.61769048647297 5.90210094712775
4.95770690813819 3.05868194983772 5.87019977240758
3.12910759539471 6.65850384705633 0.515507909948269
4.7118273255781 1.23424068400224 3.75079658435856
3.8879206282954 6.68568673663415 5.46226914916045
2.2653826631894 4.13343454946984 0.882587068487906
1.67739532561407 1.1974604384423 2.8189491405284
2.82479119999962 3.11434818532242 0.648657268284933
2.10837270716565 7.22423324426525 5.07060941342351
4.63152394736347 3.74710621907343 0.744915440767304
2.53188756898507 7.33778541463698 -0.0607223880486162
4.93160332368124 3.56533280616564 0.71583353897702
4.35944931414175 4.47503003482018 0.371430878714464
2.27527287462243 7.40033536539863 1.4627988497464
3.61615838846792 5.43062970350872 -0.426507430686645
2.2828608217098 7.44481459254713 1.93778454526553
1.5138330868697 5.73295373766182 0.679401439625925
4.08412268670692 7.19995418991227 0.936117719210134
4.58660800060153 6.56261714641809 -0.0697549948997779
4.94508691863385 6.72940466950351 5.90904167842186
3.63764486799997 4.11741206852654 4.95208747240285
3.18649570302671 4.84848935865452 5.33292627932318
1.50029802079043 1.0830615073645 2.76639279127641
1.21196882918093 2.84495536611733 4.14270536918946
2.80253699178283 7.09014439205903 -0.363809418385885
3.44046853193779 1.28605326950814 3.19841301483814
4.99709124324182 5.24510021964797 4.33468858965916
2.29159490197983 5.13863690004025 2.56563644401172
3.92468857902693 6.9694980766845 0.559929908594326
4.56718679671693 5.72770299633017 4.4435548161092
1.89096362870895 2.63348753199397 4.26772724893782
5.27899960149014 6.90277564230809 0.264093856901652
2.21652232374797 3.22599267781833 2.57588760930688
4.02183665417864 2.52263429958256 0.504557247669783
2.68023265249723 2.31059084915103 3.95585886406961
3.75965773407272 3.68404533748692 4.84335018218294
2.8068564399286 3.18996710284801 0.642117259657255
3.41974310563675 5.56667634193364 0.191039592131684
3.78482035606977 4.13273891856643 5.54118152542679
5.29782423362449 6.11544967149317 6.43215442195861
1.96544845306743 5.48099711025542 0.683916191676743
1.88390784817357 4.9948996487074 0.483315467276243
2.94760074875993 2.63422988139972 1.35929006624064
3.55535165749029 2.36693905692034 0.802834758878833
2.59885928126249 2.94434416280586 2.13176081075548
3.86426071513168 0.625626640505515 2.0716587975449
2.80216332391686 5.28087729020494 5.80436526550047
2.79713041900725 6.83863282437772 0.0180057081399503
2.49655276751629 4.03182895460874 -0.115296203915975
1.49186595752061 2.91964380397049 4.30251979036834
2.89534373531551 3.73001387774409 1.04034891395911
3.835216492734 4.32452351210518 3.49842877011546
1.34277990316375 5.25528956663531 1.67183116565216
3.56152426756097 1.62426498993006 4.84627018883656
2.07121940721762 7.31611825854589 6.33183418607523
2.90284357454501 1.39209330797977 3.7504410510138
3.59322721705507 1.77021052095651 3.01464315465061
2.69827833571763 0.585370088151389 2.78551913377386
2.96250563299544 2.94622351781659 0.254772230228515
2.66391929148359 3.63540247837519 0.465491311885423
2.90257689712627 1.56658784794224 4.27271797114687
3.3051829292971 4.1255150072508 5.93361868200544
6.07044093745897 3.60040837162621 3.27641841116426
4.59813365029478 1.1580922975733 3.16160231894791
2.94971930059078 7.25859643348382 2.27108493380874
4.35415383748507 3.06877996524633 4.87147278617315
1.87981232462472 2.05114129157731 3.00566068590463
2.59243425575442 1.88669318746642 4.35812326158439
4.26451671983232 3.61789219657783 5.24070955831785
3.12714697179646 5.88670292352043 0.0675622384048815
3.42845876400033 3.88850586119263 5.45748899266374
1.62385630340301 5.56057854789214 0.296471665425753
3.28349939215051 4.90609376371389 5.39221878641108
1.88604404077424 3.85093595342333 1.7372253958391
3.07026352994326 6.86132878658322 1.06085174864395
2.81263098467124 0.204924798053967 2.81115692289099
3.61901324039151 7.02162850326252 5.64757677610685
3.30327568012603 0.84066964211893 4.05165547956537
2.85747491492676 0.112654652281036 3.09173820731457
2.38486309783461 6.463418284457 5.64592791346373
3.29880200156077 5.82597634291316 -0.117277998126948
2.21072174059705 1.64045094431034 3.92561709350332
2.65748846886361 0.905280141781786 2.2199239892555
2.3602200365043 0.658913000519187 3.26925320391109
3.13250740369314 5.61620773932862 0.314742395110214
1.91877549531527 1.51435179918153 3.3806342100691
3.1462848701139 4.55095729711919 6.07796242728832
3.60801826715301 0.49951578700981 3.01752979317335
3.11146656052278 5.09045051315677 5.74987305709966
3.07185326904978 2.83972540304063 0.50127244659356
3.72815655435794 0.435907597026285 2.26777321539282
3.05581787184326 1.63025705383998 3.94246687717217
2.3238601812259 0.298739490434573 3.63158692124945
4.21495173516753 5.87546261161618 5.49785562120215
3.40519829157776 3.4265640323784 2.44722501575979
3.08396025550204 1.74158649866842 4.20445513394206
4.09452484207661 1.52048744412723 4.04298499656505
3.32710570765126 7.24103350850414 6.38036464843147
2.86993448328037 2.85837675408675 0.812707767810647
3.37434232679545 4.78584110373377 4.00792915324031
2.3896136693832 4.48679360982315 0.940156685047456
3.19790142755024 0.886181462023842 4.39600943666031
3.22047230475776 5.96684273119447 0.0914926981529386
3.89346665293595 0.265491533124401 2.60634280820608
2.02029448580999 3.78807572575937 1.93545036362934
2.61470608177462 1.75347266316514 4.32305244576222
2.61545025000516 1.39780024734072 3.39576963336858
3.69109270129931 4.6347557209791 1.973978901074
3.77593184833524 4.34876616533495 4.44913779840391
2.93003854172039 5.8145663375469 1.44442088646798
1.92076877883477 3.7456355058779 2.09771625757808
2.13643094427572 7.07541427456754 5.97947421349258
3.7472523014696 0.598899551038294 3.54908717075859
1.0621559848249 7.22640610259886 1.92723077339202
1.87161398069842 3.71157980229785 3.03113176138884
3.73605091452657 0.415724474432354 2.10052177389427
4.35932278945448 5.5830697094947 5.60292884732564
2.34283611661797 5.84506680254712 5.22570982292322
2.44680701622211 0.373222854092453 2.42672526298092
1.96156094447713 1.85145955488207 5.12437247515952
1.75827298015669 3.59496055300781 3.69067946047545
3.068752798938 5.41243259795437 3.37182028048722
2.45918585523637 3.24595770358485 1.73525928661971
2.54832130391816 1.28122355278976 3.76391387364405
4.70923228763391 2.32161957790329 0.969195201605717
4.39740727285899 1.1051453497184 5.02934748232655
2.54807279866085 0.386331135786457 2.16464914564461
4.71262729997818 1.24517598995572 3.06484868039982
3.43069195072919 3.63914265343808 4.56031760600788
4.64070782057542 4.6309896945179 2.4782096547883
3.19474372023663 3.36934398431239 0.851273448871283
1.23248926503905 4.14643348419358 3.89525138227649
3.24291113854224 3.89667547287803 4.72172210556134
0.731307773211757 7.4880580717149 3.57668285538821
4.0044973634931 1.6791451756689 2.41758561080488
3.44747230179577 1.17430616023503 3.80082864135861
2.10403864103338 6.71331411149014 5.63201030954629
1.47128138729195 5.48585577832421 1.38237999193563
3.8250723674967 4.71597963709616 -0.70151580682017
1.246515970541 6.48787934463225 1.41182652917282
2.25110299078663 0.563913034387974 3.34795501715644
1.54170453467076 1.70145535932847 3.22434608778974
3.67200935875756 3.0348717662469 0.690262221054038
2.78796944490672 1.24119031933107 4.02024623608749
4.65979788927285 4.06869498001581 -0.108306662351865
3.30621514040184 1.58869673988639 4.41910362156235
2.35343580246641 5.3187616104647 4.83613164837623
1.43782005662907 5.75915702963408 0.838508111875433
3.19513382841004 7.12557599142137 5.71649860579163
2.90427695296884 3.25561685009727 0.244814542657555
1.24067570997779 4.04289923641863 5.20840701028829
2.53173694550935 0.87681882638004 3.66634845856184
3.49955543919958 2.20270940111237 1.93817455018997
2.16671914365265 4.36373114898047 0.950810195727432
3.97703212309656 4.72107982023582 0.277527287910472
2.97725780188486 6.58578140903133 0.0691107584211251
1.85075985424055 5.57004661583953 0.117251867262099
4.01430597160595 4.62691874690074 -0.351438486701347
2.22479781112207 3.47348816568452 1.42055034761936
6.44147596836427 0.995006919129152 3.14442803515003
3.21902806919797 5.0665342072904 3.85695826707473
2.17983921477081 0.634900750953434 1.98581193750208
5.1283876715848 3.86748275437439 0.287778271421158
3.03794979290445 2.35852022371074 3.46851355674819
4.30624114182423 6.89699900652167 -0.152080304115949
3.3421510665354 4.95465346248349 3.39023040043018
2.71912081072605 4.87431011156172 5.30598700009658
4.21278260854269 4.84094602302093 0.163062186951246
2.49973075940724 7.46059696154518 -0.133265793483759
2.73546717054902 6.48647222838496 0.0275461516671367
2.8423248620915 4.77759860366326 5.72411055204577
0.586660855380674 2.36180141335271 2.91418685129287
3.42998556215734 4.03103041467273 5.70752933169453
2.98347251835812 3.11775790668312 -0.00484088063317412
2.11135029008413 2.12261151160756 5.1192065928641
1.91453163479038 1.13873948341928 3.26526095328485
3.93293700058084 0.199239740449483 2.44565092636079
3.1573849282447 6.06825663721661 0.39603953246328
2.11257815573221 1.14560908988967 3.94168068856385
4.77951019949214 2.69670382870723 5.62598712336419
1.11889630546242 2.98692099057158 3.19552298766993
3.5640315995094 2.12410857011949 1.99196289193161
3.33425502875099 1.4394229180993 4.24709250110808
2.29941976842433 6.04275467780526 5.46540267716947
2.65655176070027 7.2191836178991 0.299933863319865
2.50364199684831 4.34591837413023 1.04985156003978
3.94541154551314 0.153685556190815 3.47027514975514
1.47523290972861 1.71296172765126 3.9284838124713
2.4622145311237 4.29139449468768 0.355447260299109
4.15401872926865 5.18588624788803 1.10512398213743
4.32947554920337 3.90430865049832 2.09390255307346
3.42828232637692 7.33971337546566 5.63379346574894
3.09282362978392 5.98807909636391 0.214644746549071
3.7514663546996 0.602568835927587 3.34016134686548
1.52378039269619 0.0131265769341251 1.21008483409515
3.49618974474947 4.61362471990775 5.43152475037016
4.02648876601315 0.422967302758186 3.34789156570891
3.50437522366785 0.475318224524555 3.56314525353522
3.79538556266666 4.81325495314664 0.377182133530121
1.59910759637676 1.92521215884164 3.34509721354692
2.83641172499959 3.43011483139739 0.040362238759493
3.34879726687355 3.12580581021208 0.219041412197986
3.09503236707163 5.55604963270624 1.14249420977566
3.55013077380598 7.42169626738498 3.55082127069774
3.8412282458329 6.10004226177453 6.54189698789432
1.82272501897399 2.47446611174761 4.15494566942363
2.95015205490816 6.38831946432561 -0.462896258375091
4.49382697562851 3.49726462705344 5.87307203634977
2.20415505341559 6.17580726195613 5.94548727163266
3.54394941912142 1.65942329652547 2.78856337672217
4.83043351579735 6.46624345251498 2.73224637266223
2.58084046036313 3.65149441911466 -0.205410153635144
4.54678986094118 2.06456140513241 0.611047884465007
2.24222250855159 4.72675782344972 0.467481010070438
1.3995948864775 4.57594566121664 3.40760438279538
3.37373240741192 3.09216225601347 0.386455975675158
3.70675759851573 7.22299220740766 1.29131277725235
1.39932336760594 1.09401437142599 3.00013906674737
5.17820034061977 5.13354135207837 2.16785659040764
2.45940947356257 2.25115362109357 4.79449968389294
2.98744566295225 1.79378870823007 4.47475181978645
2.07851352167758 2.58068196999785 4.03435090629364
2.1660605162522 3.55488590331628 1.69725601685331
2.51865079250076 6.88054340290354 0.628579754778658
3.57845579063291 2.40406190729205 0.840462903971817
2.84304274898227 1.11435716429132 4.14819674325569
4.02034234237431 1.32211407088431 4.28909918089265
3.85074287077066 7.0152245834801 0.995945123995572
5.30835721412377 1.39239773251926 2.39911051853468
2.32419251338332 1.71795071920239 4.02032900689434
1.84608031490937 4.48330845667257 1.12846861114342
3.17688416210994 4.28523722163836 5.06383520414672
3.63264386159332 5.2036950285661 0.378749233840758
2.65485361304772 1.72217315782173 4.0314727151285
2.36977776455815 6.23591926558097 5.51302519259441
1.78587469718316 1.57042911785175 3.54966112957901
3.97615154595858 2.49430965973452 0.468330568955976
3.83481048046411 5.30439485291229 0.223598105401215
2.37176147312501 1.528022417761 3.51265902788772
2.8785339798053 5.84094446216685 2.29418963423554
2.43557597456601 0.881365432540195 2.22157588019069
3.18569456730663 3.51441780843495 1.95087233676473
3.76592268211371 7.06335119653449 2.21282376499104
4.16937193060765 0.885061095556066 3.57117395517685
4.04896192819866 3.88946409852686 5.94859171560188
3.37434693114181 3.03347810273194 0.0193321609047687
3.31688431237523 0.746320248848392 3.76702525273733
1.58465244730953 6.14525218829541 0.60701460064056
3.83643662101407 3.03321225377965 1.37597283924612
4.45078475751423 6.24627103236288 -0.246196219091467
2.41359282383031 1.24701848488781 3.43068940276628
2.60325166639007 4.70086504577233 3.41598285242674
3.87104464042972 0.466596781024436 2.38469754966189
3.44263794753242 1.71554347364167 3.86195121042034
2.68963700570471 6.15245511463988 3.92751389944879
4.42902292415633 5.75946624808573 5.88421940477114
3.49070032412723 3.53651123188715 4.01123519744683
3.4528208449383 1.12887227072876 4.42428090615722
3.43923688767098 1.54968347660872 4.22941774872014
3.38177626760645 1.12901127649385 3.87142782037855
2.41373809278295 4.1554923814815 -0.250522942498601
5.32204384394874 7.32845237602748 0.000395283994434647
3.76612106214441 7.21820235682645 -0.207991042394869
2.74080071245535 2.26577268696091 4.2046635121597
1.35981040796449 4.78874909010818 3.48631954375472
3.18511210062967 5.04943399555239 4.78982468170078
2.18439317718011 3.13716323003253 2.84820171437702
2.01106862676563 6.2039336104562 3.55483064167149
3.58842673935967 3.38559512142581 2.66680473001768
1.90981273384811 1.65931250218668 3.58392147006601
0.606469308439705 3.86815048046091 3.13231053159053
4.02743158988797 7.46747630186635 -0.413364437397827
4.12790946373913 3.72817126658345 5.65126834611384
3.25297462122462 4.06022489529441 5.79898128315015
2.78263854120613 5.75680636788352 4.775677145455
2.90320377128902 1.48046695676664 4.60458843722459
2.76735702690814 4.12682214349696 1.31743190863423
2.84797592837668 3.71234578650331 1.60839107905755
4.31011301916608 3.62524133025628 5.85262222095982
3.33908161413707 4.17748877579175 5.00901340741876
3.55179729876916 4.65795840598114 4.10255405538596
2.61455931545989 0.208725532111105 2.61412255695023
3.80077731884383 7.03479284942398 1.24987049576052
4.13849741146565 6.56097364569464 -0.215981329920765
3.41484150934237 2.90435602824942 0.479021951737089
3.68754103964599 0.807822082401168 3.63876421161615
3.57330293988402 5.22580728165357 -0.29039663174342
3.20307456904812 6.49556281126727 0.822932799685796
2.76051161944765 2.51038680025653 3.31477876982743
2.4501133139163 3.57490285764793 0.630475210447364
2.94359608233449 4.51340206329559 5.27307730062564
1.40985301984181 5.59108656008953 0.440265329800557
2.76803115394619 3.62515552982553 1.03841657979875
4.33747123716014 0.0502458274452513 3.5051802246096
3.34537537900907 0.875109274009587 3.33660568697169
2.79255488755 4.28659297273944 2.38564970935074
3.80714597192486 4.81807710640227 -1.02298551294975
3.0747926726291 3.62390643795357 2.20645840822905
2.42692310239593 5.26531432939147 4.60914419579469
4.56011230341206 2.47848711587144 1.10708600462224
1.38093920523285 5.85148772694795 1.23684281460761
2.88474467559063 3.01039896012512 0.445693254342793
4.06358105436395 6.45156837684023 4.51110240584433
3.70935957154288 6.90413572359589 4.54721901346405
4.29010603073318 3.99029976270563 1.78464476510907
2.96386595582704 0.288514578853051 3.3126551460321
2.92962758534315 3.93066051780735 2.49987552806778
4.52614615879646 4.93506291338326 5.66434157940639
3.78500703572421 6.95118321260842 4.24748825793197
4.1753784776398 1.92961985825816 0.614999213158142
3.28131687552803 3.88237997064647 4.21321653947567
3.76830103625188 1.52442876986807 4.16243285126932
2.86344566762846 0.306208810047258 2.9998840467279
1.76826457922298 3.90732456459825 2.83257140106883
3.45087918889859 1.37151666135065 4.45439466872294
2.04317196116101 2.91538834844976 3.56390011700463
2.57599088281941 1.94355535098432 4.25103455525334
3.11620755176986 2.9508223322774 0.323664992000425
2.67706213393134 5.77359186779857 5.34151781507113
2.92386353157726 0.268220450544389 2.96448459288609
3.55635056029544 4.28369277339077 5.47951963079545
3.78583840680004 6.28937423643746 6.36539178123965
2.55340543052591 2.67382523028099 1.92278605364353
3.61048113085118 5.53133983673526 0.884958630376432
3.98200705464543 0.105065690751175 3.30051299243001
2.06981931112367 5.38307342391537 0.981615705549102
3.27428299127822 0.958450446142692 3.35182879125784
1.5629623419857 3.21476448859128 4.33527949172529
2.63133015027925 1.43207189398019 4.25282515068813
3.54628602634031 0.313478768073765 3.88714403609921
0.251130005082616 4.25392055384154 2.8517065756194
2.58882774297384 3.93209973325521 1.25269933939577
2.87359519728924 4.31672249028492 4.20617638358279
3.24890537539251 7.19480876098263 6.13947762451981
4.86240188452448 1.55492712226077 1.4999255196106
3.38260279693923 0.203275334607024 2.39130127161309
2.03738679165326 3.06248758164661 4.48381649437023
3.21445834511032 1.18141952697983 4.80862722857272
3.51303293461981 1.16091553078624 3.6705477074112
2.86333476844181 2.72491420289375 1.90089208445644
3.34098720739706 6.61414434651767 4.20008439434732
2.34106549817065 5.7187225229814 5.98929994833321
4.76283091774668 5.3603620482273 5.04820075221515
0.64103903804137 2.50508656634126 2.97385261013063
1.87679235393109 7.12109034041288 5.94979842072607
4.39534910738969 1.99702370568797 0.92299708517256
2.93986588237073 3.55450402737728 1.17664398440215
3.92445185327064 1.49256197675885 4.76325312301041
2.53324678496071 4.35585554308942 1.4085947714296
2.9698642053914 6.45508471814859 0.430411513558382
3.24403456078542 4.07903410143783 4.81287168975316
3.50390262501622 1.04684624355902 3.65673320103464
3.01600264902625 2.60316333476425 1.76643226049862
1.49566931299344 4.32799231600853 3.0818621944188
4.8650959301028 6.33160911292192 0.119237496912234
2.87568412810415 6.94738477462806 0.0665791381541845
2.13225683357049 6.69419026506528 5.61104352473892
3.06888775272193 6.11566843734988 -0.0126979438557796
4.46210860877079 1.84725311962097 0.100536085245103
0.802937350235153 1.48132875137365 3.26562011829461
2.77324170004813 1.19455986788528 4.32473168055456
3.59404137280234 4.74548193513371 1.24289255778945
4.68743267243412 4.26999613665135 -0.233638879951035
3.07693387891543 0.0260234106938722 2.23705266500377
3.96004234922132 7.28617736886215 -0.412655821475984
3.34655573229876 5.67631621367639 -0.34810544380711
3.71330206660603 2.92901169967709 1.28580215300232
4.03868207607068 1.87100692191869 2.0328266795276
4.45529769416243 3.11150617596151 5.05080935709842
3.34990638293572 6.56255389179957 4.83649170756166
4.30414767704472 5.54591231579748 6.14832975314918
2.29557981022917 5.51001462207988 4.98404912267939
3.51223463877186 5.43735445935115 -0.128055861150911
3.29967804353944 1.24444924782609 3.7624550294033
3.70484081427823 5.19081211347534 0.276271089256736
4.03519190399494 3.47317884683086 6.07419002632071
0.487900741008278 4.72903975666615 2.65688867968633
3.51224900747494 7.0067408500266 6.06496499017701
2.37198926427214 1.6786649838135 3.66445134465849
3.55946309346157 4.07850809475168 4.59071642237124
3.30572840572466 5.48673316019326 0.211075265524096
2.67262599061467 4.66181777304075 3.4424428985846
3.88820239804554 5.10445488682882 0.00484278342008158
3.37849849024687 4.1295451165412 5.45023479100043
2.73079766769536 3.42345920774705 0.811242859879374
3.86220706899039 4.69566719650463 -0.00722820728079729
2.98599706762155 2.86134416833304 0.174199599309355
2.43592669236261 3.79705691917423 0.682206878407312
3.87603787053113 2.26965781279467 1.51353830880273
2.46928094761338 6.0106817129452 5.69242612884023
3.463446993585 0.282286153661595 2.96134406526388
2.98630740418782 0.454142473767641 2.57343916609962
3.74900015424137 4.47108683663595 2.89952612548372
3.10752270361533 6.09402057473307 -0.168079911407425
3.8609875858265 0.974948724402757 4.55228269087771
0.740799462294349 0.374950425381741 2.66443120752407
2.74946858040431 1.07717984650805 4.04586108249004
2.71420254554348 4.76785595884724 4.68543285910067
3.25786838099638 1.36385055820629 4.48357883655325
3.3874320502314 6.11235497577126 0.329198595855652
3.52381309290522 6.65666927761877 5.5260933976964
3.74431946868213 2.93063101162139 1.80240724711381
4.41366484584252 7.37887618964874 6.46104042367853
5.21298661208412 1.65703017939658 -0.190765150087148
3.26774289413134 7.26183646108055 5.81089423315529
3.05484880149029 5.85662279677687 0.788389180978401
2.05490284929401 2.6203339714271 4.21035062558831
2.76824712984078 7.17995179559565 0.103072473934925
3.48720669046456 6.61397596833744 5.30047171598246
3.00165495662693 2.96215671013767 0.870846015541586
3.50834453774241 5.02781733681928 0.175300542541321
3.41336534074602 3.23174981000429 1.47068960447612
3.99330650125632 6.01332448832581 6.01774909987868
2.98484324120518 0.597348216348776 3.29773324336009
3.29630186184394 3.60772418992911 2.84810258531597
3.91133253896729 4.09753042469771 5.33980301169285
3.60555990165123 5.26858793266376 1.26192537202626
4.84816451288941 4.60836617201148 5.45002403447016
4.20497895571504 2.96044729996898 3.34082202452371
3.59300415131664 1.07133646267433 4.887764904029
2.48807052286664 6.10094954305654 5.3401208171694
3.08300870900586 2.00374463119811 4.26911706199781
2.77214578138362 4.41433379029426 3.20392164099272
2.48724350604242 5.59556667299747 5.27026636865462
1.70575608778419 6.14458816611072 1.13784053385655
1.10986532232605 5.77275693142178 3.66371188320367
3.7523039306602 0.755554490755303 3.84038486272098
4.02633905702862 4.47813530657356 0.241344583629902
3.65639771663462 3.44416067924045 4.5799423616354
3.73988692281492 1.20590635443842 4.27213400802994
2.41027347223773 6.78134857537103 5.06565806186796
3.42692011614504 1.81994593414057 3.75248642436748
3.35241526835761 2.26733475726714 2.79406833913258
3.82440448769645 5.37493173766611 -0.59723217043658
2.14892510206489 3.57336285634514 1.90885964942195
2.82875164458003 6.62799390971136 0.416088062152014
3.39250243012502 4.66084536040109 5.16663054915708
3.13455220106131 3.51596560247405 0.903104445478655
5.40648164506386 5.60463291278739 0.319531904248806
3.53902178473736 0.398524860256731 3.59462739607877
1.33728709604649 1.38599502587354 2.70983493875194
2.35879791941824 4.9507147795814 2.08189643993201
4.66796912674967 7.11065074434944 5.45282403384064
3.53145314009979 3.71934411602634 5.87912324441704
1.97273289544769 5.34378818660025 1.26178460826598
1.18763150666323 5.73200078857582 3.67206771508434
3.30702103088843 2.49925247919384 1.19537846297878
2.19271849157591 5.24166210078819 0.889110387261941
3.31131163590591 5.77428485429068 0.0928712098293829
2.1080045943548 3.55421582940013 1.52465089090617
2.57256403769326 4.29047860222907 1.3396609341285
2.65666015502793 6.57042283447558 0.953974230578906
2.9673524799307 3.74432250370244 1.09790691989533
4.75818847195232 4.409416331599 0.08405502242422
4.77942243856645 2.05612524921392 -0.037931790501984
0.432021298357049 3.74146859453966 2.85720365167348
3.83042704666265 7.40633148594355 0.898742478575441
3.89256577464839 5.16850646199648 -0.264460615443137
5.19507170107512 1.35567190353328 1.99891193526135
2.09282859224863 3.58814756191473 1.56397464931981
1.78708873295661 5.3962029490442 1.05484194504771
4.08841985309817 4.58289793445456 -0.26705822703702
3.925170324628 0.65004134723516 3.25046047873399
4.54750665028809 1.85276146845627 1.16007657671321
2.78068439603615 7.14715837787752 0.145103385403672
3.97792146462535 5.81667180101773 5.96999189940941
3.54375725169051 0.260560966747215 3.14070390590587
4.91171144609508 5.22713012128165 4.88245229200457
2.23757303869492 1.20068864629292 3.43622792531726
2.19591023778712 6.38899571067367 5.13525039457051
2.70568809605467 7.09521566660347 -0.694978833711072
4.31700639361182 5.1448483733376 5.24443210425761
4.85211446652012 3.91267332067049 -0.164579373489935
1.71605315696465 1.71625777036578 3.12817201273481
2.81883751774468 5.16053020261362 6.09739275907428
2.93029096081645 2.22024833398882 3.48875721524755
3.5328023661767 1.94419442262881 2.44265458243345
3.64223331234337 6.74325028670342 6.18463168492971
2.77975607517305 0.540838621546986 2.36639396048136
4.00990496600938 7.33770478506225 -0.471047234728058
4.84114884107179 2.60295366949272 5.01535386835453
2.21227089205703 0.809230892993238 3.17982612591638
4.88555893044162 2.75324706362068 4.6137303422116
2.79705362752401 2.31756865647273 2.63703265648572
3.53195120015995 5.07207198806403 0.774361243049405
1.75670561303597 6.98829638890769 4.38071105896824
3.33951165026984 3.16119531980978 0.647044515383922
3.2669952589789 1.03884375596255 3.67886865660645
1.93627862270393 2.86923576762266 3.21417682881225
4.09034416118041 4.51651806561711 0.066614544618935
2.3781601011239 7.36970213183565 1.22501099920389
3.52395092165453 1.05049936757885 3.74691682330836
2.33270794454716 7.24110122320193 1.82677233164637
2.96270994717562 0.186242810073971 3.07906330205898
2.0937926433008 0.178694588899907 2.72884939899204
1.89572974063524 1.92556742012454 4.07174924992982
3.02992961904636 0.782859401027725 3.08066779424382
3.48864230433571 0.0364727692134812 2.10544758469162
4.21806776384402 6.29583415793659 2.31960729774215
3.05152262366422 0.891907596631735 3.31475539114761
3.61632287524844 0.207012077545424 2.62324547083393
5.04544605803538 4.14632684386705 0.248667663168063
2.05410073097163 5.31726074128714 0.650059572180684
3.66399534855828 6.67311268681989 5.92509677527157
2.49125129821746 0.819793082194444 4.01372539602995
1.70735102032787 1.50384460436696 3.33069837766236
3.49056276138202 5.2923849197343 1.09424897246681
2.02779479572657 5.85279941945622 2.81143176864995
3.21944407540928 1.45889591111061 4.33914424367857
3.62910881299646 2.89459309228193 0.81275998266383
2.69014370691508 0.567475882954301 3.29438460309214
3.0576248833877 4.35282687569047 4.65005703527398
2.74078199624978 4.99675677726204 4.80247139392019
2.11119882073933 0.515347479599148 2.40117639538277
1.95730639433939 6.31962098656017 4.18997988815414
2.9891445602968 2.58710134114836 2.14585398348524
3.3784316827671 2.32610156660532 2.24285511123797
3.72868171922294 3.68776133810887 4.56022888668623
3.32987403155713 5.15167350899758 1.40242255902732
4.09465188176946 5.65173797340297 6.26976842456583
2.13737965241532 0.420530310769998 2.1453890094562
3.84029298244881 0.136376511947553 2.92822919879821
4.30534838969069 2.31153396067279 0.784850156627709
3.19534524218824 2.32733949942761 1.97731464781592
5.48998183609101 2.44699632298605 5.84143906732737
3.84368543450174 0.759998287298956 3.0012480515835
3.10873614106058 2.92323710097597 0.129555998415192
3.05738840466431 1.89287350009027 4.6696825480199
2.22703737141581 1.69939184510724 3.53089030511852
3.47426813229419 7.49982640963722 4.31534613327306
3.34056707127401 3.24443897521102 0.98594745343479
3.36062203720163 0.055406510342606 2.3648947205627
2.92283347959486 2.22397606644035 2.65706942212949
2.30810299074814 4.79703910615566 1.29001187913909
2.16251697037687 1.75348681091383 4.07165911324073
2.94792600590412 5.61579387791233 3.61780524471767
3.12077417423074 0.23526177662897 2.66042826066012
2.63066602192573 6.06490384163703 4.96523289268681
3.49187988005695 7.47442117837266 5.20165152938732
2.55039272445593 6.15082239563869 5.08464167402037
3.80505268194947 7.42612672150936 -0.764844364319261
0.570776839519752 4.10875911643849 3.73632077078943
4.26251819171509 2.49226682270063 0.370986198764476
2.18944488087918 1.71362280849867 4.26024973006469
3.29017196345188 6.28183661898733 0.99048786783072
3.64881498930006 5.36254663259994 0.492365123509656
2.32944428735693 5.59050462281989 4.24150104662155
4.00574890730014 6.4266437179331 5.33319485103566
4.03038945652372 0.93672152152499 4.12944699865738
4.67925213906497 2.77743554531407 5.95975258248883
2.13385961961222 3.85603305819961 1.38651970925549
2.96789751154818 7.25942148890577 2.41437066638027
4.88704976082594 4.0027798848803 0.161660718885717
2.49448378936301 2.83991029821158 1.89700787112937
1.67958346700696 0.746110970822094 3.12546159766379
1.01090883387873 0.143637369848831 2.74792157881761
2.60938324091763 5.4815536823953 5.51554072398154
2.85914337130548 2.31231746882994 3.14110019439432
3.13127819352262 1.66824130010224 3.91602476632431
4.16106577388621 5.9216354575823 5.79948605459695
2.47477544733917 1.55790894625507 4.87563455494606
1.39571696295892 4.43727547196977 3.30685692790153
3.19329199921001 6.69828110057348 2.11518170507486
2.90966599279633 4.58737893409451 5.54714570174421
3.8129337479125 3.7600865231767 5.92403617168038
3.13556983858905 3.1842033219211 0.901683844719878
2.95850873948019 2.24018796481513 3.5765579858918
3.30352295221838 3.42906891421416 1.78870262259172
2.50149087289952 3.76498733975258 0.645456943663739
2.57566754164182 2.60967600653284 2.18406304468343
2.73817643362301 5.36391589714041 5.59679361452032
4.63856983821829 7.2056909630043 6.00959807886403
1.19381637082265 4.48799963965341 3.577969292869
4.07077852045228 7.21837452965648 -0.0531818030360856
1.50114665803829 4.89028497618168 1.62931323221778
1.40215379684732 4.09069784346937 4.48197582945156
4.65114371147353 1.79814206546125 0.687682665474045
2.69097926878539 6.55985044830485 0.464716170945702
3.67553489633333 4.67643821396601 1.68834271577816
4.18049322479431 6.03692457666718 5.42054141642421
2.60049784537261 3.04489308333082 0.60335225577653
3.60484044884718 4.52035031720449 4.34608185490755
3.70891521698547 2.95064788633242 0.928044509206844
3.21256256552003 7.25756724456794 6.60308759135348
4.1202204235095 1.75353623754117 1.94107667997485
2.73805674828512 5.44271127965527 4.88659184178683
2.3985380139385 3.46292135243816 0.361890572667911
3.2383497872521 1.28029667792234 3.97673556958572
1.20820540463213 7.11326814462198 0.0791455322873044
2.86866126968483 1.95173016553025 4.12356453604694
4.10419044028404 5.74962327191052 6.19679602444851
3.30101052930266 2.7148669862763 0.801105206644859
3.61486803819881 1.84635612587843 3.11684959071153
3.11213649572879 0.945537353841087 3.64573062219364
2.11934621752313 5.24528439968018 1.61354831106876
3.06105047798958 2.13829294422828 3.9426128271048
1.60238593842379 4.55286769375084 2.18326902906636
3.796790397011 1.12830343492741 3.48315710259778
3.1547369147924 5.75325168284221 0.159665042221085
4.49294929323298 6.56050488638404 0.74067890267041
3.16509456665034 2.78957467757698 1.38982102098594
2.66758495619084 1.26752326019923 3.94783303712349
2.32511135528661 1.34396826115956 3.71331483190673
2.1146596141203 1.05601353971105 3.52367987972451
4.10893440776761 6.07609917215011 6.14315603987857
2.14766151820565 7.19467666347362 5.91210440256112
3.60607507308018 0.588376107036925 3.26747917703086
4.84700014653476 1.99238143753804 0.586297725630704
2.44700783877208 2.87628228508715 2.27834879279146
3.27282151367822 1.12158357931701 3.73844685446312
3.88698804527562 3.77839928537071 4.76269638756642
4.66861313228689 3.71651435089445 0.523528145127877
2.76746465149886 1.42166323800468 3.87372225872963
4.19917929142856 1.39785666363351 4.34450479305496
4.01684337092496 4.2274072899239 2.06888550155135
1.69526521046904 6.88821646973278 2.12192705590426
3.24019291947232 4.976764566318 4.85282432107146
2.68133493530424 6.30185099049681 2.87881540007389
3.41142022199346 3.28107576345599 0.853227526331587
1.60804840515927 0.222945685003213 2.92045197412665
2.88668281837798 3.07221306719726 0.644233999900834
3.02833454979354 6.20634627719033 0.0115463712992496
4.36177765679159 3.70258952451275 5.12716416586088
4.09557577212719 0.446988163944841 3.51493746018289
3.99144596069935 4.8793255545821 -0.100062158899148
3.24991333410885 3.21570098972604 0.744248298564223
2.95825067299476 6.69440121337919 0.0376876575152496
3.5767427242969 6.78397948879683 5.65469474220908
3.40974089684791 0.273925284121474 3.43247300047891
1.79936076169949 4.12476721266065 1.66354300947267
2.46896080302213 0.0821967368149599 3.53522643198807
3.52392247785964 7.23354685630911 5.74842272946645
3.89791316313143 2.4652164441094 0.738846974354342
2.97863836364854 5.07710386237976 5.49293927570857
1.87221912184951 5.43521493007743 -0.0921155249675222
2.14573669920755 4.84020288337912 0.910444392728315
1.44299143640519 0.877109011528465 1.49276910355727
3.24515175444988 7.21039899878351 5.63268377454405
3.14120116379177 1.89260867235216 3.45783420957086
2.14865915069496 0.395577219561508 2.96138055481053
2.56505350742291 4.17796593584843 0.375165348886963
2.22032820751603 5.40028152824353 2.75193953333791
1.98004620551886 4.6336469385544 0.221148572514697
3.48680110608254 5.43829872337872 -0.334904914651176
2.87977668468501 5.48598739781667 5.20494895827222
2.6824959278459 6.15737842343819 2.01601982716465
1.16108092058292 5.21158618396238 4.0091706682844
3.33194650204742 6.48642674950817 3.03025500796759
2.42610001522879 2.27612688822678 3.98377207261573
4.49304033608863 6.46496400543445 0.749948716449206
3.53654489979091 1.75505974947983 3.16021666028147
2.70336276741062 6.56537109213433 0.625001874485354
3.04473492404695 3.81635931991535 1.74987321624984
3.35968124895575 1.50006309972203 3.36642176310235
3.54748280496616 5.13800987994475 -0.219997923447256
3.3740318446011 4.48805996695313 5.79302333496634
4.40729631071212 6.94151300254081 0.0996599576724623
2.9638331354564 2.52989290459173 2.13689338560257
1.30853907688081 6.42629228014512 0.230524901379745
3.14372468916762 1.04810395900831 3.21229047988632
3.95747355040958 3.1635294568331 3.68364867276744
2.86110458003219 4.27443756435683 3.57596861930636
3.47196105713199 6.59680247597137 5.77503440639729
3.70872275663904 3.67264402769665 4.94573816246754
2.8183767961746 0.0149664153979385 3.21838001959589
3.33409345185967 0.974836513186487 3.43619301848063
1.85049617331067 2.57072316068738 4.9091626298109
3.0186432594407 6.10200697261258 -0.306626587923041
4.7843992275855 3.91260155724824 0.590198667988168
3.95288614743882 5.6466451871313 5.74982203750702
1.9398167267665 5.84610559664783 1.4192027718446
2.96531433128852 4.96331839565403 6.06895601024206
4.84253020765902 1.79558106058542 0.559218326866817
2.97411552318252 0.39567624367706 2.36100299191906
3.09412663162456 1.1932614433931 4.61716845058678
4.57931932317857 1.73211056557056 2.53556495136304
1.71995949416287 6.91504271078153 2.69417332454447
2.69825127809347 7.11649424891915 0.471685194137527
2.06921541403337 5.5813656076753 2.35279866294147
3.09652984493642 7.14162449495927 5.20046074269023
2.7533308151522 1.47452727257879 3.79731635300061
3.86951233614594 0.575434103914746 1.83608204831442
1.82331336934241 2.33168803115516 4.27910447705393
2.97994726980312 7.23834140534618 3.00336420893646
1.92861267093735 3.93987011293003 1.12882385841796
3.14833740935586 2.86510692843101 0.106106877794433
2.26329854796862 1.75129843094111 4.58690163936636
3.96152471515276 6.12114233673438 5.45335268556921
4.29670769243156 2.70934088607048 2.34079765642156
1.23668514455308 6.91659651039117 0.691446688087904
1.68339620535473 0.81998885975123 2.69752929798125
2.59710061018619 1.96701836997982 5.29383197012162
4.61453971169471 4.47397933366537 0.384226742542799
1.47134782041352 6.62138611028803 -0.0660863003037939
3.37508879346242 4.81310514378514 4.05154240699271
1.56092444874657 6.85038101370222 1.8170265900438
3.42012846255984 3.08776968400291 1.88149833793698
3.36823846745131 1.3746897913879 4.86259005196002
2.1793267327844 5.70530756999547 3.75531787808567
1.72876335161708 3.13271723855384 3.69797655366373
4.09843728616627 7.36416187248745 0.168137744083089
3.26927171808263 6.52075304742251 1.43553837602958
2.32066607207198 3.15940717654772 2.1828831123915
3.13018571631824 6.63194454626066 0.46514584751963
1.99193806441985 1.41456321937747 3.35135354707204
4.20140803208371 7.27615857369312 0.633562136742623
2.35069687374672 1.51708349683396 3.33789328349409
1.94952074671589 4.80418799539671 0.22705942661383
2.65837154147327 7.22108350840956 -0.684206184858531
3.16928466183117 4.36348033531186 5.97840047987712
2.63649134564774 0.708064042108411 3.20828989272902
2.89823774459351 2.33876991384525 2.70485011470688
3.45069366383384 5.07534009965416 1.23133639253386
1.71123117251653 7.09875589695034 3.82365891255844
2.53915837418286 6.3197634955575 4.3270515283234
2.0592471686735 5.55325522559098 1.23650997679512
3.70075538029042 4.18736294848091 5.35830261638316
2.36923001670523 6.52029197517292 5.00485182097349
2.52859428863667 0.496078427034894 3.73512095188849
4.47675596442726 0.144287662179202 3.08531196484664
3.13704370981314 2.05955613324707 3.1298615217994
2.18672476173488 1.94661785571651 4.4393775329398
2.83653677000373 2.64704453618231 3.32680080813576
4.05786227403556 7.27860794239734 0.513482294587943
3.18553012666881 0.406689026871831 2.28812195012805
2.75697055650599 2.25359047492359 3.13439905704139
2.72217170040753 5.06256808526527 5.76183070841105
3.89273039147347 6.29303551507349 5.94622388056754
2.88823884029339 0.278271265090038 2.50633625274853
3.17307839089156 7.4951272194046 6.64180659241534
2.67988515973579 7.08626380530882 0.214219570531891
3.7580554010919 4.04534948153491 5.82559335060079
3.98641232885754 6.19000479769641 6.10726602946152
3.09865984874228 1.63742626639993 3.36319532829574
2.68792407946385 4.25635458503683 1.44412149561186
2.66839789802222 3.07638782089698 1.58657419985751
2.88634343034332 0.0667772509681486 2.30667533352039
2.77067815197668 4.93861448049597 5.28375861709052
2.40987310635756 1.9359816590863 3.93961819490954
4.02939248705376 4.05365186975496 3.33437293805436
4.29399635053472 1.21342359877039 4.0977457195285
3.33311373947995 1.18376818032049 4.22564139445718
2.14451941454799 6.03908686615794 4.35619003992008
4.07670615855778 3.12412823050811 5.22136327987336
2.2639796060921 3.34843095577814 1.48148634139952
3.55115531917954 4.16797369539492 5.91576125801872
3.91872766989849 7.0093463971882 -0.458915511348721
2.91670912795762 6.85817608649576 -0.0373071223212266
1.67329292878336 1.09503070814793 2.98739113291028
4.10701785062047 2.6394839588577 0.510889231924676
2.91132245582652 3.83017684111823 1.61663118625012
2.2263169985704 5.15815021977071 2.14673839930134
2.17598918241612 6.09881552347661 4.83428392454744
3.07698483454738 3.36157285863606 0.452327292559361
3.17532943938288 3.19723405379997 0.72827125838072
3.30613821230937 4.43753881766308 5.55488065413589
1.70395980530182 4.90706200026484 1.07149588771618
2.89163854277436 1.55161421434053 3.66627843319886
2.24970975466926 5.75024206750452 6.17117111868422
2.08015883132168 0.170907468137139 2.5622846619841
1.93020273714071 0.975786199909915 1.62423684188246
2.16860776483785 1.78085714594409 3.60646149144518
2.86201876599197 3.63499775896416 -0.110651674529913
2.10625571941715 4.53188476600067 1.32927871399989
2.70024486178164 3.44189808848248 0.160923451949437
4.64400262216913 2.9877889656553 6.04242437627704
2.63449346404643 7.06225513532019 -0.506946710339053
2.57912268919905 6.69211664627576 1.11424458065529
3.53955325821792 5.85425647181148 0.983785469596926
3.36350582729449 4.73655299338552 4.66957234849599
2.95506245937966 6.37003485128368 0.0338205461354464
3.28382114211638 2.54918418846736 0.722595464469597
3.89421379039106 0.330696946274036 2.82063894349429
2.74723936178303 4.63288755021136 5.10997080159904
3.05220122816357 6.43062519445606 0.454299540337824
2.37857746708844 0.551174389356405 2.2963011288512
2.68278972682571 1.77067860465098 4.45489877872784
2.76613229097034 0.359691746911983 2.4847660867071
1.47385594895149 0.834058616018996 2.49761940514216
3.67038378861957 2.86225396716577 1.60459526844877
4.67864994083845 6.66729048649785 1.81202257896955
3.56068204519608 2.1809611746641 1.29678360927881
3.10970881613354 4.92413007635501 5.19333970076026
4.41159523750271 4.47007535433421 -0.741321287213199
1.93341203929024 2.69519696588274 5.16961767017224
2.68704290786719 1.19868266819215 3.57794626465563
1.59922338571763 1.46029938204356 4.01942187407773
2.22534298485119 4.60802809832148 1.12276383931908
1.32853644608724 2.34749208895966 3.56416919434528
3.224771615935 4.49910372536599 5.66837334838632
1.90089051563965 6.3697522539285 3.48904036285118
2.82358142234152 1.10447928356543 2.88211636520464
4.6041086077695 2.68612365987788 4.6041789427007
3.8824877851832 0.779678322267164 4.77054179061158
2.32395313669103 3.57772667215944 1.49039231493641
2.31987140841692 4.22916215267267 0.564346327573171
3.57172269759589 5.05904692825397 0.00822594963852102
1.77415971039826 0.803385644623124 2.48355126052874
5.22463502030003 3.4778755688791 0.61251892549142
3.45663960220122 1.23991774354163 3.39133215718738
1.62519192831481 3.21079297965023 4.78150778286901
3.29955421012825 1.70720376996377 4.19808776454319
2.82221454201258 2.23015661157333 2.80287693039103
3.81464144760235 2.88398284868005 0.593772764130908
2.19417637066787 0.773858973057745 3.5342818784141
3.44311425097616 4.93816813907855 2.19795583785558
2.94893530182139 0.826729125555037 4.01216830114016
2.54998755791439 3.78556141278206 0.764613751372921
2.48012626941221 5.33394415393866 6.19755962861575
2.70652036791711 7.06714650911526 0.452532930043705
2.57864624294574 1.87488807110697 4.39173062720416
4.75416928177749 6.08182968727701 0.740464014113642
4.92464055909153 7.47126622808661 0.174514039661448
1.26447254439133 6.78481925697325 0.203149347246195
3.92062402888901 4.06210555388134 4.81490395182724
1.77161173069345 6.15279860070002 1.1296165132326
4.06688367552364 4.94502581613009 -0.544825013117344
3.94141140096832 2.68047004801948 0.704015907491208
2.25357927793944 0.612016102332062 2.57701378954297
3.15070790660337 0.644639078730727 3.49824052432573
2.26864279486454 6.8394594721377 5.7900624230408
3.81528835602749 3.97866267259696 6.11542030139758
4.07373469134371 2.44968311697687 0.328041296698278
1.71423578554299 5.34046011939401 0.43470735635798
2.54827186777404 7.16629534960078 0.461824191527008
4.52491287677266 0.463787562473735 3.56027836243757
1.90569777942885 4.05460978572088 0.750648781358643
3.15380627702756 1.89271520589104 4.03915868874143
1.78949899203451 0.0024489082073913 2.36870167676198
2.85030136857178 6.85443564317141 -0.61402082480567
2.62177156080482 1.20157639674806 3.74471198262811
1.54602250718149 2.42765653555087 3.50650866247821
3.42008128687208 5.40824722061765 0.390670101481545
1.99059489078102 6.98156699084361 5.46984096097221
3.43046168247917 5.74536739292762 -0.479593353987598
1.60426967850363 1.46468685278327 3.24348298677789
1.40501673135949 4.3927876972584 2.74419348283501
2.64715689690677 2.43562433755375 3.74512271275518
3.25900671238318 3.23139709550591 0.792543872796436
3.07836717006987 4.79138518980637 5.56238445208071
2.94526231175648 0.95082813438194 3.50804733426973
4.8245241120193 5.20816183630692 6.78584463514196
3.31916345569667 6.49738461728555 1.69955946507283
0.653650956377801 6.85114965583091 4.09457384355913
5.27493857323224 3.69146583024386 -0.0422113760482087
3.22001045822848 0.720234439999051 2.83537985697016
3.77240377725737 2.6144737397055 0.65532037969233
3.27945604831575 5.15982794979519 2.63164127294968
3.62743129167191 5.97010168946755 3.42704790340782
2.22701204666987 6.91155306036354 6.01256751408747
2.08178424305834 3.60793418528766 1.57980047673476
3.9492090460837 5.1955257590617 -0.301051288960118
2.56404227588417 1.3242012635022 3.93411119745649
3.78262114245825 6.03331870274702 5.7084539813577
4.74293838217953 3.25879688065326 5.51102121594249
3.7072700880418 7.40036256549511 0.712271488800865
3.39203605457531 2.82493006698879 0.650363197346373
3.25194061600401 3.90300190584464 4.47348117944299
4.01369392463286 4.58305750641866 -0.423556039886268
3.8782209367454 0.662863616767888 3.25964768520185
2.89936787647719 5.98950511012112 1.14208560358659
2.91355320483206 0.0702231625909659 2.02756140837844
3.62267115977701 3.04581159443978 0.912946028450061
2.6234637221915 7.11422307551294 0.225492572223383
1.94987584860263 4.18384805099779 1.27376197084848
4.47944706686146 4.23112432875299 -0.0363148012538059
2.12524942934295 2.01494884614008 4.28638750797688
2.83266897367702 1.11442332807651 4.23404116351012
3.16436547541023 5.91044211027691 0.609116015951004
2.96868267071131 6.52308817251675 -0.462895801238904
3.57879115256076 5.37771875219355 0.253899050080547
0.852188356465617 6.35330513204944 4.1492943740094
3.98687879139846 5.15822551735931 0.611743985012918
3.36821735337675 2.48571251091644 0.370936905495656
3.31826387986186 1.53314588579286 5.12238782529449
3.39162278424304 0.328745035361566 3.26799837631542
4.35348263479878 0.417989773506359 3.2345316043082
1.67110200233101 1.50232898162274 2.67838319459286
2.29671163046393 5.12774518158809 2.58462949874516
2.34667193204443 6.6374659955555 6.01847978163689
2.75549537482395 1.80442255498198 4.13948002045448
2.21363302022635 5.81592874236754 4.85571036553531
3.066731910482 7.38220848943045 5.18221379408424
3.2398923934486 1.75977966391327 4.34768567365299
4.07268146878293 3.56785008813335 5.73723664691133
2.30681908021972 2.55195867897269 4.43972982477023
3.52380697987912 5.64109551182437 -0.136933426532664
3.54671675205794 4.81936452927268 1.27220339874686
4.0646358536768 0.420097580088258 3.31476872997775
2.25522040014997 4.87437464989969 0.737110779113402
3.07863636923229 0.549969310293684 3.91976059081927
2.5714613785777 1.39384730325178 2.91774820893507
2.72401085069421 0.23587620011745 3.08089297552265
1.25340132593823 2.70529932986399 4.10763660523628
5.05928078138617 3.16724517425618 4.9737300886773
2.87629112249312 3.98623443895379 1.60181408359574
0.564801355381392 2.91852537445294 2.5026532885329
1.80461554154081 6.88773154521469 3.81386928576521
2.75975417089578 1.50745205265754 4.76883026992521
3.18713547717967 4.05914294221945 4.77176652290455
3.74341530011972 7.48188395174528 -0.284492651636348
2.4892363550486 5.83996798997924 5.15062791025667
2.76618788554267 1.45100116649118 4.26900946228922
2.75998175649279 3.08573453371554 0.635104088694861
3.85823629182087 4.55044829609406 1.37983858682562
2.955856658781 0.841556748812749 2.66832380457979
2.71285632780614 4.31494623544233 2.21813864071478
3.76847743761894 5.4484527673853 0.0270402901205486
2.33761466086747 1.50876794316432 4.03572643663962
1.24691322142797 3.86857316496722 4.82171438508227
1.79902056583595 7.31801128436774 4.82253525240926
1.25066287399128 3.27976252102242 4.47119422870597
3.15737833523903 7.29340021612555 6.26326006465138
3.94057071607015 0.000127783399246795 3.55597646035306
4.31103263567544 4.81213238169407 0.10230890463472
3.90200874896253 5.31471337979696 1.02438786823171
1.52583146775228 6.65886438372879 0.229670891054043
4.60032598031668 5.20743936415032 6.41114164530283
2.05580215797626 4.41193393861877 0.930178639001554
3.47760695194108 2.40671159808777 1.70253442448559
2.12598509465367 4.03892480540858 1.12062001874712
3.75048306813736 6.39720227620842 5.20295787771073
1.87595612099696 5.40607896699339 -0.417178858764586
2.17534596274801 1.88193786861366 4.3171320236088
3.21885406853788 3.32280204673395 0.613776766466565
2.33091555619171 2.2767526237031 4.46741185268406
2.03048569516305 2.19026103030553 4.46604551030619
3.58178181975193 1.72399403960018 3.70224466041563
3.54617629876335 1.36726462622012 4.77934723883632
2.68047826728158 5.59528684268063 6.13087921798022
1.03488860374787 4.06816379936626 3.94320672236967
2.43235173034308 7.19376762252275 0.495837624007882
2.44715562292989 5.14348983589377 4.26903694235328
1.71679814977895 2.49692373245463 4.30370988695047
2.27883557302883 7.40587201057491 1.46936177850423
0.92275693946121 2.968708068627 3.20685193355986
2.35589903187089 5.34841500391669 3.61296598051563
3.09598246481267 2.28201562289223 1.95318056576111
4.41268195394672 4.80419563923902 1.84532675694372
2.56482729717297 0.822582652301939 2.4851991850651
2.35490824456157 3.62061308652429 1.22642050406802
3.98764049837143 3.65912215127858 5.61290298384649
2.84981872348238 4.85646698714054 5.39961063835823
2.67566104458848 4.48596227251549 3.3296271514517
3.07672312250031 0.383201935571358 2.55137142375111
2.93639828730194 5.0024076998599 5.84009813505521
3.09915011900817 3.56123984462024 0.706027855892344
2.60434960478123 3.33350989275008 0.806452412569898
4.03923101705048 0.143348563203057 1.84853609577826
1.87060345883747 2.95971901521131 4.20535898625209
2.37577803453673 2.87821674161421 2.44373311468202
2.34404147984823 7.19536063125721 2.90692970016675
2.4719056631862 3.1623147825155 1.46202675042163
4.71028878273625 5.72759339570771 0.000585213309674204
2.59526632293089 2.24796822781805 3.88824828993888
0.812787043230952 6.02448111907952 4.1117824861042
1.36336317833645 4.58182028844996 4.28830600330809
1.8299348897065 3.29728569029246 3.91515838530842
2.52571790413149 4.35391795696944 0.515897878840948
2.04300831878966 5.55553066231217 1.92789001590484
4.03404401062893 3.70775892591911 5.2410185443166
3.53721859662021 1.31110441706495 4.74233116741746
3.15013425308458 2.35832524233748 1.84623059284946
1.58196204217099 4.21733906632619 3.45397772840077
4.03242650799722 2.60363767534491 1.08119438896725
3.83238526780958 0.341137563000792 3.34414298742513
4.96743111052807 5.9376925445221 0.400255131599263
2.34972948100882 6.88781114048267 4.21546830125106
3.33791067549597 2.71294302248961 0.923727351938025
3.7482727907292 6.4188764363176 5.72869282144955
4.13980928347704 1.19667499677358 5.30616275976635
3.56954081907553 0.43887100203874 3.02659270578491
4.15209713036589 7.32487260074923 1.37117062158401
2.24030538742234 3.69716461243728 0.752135081386212
2.74417713537541 6.78826894373027 0.0618863265110675
1.7636032042112 3.99158068362005 2.35182733423
2.27237947526638 5.68287409958341 5.24237071891611
3.04182351934066 0.845342764817893 3.44650196104906
2.87351917062586 0.18603035104757 3.35713498116532
2.1057892763746 2.28813380673785 4.8161504810951
4.16822304056318 4.5181381336987 -1.29654353852616
3.57095643667407 6.65983329739809 5.1845597256408
2.37623695703474 6.14070245163863 6.41179664283032
4.51601699200562 1.77009481425118 1.62288156531507
2.9042588095486 1.92666108107145 3.98782643229427
2.27563120333311 5.64250007987194 4.87643380332762
0.848609731219359 2.07209000958891 2.77712430601821
3.42424069325066 0.914339736127187 3.71646748409761
2.12280825820678 3.01887351363182 2.87952002219008
2.56690946370828 3.85045541095764 0.778692951614871
2.4312802521444 3.19344859508458 1.75223132693259
4.23080268418741 6.45196670786807 0.100230747254965
3.00066849091217 0.0454732845412114 2.51219665437445
2.5986262645425 6.87410222842858 0.507582597333271
3.83794438430458 1.72135373036298 3.00855630515705
1.18936490706173 3.57400857391528 3.30037466860976
1.70338736027612 5.54223188143161 0.123243705531811
2.0317422643064 3.00414892347842 2.91635452158882
3.23842573984739 2.38880598617411 1.09456040817392
2.56339257450607 3.64228408639121 0.571345009680334
2.87642313926742 4.40730845579769 3.65915927631048
2.38766253899822 4.73708340669373 1.10570723397972
2.51219055947554 4.2687334012464 0.441782227404329
1.84230959760819 5.15968146859749 0.654174026783368
3.65781156591741 7.0568873609473 4.18412643852366
2.5170557063194 0.411022413471953 2.3936726000498
3.55855803359753 6.87743715686223 6.28675445364962
0.706801386055536 4.77716499313237 3.10630530830973
2.88214630801521 6.08049724669168 0.826796676789496
2.71259457659683 7.42492910332468 -0.160693933620684
1.44547346862323 1.13490304169807 3.77922569886842
1.97345463990912 1.0985332414049 3.04628680586785
3.59060634914289 5.10168848262144 0.370276258986578
2.03790245867435 5.1261876688673 -0.0651297733224621
3.35381334206667 3.9283812295269 5.39264105539775
2.00790104561398 4.11874459606922 0.391562515289543
3.49680749868198 4.11172534107636 5.78286242237121
1.68516062128457 5.74266032146223 0.851116034064725
2.88554960135959 3.45203155576542 0.259458293292481
3.60382673033533 6.76670960174273 5.99456179939234
2.5813246054535 2.00930497812692 4.19374302289196
2.69956830796583 4.68568696710505 4.16967525455591
4.88350914808063 0.959343332287231 4.60782621857038
3.75302474600448 1.75533858979008 2.80235549176827
1.74248627110363 6.64420969804294 2.94822333040852
2.46726629921795 5.89688961240371 6.75335671230144
3.29945517244003 0.211630586123854 2.63599217930724
3.95777353171867 0.605857872355279 3.73130205755613
2.50349362053748 2.05970257667772 4.75260802788796
3.20575561727564 6.45669427473234 0.231743178585536
3.4284288371287 2.00726261692227 2.03073621431365
4.1167218212224 6.1806702131915 5.84907877669111
3.16672021221564 6.70709892279296 1.09788785627444
3.28580850006288 0.26481439992842 3.48904847941984
3.35959008868691 0.642036321201796 3.20999566490683
2.30280699585001 3.83466031455084 1.17188845146005
2.58653183685873 7.03307903859169 -0.405523224875306
3.31087793306795 2.53414297876768 0.859252832348542
1.42728945135908 3.45751377479403 4.1064716930195
4.34562164318382 2.00243380698283 1.68417887345253
2.83052976834258 6.22331446047786 0.210756969028333
2.18714605040561 2.09512208498573 4.20766380412097
1.05172315390671 0.450375815605073 2.20284989951581
3.13037313673549 5.0687653981974 5.44902388047174
1.69353456274765 1.53849671844812 3.28152616088074
4.76366322787155 2.33293797185747 0.700281680244957
1.93350272589294 3.51982657725078 2.48491122720299
4.53870326124654 1.1341776713333 4.39267375451801
3.50496217922564 1.36863520248752 4.10579052280028
2.16714532136973 6.47975839797442 6.94061408662239
0.364313457135368 1.46121997499419 2.41955499714549
3.59612673478409 7.1036244724183 5.64988250229628
2.26114689880858 2.27533401958131 4.44790809813628
3.93336673144953 0.466721967841146 2.86450288327659
1.54891994480375 5.46292327954655 0.283353642082193
1.50825206820359 5.48549866045004 0.2803784982491
2.15432328195667 6.74200762587738 6.08984179836052
5.29150457865633 2.96555851447307 4.7659580007547
4.45438378163516 0.032758079940491 3.52603619450952
2.34978095641275 3.36075841548757 1.91694732339408
4.1038578578 0.926776242096221 3.70650520033705
3.16661353396498 4.95740508119166 5.65795393835315
2.95608258202728 3.87391208370064 1.47640538451111
2.97920291626426 4.2101214049441 3.88178606301245
4.28802497441625 2.72731446629827 2.18981231867985
2.65406553555831 6.58519236294406 0.520121032653242
3.43754170183327 4.23953822667867 4.90973557236427
2.77716659377446 2.45815386054219 2.92526474894017
3.62853291970726 1.79109856955865 3.56914210279363
3.29089638067881 0.678443635079952 2.68555581411614
3.83452729711413 1.86723670781746 2.14153147572604
2.53426755821045 6.95342601557484 0.176188119075591
2.18845114629633 5.39937494086365 2.73938144169598
3.4499569092817 5.11192566147443 -0.647680482416565
1.38643957238784 0.147669785914126 2.48666015913233
3.4127207877446 2.56961990853197 1.12164635143161
4.69850081974928 7.25216377405658 5.80613153867515
2.33728622688247 3.56063518547255 1.0029789810513
2.87282191123494 7.23028828252128 1.09820854076676
3.94634714963034 6.38492567703835 6.57056932665948
2.34067820586447 6.73802008419404 5.02548910496384
3.55157830203381 0.11377807177128 3.32444905965639
2.01829735027001 0.902867339316103 3.3177313708907
3.12011465846481 2.18287621755583 3.46603173386498
2.4532013593251 3.482436345614 1.28787673884786
0.138671259904767 6.910674503104 2.03417726462439
0.352711358597356 3.97404748223592 2.58428806222128
3.55518802275642 0.885175878747287 4.27576515998992
5.32039135855772 2.92424346596678 4.81665946101128
3.59654581347372 6.59825330599844 5.65771638520535
2.13306808101777 0.335472113895669 3.23742110831838
4.00940751400371 2.94350995238288 3.56002906168929
3.35114803841586 5.28189155684529 0.401644150054899
2.43050004284789 6.10434310167543 5.16377097760766
2.45579365104658 4.91390759274642 3.41795880759877
4.81269236878276 4.11081382493258 -0.0265317923883204
3.161053399214 1.25404448660638 4.84223672128344
2.04512286151168 2.6489711458283 5.44201678527801
4.11531723452628 5.97539272539815 6.1356674285186
3.8979125113314 6.48802892743468 5.91752228001738
3.52773559156113 1.43312795495726 4.50597968914924
2.86426842622247 1.85314063565942 5.94533303480928
3.04138522822243 1.81527490898972 3.25840944351337
1.63464261469055 0.708860328896114 2.52294872666189
1.54721635105139 1.17248753280299 3.06676627822793
2.84989712991527 6.82404109828491 -0.382520624265941
4.6524105474483 1.71712635595705 1.55343996338971
2.59016198564768 1.80630052250641 4.40074143774432
3.33491667606469 2.68127097156002 0.912225826004161
1.47330538815449 1.86482102017979 4.24423867503926
2.90314920466726 5.79385704446341 1.59718730877683
3.40441840263571 0.519860297554174 2.136109442678
1.17425093131436 1.04573703231957 3.74859760082404
4.31805034530803 3.40344407733262 4.81232236339943
2.90261171703871 1.75048062034147 2.76096203746669
2.41782077185677 6.54192598831367 4.70986910674094
0.788588299499847 0.71587369998455 2.92292170366788
2.77338025446282 0.471420153607294 2.41743734929135
3.54814121141741 0.383917040595152 2.51073993601467
2.2122666347895 5.24391543217089 1.94395707991436
1.9484602645355 0.00489382415445405 1.78552413499724
4.36934251598731 6.13081549562374 1.8640111332037
3.76422069772986 1.27388564658989 4.15065651037524
3.05675895312902 6.24050968280474 -0.21939943460239
2.79683988348515 3.10657268569104 0.186936784864793
3.55029051415097 6.28653111314879 6.1042422193194
3.65441181526087 7.24056939228524 3.19792517561439
3.0820225614181 0.871330962898845 3.67905924670608
1.04731235610718 4.89743350058524 4.1541619334724
3.02747741428324 4.52976495083773 4.80203955219922
2.52531603564156 0.174338723283476 2.64666810062642
2.51303380249826 4.39148429722731 1.1037354720266
3.14715969902159 4.51604318952868 6.15738829611152
3.9643908605335 2.72150120487342 0.77521944459199
2.40779954960526 1.63607612108309 4.27579984589624
3.30642305483271 0.685665298691648 2.97967126616191
2.34567436015049 0.760861353319719 2.98062200281561
3.31273674829386 1.66172649471298 4.94342222709577
4.41532737732943 5.01948544586594 4.37163592266122
2.23516278571787 4.77386689105414 0.782177479517804
2.87740975952613 0.43152325443948 3.27118972824118
0.793016730676465 0.651254743721188 1.750173148917
2.47065300671802 2.04745869452343 4.06233801778006
1.82214330086263 0.0688612230094119 2.32153196557333
2.46999594880198 2.19276211269264 3.50067534745435
2.84885114434165 6.58391419736792 0.807776563351191
3.38649296319506 0.139738915750971 2.20854211255716
2.84241648362295 1.8738255054426 4.28614539672243
3.80104491662006 3.78585482556962 6.29111020467188
2.64461482172253 1.22692379729714 3.98092532150752
3.31888547929993 5.20481056204953 2.49045685945689
4.34865343922499 4.98536729042993 2.73515819419171
3.14533215215245 1.69020515266261 3.43653351844165
4.00265952694281 0.748587624551813 3.34049515211075
4.89453281598338 4.27482926409421 0.24017095546587
1.69442851439865 1.30419982030332 2.94653333884766
2.11259792337523 3.854487069407 0.91820216003294
2.63486439038418 3.28673650583286 1.57943713120455
3.75315102901212 1.89701160190655 2.07214209619448
2.1773675182812 6.90017148195214 5.61885571582402
0.82957885501137 6.645731076075 4.52067067924368
3.75454531466375 0.238869298106429 2.95458469570199
3.94247248141551 7.40679713542453 -0.0704963957640507
3.35469235329574 4.09793219976357 5.81994713848728
3.51456735485596 5.20390720214952 -0.0410358706562135
2.99202410110982 1.33000801628942 4.92458481741725
4.34438135199666 4.49801942558145 0.0440488944807919
3.45945900435448 5.66167557320754 0.200235321027034
4.78229140639333 5.97764538863725 1.33347117281498
4.31771332051076 2.54006799289919 0.662274865501495
4.24349600653853 3.75169257004006 4.89985119385238
2.23537399631723 0.405601717589167 2.6341798717697
3.4605746169273 5.33576161059389 0.735499077880208
3.81349722289989 5.62535621979215 1.67069889476983
1.90662746386587 5.95603768742973 1.26583414556403
3.96428757077507 5.94590105724662 6.28671438336911
2.65360930089398 0.995234530713715 3.1894220716776
2.78733542827834 4.88510931521936 4.72074550277729
3.31047117521957 4.98845640743893 3.92626057094967
3.38803773420375 6.11583762289281 -0.945471308368646
3.89070164224232 0.390419680417619 2.36553795727384
2.40942601356921 5.17528478684451 3.85399334913758
4.08106926500512 2.9023414176103 2.08156500777219
2.20878679523768 2.20437530704259 5.06020398950119
2.21541836318385 4.07802778306038 1.04605646698938
1.63238135823674 5.15403703189036 0.307089719302907
3.18529461317367 5.46070537745076 0.861479762572756
3.00746110574472 4.07857639547129 3.32601201147229
4.0811684862178 3.65525912414812 5.87870018443476
3.19094026100177 7.43243451911789 6.22782351080654
3.56796890424927 2.87662622206461 -0.468249291041674
1.49405060149517 4.61272409208691 2.46483465332236
1.887516993566 6.08870246666903 1.9834233715363
2.97798284510953 2.19126634948197 3.6301213132925
3.97883772954993 1.05351181913993 4.22725104912746
4.73206440502422 1.26159628361183 3.44410562379178
4.0318330953324 4.70129431459188 0.547191291983109
4.29823256297256 3.51384765884467 4.23297467636113
4.04404917952219 1.56917976655102 2.93730660496544
3.12574008615042 0.740464503014497 2.82578637804353
3.64650099678191 5.9276438641946 2.45437245771178
4.02522419258124 3.41511729589485 5.16187316161925
1.97031046841786 1.92560349269718 3.8411715165023
3.58609619568195 4.99761906336543 0.496995389892509
1.82020440496807 0.445875267115497 1.86227731040443
3.46070972553386 1.60907047486699 4.31828891077956
3.52141824259532 6.60572773006097 6.06832355451861
3.13781553102213 1.67082111644903 3.59801118328892
3.06781640199781 2.68544514003875 0.769932701617909
3.96957920491747 2.72174209257445 0.91748294171348
2.00937493030367 2.7710425413865 3.41798232452769
3.29049412245529 0.78447658694744 4.00203574420987
3.04697984178663 2.39068280690001 2.21776998834862
3.44678018836262 3.94808476563211 5.71999601893718
2.41578445843296 4.27857109944669 0.0709267471193556
4.00130939938299 1.11419826601159 3.90385777930121
3.35082828104736 0.847607052722259 3.70245134869578
2.96565280597812 2.9553256981929 0.995662488147138
1.5132492241798 5.61733498322605 1.16131325031968
2.92387822242504 7.48970965351888 3.88450575010123
2.20766251491573 6.97153040076723 4.89547166556433
6.08209472749963 3.41795461149021 1.09245609884938
4.09533661183431 4.82924228359215 1.0884661930208
3.93462727345722 4.78985892368325 0.645777385981298
1.71888887183018 6.69840060497288 1.63511442282082
3.66717834053983 3.81790855282527 6.49181531765266
3.41973265828533 4.3106720246392 5.55691263849199
3.48975604415339 2.3943440492566 0.433551558812492
3.32138926243189 7.47621514548811 5.24074668504013
2.17547218150906 5.65389193943779 2.8149408385116
3.16475796922839 5.68786623950595 0.388072310047365
2.34495866971928 7.24355224692391 1.40857565380042
4.61145726396422 1.25962770840768 3.55109856304755
3.74597824859182 3.19134777495404 3.57990402314531
2.761383720047 6.26044725307414 0.696619132691242
4.01888025818672 4.56717520343572 -0.48624687050335
2.05263857600105 5.98025787064545 4.28561784504912
1.75320789054787 2.19240719976056 4.28804142795311
1.80895600914744 1.21526257294443 3.34649023893618
2.92333872365553 5.54559374673072 4.32564101405077
1.08549785311527 5.96967879527579 2.98448121874648
1.11416032666624 5.50273309134644 3.81976342372236
2.65786927745879 3.99878929312221 1.03151973418434
3.16192330463699 6.14847405759423 -0.28756887510993
4.0925593685611 4.93142666631508 0.195941600076092
4.39693798654244 4.90889688794985 3.03738240207305
3.90887246372989 2.65044081447061 0.410008276480889
3.96718741596477 3.87226089869188 5.92550182955667
2.57129781341266 5.48517959503682 5.58213944343658
3.76695174703521 2.68895612649738 1.2504393610469
2.31490117880041 2.6908318217438 3.26290696594761
3.04249664414879 1.56115182436247 3.78644195684098
4.36797462029388 2.51076996547967 0.684885485756833
0.820497341627832 1.76988755785882 2.25200851884674
2.52522013252781 6.97108392474468 0.654525845908523
1.21749785305225 3.21349982902871 3.85186288214566
2.40862605242848 2.91100007844999 1.63401102479064
2.03919577321807 6.4903141614301 5.47440698031999
1.17910809046547 6.71085398906285 2.36296459192145
3.37355409874198 6.76849138860783 4.9011007335802
5.23134448583276 0.00872397103792988 3.67263612167046
4.5931389015751 6.61224053681809 0.985132364635682
2.75923612606292 1.98495554848847 4.07365631569992
4.45241195894529 1.61527862941403 2.77366817918438
3.37598966992738 2.55575751386151 -0.243973699061511
4.14250480220817 0.40795228488254 3.54539144082191
3.19272144912127 6.17357244124674 0.116700482780367
3.9968476217261 0.323926266690019 3.13043715520424
2.33989401502073 3.85497136954389 0.465854153574959
3.97022213373124 3.35296731785497 5.0267355999364
2.57395007007004 3.82975312049859 0.634622227289812
1.79036365847253 5.03945445291454 1.34685830375505
2.87164797027223 2.86596045600905 1.37578013995511
2.16942518563141 5.20295290169396 1.60271751736735
2.49742576271604 7.36734525714868 -0.142350797455927
3.0394009950355 6.43320086298766 -0.0146760459961019
4.37042887856506 4.67371728788284 -0.28242630471461
3.62569968600301 3.18499094277489 2.8442655204858
3.44400839807467 6.79399961023599 5.40489940972638
2.96612282405547 6.35955462337244 -0.255304009139569
2.29906676746503 4.00650084069527 0.711381712925591
3.0274748143258 6.49300592673543 0.685979501221258
3.22203654929818 7.2854601722393 6.08781141927965
2.50519116935487 5.69043125563267 5.49426167051874
4.2540512510333 2.96376843875401 5.06941262342978
1.86707034308722 5.78086953027946 0.273786981027059
1.41685129924396 1.26969305141002 2.70044224547881
3.27978653077837 3.07087023901761 0.332085116837079
4.17206170210163 5.47047884419495 5.95798683368008
3.07793943803644 3.61675893965287 1.50608904275535
2.65929098522593 5.63147921935296 6.65165091959242
4.2011391439238 6.89784038594164 0.201224803235775
3.28970973614102 5.39779748120854 -0.407700303844435
4.11456988415299 4.67200150716485 -0.941508248413709
3.26237357578329 2.0671768376273 3.68230834751773
3.66495398968326 1.05462443532451 4.02152289939893
3.37402447690984 5.18594631618971 0.785929238114327
2.51343003000963 5.71478646472834 4.82901927559402
2.55640174213086 4.94666901091011 4.68887009048436
3.89775466245551 2.19336238572531 0.678052450377256
2.47868061142623 0.943590465338093 3.71277511971554
2.664165119034 2.42269574916525 3.06494966147161
2.77557733550135 7.35879747095326 1.08597242393668
2.29756556323307 4.93310278280635 1.08660810239667
2.40594906328434 4.17763083851678 0.298971222600727
3.27189192947673 4.57293533185149 5.04400594963324
2.9990367770296 0.310566957273054 1.74686698366646
1.90954331675292 1.6448559216353 3.98970115115534
1.53088408416173 5.39162397347818 1.30570087755687
2.51734107744939 0.982873751943196 3.61616187185356
1.99562606551618 5.33735446301824 1.15288495964183
1.51303833139948 7.46858174815607 1.26420284494954
2.44771224826443 1.93686988353306 3.77588541839194
2.6857010884662 1.2341234472123 3.907458665281
0.877023384167178 5.45000109480313 4.55136804402779
1.67116140976794 2.66829765405033 3.82278618744398
3.08050066046309 7.37235903566109 5.85194491869668
2.59062215903519 2.98044371715297 1.56229455638287
3.08660234436662 3.02320150381539 0.735677457596421
3.58297746264938 5.16704966811675 0.46406951132895
2.83787606653965 1.07366655290842 3.11389695730519
1.64545774051297 5.36168657222095 0.572026130885487
1.44062813898448 6.84868267121197 0.803546826948487
3.11565037257685 1.70923396063241 3.5419939020583
2.84347156910666 1.41205127335869 4.43550390057277
3.17157902755991 4.67507441322915 6.15833949486649
2.73778857247594 1.87115119341301 3.8269467857554
2.17049921353167 6.8319888487398 5.51552085187654
1.83246158622813 6.91890632243191 4.3597271088457
4.61131277151806 3.8497907261685 -0.167512360089158
3.62608379756823 3.75923498615357 5.93970831308106
2.6650533482075 2.49432525059288 3.80912604285804
1.28325465421212 6.66821795472156 0.411864417108568
1.67582764257679 1.93909018178596 4.3526258775397
3.0320258887528 5.94016533884322 -0.485803738351357
3.51949054718331 4.09863574016262 6.11591509032847
2.38463548886454 2.88861610901475 2.81116852069988
2.43250558934997 6.14487862270341 6.64583728318013
3.67064410074973 5.95689625678057 3.19368751207285
1.49681088226615 0.507345881541059 2.79218772561033
3.76384014695416 3.99943698824754 4.953700720522
1.71226085744932 6.40629968570799 1.27715077198208
3.37467062124326 3.28520235663261 1.11978658158843
3.93323507720907 2.38746057578445 0.895314313434536
3.19840516481125 4.14017879460731 5.29383888411099
2.20322500268525 3.74010791141242 0.648599124245885
3.16638776252524 3.75438405073832 3.30826621763328
2.16285175910045 2.99093272324063 3.63595765196923
3.20492453262353 3.63432846289002 1.72017641785995
2.85503713757945 6.27896639869305 1.0597444038677
3.47897280353887 3.04681742312549 0.978273670645689
2.66511850272313 6.99294762614903 0.467377709433298
2.48537867236411 6.24442197208547 5.63201404514985
3.284027663599 2.81631103414167 0.330637987365571
2.90553662424091 0.51556606122575 2.87416447378723
3.49678437798178 5.95009942443404 -0.14863102809855
3.51298308675184 5.56258751127594 0.316739752287295
1.76290872877437 0.0326773268509521 3.25370984125335
3.11297217905114 5.78048136834084 0.0798273197993672
3.41006697805008 2.63533845430599 1.06717505657786
3.06921052657641 7.14398797707711 5.15114972495057
2.25350984098576 5.21040755537013 1.68366450655817
4.46966643254163 3.48221949958433 5.4911892837688
4.23444120099591 2.60127416608979 1.13880586006566
3.55809004667854 2.39782766847525 0.326790379905581
1.94591111682478 7.47607918758121 5.89331026991713
1.75641253928215 4.69611695849535 0.444506600339921
1.95752861705208 0.715918692263447 2.68619297255484
2.63443243333491 0.0362750704333763 2.73618424454943
2.83518469008671 2.39924904001236 3.04876375405192
5.39347099445209 5.83250112014913 4.36688035266627
3.75723959258243 5.18610245747423 0.634537542150808
2.73759210509306 6.87394882297918 0.333014541315029
3.97318275075974 2.81659264607958 1.64800079548126
3.93332879154255 0.936595335721547 3.82194190900201
2.45687991543374 3.06132874460213 1.97358851936134
4.18967546703298 2.46052812793553 0.667077481951301
2.59960630278242 4.5331637561237 2.81754833144614
2.52662052067913 2.32581389685582 4.95168525189277
2.72455061169494 3.45759461301345 0.956189234766867
4.87157811927785 3.20697452191036 4.80376655465751
2.41449753504589 2.14050666879721 4.57461325836391
2.07973641339508 5.76773946712896 3.12573096396351
3.94395765927188 3.96544565770907 5.28675092987931
4.66625002241831 6.7935898551259 4.50939052912714
1.89840603618416 1.77214321697056 2.95563481980078
2.56801375380132 3.5424054180968 1.36941668714152
2.04839446936518 2.85714977998275 4.29212107170018
4.99098965684712 4.46085007089265 5.50647113699563
2.15670147944305 0.954912834648149 2.62026253925519
4.09752651843284 1.80204015058224 1.36066818906085
5.28272097379718 0.371178820309291 2.92309468176013
2.7557303614197 4.91569082581289 5.26812749210785
3.75899661323588 6.26352198960998 5.37285293967537
2.52389570528724 4.02329403738821 -0.128174915873099
3.26410169280641 4.1723791080235 5.3506190800999
2.52718565822143 1.56565571084461 3.83450096042745
3.49033148095651 4.95255851713041 0.950603251899737
4.28925095242193 4.52420293721106 -0.14296707338156
3.97317142953326 0.1541595449746 2.32714052741779
3.01045864878501 6.44313273939396 0.58976572269636
3.61489338929228 5.13018737967893 -0.16771468757575
3.81731951620173 6.02154082478745 6.1007894651914
2.70896614464482 2.39558361765447 3.65842593680411
2.99677945017927 5.80250582668111 1.21945949497598
1.6792861750129 2.19055451857642 3.9881414300916
4.28314367409553 0.79410194253463 3.49637991076679
1.81204963974924 0.437537724551783 2.90503610944661
1.46845448403777 1.2962881488959 2.24081127369072
4.17067142190606 3.51531115680851 6.16628806392165
1.10105550566439 1.52873733574881 2.7149905192651
2.22551529086076 1.81088792690744 3.71781154410595
3.21654169015306 4.03361871126493 5.95473518800881
2.93123170754484 5.24478586818062 6.1965122602074
3.35288097205007 2.2151247152262 2.0627862472281
3.4950686684446 0.920635420380465 3.1181009075931
2.82153096845358 7.38421760936684 0.991096333852967
2.6324264711459 3.20265986826818 1.55229713489759
2.78176736432505 5.07989745260839 5.18361072556837
2.00226218531804 4.91956501284406 0.527772254091132
3.12199995217011 2.1612999371772 2.4704884530433
2.47290028339167 0.958155909850693 2.99330946519328
3.98665941075345 2.15513947520755 1.28634604036961
2.77415498978287 6.98989224830515 0.138084939034056
5.02847365927856 5.08098938412991 5.60329810631506
3.33112572827229 6.31355009528139 0.110264678949057
5.10283438205027 2.9843523815392 5.37492410341559
3.85427653913503 4.89606345702157 0.351739938366213
2.00697212241641 2.8092397614314 3.7227363370615
2.60194121554195 4.89508128245202 4.26069432850872
3.13795384517534 2.88697628808022 -0.0971839980959971
5.02281975392908 6.67214565567586 5.71628558758821
3.0700898778235 1.53653923513192 3.78010911329413
5.51845857672701 4.90995208229996 1.08384654649317
4.0499808210936 1.34848028930325 4.45286376524548
2.30476458210401 3.28816654408182 2.05117478086409
3.25550296185831 2.81818997361612 -0.30093660511969
1.16149604851244 2.83886422068814 4.01192372660811
3.71389552481181 5.72005408728674 0.418885907082382
1.2617287250366 1.99835398573826 3.81369623618696
4.77164057906585 2.99457833837747 5.82678637151277
2.14282811490364 4.75523321232023 0.874007194978841
3.81475854268958 0.65786974296819 2.56138489148013
4.52585659864676 0.333692878666083 2.25783591379265
2.41636811320378 7.48432146752036 -0.640007069357431
3.54477165345889 1.06201782729768 3.38829449058462
1.55434202369462 5.95190560908766 0.957461599526882
2.98421629447902 0.0283728891067616 2.26179795302604
2.88410514131151 4.60053549777874 4.49100105017036
2.25309249540348 5.63046995679622 4.32365292537358
2.5908403566151 1.91665307954911 3.81473206181341
2.67551579796386 6.1775639501525 3.85761171186749
3.39185163502249 1.19066183680852 3.8194605033046
1.97635068918818 2.44730035490949 3.6218334945904
3.75955837743767 3.49154375380707 5.26744956800203
1.72504641892174 7.02811670362817 2.93852052006498
2.96277238745655 1.16921932402524 4.42979633748954
2.89066768988409 5.25566262796047 5.6766457352321
4.02129651884919 1.96960045752261 0.247625337220902
1.55034494925175 6.54550606192447 0.673290287002229
1.43619977167251 3.69274064562406 4.62545781753984
3.23624854201833 0.18295882748309 2.62992595602769
3.10971491631925 0.0393342992714247 2.37597859522637
3.06516038072389 1.00966161618975 4.21906148176732
2.92754192595273 2.59738233766061 2.25313875821666
2.23991411769098 7.46449679484156 2.29297202327806
2.71224420954819 1.69131121976933 4.18845737616776
3.29785797896636 0.995072722798432 4.152471183563
1.70965479775146 2.12248148200149 4.44731094100393
3.35732337359262 6.74986997719889 5.80662040915613
2.86959779253405 3.47750819608841 1.14580576590759
2.62358153221933 0.579017497856488 2.3513377918166
2.458230305557 4.52345437800754 1.58272705103723
1.99943819255258 3.87681955868575 1.38229627407126
4.23807278470991 2.76281388247055 1.37719083714428
4.59239530211496 7.21962780288721 5.75577606721743
2.92997526204128 3.1434658943957 0.407398165779197
2.8273592134859 2.00712972054801 4.35004402191036
1.95652447673324 1.1510006757148 3.12130876100658
4.68940518358144 1.94565002546067 -0.165113163677697
2.56850571504831 1.26925952732077 3.29083720825483
3.24407055959735 3.27221633211617 1.07995302193202
3.93099368260643 3.9564958003741 6.00740030715496
2.56075419410164 2.59568762791334 2.44961908865332
4.04240240826473 2.04808397850893 0.891371590787179
3.58457665591887 1.05607460290262 4.12747229752504
3.68667090165411 1.37173942966365 3.75068952044968
1.70801818554704 6.21972992219613 0.832003959054356
1.31588386477576 7.20668405408498 0.618879992037243
2.67787931542649 3.88718483145068 1.29200205922595
3.37140594535833 1.18375448573479 4.71203569299966
1.71424093497511 2.51672939457735 3.11273153690067
4.65367169185106 0.600914934569112 3.15005793506512
4.31583348778903 4.18054865627149 -0.5837911966046
1.56772073247924 7.14382088893846 1.73903695268682
3.66820080933337 4.20580788784297 5.83171404462204
0.997598578429756 4.41468143399572 3.6791494508406
3.36532550211573 2.1508709380657 0.912158651190142
3.8296141867579 6.76383192899908 4.00703419294383
0.893121673052055 0.662760182969548 2.63259540134172
1.56136571651073 2.57027889660774 4.42088171788852
3.4371252134935 2.93166618612717 1.13030851424287
1.58829536479751 5.43681669898194 1.76641111767646
1.65802345814951 3.45681958013196 3.77916476753164
2.38710036791191 4.29475638234772 0.311805157125138
3.05672500331835 1.31588903130657 4.12263983372296
3.01500473768821 4.51598186011179 5.38563809239227
1.51391862883214 1.69281418072005 3.71936746089626
5.31776901872751 5.75412975726485 0.43578968356474
2.38499897804617 0.689610804789855 2.65028423235182
2.08788677426228 0.285505309480853 2.54015942873113
3.66724806942912 3.09831997828728 1.57760699850738
1.87510162382531 1.3831346514804 3.07541152030258
2.53751391838041 3.08166306646926 2.03043763860978
5.14240561356221 2.04709616081887 0.446317796070712
2.98084442388258 6.18117033711277 0.161711995117438
2.71894584370666 3.50192119647897 0.74142526166486
3.28023158611225 0.622480777878881 3.4122529547536
2.08296936705924 0.240491890312028 2.26226358132623
3.51798716372262 4.99523779747817 0.223547014524332
2.32982201071403 5.80049437092412 4.91213383549771
3.3752245675596 7.34199237692983 6.4730970683473
3.36244698883382 3.20788394041224 0.638358160307055
3.02892784314707 6.66586924586517 0.879234276394093
1.24121961590935 4.11101051143477 4.63512885447815
3.19314205948803 7.0816722421785 5.192062813311
2.45795815159457 3.28714174208074 1.9085495482411
4.76881400634418 1.32411026258607 3.71027482673034
3.97160982450113 7.16177823986722 -0.37276558347677
3.00504074030915 7.03263262708624 0.312829853673066
3.89168598718794 3.79701728201873 5.78179953143699
1.71314536088848 6.1314276277114 0.192960047369428
2.94356128478366 6.20906621165881 0.18695174038805
2.47504056308242 0.702671248147095 3.36378819159287
2.53382253210961 5.57567461250967 4.85993590315791
1.19877786999565 0.353948820505042 2.5569213465478
2.35745403232095 6.82163898710836 4.65038232343743
4.12288554301113 6.24322173929341 5.00383688960719
4.59686220324901 3.38049761023567 6.15839824737127
3.58632957627622 3.70894912478466 5.44087603803322
2.69975556118557 1.62982098553726 4.74051606811801
2.65067412624253 4.4528037301186 2.70170045932289
2.86944567548117 4.07212181812637 2.45028270187403
3.37506609653298 7.12703470575974 4.70074033662201
3.15640175381689 5.45906839815304 0.453567927595396
2.47463578974742 0.0288406505214391 2.40756576849157
4.11402677261273 2.37768737258652 0.364076382824271
2.63730334215571 0.84569718552076 3.86923005543511
3.77831934184589 1.81624698567709 2.66651523384506
2.13155208409065 5.15137206783196 0.96591526989914
2.35453105300743 1.0837834978541 3.91567922643945
1.84522273919372 1.49374268485161 4.45634780988181
4.17368274419728 2.94567467975581 4.3309207510858
4.37141555757015 1.42500015119319 3.6000941661277
4.44765754878601 7.00971416061691 2.51145154128308
2.40103887021739 6.83617795959271 4.22201553286498
4.44399579975773 2.47066996575762 1.83769630233594
1.48617537181603 3.03949329323129 4.48636404891462
3.42688699764341 1.8935746433671 2.88729824986784
3.30663410643226 6.45209911337345 2.1790537153683
2.17401124529313 6.64269277036987 5.04017064359945
2.63268132032167 7.30943044408956 0.18237776735515
4.48825210738488 7.14150601872505 5.63887341287785
2.18088619938069 3.45820032043317 1.19646878944631
3.08859581792216 1.02968706634507 3.9842470486017
3.34416665350151 6.25886318534233 0.862168806195169
3.44178104199364 0.649132285194384 3.20900418919562
1.36811650155621 5.50430410071333 1.72597892851585
4.4776331186046 1.26274639281331 4.13582304290922
2.92046419136133 7.3039562181955 2.13416826976437
4.63277336907578 5.14355250841177 6.8314273904282
3.07716478245051 5.29007834821251 4.61246775151245
2.42875170122015 1.37638429571497 4.03834794504729
2.08917605323795 1.87541564437618 4.55843985342195
1.80514822961396 2.31880756318147 3.20535664210777
3.13706247796363 0.620437748349913 3.25676933061849
4.38122869887136 2.16730500452655 -0.217043798631663
2.64615761229945 0.645923943691732 3.07115232955015
3.27142691930694 3.77095887112857 3.88266412720425
2.42632441351864 6.68344022340265 4.11839390326891
2.49236523403713 0.220691247933994 2.29821561626217
1.26948214629769 1.29929203493368 3.45585119431295
3.290930890212 0.81249190731175 3.56092976395204
1.71496749219153 6.6113587731479 2.74693787870035
2.71395801654291 1.7873699015604 4.28774958235683
2.28607620840737 4.04389173316513 -0.128299588567595
2.99267050636354 2.16928946592829 2.52123855615204
1.81796877795948 1.81323641517315 3.71762026319461
2.05953584696805 6.49617829414984 5.92227328578105
1.75493312670074 0.390636640124281 2.9312237459118
3.51701534572636 2.32025188716566 0.760345987312178
1.81821890384172 1.41083443123846 2.72271153959787
4.46953407781328 4.54513265134061 0.0901849382094459
3.5846272402578 2.33413110607886 1.08394785495932
2.4484263500792 3.15172233975816 0.954772793857369
2.64733131552631 5.70947616174841 5.53528661424682
2.70085381143222 1.45663598035655 3.98395716730035
2.49778835496306 5.77523865265113 6.03333127491516
4.04784483711882 1.87402349321276 1.41262125999526
3.25370358623134 3.34391022219525 1.23035758750722
3.23642667219358 5.18563355061205 2.2210763381239
1.33075436088786 5.25952352330214 2.88747975344618
4.24298567944719 7.45768822522426 4.88713048870755
2.89695704874772 7.13733548590159 -0.231544747911837
2.80168775221 3.43471970386773 0.46662119579834
1.8551535832034 5.25874439878346 0.205607131354977
2.95221216304794 5.98781967034972 0.893611987869794
3.7536596505465 7.06468618587476 2.26477549197817
1.66950746894931 6.51354403692206 1.19852084069694
2.58401222618219 3.80507478203997 0.52482742078161
2.22505287949224 3.24582601955268 1.91320438698651
4.21545852232736 5.45005646534267 5.4050838299737
4.75792615699716 4.90746039605619 5.39963611722669
2.1566776365137 6.82827725625162 6.60252861751156
2.45691710515819 6.88723656806487 1.45616975001312
2.56679462325408 7.25100243192082 -0.0165067264519445
2.62711878716599 3.02483516811702 1.93752121420254
3.80281066204125 6.23708400507754 5.44101672703283
3.97525272811248 5.37547697873437 1.15454267633439
4.19541808096299 6.87156025360974 0.586423812069376
3.38937076978003 3.97723382977147 6.28804614206409
3.16620183542922 1.19789358280303 3.00641947885129
1.48127843445112 2.17318525268986 3.26604593827661
3.89034399993734 3.99413472633074 5.00740207302023
3.71047077113458 2.54841275911905 0.929878465229282
2.83443686245467 1.30912834399151 4.03109737255049
1.12923413664325 1.45644417071943 2.41484452582875
2.50656693529482 7.15428076522643 0.482424677503114
3.93524537744843 4.44607674113474 0.996784663962228
3.21020289086659 7.06715894242979 5.49716220221225
3.90871180484652 4.86872814300356 0.171800789572306
3.74765041603049 6.77298113076147 5.67463080012523
2.54781067731382 1.48359983645448 4.17337458170734
2.80228285552561 4.47807737389061 4.62429399505577
4.80738858834929 5.4741231171819 3.91980824681345
3.22572504886334 6.44335859822579 1.14124861995459
4.66816424072285 1.59927495874557 1.84168821371814
3.13682537200532 0.621001979437727 3.23533030772339
2.67779229517529 1.59614707903015 3.54372154124072
0.277057482738639 1.47218251893515 3.51819263611862
2.98184803324221 7.3099218518452 3.81112488904577
2.61316104149607 4.02584946934716 0.385066879562966
3.68141335296707 6.99681905669219 6.06516358908208
2.76697616373037 3.76973545390685 1.88454951619317
3.23074278541166 4.83615733772474 5.30751281578351
3.10971261595463 1.7882533483027 3.89711414756842
2.18946344591201 3.61355913185619 1.67442636614047
3.78735747362911 3.57393066339471 5.07850561570614
2.22159805518414 1.21061244819778 3.25856670828495
3.00770868961348 3.42389731348231 0.733728713512097
3.10002044233061 4.9296241187619 5.14315769645108
3.18315223935523 5.02656688724541 4.84180757092184
2.05050955315353 0.179878487511718 2.56366707398465
2.35379253708297 2.79293223488485 2.81347221751902
4.87482787766569 6.33510707064595 0.167956065291218
2.90613481692367 4.13957036435467 3.49461893773876
2.59020679078045 0.0228905081614723 2.76636062618838
3.8797547936604 7.45768152284463 -0.415924797420334
4.89663835585009 6.79913268167539 6.69147920825802
2.5468711222492 4.44628616488301 0.92729724151086
3.23994454718937 6.26683170519283 -0.616378440141548
2.82234111852737 3.77086725149991 0.875199756192172
0.809853851738899 3.81430776513144 3.34578996265579
3.60654254365607 2.41180649518582 1.62491724944052
2.49110480512008 5.81963737955009 5.89823678938915
2.83023571368555 3.17350396160515 0.148372758688832
1.97574420905935 3.5840699109886 1.93190215903382
3.7529949049665 0.835290682801312 3.910584480009
2.90534157607024 1.3011831902423 3.89906263084061
2.93668752084515 6.45508185492626 0.125491561665612
3.14090750822064 0.0481612572645105 3.55172409946163
3.46995441876502 3.22698561894943 1.31508510504224
2.57753317771695 4.0764753902763 1.33129673657777
3.60150600025731 0.416512700550937 2.92610568981088
3.34628003046101 4.76383181619648 5.11594566078065
3.48616291753875 3.32374147865936 1.08524420082876
2.58406294177532 2.44147835923706 4.40781030280258
2.88194297410504 3.01813513182949 0.345031013281858
3.21993827474733 6.79786732560327 3.59915569792515
2.93700610652625 6.03549578182461 0.79756725324023
4.43896956188704 0.141023498611098 2.6897103913081
3.20205219822077 3.31621857095206 1.15480284937739
3.28197072628235 1.42944874359483 4.33723346558259
2.84294009495645 5.36927761443584 5.01979043598128
1.37753466119782 0.595646633376179 2.16283244762613
1.51927859335235 7.0474445045868 0.020699837930179
3.45959417332182 0.984690422460949 3.65082773015249
3.99705126371853 3.51066454751025 4.67963453098952
2.80726862514509 3.96703311485281 0.344748062825242
2.948370696794 7.10256765624097 0.775594726062134
3.16036291872378 6.34523598419389 -0.236490825636458
3.12787178629351 3.24445524666083 1.35595646328482
3.21888150555079 3.02962852927351 0.0856379468146953
1.07394167273888 4.93288003430038 4.25089730210896
2.82513910918019 5.56805720216972 6.03241547903546
2.69143868720595 5.95774522494898 5.54529852400198
3.16817830670446 1.63105641686562 3.59434953526883
2.25851690746555 1.49685842313245 3.83190396924316
3.03356752805482 6.32490269271285 -0.0840854533698053
1.62478993126426 4.12851267324246 3.0661511905725
2.62511950336064 2.26939166482371 3.74772755000935
4.67089449630643 3.58196385282841 3.42907041218429
4.95003104904198 0.0131301349058086 3.97460269128016
3.55129525903381 6.85084034339092 5.24901349269464
2.19636880236239 5.92782942999367 5.24106790615959
4.5441378813246 1.5330681193921 2.55583376632767
2.65712963472187 4.38016647801807 2.6139711565426
4.96759689106953 3.91221186657167 -0.0732232425840523
3.76475521041523 0.344955716381722 2.46067406818243
3.86516408748807 5.96015139962376 5.62831387114482
1.7335372323926 7.42648234774623 4.74678114831915
2.44028546649779 1.53530863659608 3.85739896557397
4.01137626580391 1.45178898605392 4.11588809898806
3.76202073849223 3.93529057711768 6.7144930850976
3.47722861098026 2.11014446535432 1.73707916315759
3.45331208435448 1.28381648598804 4.26301108670731
1.37225220743298 0.785825111545464 3.00297255190401
2.67803684805443 5.2294209497726 6.16669034194689
2.50352420308892 2.18217490984501 4.26392240285132
5.8823907013601 6.61368083960804 -0.175392119822136
2.9020929078238 1.47232669468595 3.94513398655771
2.64428017568384 5.85764268780669 4.91312703539753
3.94222155396187 1.42230071372976 4.29726740700475
3.90642256861903 6.66759046454288 4.26553832087556
3.70881903617877 6.49910456383857 6.2886054434441
3.14809545390324 6.48133837505198 0.0674001336949193
1.69290396039874 3.20288107887645 4.11143898212449
3.07724871448743 1.49157541568092 5.36118715359391
2.06070676254305 3.97520549397803 1.09483966349536
4.26456546559939 7.44368829454937 5.23352720285402
3.1423625054232 2.66447073824985 0.473018505571668
2.63985224655118 2.29598503194559 3.27964934920443
3.69654321676603 1.54870611948279 4.01237087642181
2.76469238373106 0.72392235010526 2.8604919517383
4.82859154976101 4.60546041757637 5.24499732597916
2.54780985792573 1.42374811809348 4.01678453373372
0.349597660347471 3.72637065469195 1.48110733014988
3.03587066833553 0.750178118889297 3.11675789604616
3.25206217760579 0.226166968270088 2.41348377306331
3.45060901235759 0.114292488812769 2.37136363157538
2.67361039503661 4.58496513324217 3.12956819297846
2.04091331042476 6.87337365594916 5.35692562021065
2.29662129601939 3.73871379658633 1.03377291102494
3.98313096058627 3.4234448851049 5.74024190448835
2.47232862578264 5.14530619042507 4.82051101515332
3.63844532627706 4.95158094870544 -0.0921536841057558
3.02734210928134 2.4938483556327 2.08403188195416
3.48070329998512 3.02324652292857 1.00581465341008
2.23350758803432 2.08887190535577 4.00575117111929
2.51187449652814 5.67866954605899 5.31825459852544
2.00079006209797 5.40756020147519 1.24662972147374
0.97524815923943 1.75745186042965 2.93989658077243
1.78351944744886 5.12889218193218 0.98235921249027
2.49302165878004 1.46391061802069 4.15023928632267
4.50408111052753 7.03492253476769 4.97619954962256
3.16657020763939 5.52332557154427 1.21022384272092
3.81904969123196 1.39309061800981 3.6755918065865
5.59011593798673 4.67880495119602 4.35096829347611
2.34472421404814 0.899945275252604 2.37442422560048
2.93981868278982 7.1812494087548 1.4156734523918
2.94453364523348 0.70948640875316 3.03345115689871
4.4447586210577 5.88335819916398 4.503743256881
2.71520872799428 3.58687922381939 -0.325949531132879
2.28574670411673 3.44538452553167 1.16196794947165
4.19401272642765 6.0569413568387 5.69836124958989
1.71332879160318 2.27346456598592 3.66311746537694
2.81906374748065 6.15564305306796 0.378139969346886
3.57734635073668 4.51034269118658 4.85436022818014
1.80770515877279 0.887243522266107 2.73227417125299
3.45135411215375 1.60075953078362 4.28404830127158
2.37573214568753 4.13482788196723 0.715355211728103
3.23491360027435 6.58841003099088 1.74301843234932
2.95464181170987 2.52482563640029 2.56294167141997
4.50543614422735 0.382923671174368 2.64394352038607
2.7306531002859 5.13011507537841 5.98023545469146
4.67158831000456 4.36126613730009 0.514264300081121
2.28504819240594 4.42725030877535 0.237456332403572
2.16599305321745 1.65492308473678 3.2338782517924
4.42572459135093 3.26893885123669 5.43493411900941
4.10601402390479 6.85049962223567 -0.393843513685127
2.62679369674199 6.57000480256908 0.947034104310313
0.635164972886793 4.82358485520947 2.92937217569164
3.10717355627203 2.15695715723171 2.74428322273012
2.53772764809025 3.67413211481284 0.579710522838449
2.87145421990584 1.95195534708713 5.25409204106115
2.71310445600341 1.27229351687395 4.21112455796455
2.68867196692736 0.798741662198855 2.64372723577254
3.04735755796919 7.37066054618255 4.42775809429977
3.97583215864254 3.18568194219655 4.46124976911023
2.54360925432074 1.76511098824712 4.4888964611073
2.69373538355677 1.16119017737802 3.56577217408812
3.76418273550547 2.40796591101376 0.574844779270178
3.04338330387036 7.28220474414611 4.7951776162274
4.37478693755733 0.222950563172901 2.5443173353574
0.893634931543872 1.56009121315088 2.940040203308
2.595334521911 2.19746987531779 3.72135459744866
3.43036392652827 0.318801230914 2.6073917622184
2.73790317184532 2.14911517485988 4.13046603655776
1.35299926519788 3.36007344857313 3.68984217689207
2.71504879687847 3.57787988549145 0.953211636020492
3.97608174741835 5.88008436787185 5.34584907827011
2.17258707063022 5.94560485193359 5.07567371777193
2.90061984329817 4.68611360767328 5.73089226204361
3.36095387535034 5.52973541997908 0.0237930622930338
4.03568611192441 4.57474165 -0.14014931775298
3.55471755001137 3.08653781797421 1.19892332035455
3.16117157264881 3.28205786857836 1.15030566980945
2.79364604135108 5.12065079346283 5.54703651234013
2.84845778243322 4.78883413773561 5.29560884363358
2.45128479227607 1.38306093149219 3.50267827237651
3.89752748999507 5.39045309087658 0.713838324167662
2.91117134467663 0.0139975171860858 2.91730573217749
2.80495393297678 3.37078057834703 0.709386443955403
2.81302492882992 1.22399629171399 2.56639040146077
2.27737806850912 2.91312704626538 3.26693449663406
3.83889807889936 1.04103960079255 4.15242317244584
2.67081700033326 0.432611606342903 2.48227023222139
2.93415042442416 3.22178698728891 1.89141323342048
4.87743488147184 5.13696601020492 5.34601466200085
3.22098198723738 0.125455742840304 3.11853689563814
1.91495445621416 6.70195387594078 4.45363003387453
3.77119117131774 1.97512399133835 1.57623675720251
3.4565446363633 1.86846541822217 3.54178208260554
2.17160220402544 3.41277411725154 1.9790185794253
2.95698093214853 0.58431825658699 3.08222229810024
4.80074804457226 7.43122916679609 5.4702520029548
3.51360070659717 6.95188693904287 5.74871245586505
2.87236902885904 5.9378992645406 0.896320132616859
3.47470802866231 0.536450445217599 3.32338414245103
2.90624522437952 3.05968729822614 1.44022906052776
4.07616353117483 4.14915879421367 1.89944206266722
2.09353227090841 5.59677557851095 1.99420497941123
3.97912289611789 3.2294335410999 4.85594629805271
2.02788658257761 6.47980775959536 5.03295867231059
4.51623875104639 3.82769121162461 1.37468345070947
1.52410345003247 1.43141125985387 4.6964420066134
3.56673344317841 0.410135175521783 2.6647504018778
1.24716796877841 4.1272821489934 3.96201037605045
4.19763400639233 5.43354695311759 6.06016748645885
3.83110026176953 5.69855324266651 3.73676507031931
2.59636818149447 6.42023554570057 3.58852431454251
1.60865358153342 4.43231450359484 2.9742048650488
1.65453507802121 1.7498764349184 3.53361779308471
1.5127215756858 3.24245336188133 4.48341914226953
2.81478962284128 0.811735668324066 3.35161623561226
0.0533911926055435 3.75274826386209 2.98717868760572
2.95262772499849 1.80518417336662 5.107124387563
3.36474807405783 3.0331394359666 0.571636652460996
3.06370452876883 7.2730557001512 5.96801002686673
0.701989965591083 6.75364193551993 4.513298430576
2.11111010217599 5.52614176765049 1.69591357307829
1.86563314962537 7.3962198352225 5.79865657609327
4.24362260216018 3.54830995103464 5.42698896928824
2.55332266290148 1.31348499381894 3.76833992329548
2.10369101221144 3.24760317458198 2.68293294758675
2.5832864650058 5.46453363674205 6.8015803717365
3.10831514235171 4.46776244596203 5.43763939133807
4.16341926373925 4.12292015336167 1.14282284372248
3.5729989452305 2.14949493147002 0.98625793291955
2.3596686713438 4.82690130677113 2.46545503320797
2.892792286046 1.40330161579682 4.19266466639756
4.15070848207097 0.427340804849131 3.17319244543915
2.64116279293231 0.105252353065743 2.4593667857483
2.3062156018077 2.07578338365744 3.68615753428535
1.98974532764558 0.939215828660859 3.25985995440807
3.19277530327701 2.82694597960409 0.817235919035925
2.84518268462302 0.859188237740372 3.5447401658265
2.18902809733617 2.59674193994807 3.9054125046861
3.35899764512835 1.05405377501673 4.08012421487683
4.01751137205177 4.91581927276207 -0.96672500733344
2.92305014354378 0.914659672742259 2.98515549579804
3.17943066043572 0.822649354449426 1.97232036467097
2.82175999817922 1.30241822259397 3.38287838323674
3.03187017431437 2.80946933401026 0.916754296981698
3.38581039710579 0.893284522149259 2.88492803015373
2.2968914998489 3.28647447454034 2.27976172893506
2.66416127508638 0.127897256692126 2.83292502972648
3.65621223607915 4.41354313244457 4.42004291753179
3.59097495608745 0.938656094009803 3.17925287594052
3.10088795088005 1.37369512464663 4.33225780103358
1.64843506295706 4.05711294276017 3.56587701984487
3.92614394394697 6.56595253363006 5.41089032743641
1.97684365879599 2.66904012987982 4.34467223149151
2.61449959022275 2.36844136621547 3.80715843328648
2.23079213904935 5.00332523214445 1.30341037153908
3.40610881469925 2.41389434346496 0.963767785284595
1.98123096986723 6.7713749385344 5.34190401411751
3.79627156672173 4.25496609183964 5.73695394248888
2.34068317038521 1.39531850651531 4.70875840327208
3.93762975229704 6.56340207769247 5.02169162410511
1.97350418395236 5.93073329714986 2.88645972648051
3.48796553740006 2.77569590056705 0.546311204584004
3.66123103405417 0.408650353801482 2.83121055000528
2.80679673159824 0.741760780053174 3.34457165532776
3.04798014443361 2.80141728941934 0.246721146025402
3.41420570078934 6.44442264847866 4.44663687171165
3.0782003962399 3.7812608442978 2.23887353187398
2.5105086973096 4.9041797549627 4.66382696466339
2.70480041488017 3.97714737160698 0.821703904239919
3.30869787806356 5.18328422495806 1.17230958701692
3.84183071993412 7.49177334571367 -0.147750743501728
4.29948057326035 6.96902046222194 0.506902325681752
4.23404497806215 4.31337527493867 0.230398279777133
1.87125968561272 2.38939827249272 4.15252338433585
3.04136774838067 0.0991611009415845 2.98992661713328
1.46167429772068 7.48828612163468 1.65452801243835
3.01211861864822 7.4227023237295 5.94046336591073
2.55916125590443 3.16216535252229 1.7063939072674
3.84650521370728 5.75933952690578 5.71571301861258
1.6887595859397 0.55248685564912 2.85436758106948
3.46623873394116 3.91312094118935 5.90692482125986
3.34552151465295 5.50319225664772 0.600784560520451
2.56127752661215 5.11856937257302 4.83331186735907
4.39014106946546 5.18115140337198 5.87560052968523
2.16201669526851 5.88616331196508 4.77815218063719
1.75232794017819 0.831960201936323 4.16209026232758
3.22289249563758 2.93680385473231 0.352356141019089
2.11368089364131 2.80696412367545 4.62165976239006
2.50132956547148 1.54743428166663 4.71306996968898
3.33269707497216 5.90582131647912 0.0840084024545593
1.15039334098783 0.655589660921174 3.09036528343708
2.5086096664156 0.872185210990818 2.12335845853146
2.41756341931345 3.43461841381021 1.0968409618774
1.66367643176522 5.31657438032624 0.969696995047362
3.42744819738257 3.1898146487559 0.804448745985349
2.55478566339552 3.79226448126143 0.317495602856682
2.55158222455259 2.20593982033056 4.20345232742171
4.37496400094606 2.39821966705669 1.07503610666754
5.72059030077364 6.5910841387541 0.0828624714886821
3.31955020266534 2.35260965638835 1.15696527073358
4.65416644390835 0.362573005013799 3.14337246442141
4.70530995810172 2.71422310068136 5.13377589790613
1.83541700219683 2.52065842023413 5.68658691243887
3.31663326061441 4.1900739793615 5.49301524211021
3.27250373256005 1.14439834571127 4.03108427529484
3.20807779809398 2.0300244400013 3.55600955263243
2.30324779990127 6.02900756842145 5.92563633500466
2.70036966512259 5.07630769122091 6.47851185080951
3.3734848755105 7.00657086138495 5.66294715847857
2.54165672136867 3.57702849432345 0.801981480694739
3.45533311352374 2.90108775152999 0.240224741300648
4.3091642928038 4.25831297700938 -0.0472410005559643
3.98225074473816 3.69428096920859 5.66886277258954
4.7253977190714 4.40816618029693 0.0709971707533336
2.99014790515263 5.19359875457029 5.02692576680017
2.48581211598901 6.82984026753349 1.64505528006035
2.44758130083353 7.2621080230247 1.30573525521731
0.579429752748107 4.5977041764681 2.43125409570008
0.859116974476462 4.50483638911363 4.07642526261334
2.06963770266868 5.84197394209966 2.98327951100634
4.04319177938792 6.76214287002699 0.160986186197967
2.58674499664625 4.33026984138096 0.830543797525337
3.786053555121 7.12400207688309 0.326965781033444
2.81411020582682 6.35077954403749 0.227071082258938
2.59850934579536 0.811432765296336 3.07378896836708
3.98971004918604 7.48325719813824 0.0690190143064975
2.76410789828639 7.00588058810552 0.608164898778114
3.20171209260192 2.4937476068999 1.62828072235009
2.33484199195638 1.23791509542298 4.16930769527363
4.12215200146849 6.54033445990587 0.203155302114262
2.51528076420143 2.91987481793903 2.2057445054782
2.20320033709362 3.48324255775728 2.25422629344694
3.08253601770581 1.94517849530198 4.31236648660349
3.68833069042462 3.65067390763282 5.58915829104103
3.86634597425676 0.297974199189323 2.11002160876861
2.33787459303341 5.48643558240187 5.1485130829875
3.4284409929568 2.58451636587755 0.207802695631309
2.12401247104568 6.53590044733389 5.23213397659233
3.1294927436702 0.330281758667422 2.59697637361108
2.0175406006667 7.41037708776821 6.52040601930065
1.6219913590183 4.8942378065895 2.38951006099646
1.84602128918174 6.99990927565358 5.03933132088579
2.85438120656794 2.66119306671696 1.32364469025336
4.43203220995536 3.17841427319412 6.15198895542489
2.15169983095696 0.630678672723969 1.94174146858407
2.60768315056452 5.59317614431075 5.84267234822729
3.23014959030107 3.82933882740782 3.48869326293795
1.79007710816627 4.64307796869001 1.30056963450988
3.47366834498662 4.01123433235013 5.38206530033514
3.06835401465947 4.22855955897955 4.94599032661857
2.98192374096638 3.56424019243605 0.936808658149815
2.89020033187549 1.16142764954968 3.68304987048044
3.99446874006634 1.90867758455224 2.05886668207533
3.67393624679906 0.69468243067092 3.3681871974381
2.09919614278027 2.10801414418993 4.44695968611843
1.45777379370703 0.978513823190531 3.10554361692113
0.816605999238101 0.862082351648525 3.00831900616697
2.70315365512765 3.23784266756699 0.840501566647491
3.41747426730949 0.904125797199721 3.17049394939196
0.688711777038947 7.28063856404936 3.94130627679243
2.24593321471366 0.998518779696962 3.24656928037946
3.12436316008737 0.248979015703507 2.3917183344603
2.53782427443326 6.26754751280898 4.82587953841677
2.65090800037782 6.12747879975653 4.14626795237158
3.16079960592762 5.61109801320367 0.683016996488579
4.49703465743732 5.07147879956385 6.55553909183512
3.50182087985273 3.51898293006861 4.01781897669108
1.40736947333756 4.27091421831196 4.05756303761891
4.34341632087736 1.47057664504946 3.29863824433084
1.72121654260115 6.68959373765368 4.04111785938527
3.13928156097201 4.24342211965437 4.40400519011281
2.57583089256218 3.77572034003167 0.887688468928865
3.06104309890753 3.31299255575879 0.925894394415175
3.34337568746401 5.87027853089389 -1.04529556826933
2.7673746296139 5.16516331528221 4.6634523784372
5.07839907185095 3.4848787652176 -0.310248746044975
4.60723854257093 5.13396954010922 5.61715759966437
4.05328942525451 2.79520464592019 1.7110057069659
3.53650878879474 0.853907487082522 3.27618910788308
1.49504530825452 5.93350068852038 0.0444847225825055
1.66625025699318 0.544447308093035 2.81925675684568
4.06749028583921 1.9933715770146 1.13088797174006
1.90935451390499 6.41580433961869 3.25157224654996
2.72360573888837 3.68324637991201 0.389992619690691
3.31684938736771 1.31477962068474 4.49729172367634
2.06359844062198 3.61848824404278 1.54606947194825
2.12845597387305 1.10527527130318 2.73431292620072
1.93140542445711 6.80262491940322 5.94935560580746
1.50578300037243 5.21642884534077 1.29760213864504
5.03380621678863 4.36406808077634 3.78331227078976
3.9538577675123 2.36160367080672 0.0921748714011677
1.01219098227931 1.38331201653832 1.88759452789551
2.07336631973822 4.3632238738362 0.767926032466987
2.80917048104426 1.46742928455956 3.35477023437429
2.98104819791681 1.33897027424001 3.46681923075143
3.69741945982706 0.795172641288325 3.99596710677594
3.27598753627889 2.75380603684022 0.906189729261108
2.96329753283537 4.40169135801211 6.43293727623642
2.96551448421299 2.5243132936921 1.49584209722994
2.80444719062022 1.07580403203437 3.5427498127087
2.16250949285071 6.03235179054102 5.43976853765343
3.70762540432553 6.1542335192826 5.89942048592173
2.10878376913815 6.82468300821643 6.55261969997884
4.34286673786397 5.14558912075633 6.34282647960883
3.85493640404258 2.10349616167636 1.13235422404229
2.49528329080028 4.13570663302451 0.423843861036057
2.71139532890278 3.90278870424093 0.686614442602423
3.07911149016164 7.35446946357056 6.44257135877407
3.46062524226397 1.21991696045557 4.17087653309038
3.66444204656192 6.06999104801024 5.36461780777622
3.67044202665419 4.97344499867582 0.296092932373258
1.88930191520086 0.469307115265672 2.34003544805044
2.41883251927002 1.55269902816309 3.90207272861787
0.324290826420452 6.09916983533689 3.42545692018252
1.9101866861409 2.83580754603473 4.00211865357084
4.45192257882246 7.0219087582982 2.75386827943113
1.19597922684412 6.31779854871428 1.5584874265383
3.22980314489736 6.13007783543238 -0.0504988341383584
4.46236845334046 7.49820408513371 6.13760791497429
1.7236649223555 1.64947350589375 4.05058380058978
3.13210265215076 3.88249387463081 4.56629162235933
0.769102755696419 1.29617088229062 2.08524287186759
4.17352794405193 6.29824020534044 4.39566703290546
2.97961486456567 3.76793201742721 1.29431539582755
2.22053688221822 2.49639479250471 4.30083095744409
4.32356789884159 5.226538264029 5.78900209826596
1.79914058346756 6.91276853363516 4.40440893435643
3.5087818976165 2.07389962123707 2.54206829363498
3.606823568613 2.51062816376277 0.664363877791505
2.9813628744967 4.17521653842927 4.64107974206443
3.8935682740973 1.83668910080567 2.06525275436266
2.70526051899183 3.7973005410393 0.602839566354283
4.92972636691776 4.68001342666077 5.51010605989408
3.57504842787448 0.96679996004244 3.91868578664415
2.20047696629473 4.09030982110821 0.726989691134959
3.10031546944855 2.54897546146567 0.712792498701012
3.3940135356508 4.90918479594243 3.09238941149416
3.44049359838977 1.39199693405841 3.84110042801483
3.68653032069532 5.81110475222559 1.37804862238887
3.28296443454324 4.79092494237471 5.55335035102973
2.35370506679237 5.03008182353851 3.34891390461211
2.79021797913036 4.51088366156291 4.78043155098191
2.98529186857496 3.19151059993243 0.065538425874435
3.64646713822812 0.770939568997253 3.09221566373052
2.36349871073154 4.70159594446884 0.822318965678935
1.45807649461548 4.5703927738732 3.19668298402166
1.57530652391027 2.54524279288594 4.3205325893402
2.31466036871515 3.44021550107127 1.19910943644702
2.34953725448701 5.50287001471687 5.04506826423221
3.94934683618846 7.25731133821336 -0.187519714111277
3.77633118202903 2.79733422460671 0.733120354522117
4.26891044519 1.20305142308565 3.50188821867315
3.42169356329099 7.3622559699399 6.32309568148227
2.48120725055091 2.2837929908244 3.86587728824551
2.46803747527327 5.6566541554019 5.00651555415255
3.17258341559808 6.61168153331027 0.876801282069889
3.25008977091667 2.88255221854736 1.01764994848564
1.16831150826231 5.60785650730447 3.26439549770628
3.60363811384101 1.2921466172963 3.87201906348699
2.8407694841145 2.57772642452351 1.51580504705617
2.76592534283472 4.30789931712918 2.87612813312532
2.60601012541519 1.35349279067915 4.14877250754538
1.89968416220294 6.59643059746836 4.54044002089728
2.84788495404885 0.83027964325778 3.34583515953854
1.09406745686265 2.79990944312071 3.42120253245992
2.30590322188474 1.81276610397912 4.35914823504655
1.32496701980313 4.883544952188 3.93963173075645
2.03182765649663 1.87278083325475 3.98381120757332
3.63463942254179 3.42916160051785 4.65202638598793
2.64446390136175 5.62265912502626 5.62717721996792
2.95907559987931 1.92328653851894 3.40354659233084
2.93692623144788 5.23156056607005 5.05902216653842
2.91482738626208 4.88559008874523 5.81237443137837
3.62473150984078 4.22056769042389 5.69863425984534
3.79349904316942 7.09207938465115 0.924852005318457
3.42267885977467 1.69727625906744 4.16569775576355
2.26000204159249 4.74101712650747 0.880058746689176
3.4495505885484 1.47637433956544 4.57498872352036
2.91531300105421 0.360145930657234 2.61251059105247
1.90661663724709 5.33826512452995 1.40626839136634
3.20764458476231 0.296861101932603 3.34260781260711
5.73473241506176 4.05918615966942 6.32760562679881
3.58264362799397 3.73733155490633 5.57810836354784
4.62565635267751 5.68456950799344 2.83249276746521
3.7524133208846 1.92178900315225 1.84265667253886
3.11371056252119 1.00415876516476 3.60844195689576
1.54801590100265 2.98907205694399 4.46279521541375
3.24723350426152 5.80333680409323 -0.176622092518332
3.87568271612193 5.72235707923155 5.06076249280028
2.12285051281472 4.62269163766869 0.990869080587219
3.04272468233595 5.21745959668352 4.04372881366748
2.03689048995555 5.1077016728504 1.78937920839597
2.63040813243307 1.85902616077653 4.28415824926502
3.42817990200641 3.6886718001016 4.91143866140216
3.05205888113599 4.27376827115349 6.25818275042275
4.22762781388459 0.744514524408275 3.52175276360053
2.48292359753618 4.62233349477743 2.33946682507724
3.47546935912926 1.01953228246314 4.05537151529404
5.01072736438826 0.881546562475794 3.72922621167587
3.0174016954826 3.30146895305185 1.45409112777335
2.50451780377566 5.29101011957657 4.9648727885886
2.83779546180029 0.0375699129319793 3.36821908277142
2.53082089909285 1.98431049405015 4.44018218957699
3.91591420637886 4.22719351652021 2.20280461653101
5.46708350359515 0.68894720772678 4.97409828563727
3.80520945854746 0.548673223265065 3.50461360479707
1.97665323207115 3.93240090185223 2.2422778318372
3.9571237301392 4.9018617940911 -0.440256946395142
4.39104826822172 3.56686601390444 5.73572444951832
4.70959404700858 5.513502350041 5.43729709371015
1.02399838247578 1.84206323854664 2.44048823516952
4.92711611312555 7.49291948468623 0.318540597487382
5.02231118849624 2.30718386917893 2.79868401864716
2.91309537446889 2.61475957106605 2.13540946551935
1.48060603696966 4.07893482858974 2.91249312868398
2.66902530474929 5.96674807515513 5.76883599768582
3.62390978231908 1.16030291138375 3.49613325418925
2.94114464971913 4.19365838841976 3.96319676901295
2.67433771084266 4.08421598041084 0.727406951828599
3.98880428400357 3.69987939977837 6.14581073485427
2.41775791711145 6.5187692666213 5.45446832207067
2.89084539753976 3.06038654599086 0.889452325725616
3.58212349772782 3.93278651182179 6.06153947480533
3.31323025834118 6.67232079744928 5.32383631081137
2.919489341661 1.71899803261848 4.60764190758321
2.32395462894478 4.94959559537975 3.09949655254792
4.04731770723844 6.08845144470043 6.15295703973211
4.90130063280299 3.93376013971775 0.771903809909007
2.50470413890629 7.47084427601444 0.445156093186754
2.04974911881076 5.17448451994314 0.380664771354147
2.90556942431683 1.21315527016224 4.59341892189832
3.24677758927308 6.61656197590743 2.65617887126577
2.28279108223293 3.95873080582007 0.586145366968999
5.80930065517282 2.65042493425229 6.2285975261608
1.78008785581514 4.39213178535649 1.74224441483925
4.37798130536636 0.293751064518807 2.69611837319305
2.18550292677917 1.66749137985468 4.35429839048742
2.25060234462723 4.50672741614454 0.112680135470075
3.49153438613624 3.81028038278016 5.70175768364101
3.75999848579203 6.64214844739769 5.79973289559654
1.99601770520212 3.54610576978653 3.12644293047352
4.32984065992981 4.18935762601643 -0.451682213403388
2.53406873446526 0.364997821662398 3.51009913167049
1.7072796484564 2.106483001298 3.86074012625929
3.32334624749572 1.65478825925755 4.80878900609413
0.813076755956261 0.756485747338941 1.9081493868182
1.30247075127199 0.244187570705904 2.81037401535541
2.46863549377011 3.2293498743565 0.666179609571482
0.409401601182039 7.13551952125168 3.14464944634624
2.01048271019776 7.02049210095915 5.25908072520203
2.71807852453957 2.72096952347736 0.690973289757425
3.414876724384 5.9064836524906 0.214515376600771
2.93199504152351 1.53658067634254 4.12599504928162
1.50489794148553 5.43205506883502 1.21689811989592
3.21326016210502 4.81764800129001 6.00698386238892
2.42894055395441 6.74944896525336 3.89117275631328
1.86734589448058 1.76866314320838 3.61461386115277
2.4456753395924 6.48790799683692 4.8654066513455
3.28165873049853 2.42851367494402 1.60478779162879
2.95174493589646 5.59048398266574 3.44811155415729
1.78714100017794 7.09669445526666 5.34556787048066
2.51050367209086 5.22484512858093 5.15153159796099
4.07722353623633 4.1074507479872 3.07869835411607
2.8627557613329 5.40035630248743 5.7651572254783
0.761561008153428 3.49261404120302 3.43113310688113
2.883133489193 1.81924737103941 4.34537253162795
3.04777478627093 4.05422906109469 4.31249511376815
4.27476847974754 0.933592256071582 4.11054749622585
2.12160011011217 3.44383171090544 1.9647556448842
5.02251017655839 6.85791161028932 6.03214488924491
3.58072671749062 5.82882765188145 0.86714890022065
2.54436851620182 5.60211473286102 6.11343610451928
2.94529228916633 7.27428932960187 2.40301845341113
4.23758789007389 6.9991060657286 0.369068869592823
2.53473166831961 2.60540511028854 2.78963308747195
1.72445573729908 5.48809528068551 0.814549599963425
4.9403958290492 2.46031931977827 4.2267740093569
2.43270050244347 2.45881830455171 3.71562280299902
4.32256977517879 0.632328424051062 3.77212023954995
2.3687002089634 5.33115047129618 4.83226313768144
3.36938366356671 1.70942008500075 3.87441580837463
2.36654778262194 1.41219720897818 3.66344593944238
3.00435707611533 1.35169436879377 4.50418334027045
2.8537116874698 6.69161871802027 0.417130395884647
4.74052140139858 3.31423301227565 4.40261321719459
5.3175794206257 3.64608302922664 -0.50240340649341
2.56527809911038 0.139382827326512 3.03251902871268
4.81873752451408 6.75829205977291 5.5588162097516
1.90063462436419 5.76057124118736 1.47177044928826
2.95278231639397 4.13446790799647 3.54786980765898
2.43786929364677 2.72886666264891 2.84832840683698
2.20494971267504 6.63948685317467 6.33801485553396
2.6699337911721 1.35783121849752 3.02903825261376
3.1779332317477 3.17575812533762 1.74028528876975
2.61200690462582 4.14153525239714 1.33158125853349
4.3560442424721 7.16609830006709 2.20166714729431
4.57871618386131 5.74863612194388 3.23608884040543
3.09362319104044 7.32958296885034 5.799946181193
3.05569067727847 3.73095423739584 2.72179851744884
3.47332199885764 1.38838425350853 3.57020081642674
4.06769131084997 3.48212588479019 5.82824497543116
4.91406503426747 6.26085901982264 0.467211999159836
2.5813429825628 0.689840394164958 3.21527425164397
1.806486484407 5.59673019312214 0.282156700550378
2.61247347806536 3.14019858659742 1.51476916273741
3.30583779055949 3.38261640654738 1.23429838293953
2.32582038233177 2.40774687244461 3.26789679578486
4.46278976714952 4.11793373594539 0.819910165332487
3.17205116519135 5.13259389752506 4.06242390515352
3.09194218599658 3.17844957864118 0.959257610794295
2.29011005736034 6.19962572181693 6.50911795916416
2.76978450165235 4.55892631276068 5.02499257042902
4.40945124308181 0.700704667103269 3.37140880248386
3.05133278474603 7.38746519333928 5.24298995144425
3.50959488399994 0.57392403175843 3.10700403539449
2.91112149874683 1.35486796590941 3.27786253413199
3.23375272112256 7.08730562974782 6.06940859673507
2.82283368046233 1.95282666958684 4.24604169491766
2.96848774892811 3.6499944172275 1.35455806741858
3.51307317179259 1.15201005065285 3.3380318614288
4.3736949095686 5.88540638139197 5.85898629052555
3.32225788089892 2.14689008256746 1.17684737498812
3.60561175706246 4.24195788573341 5.73666102528711
1.5901501748024 5.2459210904562 1.73312191880492
4.01780763460999 0.390694398468446 3.09856156201856
2.95193103936823 1.43768804894368 3.58829915965004
4.42881206440816 2.79732297757936 4.27945480636872
2.33874388265097 6.68243951496296 6.22235214686847
5.6077242373799 4.57977123202594 4.08570434551281
1.7983489348872 6.22273830719254 0.904067087213588
3.50533995127412 2.73996414341239 -0.282644078655127
2.74337416103161 1.20817891151512 3.49954809336375
3.02304005630785 1.68967030407439 4.3984619968158
3.6381844120443 6.43420555264694 5.64303973723219
4.12330289295868 6.01310842842665 6.71947685770758
3.32796947502677 0.477426367760447 2.8941203394177
4.58311279520584 7.2379918388153 5.88705813673367
3.60231037405182 3.39380637528161 4.72752159412746
3.87392742616687 7.46907065221855 -0.0260415890644248
2.82785668077851 6.39204789196844 -0.238104737124046
3.20716197274442 2.43694749437692 2.33073184642803
3.18432636199568 5.52918392672335 0.00927837497991735
0.929002219786155 0.320795703007251 2.59391654929145
1.33476701564434 0.0519716913561776 2.97054282217437
2.6033955569854 0.704893590739813 3.02822224947255
4.21476314206815 5.03327780956644 2.31508953456157
3.04403370736348 6.15983992309462 -0.785935050188371
0.781657935161114 1.21223299396664 3.15473375894521
4.13973740764504 2.47638431507724 0.0186148901639483
3.69323485392501 1.38401952510302 4.87059796684628
4.34504582692704 6.41844713809703 0.303243350645699
3.00396089121689 3.17684217084209 0.137783667356693
1.52374052977623 3.49069587662392 3.60574802749756
3.49738431704324 6.57323562701407 6.37735483255366
3.34717749809412 2.0437442784576 3.17129577322412
3.05444357220107 3.52360020460913 1.20396614797743
3.38496810159386 0.880424263976586 3.6110846807088
4.05927040715827 3.86853139734861 4.87926473635918
3.51914571509599 2.11372555379612 2.23201164349876
3.4176952400002 6.66384543603429 6.06362254083155
2.35509475138136 2.4040453374031 3.94860463794275
3.82897459426817 3.05459644006676 2.79227773192628
1.79390202715873 3.84502450678287 2.24666453137652
2.60108544229521 6.07509666293053 4.51229834798205
3.57112331686337 4.71522974741008 2.41753642471697
2.78309399574693 1.04711593499422 3.75483945685019
3.17563635228185 2.02257157420988 3.78487340459024
1.4198643486461 0.179443379768466 1.74679279254
1.40681324238765 1.95864083784394 3.62255749426612
3.26261902065716 6.52581549916984 2.12452853790624
4.53977811005424 5.75347145172114 3.74240316543359
1.78507132997284 5.48207441980298 0.306493075518908
2.34185315119264 3.45285487423758 1.05899458958078
2.53113251465599 1.00584568785775 3.92035239492776
3.5745057811681 4.72714004539225 2.75299219766676
2.78600985176099 1.70382091838286 4.19611845867695
4.16168070706964 0.325585408152574 1.71991114440623
2.15927054511148 2.17138304393502 4.70711297083127
2.64336832597448 2.4748001547893 3.64127478824162
2.22487808700409 5.99284629689508 5.46439368473568
3.32032537896817 6.92084031835033 6.13323873311633
2.45290196791884 4.05429977431769 -0.520228344198694
2.91780525858251 3.72333361777555 1.36749396526901
3.20769721631935 3.48402496462505 1.41632153303984
1.57029133758581 4.94469839768532 -0.0595438897899048
3.76702364751861 0.775585651800449 4.30142635392203
3.07811685273142 5.30731947782889 3.6426581494159
2.13723721324558 7.11405774386073 5.97332976592583
3.87299661028258 1.19798241156348 3.62775770192504
4.02857874544454 2.51957587903092 0.411500546728998
3.6484725934047 4.23473903791319 4.69337053939045
2.34519070919218 0.329754579842173 2.70925412404891
3.95965592009757 6.79025594818523 1.18240581853536
1.89212710578716 3.42317311630256 3.46175408866761
4.49769036563697 6.83460581794553 1.17874178004405
2.39531595317292 2.70522652603386 2.38175573975813
1.14133153928303 2.71058138046443 3.2026921918824
3.04500465554743 7.13888719512131 2.50616427915517
2.13938397542126 1.16252416425104 3.89352310844093
3.62519567848215 1.19619092581318 3.87609815877228
3.57416492396597 0.0280101820827614 2.6146974532901
4.18378674496065 0.554836735891976 2.3861246177884
3.3997068415856 3.3312295420076 1.47036055357363
4.36350958397027 5.58012243749435 5.70333665661038
2.89582475221305 3.14636465315115 0.156265213059258
3.34747976768726 1.62602935669169 3.7915337106415
3.02758059667853 5.50635063559133 2.73971744139548
2.20476808369296 3.67952307237006 1.21090591555417
0.916455273404079 6.64834722979972 4.34691545013224
2.89100928491141 1.65689380684845 4.62528522334203
2.81382755167591 1.73138426685329 3.97944464798059
3.90351235447198 6.60698918340157 4.76485765764219
4.35080232690563 4.09269574999235 0.215933536119532
4.03819444558786 2.87974082596984 2.34369787432374
3.35356736042888 3.17862804573121 -0.224388999455351
3.34650596896485 7.24698253019168 4.9780249514025
1.50082088613651 1.75678711119102 3.40953602169821
2.15466485556698 7.15513298957313 5.04180012113394
2.82537202786658 3.64551874741568 0.508616462682624
2.02999843121685 5.11721919952838 0.952103256583908
2.66692699455221 3.12897971945413 0.568024922966587
3.28056261347495 5.9208014846702 -0.14124982162879
3.00871389248934 5.89248018582359 0.355661871634353
1.10812214057917 2.19125635729904 3.51892643060095
3.44000607862275 5.06656926727089 1.18391615275829
3.94377415111436 2.66159713659185 0.637723295695761
2.44657273266467 3.14708103828902 1.8814439256755
3.44416525868141 2.04234878343747 2.23423265194515
3.01170613648734 5.00084752249666 5.49149905044537
3.6644092044193 7.39361617499561 0.191786646867716
3.05237062591191 6.39447947630368 -0.355010301356295
4.43267842995591 1.24277359314708 3.42258419309773
3.67455993613049 0.29520619998318 2.48637734011891
2.59281676232845 4.34211517030003 1.48782891518957
3.85163442877062 0.651694309262665 3.4121057725867
3.05642949612456 2.17034511086558 2.94543898575611
1.45211487400499 5.70875458419226 0.421253847268059
2.34943140851245 6.22143671598152 6.30313240191391
2.5659099904484 0.743221299982824 2.80699932196419
4.60194052844534 5.03600793804028 6.42503919135344
0.779965497678755 0.686458046461815 2.09837232117277
2.72248087010037 4.44517444923436 2.54320244548978
3.79407180471115 1.77528486847113 3.16677417692178
3.11278442021144 3.80934164991218 2.64283026539354
1.26458903901907 2.07632681676908 3.46647358898842
2.27229386788764 3.7572156916269 1.13582703224749
2.90790946544344 1.66364892098128 3.10581216016574
4.33070485276163 2.01580381035539 0.84063026933495
2.52339817071798 3.95210572799907 0.557046444739655
3.24568229408978 3.52041659461576 1.02110639355755
3.40311431445425 1.8400290044999 3.10558733956345
1.0040238931851 3.60895788699291 3.70417656717237
2.28877131992157 4.99375801160735 1.87159824666284
2.19070566120762 3.50749784694659 1.76651211352371
4.71576951003315 1.58640101650947 2.37682609111254
3.66609578759002 3.93769096051503 6.48883933701093
2.7325406119953 4.31386396187143 2.67072349291477
1.46631080605464 7.31416179043331 2.02294157726821
2.30115529534109 1.62410894312108 4.37575935544566
2.85487472546992 5.06483817284129 5.40665452956598
3.27332216477025 4.15333514235616 5.42208056132063
3.16157115117217 5.43491633078361 1.31233761504427
2.50314619732197 2.82419210626539 2.95449359801775
2.47198350596973 2.00728068884275 3.31817572080487
1.81392477671028 5.78730354139001 0.28622680436691
3.94617862367283 3.27294396088238 5.69635092359383
4.46878580863655 2.41816867382253 1.46511501413869
2.56693962395339 2.91116321906625 1.14219680967348
5.37270838733807 7.40489282263953 0.489136544153484
2.82218640130126 4.52364863742013 4.61968008986055
3.07599362042017 0.590668368186985 1.8353987821401
2.73730718979021 1.70599344296815 3.77392743833659
0.561321523506418 5.55176009063395 3.01450012309573
3.59267829847238 4.19263234134871 5.47140962874831
3.50137951072533 3.46753366563533 4.05820699041988
2.58098803205029 7.31141505110201 0.843036984200016
6.32670693508167 3.49443230658635 3.70315044186469
2.49838208675633 3.33826468188463 0.598656116238317
4.4112780073105 6.14020665261591 0.313121211428736
4.07267123220367 1.08973404838763 5.07859671979796
3.29330400934294 0.498966131497231 2.9829978124483
2.46675600369426 2.4804335627793 3.99385897274743
2.48712009767117 6.77212369773262 2.45501393946453
2.30836784892733 0.994006651362891 2.88497092642665
2.79938750344779 7.16679977773341 0.252176756651768
2.14555250117954 6.94714351852164 6.0384968551352
3.00358793179943 4.34031529410357 4.77915565215813
3.31598440417814 3.33518073706854 1.26153877566239
2.50746188317773 6.16682618681058 5.83748575559412
3.25238039308112 4.1984833639308 5.86176834778327
2.55935744573463 6.17141745037527 4.67452117710452
3.71822801897672 6.05159175054848 5.91332801602637
2.97718956478857 7.09147169789404 1.49915430634996
3.14733312377112 3.70794806319719 1.9051097383113
3.33142789514455 3.72060081167608 3.12222986330687
1.69732888682136 5.92714302974093 1.1819717120078
3.63140814024055 2.77590063022253 0.474211397013736
4.36058930744461 6.93263748300861 0.220291344518001
1.78422677299347 1.56495838011995 3.37932117453885
3.46572066722386 7.17607195844323 5.21164259828778
3.91442600211336 1.99624513779555 1.30834598634658
3.40819081970159 2.40002883109496 0.166947278103384
3.12206492092195 0.02386936082193 2.89462855806531
3.29695823470835 5.76517768939284 -0.0109814073529488
3.50737589883804 1.37991919705704 3.87614680832043
3.85135870384114 5.05876221525454 1.06966819064556
3.14693837213445 5.67436279303007 -0.190377302095551
2.79550369616764 0.658612303129358 2.69819390509577
1.56067715895036 2.29860472634914 3.46020461535145
1.97318632761203 1.63676920168729 3.56372029131007
4.20679010419138 2.98339029017398 4.8823560638857
1.86013768283423 1.17716083580466 2.32943541354526
2.83821124337108 6.71459523481314 0.544580054013177
3.55756609434123 4.46755052127193 4.57563296988095
3.44679622706114 1.32604459903057 3.51746477298472
1.3197160746332 5.91315085890563 2.91915293732159
4.25544041878441 6.61720673456189 -0.913867419162425
2.75454936105281 3.35893642124111 0.334204297657471
2.0698001135563 0.610959389890206 3.29567264790304
3.97606118145227 3.45891956838179 5.7320483333146
2.4424114953351 4.21698759257585 1.40779913447412
1.51203639525319 7.30391602284134 0.691929499412354
3.53425068328043 4.98160447792243 0.627527503844253
3.30668077265638 5.05102417138116 3.10255996291485
3.44566118744787 3.72917711264762 4.60470330051141
3.64885708840119 3.14031168647248 1.18921939837243
3.21893895353483 6.06219662198534 -0.108732848204609
3.47421032370765 2.00746045893892 3.44200566824257
4.03417476624248 2.07703331407391 1.49401972719642
2.65217694567309 1.51499450167336 4.1574113231347
1.36419432352498 7.40998349243011 0.497577733826469
2.65155555719096 7.14646961035735 0.23558878894555
3.69722112733383 2.69877273042642 1.10538395509048
2.27493749952291 7.45759458082035 2.0861941193085
3.49404775433304 3.89219031834804 5.89029664387233
3.3803352287455 5.43516245922064 0.298038254081929
2.14688277815417 3.11975715177282 3.0744139409298
2.81667033280398 5.55717492936837 4.6880721084834
2.3984616900067 1.54902461214984 4.09581475859446
4.39979506873966 5.55573490032858 6.37936806834531
2.10516951312095 2.64451852998259 3.95453240094778
3.16263634159107 7.18767597018472 5.21286251389117
4.51577104115535 4.05032856391867 0.319194169089605
2.32790443635876 7.40925612603217 1.19724389776758
2.8678804692306 7.27955949726055 0.524275933019366
3.24119294473829 3.36466514163897 2.37586498737335
2.79517853319483 1.25691688999723 3.26031811653207
3.06399793511929 0.576989061809572 3.06857238796361
1.84288151693293 3.09355007425487 3.73877694771835
2.25649893717602 7.12522394414388 4.87269802726268
3.57912754003052 6.13037955308777 4.50655849131875
2.35859807465647 5.82890140172615 6.39210367636677
2.20923742519503 2.67150871317368 3.55944434528598
4.73658591244022 3.75713554457661 0.545279370433584
2.96915422207061 6.73334308865039 -0.0049150638394123
3.90173693646537 2.90224819531415 1.51734346404571
3.1796013002181 0.70980506178542 3.29202141796115
2.86115230818934 7.17019167445056 -0.0306446597698251
4.17892207292625 0.332678469013883 2.54363801671638
1.5422216136969 4.9174830570725 2.66381536364881
4.1693640035684 2.46842678445616 -0.24263476924641
1.47459592001113 1.29245371128723 3.91065972676589
2.06744805277796 7.34603620615191 5.70747614286948
2.7202660027881 7.122102054101 -0.187134172070113
2.24059965589838 2.20953006598996 5.00622823877992
3.16946209007375 1.03226642855045 3.94428057795397
0.880352593380748 3.97404989381895 3.0461826363636
2.67767765364661 7.31392674736026 0.422033357619119
4.57247636554974 7.20243383578824 5.22785487900751
3.26472444908837 6.82168922727058 5.36477285711833
3.2178170939106 1.65413155403493 3.13176400852464
5.65914837682912 1.12451183116621 3.76858802090542
2.43637477551457 5.16266663287677 4.5875484915517
1.41804104843619 3.10433423301309 4.8272745761467
4.01947105903065 6.3298146844286 7.13083871853677
5.07403793548693 0.149598608504167 2.25505167158342
3.79959523413487 1.52088702841954 3.97909513211414
2.5246840944064 2.57332710633345 3.92187104746876
1.37231420145872 0.673705561882598 3.49498560059512
2.66774430023021 4.29442983784737 1.64354913636399
2.64958271566035 0.75427912777392 2.95668969902441
4.28024511250381 6.77703828015931 -0.156841454748302
3.81629303350821 2.8269936549621 0.518948890013154
3.72089979447097 3.44498566041583 4.55211995781388
4.14394777403414 7.42519794317164 0.0746421929611313
2.76362874598963 4.70910289157172 5.07464284034004
4.26894348714236 6.11138037159243 4.54526574026537
1.80029940986089 6.40969425625562 2.60168060561783
3.29820256902654 1.29595755983694 4.14562631425342
5.24453581863643 1.54802711910714 1.42918520240824
4.70914623609372 5.10465505410591 5.71166078718297
3.39729799249165 2.90376540198043 0.769714163549517
2.4459384132828 3.4779868545223 1.83627579052566
4.59486621423143 5.51680823119057 5.40686105098233
3.03839051258462 2.71877393303954 0.28175004857002
2.45657326232258 3.29320907985848 1.22048487389746
3.89630693199792 5.94711398558242 5.62514783091885
2.19942286481347 3.66844243444343 1.34467666240421
3.94452423319084 1.54046115094327 4.36489151781794
3.01025479201546 0.031577444552557 2.5099904590958
3.90024326638125 4.20167529457363 4.17357389431286
3.8074038348171 3.61944288643852 4.88326865686985
3.63106400962263 5.85394790930418 1.09552603657914
1.47883144223781 2.19596101180025 3.36408773649457
2.3361372139207 6.97335622580437 3.49022417625641
2.2013858979377 1.6698708397708 4.13797256121476
0.676747512488614 7.19438337057353 4.28270657162064
1.70488721335263 2.4541135378315 3.28088192016085
2.28883640262612 0.823440558111153 2.48995363998837
1.95767409679432 4.28543646677578 1.04768075484072
1.90641217403911 3.47142937069104 2.76106070529226
5.22477490143715 1.42829553302994 2.55307060997843
5.21069940449217 4.10664739265251 2.06061619422293
4.90352213404641 3.8565814517622 0.0461127282638145
3.44255865775217 4.56750931325579 4.95046587290333
3.68431639833632 4.95177290634087 0.831958935731286
5.92741473410994 5.20605628603351 0.206085851483597
3.38362187594439 6.1075761067567 0.889573097973419
1.3730878400434 5.24075698743213 2.24699373108172
3.4475608587217 2.3530874928889 1.6348316889795
3.43395166938239 0.569709061759136 2.70137193644449
1.57331886603801 7.16201265988032 1.01143832031374
3.19437994017677 3.26872300387127 0.249766458907939
1.79977203267089 5.04974853939581 -0.00699991270251243
2.39831398013906 4.28948430320304 0.665719930789376
3.27932480891379 7.32674844017122 6.65384222032188
1.91932801567407 4.32838587048851 0.0163132626252268
3.37321637964956 6.24432900545459 0.638527015009611
2.9181032953164 4.63800083648683 5.69427409081031
4.31142794345763 6.40896030231654 -0.663185292976165
3.80233073300381 2.43657603315626 0.718496874020009
1.93418924533329 4.83013529606981 0.448732761267543
4.58874460671641 5.33762237822577 5.42056988348636
2.8678423643387 1.33675993654895 3.66203289141691
3.7836639046435 2.08119041290336 1.20603911399985
3.48365019229685 4.57265613153652 4.8166151728947
1.66846158347394 0.25609410562307 2.54238530492325
3.32747668318013 4.27198431559239 4.85085871368517
2.44510495988084 3.71791605843681 0.842827113864521
2.95625970479409 6.27874042818018 -0.140481513234409
4.43169870505221 0.510328642929688 4.56790645101736
2.98852371616612 3.85543860594924 1.92282047825383
3.37971961413583 5.4226232622531 0.419008149599073
1.60980283163652 3.74968166061283 4.86099065948017
2.28552182774149 3.2983088292677 1.27852694300314
1.1036447248688 2.37469270005625 3.20889409314203
4.20989350678231 2.2929446058873 -0.496308311946369
2.62733279916879 6.79379163532331 0.302567931981558
3.4981011707981 6.85824780443822 6.83625000199529
3.43197277537796 6.08509605120396 0.6321541397049
3.62208584931694 6.21707166834917 5.40468711110036
3.12408269848703 0.91274866065458 3.35306874793676
2.38341022123526 0.193219251715027 3.15624274966348
1.01769525360223 3.4596467438931 3.34899061482469
2.69396271221698 0.323579683259801 2.96044780233598
2.13001571436306 7.26634938924902 6.62033977550571
1.61663138136111 5.81595430718524 0.438010383717606
3.91403588454691 3.83660764635315 5.63811727052335
3.28259829132235 5.41343002671276 -0.298046353194661
4.41008893413223 2.97289235913278 4.62667771289181
1.89613839645379 2.21529034028 4.75538138997431
2.10640722811747 3.98588066350128 0.874307413454755
3.43318478405614 6.36271135468501 3.69724788139848
0.92755789379126 3.88853651603159 4.34841312167047
3.62828738572525 1.45056973911126 4.07902723173193
0.364616954995917 1.5264634814824 3.84155490904455
2.35991367338181 3.83982633426349 0.779707572664907
2.02429082567548 3.57637151215854 3.29503595813373
2.86069703897497 1.86594682413703 4.08425235943124
3.67461442946695 7.30249383415518 0.855131651036324
2.98776385790981 3.09777551916777 0.709068984954709
2.37909394240587 3.79158651771539 -0.0290470873112441
1.85900907229563 1.08981700791817 2.93204897811862
3.36827410636584 7.00904116519255 5.75914473987103
2.14147783802566 3.17628088011014 2.91691466115676
2.21331925527935 7.01462874103091 5.44918863450673
2.30095798294004 3.07040126957684 2.37809569120699
4.26973102943745 1.85678818324051 0.979676058873554
2.06579369499757 5.02629137908207 0.81142061982247
1.63033376155398 1.26515332937819 3.86620279929927
3.8287039384499 3.47100832963692 5.66560403738558
3.9545345732406 7.22705732683755 -0.230072669858431
4.35923948821238 5.36231813364797 6.37249222281004
1.52114804290873 4.60435314589232 1.4474546878008
3.12265389879071 4.52318839318096 5.41884950495429
4.62295323304239 6.43100076986474 0.852494417280053
3.67463631553733 4.70236946088987 1.30719221604617
1.2233013185892 4.19844422990817 3.88745172710743
3.22253735349378 6.02480847149274 -0.298703863166756
3.40093125938459 1.09423036684854 3.77713313682602
2.52980907093945 2.99185023227409 1.5791637043835
2.71891574350376 1.8093012157513 3.94908763670646
1.80891983829193 0.814074382693939 3.11615691711109
2.6746343437676 6.56197616569831 0.78629193064909
5.0304093761229 3.14811866027618 5.88400891435067
3.25671202001841 2.76733981873349 0.866604273374093
2.58723569861495 1.41930933253864 4.12353531931877
5.30200342992857 5.48361632695199 0.195585963207186
3.35851108972126 0.132439438127217 2.75702432823539
3.10248865546068 1.85102606154149 4.93506184165583
2.75810093418282 7.08775162202619 -0.262141648501721
3.1944775267586 6.45418484804948 0.190661323557829
4.47681623512042 2.39700296736972 0.610728421616073
4.26240720789871 2.31636458691763 0.458220294591945
3.36789442296064 6.73355850075259 5.60546250898419
2.32947856544033 1.22892601315474 3.56128028402663
4.20148855400864 7.44681742786844 2.80701730420949
4.00866302321518 6.36759623141638 5.4190578455094
2.88575826445832 6.21330047389398 0.526566560542743
2.21886769377796 0.00216166737465517 2.34860079760534
2.41673820735785 2.50300740179481 3.28300161985284
3.04286906909265 3.49151610183747 -0.0601997818900781
2.80697489454668 5.5197598616081 5.20221280064321
4.22083441002991 5.18938114810451 4.16412539278229
3.08481436466298 2.43252349727824 1.33942315573338
3.21965485437909 4.62535867582303 5.85232147009046
3.93883513831591 5.21500532647331 0.621467073277879
2.95108082754151 6.29673787485204 1.44729576542518
3.26863090212984 7.16732388305412 5.67196709113324
3.97588060274539 0.50629807865751 3.46797491099723
2.48468305999537 6.58948893480021 4.20863167392797
3.47080982648132 3.60360581132872 4.31334831525464
4.34744125159473 5.16237592103317 5.25345639505708
3.8874306788071 7.31795158532544 -0.117772525407861
1.91447110441745 2.70643599163895 3.94356510428353
2.98497460448358 2.87940627524912 1.15636323630056
3.61898661783921 3.41447813643235 3.37670048549688
3.82994700032792 5.55260462299215 1.90279234762274
5.4590542982293 5.97404882273815 5.74103532507781
2.52887003383805 0.536657604860292 1.87287723182993
0.576305246006374 1.5490787532589 3.73179080278459
3.28636277131289 2.20525305335385 3.05563314572305
1.95580359910597 7.14041048204117 5.96637535845771
3.5482561759064 0.981773655242244 5.37064336731431
2.21662392932356 2.65232381161547 4.88051628847805
4.85753425450613 5.33056521967935 5.45238105275492
4.28221607769288 5.53440563567143 6.20128265759482
3.23427871366472 0.567695282108741 3.17684731866862
2.44379417351306 2.59372589166076 3.26270370036672
1.97717416762801 4.99651072057561 0.696568853931381
1.42587728829552 6.64812220546546 0.495474205969516
4.44025718342563 1.9995572389634 0.346512130380556
3.35128336670511 2.4434440313841 0.665749489733299
2.51112220516917 2.14520975659187 3.63482478631998
2.60676616309609 1.80418675709758 3.78156250780089
3.81988895217601 3.326981439114 3.58665856235827
3.61463661859825 2.52916579400097 0.633657399287149
4.21483892130606 6.46102328329318 -0.0942017419109059
3.14296346025409 2.38520597790868 1.09193888756619
1.97254241593802 4.0602099635556 1.47349576501592
2.9292008383625 4.45303240733616 4.81485681413782
2.45277729780778 7.01146453846573 2.2030937907785
2.65135540695936 4.86696644482687 4.79297114037236
2.43600020707149 6.15243647361073 5.72698414151024
4.52587433515732 4.55302788751846 -0.55086372750989
3.09229215962729 1.37166720612612 4.09482714615331
2.9723267588739 1.14069446208239 4.2703809577774
3.13651556399709 6.69533287338238 1.13607106613975
3.05746134915268 2.8495560565273 1.01965865433087
1.39005869528583 7.19361265892589 0.796724773808564
2.54112265798232 7.44598218649207 0.488994997801085
3.64419312108362 2.67927190489047 0.445571715731345
2.35673072233476 5.64791225692939 4.98322252017269
3.15861120210443 1.69230867196571 4.6441328952867
3.81292575182651 2.34138294759132 0.410254682470235
3.03795425466459 1.34713873221936 3.72191874421904
3.35808406744626 2.65926443402547 0.379688966200096
3.25868084763318 3.06625195758845 0.497742609222507
1.80248169971037 3.65008731739903 3.65971527459088
1.83711672973522 7.09707292952596 3.97385105848914
2.96300878401358 7.0021480318676 0.485446050905702
3.26729611909173 1.80582318040413 2.8368851477348
5.18983985494194 4.71329210603519 5.71988786937125
1.08872617543854 7.15545068827101 1.89997034898583
3.5208023688119 6.49944940648786 6.00930760000342
2.10598282599517 0.0318043423125918 1.95734101887886
1.56142792340681 4.23370328467034 2.73106278529168
2.63221092827911 1.10522823873498 3.63768748809479
3.25000327882969 5.20462012054974 2.75469600439
3.05954513949225 3.82862316534687 3.60307173463026
4.2021570088113 6.41275473306715 0.124398031786876
3.08025870285057 6.71282818871246 -0.208681538731088
1.26258603253109 0.936071400523091 2.44111072963338
2.93045559909225 0.00530606910548581 2.60350517084886
2.86098019275394 0.533442855705818 2.78083631096091
2.79637001775451 0.636411642260984 2.74492539694429
3.69126197856696 3.45887260234985 4.63440012254016
3.30428909339925 3.73474137718448 3.77373568132912
1.75451591609385 6.9807147500584 3.22115474585036
1.07472146699807 0.42159394489384 2.81945032796614
2.63223296317785 2.55834376598224 2.9837461192172
3.46768085293212 6.61224366608503 6.36147962835495
3.88376627742288 0.923679299951591 4.34782157539602
3.68192940698477 3.78973475989042 5.82586754946304
2.06107099346625 5.79125086744791 2.57169545695822
3.19099745342032 0.503392284705887 2.31373871986767
1.99278450295443 3.56988588398837 2.02709090493428
3.37550060134129 6.13820474044374 -0.864288266667906
3.28086245611462 1.22757927312802 4.12058580431938
1.76955417491131 5.49207472311333 1.17373907837235
2.76554484321254 0.277900338619858 3.73027790795853
3.84783799904851 2.85095030941631 1.4843081167615
3.2370025282737 3.05580466582508 0.406397024807145
2.46714421587407 0.678142335858227 3.21736181642589
3.7105814402664 0.0534557268485489 3.10368746782602
2.63867151507207 2.77678126697681 1.12084263067162
2.11704322494744 3.75410466411626 1.79332162460285
3.26113568175604 5.52426750936839 -0.0155527043203643
0.917393694734959 6.92505178122397 3.93535520421764
3.3974992422411 1.5984452684874 4.2983572403138
2.57877623207307 1.44987816761239 4.17735817022086
4.11920278377276 3.89398434285243 4.03989002814764
4.29194438787966 6.37030699871905 -1.05266150932673
2.32812754605573 7.44730421982302 1.04897111104947
4.22793251832763 7.21102413180448 0.404723821466196
3.62141243175848 4.01581173543281 6.04656671306502
3.47058791374928 0.881522646384703 2.84842614640945
2.85963495630507 1.06597384782115 3.46206240480566
1.01667228610151 4.40795435473772 3.99982344983964
2.17534080375872 3.34040273500047 2.44990557540624
3.2792127571574 0.671130405351559 3.2395607473534
1.97203386254856 2.39621179129534 4.21928402667187
2.68050070476939 3.94248488761994 0.594637544906437
3.9543661948874 4.49844536454238 -0.420875023393297
2.42015114711653 3.49013368308997 0.6333012908877
2.6882603871849 3.01531318946313 0.7146110498224
3.65008779494377 1.93725218662319 1.60491246960073
2.56341094291025 6.63309562590045 1.55082277603202
3.89990586756835 5.60230698242773 4.19031791260916
3.26562841614019 1.11909393619361 4.15015187356336
3.32646564630684 7.06119704178161 6.71185655234948
2.24246864019651 2.25670981221142 4.58094421461066
3.86959279618787 5.75573646081658 5.81006377483638
3.89622589365077 5.8236134856855 5.47866406850295
1.07297102863399 5.0261304340735 4.02999653239367
3.76478927600927 3.04813504871232 1.86850909690189
3.77865195036411 5.68536532239078 1.77655341031841
3.41352433147943 5.00787074581665 1.4096623669609
2.39742127609737 0.733085946330014 3.18011975184209
3.51630413358366 6.92956330559284 5.97120725913938
1.55801194340523 4.71917490999112 1.52238785589256
4.3152020991272 4.59766529572458 -0.263696535629476
3.35889569922516 5.66178194606806 -0.660074936273348
2.62221672990791 0.902406036310659 3.63362455449712
3.48545179015106 3.09253971232393 1.04249605777103
2.31332895552913 6.9761007086453 4.95585109603077
2.97776333619743 2.67236163318494 1.13041658892653
2.60638740986734 5.01439556196662 4.09108265941317
4.3296841864634 1.81554483786217 1.5925695917932
3.15880184283533 4.0594135521081 5.30639987789458
1.84231554330949 6.58998388061502 3.48427475617471
4.15681645878914 6.40044879593127 1.56921523379993
3.35542883301493 7.34265136506369 5.36318903308934
3.73415740546769 7.08132200664638 3.31018517703895
3.28142848064002 1.14004978420804 3.62827053837669
3.53277812668381 5.48381481539518 -0.183722651191962
3.71035582478109 7.11540305362287 2.85378267628477
3.11662667865089 4.12062722672113 5.10178378377287
2.05483393418401 0.991991072597044 2.42461379456713
4.60956307856648 5.18067695628012 6.67508465551559
3.71753498066084 0.731708729027891 3.84135463052106
1.87478128629768 4.26809168282495 1.1360402054323
3.54628089611496 0.133452892450058 2.85702194413943
3.64196125048988 1.79816598711676 3.1148803790103
2.20767821244112 0.459319521331099 2.52949583219476
4.13451147214759 7.02956286092535 -0.972995619499758
2.80116881978359 5.1027803521761 5.45744045878627
2.31635769646412 5.51164175429182 4.52381163763757
2.84820650533139 0.375369198963144 3.12667386454071
2.8927224580751 2.11637848237547 4.18007347185565
3.78834326075265 1.49217139252389 4.08099865974263
2.01061731721451 2.45273784263563 4.84042126616317
1.60671238387985 6.72980048349067 0.910114850613257
2.33302467335662 0.0451304269169919 1.84534455653181
3.51939931791841 4.38632066691985 6.24228089955156
3.86851997982492 0.355357400671571 3.38618606880239
3.87411725848127 5.60731908477579 3.27315609242589
3.77961700568776 2.25084371357429 0.694303407892452
4.84843807503044 6.54489453666176 4.51885966738369
1.91456035442278 6.81120962520934 5.97113156469896
3.16087709662329 4.96570976399851 5.05269874411211
3.58607561714958 5.77697565834605 1.27625024276585
2.42229580029353 5.29539279754903 4.73927082673303
3.31611672583381 1.11520148955683 3.53590080469503
2.62917824777458 0.794130297887242 2.34403749875807
2.75758044850156 3.77855074686193 1.04443782903346
1.55910483021796 3.05282241417897 4.29225586533923
3.85766113964637 7.49468772090535 -0.019270953953522
5.89632984053916 7.30596306657034 6.36106367318424
2.40300801338504 3.25663386834387 2.12454834386438
2.49336538748592 6.09084755822767 5.18016328087098
3.58187426824644 3.91752891716994 5.7536758501939
2.98092633268203 5.53202792444717 3.92680822414699
3.78416237674233 2.93932640039888 0.661164287958558
1.60275521897639 4.2225008143762 2.3804868524856
3.31664934873663 2.85610261706725 0.609671133210147
3.26587725075794 1.97590034512316 2.90294314886631
2.90983015897195 4.75815658859085 5.5419799365313
2.30899920253206 4.44537918658353 0.271346636947385
1.17710318377306 0.874900949379168 3.83512779841407
3.51163874103528 5.61411145882237 -0.177723636683628
1.77003477703712 7.02653022600329 4.54615593360742
4.01302656799318 6.18602708480378 5.55631160072294
3.1122778622562 6.21356133312908 0.418411021768805
1.68374367487304 3.65620983512975 3.71685254573252
1.85774506580017 7.37069823057065 6.00258492469804
3.75150095025873 0.606033435522229 3.06546777925888
2.96769084358051 6.78397394120438 0.0473963709450334
3.44366031518267 4.19701812488426 5.95446499608596
1.66738082584416 4.48471131494327 2.94018933786018
4.47521030361241 5.55508952888843 6.26139938193649
4.24499972765056 4.19248397490485 0.344140083828738
3.32964732072707 5.27363418951808 0.717157521791269
3.70566208242178 6.18562491455345 5.54655867875319
1.24659474570884 3.25188227912516 4.62213238513711
2.88105312628818 3.86577818540683 1.33446514041932
3.15001145984242 4.41388734095576 6.3631162057987
3.39001793157448 2.40623626891356 1.68615966539344
1.99928611868395 3.81178419277882 2.02869208503507
1.94189046033607 5.73696653444253 2.06535959993991
2.22260033651862 5.9319650360526 5.72894130340617
0.834749040938394 3.45992620924308 3.41083300795658
2.53037332090957 2.9955022132825 1.65335084824644
1.1894511082833 2.71060992340649 4.04709256720834
3.50096742029651 4.40447405725638 5.88637512329097
1.3497932423069 4.5786192960153 3.98090173868691
3.73008364749447 3.84160603821102 5.11729335058556
3.01975195600697 6.5049022338757 0.754363972426135
2.45380355606218 2.82809254127556 3.04346988619516
2.30151947706844 5.94085475117099 6.11053976699679
3.32706093476596 2.91680766273143 0.480445133952526
2.45604186120754 7.09585755835618 0.256931243804538
1.82954426291993 4.89148240051825 1.64277384668959
2.81205603666007 4.03491345997974 0.139606088389698
3.18419827822698 6.79357966310805 2.60437137457128
2.0322180461866 6.0687147867743 3.86537827566741
3.16129044524131 4.55697645281395 5.18036994544998
0.909972822246552 4.39462138782824 3.72007187212583
2.56665012448527 0.0619678557327958 2.20603614536605
1.81014319934325 5.32018886088697 0.00128375012551807
0.319151834811815 0.788628618667435 2.48532234769254
3.04756477585391 1.77456727458023 4.19749063078989
3.81926154001526 4.03485179979266 5.58816226025363
3.30194504611794 2.95167178060309 1.27627867800481
3.22376464078904 6.97853573667082 5.47984811995952
1.6064204535305 1.31380795954149 3.66324195320439
2.20872482659555 1.78035540404443 4.15554704474448
4.5450078627417 5.85299946978912 0.97186924132782
4.1262423655253 5.7018668606082 5.36805277037995
5.86926837297815 4.45450996984319 4.91744918816015
2.91294314181062 4.21269486270436 3.15248489227961
3.09389855928148 5.6947429928826 0.331866799138012
2.81780238385072 0.507771889063153 3.70698403510954
2.85953672215181 4.25975782704743 3.4447519221492
2.74420260606201 4.21117923676109 1.27302344658125
3.11906723251674 7.35144052948492 5.0406814811664
2.46364541444237 6.56621836354926 4.64166613654783
4.53908870111897 6.20882654921667 -0.166808063271538
3.55361163746673 7.26638963971213 5.63393480398972
2.0352297534591 1.0847657360013 3.47709427060092
3.1412107157663 3.2873508191527 1.20307152776282
2.27330654462491 2.29243753988545 4.03257261307566
3.90186273862565 7.1383508268752 -0.247177441515426
2.7076081912332 1.59911631725221 4.53657013562863
4.25340718140062 2.19350079504002 0.620375544902901
1.74856746073416 4.15977804160779 2.57836887073678
1.45765835611938 6.68291718823831 1.0980922399633
3.43624678906372 5.52274338049663 -0.923362854928059
5.2220164625974 1.61845910422006 1.52540684279517
2.32724447364071 0.891629027795031 2.99049305936758
3.19093021329526 3.20713293418232 0.480453586146237
3.62890843807469 6.29348426409751 5.83709099950094
2.93315376487967 0.355862016134288 2.91590160735963
3.05569791749478 4.69248844009358 6.05076272210522
3.29691897899083 6.83726498080618 6.54532406301877
5.16410348227449 1.47041763617021 1.73966236532532
3.07024107961723 4.93296771698119 6.41434639499162
2.41453099876863 4.94165565607009 3.37774079734692
2.11523467603302 5.26096745606442 0.905309374741233
3.58201265445661 2.50567266052235 0.38270093607923
4.03125751841611 6.71859305700312 0.529450195870556
3.50155821743466 7.0281993583833 5.66553280044286
2.4663996666703 2.46179762841846 3.84224580794965
2.74488744660337 0.456644012007609 1.86449125573147
2.16471467680323 0.995807205255914 2.90331496544508
3.79133445951391 7.45052136496301 -0.0576825852979405
2.86082949603163 1.04314382019957 3.34336679981538
2.21749004196343 2.27168955908181 4.74391231482929
1.99376234840751 5.45223980649454 0.191384947621775
1.89684195329425 3.01262514943789 4.32712065752585
3.22706097789836 4.16018611621571 4.3242147302645
2.08715747780367 5.46348360131955 1.52929511156377
5.5152219261452 3.55475100915559 -0.418646970438638
3.2180624464191 3.26291957543031 0.427323870458489
1.27179063455695 4.78609540772942 4.05056149479194
3.26129469926627 4.41883116276567 5.42603123623002
2.95483813193084 4.75975925158494 5.68625058579525
2.79719477452203 3.18342101912603 1.33704063740364
2.61705845129623 2.5861452580456 2.90754618424216
4.31482050144264 4.33819661088855 0.350514324189064
2.29213575810237 0.786177518887707 2.89869512331117
3.01770640461854 0.642556050705826 2.41148194732939
3.58123076634843 4.60309469246307 3.46043760179203
3.79825165903607 4.25835633481004 4.95294713144748
2.57017658080277 2.03343174403919 3.81243406961224
2.28278694805626 3.55682675637788 0.499777465579739
2.31325098774206 0.58481016838788 2.79436260717336
2.68541945383338 5.7855896406877 5.42042131267629
2.83019605364745 4.38835727758484 3.58216681070678
2.80876927941766 3.80808036086506 1.53643950469362
2.03521694629383 5.50437766109414 1.33468550462131
1.61261700769541 1.68284568338253 3.66349324825473
3.68672171063834 1.34368663584015 4.13389369958438
1.79511236041271 3.46898259648415 4.13589498392578
2.89464933861925 1.69604559274855 4.3011201478903
1.96290510370378 2.32928571087298 4.69694033003097
3.42018132334283 2.73808917930704 0.805171484208673
2.80057945013074 2.93760655458501 1.16297597868345
2.2813304442181 5.45001164730163 3.88800604756781
1.54346675601839 0.310850684855625 2.22828258807901
3.083478824076 4.30449275719144 4.92768012114884
4.16971658095554 1.69736616975224 1.7080344013676
3.21834768324112 3.31908934221175 0.601444965424792
2.28662252292394 4.52178936520518 1.17111957420413
3.13156136503653 4.44231219030224 5.27114051294843
2.6915345736916 7.0090345528883 -0.0871220931767014
2.02418460033447 3.40013991316978 2.93066740311148
4.02527424731816 4.4199642716975 0.491598955281416
2.91573594094591 7.22187579905811 1.40308469115162
2.66175650057604 1.61233954414399 4.37299049551918
4.563901866612 6.61599511907803 0.0378093826112863
3.69013241376871 6.30840465610398 5.39881283212779
2.21238079044182 1.73573440444383 3.1526951426794
1.62410015262834 0.773458462860146 2.67846056993912
3.23126099990988 0.733435626487057 3.33245210517814
2.35669493825153 2.31324141287336 3.88037245352133
2.16767039918979 2.34906067254049 3.57427587206247
2.79814644551126 1.18738012060864 3.28610000633386
1.84759105623949 3.9415227841768 2.30813105313649
2.9247209242012 3.43273101259074 0.885320822674017
3.20125730170057 2.2609389260627 2.97184784399103
2.92879566122969 1.18185869713397 3.90654508684322
3.77336041067478 7.03643395326081 2.36590540977328
3.16858979921254 2.26727903984856 1.7864985235368
2.87580917265966 4.50131675042044 5.53588636468921
3.71083646606944 3.59104897766625 5.32227374596394
4.23420911928876 4.48909341916285 -0.184306990458902
3.73665094388832 5.75982881440088 1.98060967472293
4.42488964294341 7.10036527707189 4.05031894068952
2.3541586896775 1.20694306922205 3.16007009971315
4.025956265984 0.170076742963505 2.91426353736708
3.7011330847979 3.59024888036233 5.25042676093017
2.84784186318893 6.45780755003024 0.445542702527483
4.12125212963242 5.87407255144672 6.14115878144981
4.13142183197832 3.56782088541283 5.59566427024217
4.65618635782893 5.20783086923657 6.18740667924647
3.0214453617248 2.75867701797889 1.65300755584904
3.10428497345955 1.055033689878 3.3614333301688
4.19099149178158 3.66964179939734 4.09550118445965
3.07306823085619 1.9682877119617 3.27588092829482
4.34851302599173 1.30272853956501 4.12713775468931
3.40782592566556 1.57392190628359 4.62793999887238
2.48336428181303 2.12058602717027 4.74147264627931
1.14916168925887 5.73057423864819 3.39545528306952
2.16679684081579 2.30399204556989 3.87106793357692
4.0917404181855 3.95483034717048 3.53485816776081
3.3076813913451 1.86877573244324 3.21545301885619
2.33380382864414 1.68195841320378 4.35542024321752
4.0726764167697 1.33424082510611 4.59695409299186
4.1628634013995 4.79408878106968 -0.244991854704454
1.72321052951862 2.89693306685163 3.58549975269875
4.28657577507041 2.85380112758414 3.99855224269632
1.99811613990401 6.36085348703227 4.68916365073376
5.47496916984714 4.52056643975901 4.66669187306637
3.80828985766981 1.03889630308005 4.33979064691929
3.22411671179149 4.91426990784747 4.42614045660224
3.98748436294854 3.35302798048151 6.34153524259436
2.11067490272844 1.77350586528387 4.40423203717142
2.62815341124659 2.40291126988475 2.93512441208727
1.11063097600323 6.42766467898472 1.34554104837641
2.10466895597344 4.91919439298295 0.932112321998064
3.48721438860793 5.79196612710322 -0.444144577808791
4.19754470818571 4.83688524753456 0.100553682153707
2.6200693946093 7.05413925468981 -0.0520889690703632
3.96640737891597 7.45259700105487 0.510850944552748
3.48981246856117 6.0250971131093 0.542988900891067
3.51259188008099 2.92802012648244 0.237975694205605
3.92113639988406 4.91821802477595 0.431577614067825
3.81744278687383 5.09799408259254 -0.055928514456801
2.64395921900483 1.52219616529716 4.38650727501449
2.00586306047322 0.272289396523887 2.2027118728416
2.10510028410378 0.43469545677363 2.59790072013849
4.55031964864908 3.67453091388935 3.43012654683904
1.69211459097929 4.98758328592709 0.723604361088942
2.94549900446486 6.58203315583547 -0.694649422461501
3.41555627631984 2.82991831103325 0.943709951935875
4.10229129657131 0.190064252897426 3.59127603665219
2.30736978147607 3.94062289709131 0.450978941699708
2.40092360002319 3.93294549301738 -0.0227522725469361
2.99019944397705 1.67542310911822 3.67929098033155
2.32262237011922 2.64839362053626 3.43332656090588
0.407651833360959 6.98093881864892 3.27531139105309
3.78415759968538 2.32316527091507 1.04924637659514
3.54094157245491 7.44647668726902 3.56179013933023
3.24731555792819 4.4867784892943 5.71574502563416
3.11630766288537 3.64244013607357 1.38021039787535
3.13770614380214 0.984620931109263 3.09690289983869
3.05025448053148 3.46985116077612 0.584443678708989
5.15879828043911 4.5213191864672 5.54773016047129
3.91466663935795 6.92155081899812 0.480289698794143
2.59734274558712 0.419002439651627 3.50699463267207
1.16330215121595 2.50472122303254 3.72711021443033
3.99551443271058 6.85671260299013 0.847818197594214
2.72273352951098 5.23695875621177 6.36073285346902
1.19425462759221 0.37224396528448 3.46770785719611
3.74605783459186 5.06651513137566 -0.436309130690162
1.66920592074072 6.12431660460387 0.86304878154843
3.00847875121881 1.58325621705378 4.48375086878223
4.29230207559881 6.296908929233 1.53158013619417
2.56280288888238 7.13372808302525 0.568102998938198
2.23962195950049 0.579948683215472 2.47352323759488
1.25181807686064 6.34746776689692 1.30694776052092
1.93457942471608 3.08043308325134 3.24383545104685
2.49700840821518 4.28382899402625 0.610886725669817
2.59482054825886 4.28247202940228 0.99035174296882
2.71368464378152 5.4586453474757 5.04689846440529
4.0864626718969 4.29769712958383 0.410157411369746
2.2829707854157 1.1001042100345 2.42973863234893
5.11445361785194 4.88533604478534 6.61615599696111
2.56692197448989 1.74314994242642 4.65831936727703
2.21900164897517 4.91320095700889 1.71131774164447
3.22802503956002 4.99568554661578 5.40359249139147
3.99092853167986 5.75765609320257 6.89878045419895
1.81266160972787 6.87976923995068 4.02236141151738
4.66027603889382 6.11370086518746 0.427251161197624
3.02057265710164 2.42632755457225 1.810045206246
2.49238938426806 1.33560250700426 3.54174902386954
4.87915542177061 3.27430883500372 5.08831224077964
2.34290874573711 6.76089325723771 5.47765923386795
2.12697207354285 4.91675302864331 0.26725861495858
0.516934656053097 4.7443444511498 3.51388448512378
2.15770550500027 0.3943731947237 3.15476463114603
2.42902310450436 7.12701429400249 0.682041076681915
3.39375019264529 6.15019007242778 0.7881429686728
3.07034921452452 6.25912875771776 0.180719002309303
3.69393808278545 3.43293749353182 5.2400817075598
1.54081079984844 6.16337567393286 -0.305717296228578
2.28657758329017 2.8583792913097 2.61124147776589
3.69352398062904 3.53517283081595 5.73903790632296
2.88313376972411 3.73213576368688 1.18075476088525
2.68379654023199 5.59865283925814 5.64751028318844
2.75767392500279 7.33722646307421 0.212578080746356
3.26297315563672 7.32043311607266 6.19928278716928
2.5537422483306 2.56661944554753 3.43952964205518
1.05285977176286 1.49855105819321 1.9266327645875
2.85506077578419 1.78551631643988 4.67193030120264
4.48674864132711 1.83581482074354 0.945336523312155
2.36530488535998 4.12642254638681 -0.0952661817178264
3.75943491559063 6.31682711394097 6.09242843681319
2.86764792328371 6.08591517526595 0.699344510120199
1.35523559465409 7.1354003849753 0.0197218496364654
2.96935559896871 2.07171134223415 3.52241290036639
2.95317841767316 1.11070101552333 3.33909273003109
3.78213869971728 1.29816485734856 4.52863392228433
4.0162264636965 4.07015376605646 3.90505544465205
4.51526480323308 0.373627260926286 4.17374417770966
2.49969323221778 6.59502162738556 3.07905431684788
2.23261885672384 1.8727412025191 4.24878620018536
3.65981669877539 0.849698840328831 3.40988812464057
1.65782854699724 7.00469467612168 1.7851722932153
2.42490670607609 5.7913621389953 6.32242009707243
2.96980006790949 3.2935135184702 0.90665723989561
4.12882953521822 5.58495832206329 6.09515029734577
2.64516410983628 2.44481328050065 3.00293900721078
2.73428519479983 6.76975515265255 0.210471470981446
3.7578247652034 5.66622269427545 0.867370726839366
3.73374494476425 0.435451366882973 2.77378722733093
2.26524076818421 1.22646469926385 3.94554172444887
2.7178028396305 5.24648330935576 4.70725446189807
3.05781927086004 3.16765414941524 1.45848417334212
2.6875519897324 4.34627707443612 1.59093069393233
1.73239105044789 3.03809106666688 4.66159761233209
1.70274266903071 4.38977184632832 1.98740025291385
4.75191680477127 0.701134226411533 3.40812316936778
4.16470717655754 2.54418714479803 0.227325386407715
4.69711393292616 0.511011990447109 2.91298210592156
2.7054707422925 3.21638776829023 0.953664651641962
3.65932384257905 0.371582045022537 2.79606546302454
1.99102402634165 7.29755631163007 5.68481039349473
3.88496903196201 6.08352474285928 5.86741901304695
2.53522195927414 4.96642881172456 4.80215924020174
1.6356891399641 3.84264504328928 3.22292890063779
3.04654564522626 6.73339948618161 -0.0756865259061801
3.59075735848193 3.65324647077875 5.13476462958703
3.57509325720588 1.99938824496332 2.38481955569397
2.94744765322039 4.08135275947421 2.84278475443235
4.02081610840094 0.56672162689373 2.86994163987482
3.50222688621789 5.46208271759699 0.44314875931869
2.79247576151106 1.18650281971557 4.79281535559479
2.44327128015814 2.70122496072171 3.0243896154759
3.74009016501922 2.14664892478182 2.65667790516288
1.74412405599812 6.77446830877979 2.6165045678573
3.3742996937688 5.58774741109082 -0.31196217883434
3.34936032138028 6.68635552145595 6.04964942568212
1.1300274422867 6.48900970419076 1.55056955351568
1.19236511010747 2.58278938286062 3.29244135944296
1.42034120023263 1.67659774364683 3.49516834929342
3.19043275263496 2.1318835208513 3.35282913147319
3.61443533338075 1.8585395329902 3.22807293157458
1.1793685313488 2.48739889491584 3.95592321169423
5.0020250281346 3.44686097942828 1.16707922105478
1.59667771874249 4.10986286979344 4.1042727733587
1.17844166227591 4.73365909596344 4.61375374772225
3.95375104907677 6.45834753612472 5.88479943693429
3.11242597904674 0.72652334093989 2.20965429651762
2.87169307359706 1.7655755129646 4.38643075571216
2.45864362533878 3.94130893744384 0.389362605403709
3.69655839936163 1.2299603899991 4.21124258158295
1.13740849790521 7.4658167570069 0.432003567483087
4.96006788086359 7.07175867386539 6.08610978230368
1.97320654576589 7.02958196359174 5.2508101568222
4.93891114230521 6.16791172367391 -0.0102986987974621
3.05393763425584 7.36230314165005 5.77460727027033
2.02507788482879 1.15849742856142 3.26903489363042
3.86247305095917 2.52262037299951 -0.34723255092581
2.3388806767758 2.45024407586848 3.49134153640129
2.80143811145241 3.67384496229913 0.575262114273926
2.48262094015491 3.4359325384343 0.806424701156439
2.3770025277817 0.715322218525472 3.18671642710316
2.93191576564792 4.28488162833849 4.58638088931512
3.49064596244194 7.07843691798676 5.20102036931017
3.29148983156058 3.67825832585057 3.45120226792256
3.63403077338968 5.10876050212077 0.118131223023811
3.37260025369252 2.39998333302626 1.5551032446562
2.51678448481176 2.22180992609856 4.19426638311256
3.18307958293383 5.87897969120733 0.565810279817717
2.09001893117612 4.48293721632028 0.612970824255894
4.15272718478698 5.35099755958331 5.30246072940171
2.9745423524548 6.13983710087312 1.05164776122946
3.09815530736272 5.32872745149029 3.6006374732055
4.12567001796945 6.59904875153563 0.521794340920169
1.29913922276703 4.67694217951257 4.48777117739124
4.37098595576072 4.75629851655682 -0.493268195413607
3.85471225155175 7.46891860132115 0.437613598396609
3.31664524411804 6.00954336593063 -0.0201676392210495
3.30989112892883 4.93956847107582 4.86114028325599
2.87114628754031 4.42838202450436 4.58941546281536
1.91274576075298 1.8623087103714 3.76666338372986
3.89658824796654 3.72365157810202 5.21060963107617
2.39864372792994 3.32090514637668 1.03618745339144
4.23199248162309 4.35723832499299 -0.0491786708964102
4.44513784791702 6.75076373499944 -0.0014927063298275
3.06454268130706 5.31756056811892 3.50106679529072
2.88672254271095 6.31267910685812 -0.444651779730701
2.67312295341619 3.34010106476978 1.12296728725423
3.07912688497524 4.95715395869384 5.73146676289594
1.84374215617252 7.46840335929446 5.95471476476986
2.92650537027692 3.87960944900261 1.45713150653246
2.51874385787969 1.07831463940338 3.2421279334543
1.97256513657896 1.68922585305327 3.38260280636671
3.77474468251976 5.93495111664436 5.71786476792322
4.98656228342187 3.27902831633858 4.11742151371317
3.20902062853805 6.29124031229121 0.63746521061375
2.87915451658685 3.76521335827164 1.30619415510943
2.95244437226154 0.182683725047499 2.94512331501516
1.78888426553825 4.27632255830395 2.29312200450157
3.96385776494694 6.80945554878243 0.437133482814162
2.73758914843305 0.735799697487873 3.06088332591298
3.7467056258547 0.850370409786025 3.13669144804723
2.97278672967244 2.43852612363882 3.43084013729309
1.60237909960825 4.2041875732897 2.45978165179876
5.88916954958571 3.14046594839585 0.0860366444530279
3.53105342217378 3.17652783339877 2.36951421525586
3.96046005853624 3.09718582120343 4.40663000830812
1.94655212340807 3.22940742836245 4.28780296112361
2.92830961604607 1.65785534679848 3.60464646890108
3.4105197561684 4.5520023867804 4.95270535599801
3.90594219601605 2.88334754251837 1.80364868231726
3.06423258479103 3.97985172850872 3.36819910727951
3.28866206455049 2.50683434941979 1.63051127952486
3.58371179128405 3.42122315819652 3.61371413864511
3.91001463745738 3.81993510409697 5.7489091223013
4.00082961159457 5.62654573337729 5.91602796337556
3.46367725151594 3.91800635965935 4.76981961371863
2.97787046274802 4.20080969065456 4.60352767799148
3.68499297187899 3.99219869279704 5.49426087482446
3.68480443771817 4.34489604891172 4.99855690472468
2.28422591365591 0.00720966494439956 2.37196092690476
3.36945035928576 6.27166533627346 0.662205806710486
